time,value,time [s],norm_data
2026-05-21 14:20:41.227370+02:00,25.868,0.0,0.3244114427860687
2026-05-21 14:20:41.521335+02:00,25.866,0.293965,0.3224114427860698
2026-05-21 14:20:41.829132+02:00,25.869,0.601762,0.3254114427860699
2026-05-21 14:20:42.118443+02:00,25.865,0.891073,0.3214114427860686
2026-05-21 14:20:42.415142+02:00,25.871,1.187772,0.3274114427860688
2026-05-21 14:20:42.706323+02:00,25.87,1.478953,0.32641144278607115
2026-05-21 14:20:42.999334+02:00,25.87,1.771964,0.32641144278607115
2026-05-21 14:20:43.288826+02:00,25.872,2.061456,0.32841144278607004
2026-05-21 14:20:43.580957+02:00,25.871,2.353587,0.3274114427860688
2026-05-21 14:20:43.869834+02:00,25.873,2.642464,0.32941144278607126
2026-05-21 14:20:44.168215+02:00,25.872,2.940845,0.32841144278607004
2026-05-21 14:20:44.460883+02:00,25.87,3.233513,0.32641144278607115
2026-05-21 14:20:44.753172+02:00,25.872,3.525802,0.32841144278607004
2026-05-21 14:20:45.045337+02:00,25.873,3.817967,0.32941144278607126
2026-05-21 14:20:45.342922+02:00,25.874,4.115552,0.33041144278606893
2026-05-21 14:20:45.635941+02:00,25.877,4.408571,0.33341144278606905
2026-05-21 14:20:45.931154+02:00,25.875,4.703784,0.33141144278607015
2026-05-21 14:20:46.222100+02:00,25.876,4.99473,0.3324114427860714
2026-05-21 14:20:46.517722+02:00,25.876,5.290352,0.3324114427860714
2026-05-21 14:20:46.817706+02:00,25.878,5.590336,0.33441144278607027
2026-05-21 14:20:47.107166+02:00,25.875,5.879796,0.33141144278607015
2026-05-21 14:20:47.396593+02:00,25.877,6.169223,0.33341144278606905
2026-05-21 14:20:47.695527+02:00,25.878,6.468157,0.33441144278607027
2026-05-21 14:20:47.995183+02:00,25.877,6.767813,0.33341144278606905
2026-05-21 14:20:48.286477+02:00,25.878,7.059107,0.33441144278607027
2026-05-21 14:20:48.584350+02:00,25.882,7.35698,0.3384114427860716
2026-05-21 14:20:48.873493+02:00,25.881,7.646123,0.3374114427860704
2026-05-21 14:20:49.174534+02:00,25.883,7.947164,0.3394114427860693
2026-05-21 14:20:49.464592+02:00,25.885,8.237222,0.3414114427860717
2026-05-21 14:20:49.756942+02:00,25.883,8.529572,0.3394114427860693
2026-05-21 14:20:50.050086+02:00,25.883,8.822716,0.3394114427860693
2026-05-21 14:20:50.343708+02:00,25.887,9.116338,0.3434114427860706
2026-05-21 14:20:50.636198+02:00,25.886,9.408828,0.3424114427860694
2026-05-21 14:20:50.937849+02:00,25.888,9.710479,0.34441144278607183
2026-05-21 14:20:51.232760+02:00,25.888,10.00539,0.34441144278607183
2026-05-21 14:20:51.530520+02:00,25.887,10.30315,0.3434114427860706
2026-05-21 14:20:51.821556+02:00,25.886,10.594186,0.3424114427860694
2026-05-21 14:20:52.119469+02:00,25.886,10.892099,0.3424114427860694
2026-05-21 14:20:52.409886+02:00,25.886,11.182516,0.3424114427860694
2026-05-21 14:20:52.698411+02:00,25.887,11.471041,0.3434114427860706
2026-05-21 14:20:52.988675+02:00,25.887,11.761305,0.3434114427860706
2026-05-21 14:20:53.278157+02:00,25.885,12.050787,0.3414114427860717
2026-05-21 14:20:53.571600+02:00,25.886,12.34423,0.3424114427860694
2026-05-21 14:20:53.867102+02:00,25.887,12.639732,0.3434114427860706
2026-05-21 14:20:54.157553+02:00,25.888,12.930183,0.34441144278607183
2026-05-21 14:20:54.450752+02:00,25.889,13.223382,0.3454114427860695
2026-05-21 14:20:54.741699+02:00,25.888,13.514329,0.34441144278607183
2026-05-21 14:20:55.033231+02:00,25.89,13.805861,0.3464114427860707
2026-05-21 14:20:55.325587+02:00,25.888,14.098217,0.34441144278607183
2026-05-21 14:20:55.617925+02:00,25.89,14.390555,0.3464114427860707
2026-05-21 14:20:55.907131+02:00,25.891,14.679761,0.3474114427860684
2026-05-21 14:20:56.206211+02:00,25.889,14.978841,0.3454114427860695
2026-05-21 14:20:56.503895+02:00,25.889,15.276525,0.3454114427860695
2026-05-21 14:20:56.793727+02:00,25.891,15.566357,0.3474114427860684
2026-05-21 14:20:57.085344+02:00,25.89,15.857974,0.3464114427860707
2026-05-21 14:20:57.383748+02:00,25.89,16.156378,0.3464114427860707
2026-05-21 14:20:57.672914+02:00,25.891,16.445544,0.3474114427860684
2026-05-21 14:20:57.965112+02:00,25.892,16.737742,0.3484114427860696
2026-05-21 14:20:58.253921+02:00,25.89,17.026551,0.3464114427860707
2026-05-21 14:20:58.551281+02:00,25.894,17.323911,0.3504114427860685
2026-05-21 14:20:58.841900+02:00,25.89,17.61453,0.3464114427860707
2026-05-21 14:20:59.132285+02:00,25.894,17.904915,0.3504114427860685
2026-05-21 14:20:59.427268+02:00,25.893,18.199898,0.34941144278607084
2026-05-21 14:20:59.717418+02:00,25.894,18.490048,0.3504114427860685
2026-05-21 14:21:00.009969+02:00,25.894,18.782599,0.3504114427860685
2026-05-21 14:21:00.304625+02:00,25.897,19.077255,0.3534114427860686
2026-05-21 14:21:00.597963+02:00,25.893,19.370593,0.34941144278607084
2026-05-21 14:21:00.888725+02:00,25.894,19.661355,0.3504114427860685
2026-05-21 14:21:01.179076+02:00,25.896,19.951706,0.35241144278607095
2026-05-21 14:21:01.474543+02:00,25.897,20.247173,0.3534114427860686
2026-05-21 14:21:01.766241+02:00,25.898,20.538871,0.35441144278606984
2026-05-21 14:21:02.057373+02:00,25.895,20.830003,0.3514114427860697
2026-05-21 14:21:02.355477+02:00,25.899,21.128107,0.35541144278607106
2026-05-21 14:21:02.646262+02:00,25.898,21.418892,0.35441144278606984
2026-05-21 14:21:02.936938+02:00,25.899,21.709568,0.35541144278607106
2026-05-21 14:21:03.227931+02:00,25.897,22.000561,0.3534114427860686
2026-05-21 14:21:03.520738+02:00,25.899,22.293368,0.35541144278607106
2026-05-21 14:21:03.817181+02:00,25.899,22.589811,0.35541144278607106
2026-05-21 14:21:04.109029+02:00,25.899,22.881659,0.35541144278607106
2026-05-21 14:21:04.400513+02:00,25.899,23.173143,0.35541144278607106
2026-05-21 14:21:04.689978+02:00,25.9,23.462608,0.35641144278606873
2026-05-21 14:21:04.981615+02:00,25.901,23.754245,0.35741144278606995
2026-05-21 14:21:05.273672+02:00,25.901,24.046302,0.35741144278606995
2026-05-21 14:21:05.565550+02:00,25.901,24.33818,0.35741144278606995
2026-05-21 14:21:05.860665+02:00,25.904,24.633295,0.36041144278607007
2026-05-21 14:21:06.161773+02:00,25.9,24.934403,0.35641144278606873
2026-05-21 14:21:06.454796+02:00,25.903,25.227426,0.35941144278606885
2026-05-21 14:21:06.751512+02:00,25.905,25.524142,0.3614114427860713
2026-05-21 14:21:07.043356+02:00,25.904,25.815986,0.36041144278607007
2026-05-21 14:21:07.335088+02:00,25.901,26.107718,0.35741144278606995
2026-05-21 14:21:07.633730+02:00,25.902,26.40636,0.3584114427860712
2026-05-21 14:21:07.922107+02:00,25.902,26.694737,0.3584114427860712
2026-05-21 14:21:08.212551+02:00,25.905,26.985181,0.3614114427860713
2026-05-21 14:21:08.512498+02:00,25.904,27.285128,0.36041144278607007
2026-05-21 14:21:08.802813+02:00,25.905,27.575443,0.3614114427860713
2026-05-21 14:21:09.104920+02:00,25.906,27.87755,0.36241144278606896
2026-05-21 14:21:09.405879+02:00,25.905,28.178509,0.3614114427860713
2026-05-21 14:21:09.707660+02:00,25.906,28.48029,0.36241144278606896
2026-05-21 14:21:10.007185+02:00,25.904,28.779815,0.36041144278607007
2026-05-21 14:21:10.295641+02:00,25.903,29.068271,0.35941144278606885
2026-05-21 14:21:10.586001+02:00,25.905,29.358631,0.3614114427860713
2026-05-21 14:21:10.879075+02:00,25.905,29.651705,0.3614114427860713
2026-05-21 14:21:11.167420+02:00,25.906,29.94005,0.36241144278606896
2026-05-21 14:21:11.466813+02:00,25.907,30.239443,0.3634114427860702
2026-05-21 14:21:11.758633+02:00,25.907,30.531263,0.3634114427860702
2026-05-21 14:21:12.060193+02:00,25.908,30.832823,0.3644114427860714
2026-05-21 14:21:12.351651+02:00,25.907,31.124281,0.3634114427860702
2026-05-21 14:21:12.647415+02:00,25.909,31.420045,0.3654114427860691
2026-05-21 14:21:12.938772+02:00,25.908,31.711402,0.3644114427860714
2026-05-21 14:21:13.229899+02:00,25.906,32.002529,0.36241144278606896
2026-05-21 14:21:13.530379+02:00,25.906,32.303009,0.36241144278606896
2026-05-21 14:21:13.825711+02:00,25.909,32.598341,0.3654114427860691
2026-05-21 14:21:14.123854+02:00,25.905,32.896484,0.3614114427860713
2026-05-21 14:21:14.413060+02:00,25.907,33.18569,0.3634114427860702
2026-05-21 14:21:14.703847+02:00,25.906,33.476477,0.36241144278606896
2026-05-21 14:21:15.003970+02:00,25.906,33.7766,0.36241144278606896
2026-05-21 14:21:15.299271+02:00,25.907,34.071901,0.3634114427860702
2026-05-21 14:21:15.593340+02:00,25.905,34.36597,0.3614114427860713
2026-05-21 14:21:15.884766+02:00,25.91,34.657396,0.3664114427860703
2026-05-21 14:21:16.180926+02:00,25.907,34.953556,0.3634114427860702
2026-05-21 14:21:16.476720+02:00,25.907,35.24935,0.3634114427860702
2026-05-21 14:21:16.765590+02:00,25.907,35.53822,0.3634114427860702
2026-05-21 14:21:17.062415+02:00,25.91,35.835045,0.3664114427860703
2026-05-21 14:21:17.357765+02:00,25.91,36.130395,0.3664114427860703
2026-05-21 14:21:17.650647+02:00,25.909,36.423277,0.3654114427860691
2026-05-21 14:21:17.943938+02:00,25.912,36.716568,0.3684114427860692
2026-05-21 14:21:18.237851+02:00,25.909,37.010481,0.3654114427860691
2026-05-21 14:21:18.531391+02:00,25.909,37.304021,0.3654114427860691
2026-05-21 14:21:18.820530+02:00,25.911,37.59316,0.3674114427860715
2026-05-21 14:21:19.112241+02:00,25.91,37.884871,0.3664114427860703
2026-05-21 14:21:19.408084+02:00,25.91,38.180714,0.3664114427860703
2026-05-21 14:21:19.707243+02:00,25.912,38.479873,0.3684114427860692
2026-05-21 14:21:20.009078+02:00,25.913,38.781708,0.3694114427860704
2026-05-21 14:21:20.298622+02:00,25.912,39.071252,0.3684114427860692
2026-05-21 14:21:20.589671+02:00,25.913,39.362301,0.3694114427860704
2026-05-21 14:21:20.885802+02:00,25.912,39.658432,0.3684114427860692
2026-05-21 14:21:21.175562+02:00,25.913,39.948192,0.3694114427860704
2026-05-21 14:21:21.464558+02:00,25.913,40.237188,0.3694114427860704
2026-05-21 14:21:21.754954+02:00,25.914,40.527584,0.37041144278607163
2026-05-21 14:21:22.047416+02:00,25.917,40.820046,0.37341144278607175
2026-05-21 14:21:22.336572+02:00,25.916,41.109202,0.3724114427860705
2026-05-21 14:21:22.631226+02:00,25.916,41.403856,0.3724114427860705
2026-05-21 14:21:22.921473+02:00,25.914,41.694103,0.37041144278607163
2026-05-21 14:21:23.211214+02:00,25.914,41.983844,0.37041144278607163
2026-05-21 14:21:23.510053+02:00,25.914,42.282683,0.37041144278607163
2026-05-21 14:21:23.802797+02:00,25.913,42.575427,0.3694114427860704
2026-05-21 14:21:24.096559+02:00,25.913,42.869189,0.3694114427860704
2026-05-21 14:21:24.396943+02:00,25.914,43.169573,0.37041144278607163
2026-05-21 14:21:24.698391+02:00,25.916,43.471021,0.3724114427860705
2026-05-21 14:21:24.997802+02:00,25.915,43.770432,0.3714114427860693
2026-05-21 14:21:25.287046+02:00,25.918,44.059676,0.3744114427860694
2026-05-21 14:21:25.586832+02:00,25.915,44.359462,0.3714114427860693
2026-05-21 14:21:25.877995+02:00,25.916,44.650625,0.3724114427860705
2026-05-21 14:21:26.169295+02:00,25.916,44.941925,0.3724114427860705
2026-05-21 14:21:26.464680+02:00,25.917,45.23731,0.37341144278607175
2026-05-21 14:21:26.763686+02:00,25.916,45.536316,0.3724114427860705
2026-05-21 14:21:27.057432+02:00,25.916,45.830062,0.3724114427860705
2026-05-21 14:21:27.349410+02:00,25.918,46.12204,0.3744114427860694
2026-05-21 14:21:27.640091+02:00,25.916,46.412721,0.3724114427860705
2026-05-21 14:21:27.930740+02:00,25.915,46.70337,0.3714114427860693
2026-05-21 14:21:28.219928+02:00,25.919,46.992558,0.37541144278607064
2026-05-21 14:21:28.513136+02:00,25.916,47.285766,0.3724114427860705
2026-05-21 14:21:28.807249+02:00,25.917,47.579879,0.37341144278607175
2026-05-21 14:21:29.098260+02:00,25.918,47.87089,0.3744114427860694
2026-05-21 14:21:29.392938+02:00,25.917,48.165568,0.37341144278607175
2026-05-21 14:21:29.683130+02:00,25.918,48.45576,0.3744114427860694
2026-05-21 14:21:29.976446+02:00,25.916,48.749076,0.3724114427860705
2026-05-21 14:21:30.268843+02:00,25.914,49.041473,0.37041144278607163
2026-05-21 14:21:30.560495+02:00,25.918,49.333125,0.3744114427860694
2026-05-21 14:21:30.850584+02:00,25.92,49.623214,0.37641144278607186
2026-05-21 14:21:31.145542+02:00,25.917,49.918172,0.37341144278607175
2026-05-21 14:21:31.434416+02:00,25.919,50.207046,0.37541144278607064
2026-05-21 14:21:31.729107+02:00,25.917,50.501737,0.37341144278607175
2026-05-21 14:21:32.024548+02:00,25.917,50.797178,0.37341144278607175
2026-05-21 14:21:32.317603+02:00,25.919,51.090233,0.37541144278607064
2026-05-21 14:21:32.609991+02:00,25.919,51.382621,0.37541144278607064
2026-05-21 14:21:32.908204+02:00,25.92,51.680834,0.37641144278607186
2026-05-21 14:21:33.204438+02:00,25.921,51.977068,0.37741144278606953
2026-05-21 14:21:33.505301+02:00,25.922,52.277931,0.37841144278607075
2026-05-21 14:21:33.803002+02:00,25.921,52.575632,0.37741144278606953
2026-05-21 14:21:34.092528+02:00,25.924,52.865158,0.38041144278606964
2026-05-21 14:21:34.384554+02:00,25.921,53.157184,0.37741144278606953
2026-05-21 14:21:34.678444+02:00,25.923,53.451074,0.3794114427860684
2026-05-21 14:21:34.970190+02:00,25.923,53.74282,0.3794114427860684
2026-05-21 14:21:35.267059+02:00,25.923,54.039689,0.3794114427860684
2026-05-21 14:21:35.559225+02:00,25.923,54.331855,0.3794114427860684
2026-05-21 14:21:35.853668+02:00,25.925,54.626298,0.38141144278607086
2026-05-21 14:21:36.142941+02:00,25.924,54.915571,0.38041144278606964
2026-05-21 14:21:36.450106+02:00,25.922,55.222736,0.37841144278607075
2026-05-21 14:21:36.740111+02:00,25.924,55.512741,0.38041144278606964
2026-05-21 14:21:37.033305+02:00,25.923,55.805935,0.3794114427860684
2026-05-21 14:21:37.325137+02:00,25.92,56.097767,0.37641144278607186
2026-05-21 14:21:37.622933+02:00,25.921,56.395563,0.37741144278606953
2026-05-21 14:21:37.918725+02:00,25.925,56.691355,0.38141144278607086
2026-05-21 14:21:38.215830+02:00,25.924,56.98846,0.38041144278606964
2026-05-21 14:21:38.515800+02:00,25.922,57.28843,0.37841144278607075
2026-05-21 14:21:38.804957+02:00,25.922,57.577587,0.37841144278607075
2026-05-21 14:21:39.096030+02:00,25.921,57.86866,0.37741144278606953
2026-05-21 14:21:39.397990+02:00,25.923,58.17062,0.3794114427860684
2026-05-21 14:21:39.687361+02:00,25.924,58.459991,0.38041144278606964
2026-05-21 14:21:39.977348+02:00,25.922,58.749978,0.37841144278607075
2026-05-21 14:21:40.272588+02:00,25.923,59.045218,0.3794114427860684
2026-05-21 14:21:40.566419+02:00,25.923,59.339049,0.3794114427860684
2026-05-21 14:21:40.855825+02:00,25.922,59.628455,0.37841144278607075
2026-05-21 14:21:41.150150+02:00,25.923,59.92278,0.3794114427860684
2026-05-21 14:21:41.441131+02:00,25.924,60.213761,0.38041144278606964
2026-05-21 14:21:41.738747+02:00,25.923,60.511377,0.3794114427860684
2026-05-21 14:21:42.038839+02:00,25.923,60.811469,0.3794114427860684
2026-05-21 14:21:42.338536+02:00,25.925,61.111166,0.38141144278607086
2026-05-21 14:21:42.640026+02:00,25.925,61.412656,0.38141144278607086
2026-05-21 14:21:42.930918+02:00,25.926,61.703548,0.38241144278606853
2026-05-21 14:21:43.220724+02:00,25.925,61.993354,0.38141144278607086
2026-05-21 14:21:43.514136+02:00,25.925,62.286766,0.38141144278607086
2026-05-21 14:21:43.807468+02:00,25.923,62.580098,0.3794114427860684
2026-05-21 14:21:44.097171+02:00,25.921,62.869801,0.37741144278606953
2026-05-21 14:21:44.390322+02:00,25.924,63.162952,0.38041144278606964
2026-05-21 14:21:44.688593+02:00,25.924,63.461223,0.38041144278606964
2026-05-21 14:21:44.990977+02:00,25.924,63.763607,0.38041144278606964
2026-05-21 14:21:45.284192+02:00,25.926,64.056822,0.38241144278606853
2026-05-21 14:21:45.575956+02:00,25.925,64.348586,0.38141144278607086
2026-05-21 14:21:45.870073+02:00,25.925,64.642703,0.38141144278607086
2026-05-21 14:21:46.160988+02:00,25.926,64.933618,0.38241144278606853
2026-05-21 14:21:46.454046+02:00,25.924,65.226676,0.38041144278606964
2026-05-21 14:21:46.743847+02:00,25.926,65.516477,0.38241144278606853
2026-05-21 14:21:47.035075+02:00,25.925,65.807705,0.38141144278607086
2026-05-21 14:21:47.334914+02:00,25.925,66.107544,0.38141144278607086
2026-05-21 14:21:47.625017+02:00,25.924,66.397647,0.38041144278606964
2026-05-21 14:21:47.919545+02:00,25.924,66.692175,0.38041144278606964
2026-05-21 14:21:48.210915+02:00,25.926,66.983545,0.38241144278606853
2026-05-21 14:21:48.506149+02:00,25.925,67.278779,0.38141144278607086
2026-05-21 14:21:48.794942+02:00,25.925,67.567572,0.38141144278607086
2026-05-21 14:21:49.093086+02:00,25.923,67.865716,0.3794114427860684
2026-05-21 14:21:49.383040+02:00,25.926,68.15567,0.38241144278606853
2026-05-21 14:21:49.674677+02:00,25.927,68.447307,0.38341144278606976
2026-05-21 14:21:49.967457+02:00,25.925,68.740087,0.38141144278607086
2026-05-21 14:21:50.271297+02:00,25.926,69.043927,0.38241144278606853
2026-05-21 14:21:50.572134+02:00,25.926,69.344764,0.38241144278606853
2026-05-21 14:21:50.867728+02:00,25.923,69.640358,0.3794114427860684
2026-05-21 14:21:51.157210+02:00,25.925,69.92984,0.38141144278607086
2026-05-21 14:21:51.448061+02:00,25.923,70.220691,0.3794114427860684
2026-05-21 14:21:51.737637+02:00,25.924,70.510267,0.38041144278606964
2026-05-21 14:21:52.036102+02:00,25.925,70.808732,0.38141144278607086
2026-05-21 14:21:52.328557+02:00,25.925,71.101187,0.38141144278607086
2026-05-21 14:21:52.618723+02:00,25.927,71.391353,0.38341144278606976
2026-05-21 14:21:52.918594+02:00,25.926,71.691224,0.38241144278606853
2026-05-21 14:21:53.212459+02:00,25.927,71.985089,0.38341144278606976
2026-05-21 14:21:53.510942+02:00,25.926,72.283572,0.38241144278606853
2026-05-21 14:21:53.802836+02:00,25.925,72.575466,0.38141144278607086
2026-05-21 14:21:54.094737+02:00,25.927,72.867367,0.38341144278606976
2026-05-21 14:21:54.386589+02:00,25.926,73.159219,0.38241144278606853
2026-05-21 14:21:54.680064+02:00,25.926,73.452694,0.38241144278606853
2026-05-21 14:21:54.973789+02:00,25.928,73.746419,0.384411442786071
2026-05-21 14:21:55.266899+02:00,25.923,74.039529,0.3794114427860684
2026-05-21 14:21:55.557072+02:00,25.926,74.329702,0.38241144278606853
2026-05-21 14:21:55.857741+02:00,25.926,74.630371,0.38241144278606853
2026-05-21 14:21:56.154942+02:00,25.927,74.927572,0.38341144278606976
2026-05-21 14:21:56.445888+02:00,25.929,75.218518,0.38541144278606865
2026-05-21 14:21:56.737230+02:00,25.927,75.50986,0.38341144278606976
2026-05-21 14:21:57.030937+02:00,25.926,75.803567,0.38241144278606853
2026-05-21 14:21:57.320534+02:00,25.928,76.093164,0.384411442786071
2026-05-21 14:21:57.613070+02:00,25.927,76.3857,0.38341144278606976
2026-05-21 14:21:57.906323+02:00,25.928,76.678953,0.384411442786071
2026-05-21 14:21:58.199699+02:00,25.927,76.972329,0.38341144278606976
2026-05-21 14:21:58.490601+02:00,25.927,77.263231,0.38341144278606976
2026-05-21 14:21:58.782741+02:00,25.928,77.555371,0.384411442786071
2026-05-21 14:21:59.081300+02:00,25.926,77.85393,0.38241144278606853
2026-05-21 14:21:59.372407+02:00,25.925,78.145037,0.38141144278607086
2026-05-21 14:21:59.663344+02:00,25.926,78.435974,0.38241144278606853
2026-05-21 14:21:59.951870+02:00,25.926,78.7245,0.38241144278606853
2026-05-21 14:22:00.242131+02:00,25.926,79.014761,0.38241144278606853
2026-05-21 14:22:00.533974+02:00,25.925,79.306604,0.38141144278607086
2026-05-21 14:22:00.825314+02:00,25.926,79.597944,0.38241144278606853
2026-05-21 14:22:01.127964+02:00,25.929,79.900594,0.38541144278606865
2026-05-21 14:22:01.426753+02:00,25.929,80.199383,0.38541144278606865
2026-05-21 14:22:01.718602+02:00,25.929,80.491232,0.38541144278606865
2026-05-21 14:22:02.015346+02:00,25.927,80.787976,0.38341144278606976
2026-05-21 14:22:02.305727+02:00,25.929,81.078357,0.38541144278606865
2026-05-21 14:22:02.597353+02:00,25.926,81.369983,0.38241144278606853
2026-05-21 14:22:02.887361+02:00,25.927,81.659991,0.38341144278606976
2026-05-21 14:22:03.188732+02:00,25.931,81.961362,0.3874114427860711
2026-05-21 14:22:03.488992+02:00,25.929,82.261622,0.38541144278606865
2026-05-21 14:22:03.778043+02:00,25.928,82.550673,0.384411442786071
2026-05-21 14:22:04.077290+02:00,25.927,82.84992,0.38341144278606976
2026-05-21 14:22:04.369152+02:00,25.927,83.141782,0.38341144278606976
2026-05-21 14:22:04.666434+02:00,25.929,83.439064,0.38541144278606865
2026-05-21 14:22:04.966924+02:00,25.929,83.739554,0.38541144278606865
2026-05-21 14:22:05.264430+02:00,25.928,84.03706,0.384411442786071
2026-05-21 14:22:05.564886+02:00,25.929,84.337516,0.38541144278606865
2026-05-21 14:22:05.854570+02:00,25.93,84.6272,0.38641144278606987
2026-05-21 14:22:06.146412+02:00,25.93,84.919042,0.38641144278606987
2026-05-21 14:22:06.436855+02:00,25.93,85.209485,0.38641144278606987
2026-05-21 14:22:06.727473+02:00,25.929,85.500103,0.38541144278606865
2026-05-21 14:22:07.022548+02:00,25.929,85.795178,0.38541144278606865
2026-05-21 14:22:07.315369+02:00,25.926,86.087999,0.38241144278606853
2026-05-21 14:22:07.607190+02:00,25.932,86.37982,0.38841144278606876
2026-05-21 14:22:07.899182+02:00,25.931,86.671812,0.3874114427860711
2026-05-21 14:22:08.190745+02:00,25.931,86.963375,0.3874114427860711
2026-05-21 14:22:08.481563+02:00,25.929,87.254193,0.38541144278606865
2026-05-21 14:22:08.772362+02:00,25.931,87.544992,0.3874114427860711
2026-05-21 14:22:09.070407+02:00,25.928,87.843037,0.384411442786071
2026-05-21 14:22:09.360465+02:00,25.929,88.133095,0.38541144278606865
2026-05-21 14:22:09.653469+02:00,25.931,88.426099,0.3874114427860711
2026-05-21 14:22:09.951297+02:00,25.931,88.723927,0.3874114427860711
2026-05-21 14:22:10.254290+02:00,25.93,89.02692,0.38641144278606987
2026-05-21 14:22:10.547411+02:00,25.931,89.320041,0.3874114427860711
2026-05-21 14:22:10.838737+02:00,25.929,89.611367,0.38541144278606865
2026-05-21 14:22:11.128904+02:00,25.93,89.901534,0.38641144278606987
2026-05-21 14:22:11.420518+02:00,25.929,90.193148,0.38541144278606865
2026-05-21 14:22:11.710397+02:00,25.929,90.483027,0.38541144278606865
2026-05-21 14:22:12.001081+02:00,25.929,90.773711,0.38541144278606865
2026-05-21 14:22:12.291800+02:00,25.929,91.06443,0.38541144278606865
2026-05-21 14:22:12.588611+02:00,25.929,91.361241,0.38541144278606865
2026-05-21 14:22:12.892390+02:00,25.929,91.66502,0.38541144278606865
2026-05-21 14:22:13.193515+02:00,25.929,91.966145,0.38541144278606865
2026-05-21 14:22:13.483491+02:00,25.931,92.256121,0.3874114427860711
2026-05-21 14:22:13.782529+02:00,25.927,92.555159,0.38341144278606976
2026-05-21 14:22:14.076028+02:00,25.928,92.848658,0.384411442786071
2026-05-21 14:22:14.374148+02:00,25.928,93.146778,0.384411442786071
2026-05-21 14:22:14.672205+02:00,25.93,93.444835,0.38641144278606987
2026-05-21 14:22:14.964009+02:00,25.927,93.736639,0.38341144278606976
2026-05-21 14:22:15.256287+02:00,25.928,94.028917,0.384411442786071
2026-05-21 14:22:15.549305+02:00,25.929,94.321935,0.38541144278606865
2026-05-21 14:22:15.844277+02:00,25.927,94.616907,0.38341144278606976
2026-05-21 14:22:16.134115+02:00,25.929,94.906745,0.38541144278606865
2026-05-21 14:22:16.427794+02:00,25.929,95.200424,0.38541144278606865
2026-05-21 14:22:16.724332+02:00,25.926,95.496962,0.38241144278606853
2026-05-21 14:22:17.019598+02:00,25.928,95.792228,0.384411442786071
2026-05-21 14:22:17.313933+02:00,25.925,96.086563,0.38141144278607086
2026-05-21 14:22:17.611418+02:00,25.927,96.384048,0.38341144278606976
2026-05-21 14:22:17.901446+02:00,25.926,96.674076,0.38241144278606853
2026-05-21 14:22:18.192289+02:00,25.926,96.964919,0.38241144278606853
2026-05-21 14:22:18.492812+02:00,25.926,97.265442,0.38241144278606853
2026-05-21 14:22:18.786787+02:00,25.924,97.559417,0.38041144278606964
2026-05-21 14:22:19.080665+02:00,25.924,97.853295,0.38041144278606964
2026-05-21 14:22:19.373699+02:00,25.924,98.146329,0.38041144278606964
2026-05-21 14:22:19.664709+02:00,25.922,98.437339,0.37841144278607075
2026-05-21 14:22:19.955477+02:00,25.924,98.728107,0.38041144278606964
2026-05-21 14:22:20.245363+02:00,25.923,99.017993,0.3794114427860684
2026-05-21 14:22:20.538110+02:00,25.927,99.31074,0.38341144278606976
2026-05-21 14:22:20.837287+02:00,25.925,99.609917,0.38141144278607086
2026-05-21 14:22:21.128957+02:00,25.925,99.901587,0.38141144278607086
2026-05-21 14:22:21.423587+02:00,25.925,100.196217,0.38141144278607086
2026-05-21 14:22:21.716208+02:00,25.924,100.488838,0.38041144278606964
2026-05-21 14:22:22.007345+02:00,25.924,100.779975,0.38041144278606964
2026-05-21 14:22:22.297621+02:00,25.927,101.070251,0.38341144278606976
2026-05-21 14:22:22.590150+02:00,25.924,101.36278,0.38041144278606964
2026-05-21 14:22:22.882557+02:00,25.925,101.655187,0.38141144278607086
2026-05-21 14:22:23.174980+02:00,25.924,101.94761,0.38041144278606964
2026-05-21 14:22:23.470905+02:00,25.92,102.243535,0.37641144278607186
2026-05-21 14:22:23.762560+02:00,25.924,102.53519,0.38041144278606964
2026-05-21 14:22:24.052217+02:00,25.924,102.824847,0.38041144278606964
2026-05-21 14:22:24.347005+02:00,25.922,103.119635,0.37841144278607075
2026-05-21 14:22:24.647771+02:00,25.922,103.420401,0.37841144278607075
2026-05-21 14:22:24.946646+02:00,25.925,103.719276,0.38141144278607086
2026-05-21 14:22:25.238130+02:00,25.923,104.01076,0.3794114427860684
2026-05-21 14:22:25.532563+02:00,25.924,104.305193,0.38041144278606964
2026-05-21 14:22:25.827435+02:00,25.924,104.600065,0.38041144278606964
2026-05-21 14:22:26.120673+02:00,25.925,104.893303,0.38141144278607086
2026-05-21 14:22:26.418929+02:00,25.923,105.191559,0.3794114427860684
2026-05-21 14:22:26.717396+02:00,25.924,105.490026,0.38041144278606964
2026-05-21 14:22:27.007980+02:00,25.923,105.78061,0.3794114427860684
2026-05-21 14:22:27.298972+02:00,25.924,106.071602,0.38041144278606964
2026-05-21 14:22:27.587330+02:00,25.924,106.35996,0.38041144278606964
2026-05-21 14:22:27.878807+02:00,25.92,106.651437,0.37641144278607186
2026-05-21 14:22:28.168655+02:00,25.922,106.941285,0.37841144278607075
2026-05-21 14:22:28.461303+02:00,25.925,107.233933,0.38141144278607086
2026-05-21 14:22:28.751032+02:00,25.923,107.523662,0.3794114427860684
2026-05-21 14:22:29.042144+02:00,25.924,107.814774,0.38041144278606964
2026-05-21 14:22:29.345323+02:00,25.921,108.117953,0.37741144278606953
2026-05-21 14:22:29.641893+02:00,25.92,108.414523,0.37641144278607186
2026-05-21 14:22:29.939852+02:00,25.922,108.712482,0.37841144278607075
2026-05-21 14:22:30.228368+02:00,25.923,109.000998,0.3794114427860684
2026-05-21 14:22:30.521994+02:00,25.921,109.294624,0.37741144278606953
2026-05-21 14:22:30.813605+02:00,25.922,109.586235,0.37841144278607075
2026-05-21 14:22:31.104243+02:00,25.922,109.876873,0.37841144278607075
2026-05-21 14:22:31.394948+02:00,25.922,110.167578,0.37841144278607075
2026-05-21 14:22:31.686023+02:00,25.923,110.458653,0.3794114427860684
2026-05-21 14:22:31.979344+02:00,25.921,110.751974,0.37741144278606953
2026-05-21 14:22:32.273894+02:00,25.918,111.046524,0.3744114427860694
2026-05-21 14:22:32.571731+02:00,25.921,111.344361,0.37741144278606953
2026-05-21 14:22:32.862130+02:00,25.921,111.63476,0.37741144278606953
2026-05-21 14:22:33.156144+02:00,25.921,111.928774,0.37741144278606953
2026-05-21 14:22:33.444887+02:00,25.918,112.217517,0.3744114427860694
2026-05-21 14:22:33.736829+02:00,25.922,112.509459,0.37841144278607075
2026-05-21 14:22:34.030103+02:00,25.922,112.802733,0.37841144278607075
2026-05-21 14:22:34.323591+02:00,25.92,113.096221,0.37641144278607186
2026-05-21 14:22:34.612500+02:00,25.921,113.38513,0.37741144278606953
2026-05-21 14:22:34.904449+02:00,25.92,113.677079,0.37641144278607186
2026-05-21 14:22:35.199879+02:00,25.92,113.972509,0.37641144278607186
2026-05-21 14:22:35.498165+02:00,25.92,114.270795,0.37641144278607186
2026-05-21 14:22:35.791369+02:00,25.92,114.563999,0.37641144278607186
2026-05-21 14:22:36.083231+02:00,25.918,114.855861,0.3744114427860694
2026-05-21 14:22:36.375775+02:00,25.919,115.148405,0.37541144278607064
2026-05-21 14:22:36.665314+02:00,25.919,115.437944,0.37541144278607064
2026-05-21 14:22:36.956637+02:00,25.917,115.729267,0.37341144278607175
2026-05-21 14:22:37.254608+02:00,25.917,116.027238,0.37341144278607175
2026-05-21 14:22:37.546188+02:00,25.919,116.318818,0.37541144278607064
2026-05-21 14:22:37.851834+02:00,25.919,116.624464,0.37541144278607064
2026-05-21 14:22:38.147235+02:00,25.919,116.919865,0.37541144278607064
2026-05-21 14:22:38.436380+02:00,25.919,117.20901,0.37541144278607064
2026-05-21 14:22:38.729462+02:00,25.916,117.502092,0.3724114427860705
2026-05-21 14:22:39.023850+02:00,25.917,117.79648,0.37341144278607175
2026-05-21 14:22:39.312585+02:00,25.917,118.085215,0.37341144278607175
2026-05-21 14:22:39.602330+02:00,25.916,118.37496,0.3724114427860705
2026-05-21 14:22:39.892973+02:00,25.915,118.665603,0.3714114427860693
2026-05-21 14:22:40.192314+02:00,25.915,118.964944,0.3714114427860693
2026-05-21 14:22:40.490567+02:00,25.918,119.263197,0.3744114427860694
2026-05-21 14:22:40.779710+02:00,25.914,119.55234,0.37041144278607163
2026-05-21 14:22:41.074216+02:00,25.915,119.846846,0.3714114427860693
2026-05-21 14:22:41.364208+02:00,25.914,120.136838,0.37041144278607163
2026-05-21 14:22:41.657976+02:00,25.915,120.430606,0.3714114427860693
2026-05-21 14:22:41.947090+02:00,25.916,120.71972,0.3724114427860705
2026-05-21 14:22:42.241719+02:00,25.914,121.014349,0.37041144278607163
2026-05-21 14:22:42.537117+02:00,25.914,121.309747,0.37041144278607163
2026-05-21 14:22:42.829846+02:00,25.914,121.602476,0.37041144278607163
2026-05-21 14:22:43.121618+02:00,25.914,121.894248,0.37041144278607163
2026-05-21 14:22:43.413736+02:00,25.915,122.186366,0.3714114427860693
2026-05-21 14:22:43.709680+02:00,25.912,122.48231,0.3684114427860692
2026-05-21 14:22:43.999505+02:00,25.916,122.772135,0.3724114427860705
2026-05-21 14:22:44.290267+02:00,25.912,123.062897,0.3684114427860692
2026-05-21 14:22:44.582237+02:00,25.914,123.354867,0.37041144278607163
2026-05-21 14:22:44.872981+02:00,25.914,123.645611,0.37041144278607163
2026-05-21 14:22:45.174612+02:00,25.911,123.947242,0.3674114427860715
2026-05-21 14:22:45.467201+02:00,25.913,124.239831,0.3694114427860704
2026-05-21 14:22:45.756463+02:00,25.914,124.529093,0.37041144278607163
2026-05-21 14:22:46.048074+02:00,25.913,124.820704,0.3694114427860704
2026-05-21 14:22:46.346692+02:00,25.909,125.119322,0.3654114427860691
2026-05-21 14:22:46.640645+02:00,25.915,125.413275,0.3714114427860693
2026-05-21 14:22:46.931167+02:00,25.913,125.703797,0.3694114427860704
2026-05-21 14:22:47.221059+02:00,25.912,125.993689,0.3684114427860692
2026-05-21 14:22:47.514024+02:00,25.911,126.286654,0.3674114427860715
2026-05-21 14:22:47.807481+02:00,25.911,126.580111,0.3674114427860715
2026-05-21 14:22:48.099691+02:00,25.913,126.872321,0.3694114427860704
2026-05-21 14:22:48.390661+02:00,25.911,127.163291,0.3674114427860715
2026-05-21 14:22:48.683203+02:00,25.909,127.455833,0.3654114427860691
2026-05-21 14:22:48.973988+02:00,25.911,127.746618,0.3674114427860715
2026-05-21 14:22:49.267709+02:00,25.909,128.040339,0.3654114427860691
2026-05-21 14:22:49.567633+02:00,25.908,128.340263,0.3644114427860714
2026-05-21 14:22:49.856280+02:00,25.91,128.62891,0.3664114427860703
2026-05-21 14:22:50.150598+02:00,25.91,128.923228,0.3664114427860703
2026-05-21 14:22:50.449896+02:00,25.908,129.222526,0.3644114427860714
2026-05-21 14:22:50.740538+02:00,25.907,129.513168,0.3634114427860702
2026-05-21 14:22:51.031162+02:00,25.907,129.803792,0.3634114427860702
2026-05-21 14:22:51.324087+02:00,25.907,130.096717,0.3634114427860702
2026-05-21 14:22:51.618765+02:00,25.907,130.391395,0.3634114427860702
2026-05-21 14:22:51.925474+02:00,25.907,130.698104,0.3634114427860702
2026-05-21 14:22:52.216152+02:00,25.907,130.988782,0.3634114427860702
2026-05-21 14:22:52.509413+02:00,25.908,131.282043,0.3644114427860714
2026-05-21 14:22:52.801619+02:00,25.905,131.574249,0.3614114427860713
2026-05-21 14:22:53.095641+02:00,25.905,131.868271,0.3614114427860713
2026-05-21 14:22:53.388002+02:00,25.905,132.160632,0.3614114427860713
2026-05-21 14:22:53.679832+02:00,25.902,132.452462,0.3584114427860712
2026-05-21 14:22:53.971750+02:00,25.907,132.74438,0.3634114427860702
2026-05-21 14:22:54.259837+02:00,25.904,133.032467,0.36041144278607007
2026-05-21 14:22:54.553000+02:00,25.905,133.32563,0.3614114427860713
2026-05-21 14:22:54.842680+02:00,25.906,133.61531,0.36241144278606896
2026-05-21 14:22:55.137473+02:00,25.902,133.910103,0.3584114427860712
2026-05-21 14:22:55.430166+02:00,25.905,134.202796,0.3614114427860713
2026-05-21 14:22:55.720443+02:00,25.902,134.493073,0.3584114427860712
2026-05-21 14:22:56.019556+02:00,25.905,134.792186,0.3614114427860713
2026-05-21 14:22:56.310101+02:00,25.903,135.082731,0.35941144278606885
2026-05-21 14:22:56.600101+02:00,25.902,135.372731,0.3584114427860712
2026-05-21 14:22:56.892730+02:00,25.9,135.66536,0.35641144278606873
2026-05-21 14:22:57.192296+02:00,25.902,135.964926,0.3584114427860712
2026-05-21 14:22:57.488094+02:00,25.902,136.260724,0.3584114427860712
2026-05-21 14:22:57.780313+02:00,25.903,136.552943,0.35941144278606885
2026-05-21 14:22:58.072740+02:00,25.901,136.84537,0.35741144278606995
2026-05-21 14:22:58.363363+02:00,25.903,137.135993,0.35941144278606885
2026-05-21 14:22:58.662775+02:00,25.899,137.435405,0.35541144278607106
2026-05-21 14:22:58.963078+02:00,25.9,137.735708,0.35641144278606873
2026-05-21 14:22:59.261799+02:00,25.9,138.034429,0.35641144278606873
2026-05-21 14:22:59.554630+02:00,25.899,138.32726,0.35541144278607106
2026-05-21 14:22:59.856973+02:00,25.899,138.629603,0.35541144278607106
2026-05-21 14:23:00.145302+02:00,25.9,138.917932,0.35641144278606873
2026-05-21 14:23:00.438886+02:00,25.897,139.211516,0.3534114427860686
2026-05-21 14:23:00.738420+02:00,25.898,139.51105,0.35441144278606984
2026-05-21 14:23:01.036600+02:00,25.896,139.80923,0.35241144278607095
2026-05-21 14:23:01.329330+02:00,25.898,140.10196,0.35441144278606984
2026-05-21 14:23:01.619324+02:00,25.895,140.391954,0.3514114427860697
2026-05-21 14:23:01.911539+02:00,25.898,140.684169,0.35441144278606984
2026-05-21 14:23:02.204368+02:00,25.898,140.976998,0.35441144278606984
2026-05-21 14:23:02.505575+02:00,25.897,141.278205,0.3534114427860686
2026-05-21 14:23:02.804915+02:00,25.896,141.577545,0.35241144278607095
2026-05-21 14:23:03.101656+02:00,25.894,141.874286,0.3504114427860685
2026-05-21 14:23:03.401988+02:00,25.895,142.174618,0.3514114427860697
2026-05-21 14:23:03.698771+02:00,25.895,142.471401,0.3514114427860697
2026-05-21 14:23:03.990567+02:00,25.895,142.763197,0.3514114427860697
2026-05-21 14:23:04.285163+02:00,25.894,143.057793,0.3504114427860685
2026-05-21 14:23:04.583163+02:00,25.894,143.355793,0.3504114427860685
2026-05-21 14:23:04.877582+02:00,25.895,143.650212,0.3514114427860697
2026-05-21 14:23:05.167704+02:00,25.896,143.940334,0.35241144278607095
2026-05-21 14:23:05.459603+02:00,25.896,144.232233,0.35241144278607095
2026-05-21 14:23:05.758507+02:00,25.893,144.531137,0.34941144278607084
2026-05-21 14:23:06.051738+02:00,25.894,144.824368,0.3504114427860685
2026-05-21 14:23:06.342403+02:00,25.893,145.115033,0.34941144278607084
2026-05-21 14:23:06.633427+02:00,25.894,145.406057,0.3504114427860685
2026-05-21 14:23:06.927664+02:00,25.893,145.700294,0.34941144278607084
2026-05-21 14:23:07.222534+02:00,25.893,145.995164,0.34941144278607084
2026-05-21 14:23:07.513308+02:00,25.892,146.285938,0.3484114427860696
2026-05-21 14:23:07.804895+02:00,25.894,146.577525,0.3504114427860685
2026-05-21 14:23:08.097085+02:00,25.894,146.869715,0.3504114427860685
2026-05-21 14:23:08.388501+02:00,25.892,147.161131,0.3484114427860696
2026-05-21 14:23:08.678939+02:00,25.893,147.451569,0.34941144278607084
2026-05-21 14:23:08.968463+02:00,25.891,147.741093,0.3474114427860684
2026-05-21 14:23:09.265659+02:00,25.889,148.038289,0.3454114427860695
2026-05-21 14:23:09.555891+02:00,25.892,148.328521,0.3484114427860696
2026-05-21 14:23:09.847179+02:00,25.89,148.619809,0.3464114427860707
2026-05-21 14:23:10.138369+02:00,25.889,148.910999,0.3454114427860695
2026-05-21 14:23:10.438727+02:00,25.89,149.211357,0.3464114427860707
2026-05-21 14:23:10.730712+02:00,25.888,149.503342,0.34441144278607183
2026-05-21 14:23:11.032413+02:00,25.888,149.805043,0.34441144278607183
2026-05-21 14:23:11.329408+02:00,25.888,150.102038,0.34441144278607183
2026-05-21 14:23:11.619401+02:00,25.89,150.392031,0.3464114427860707
2026-05-21 14:23:11.915495+02:00,25.887,150.688125,0.3434114427860706
2026-05-21 14:23:12.212872+02:00,25.885,150.985502,0.3414114427860717
2026-05-21 14:23:12.504774+02:00,25.889,151.277404,0.3454114427860695
2026-05-21 14:23:12.795043+02:00,25.885,151.567673,0.3414114427860717
2026-05-21 14:23:13.089290+02:00,25.884,151.86192,0.3404114427860705
2026-05-21 14:23:13.388921+02:00,25.885,152.161551,0.3414114427860717
2026-05-21 14:23:13.687895+02:00,25.885,152.460525,0.3414114427860717
2026-05-21 14:23:13.980040+02:00,25.883,152.75267,0.3394114427860693
2026-05-21 14:23:14.271851+02:00,25.882,153.044481,0.3384114427860716
2026-05-21 14:23:14.565854+02:00,25.885,153.338484,0.3414114427860717
2026-05-21 14:23:14.854013+02:00,25.882,153.626643,0.3384114427860716
2026-05-21 14:23:15.153938+02:00,25.883,153.926568,0.3394114427860693
2026-05-21 14:23:15.443633+02:00,25.883,154.216263,0.3394114427860693
2026-05-21 14:23:15.736542+02:00,25.884,154.509172,0.3404114427860705
2026-05-21 14:23:16.028350+02:00,25.886,154.80098,0.3424114427860694
2026-05-21 14:23:16.326962+02:00,25.883,155.099592,0.3394114427860693
2026-05-21 14:23:16.619427+02:00,25.882,155.392057,0.3384114427860716
2026-05-21 14:23:16.922256+02:00,25.883,155.694886,0.3394114427860693
2026-05-21 14:23:17.223031+02:00,25.883,155.995661,0.3394114427860693
2026-05-21 14:23:17.518204+02:00,25.884,156.290834,0.3404114427860705
2026-05-21 14:23:17.808802+02:00,25.881,156.581432,0.3374114427860704
2026-05-21 14:23:18.101705+02:00,25.882,156.874335,0.3384114427860716
2026-05-21 14:23:18.399069+02:00,25.883,157.171699,0.3394114427860693
2026-05-21 14:23:18.689504+02:00,25.882,157.462134,0.3384114427860716
2026-05-21 14:23:18.982793+02:00,25.879,157.755423,0.3354114427860715
2026-05-21 14:23:19.281580+02:00,25.88,158.05421,0.33641144278606916
2026-05-21 14:23:19.575145+02:00,25.88,158.347775,0.33641144278606916
2026-05-21 14:23:19.877504+02:00,25.881,158.650134,0.3374114427860704
2026-05-21 14:23:20.167273+02:00,25.878,158.939903,0.33441144278607027
2026-05-21 14:23:20.460816+02:00,25.878,159.233446,0.33441144278607027
2026-05-21 14:23:20.754009+02:00,25.878,159.526639,0.33441144278607027
2026-05-21 14:23:21.047048+02:00,25.877,159.819678,0.33341144278606905
2026-05-21 14:23:21.336049+02:00,25.878,160.108679,0.33441144278607027
2026-05-21 14:23:21.634807+02:00,25.876,160.407437,0.3324114427860714
2026-05-21 14:23:21.933354+02:00,25.875,160.705984,0.33141144278607015
2026-05-21 14:23:22.233735+02:00,25.877,161.006365,0.33341144278606905
2026-05-21 14:23:22.528038+02:00,25.875,161.300668,0.33141144278607015
2026-05-21 14:23:22.820953+02:00,25.878,161.593583,0.33441144278607027
2026-05-21 14:23:23.112229+02:00,25.873,161.884859,0.32941144278607126
2026-05-21 14:23:23.401623+02:00,25.871,162.174253,0.3274114427860688
2026-05-21 14:23:23.692431+02:00,25.874,162.465061,0.33041144278606893
2026-05-21 14:23:23.982379+02:00,25.877,162.755009,0.33341144278606905
2026-05-21 14:23:24.272233+02:00,25.873,163.044863,0.32941144278607126
2026-05-21 14:23:24.573010+02:00,25.873,163.34564,0.32941144278607126
2026-05-21 14:23:24.864832+02:00,25.873,163.637462,0.32941144278607126
2026-05-21 14:23:25.154433+02:00,25.873,163.927063,0.32941144278607126
2026-05-21 14:23:25.449165+02:00,25.871,164.221795,0.3274114427860688
2026-05-21 14:23:25.739597+02:00,25.871,164.512227,0.3274114427860688
2026-05-21 14:23:26.028786+02:00,25.873,164.801416,0.32941144278607126
2026-05-21 14:23:26.317940+02:00,25.87,165.09057,0.32641144278607115
2026-05-21 14:23:26.613744+02:00,25.869,165.386374,0.3254114427860699
2026-05-21 14:23:26.916245+02:00,25.867,165.688875,0.32341144278607104
2026-05-21 14:23:27.216062+02:00,25.87,165.988692,0.32641144278607115
2026-05-21 14:23:27.514942+02:00,25.869,166.287572,0.3254114427860699
2026-05-21 14:23:27.805089+02:00,25.868,166.577719,0.3244114427860687
2026-05-21 14:23:28.094427+02:00,25.867,166.867057,0.32341144278607104
2026-05-21 14:23:28.384794+02:00,25.866,167.157424,0.3224114427860698
2026-05-21 14:23:28.675002+02:00,25.864,167.447632,0.3204114427860709
2026-05-21 14:23:28.965864+02:00,25.865,167.738494,0.3214114427860686
2026-05-21 14:23:29.264889+02:00,25.864,168.037519,0.3204114427860709
2026-05-21 14:23:29.557667+02:00,25.863,168.330297,0.3194114427860697
2026-05-21 14:23:29.846829+02:00,25.865,168.619459,0.3214114427860686
2026-05-21 14:23:30.144593+02:00,25.862,168.917223,0.3184114427860685
2026-05-21 14:23:30.437495+02:00,25.864,169.210125,0.3204114427860709
2026-05-21 14:23:30.731846+02:00,25.863,169.504476,0.3194114427860697
2026-05-21 14:23:31.030924+02:00,25.863,169.803554,0.3194114427860697
2026-05-21 14:23:31.322188+02:00,25.861,170.094818,0.3174114427860708
2026-05-21 14:23:31.621035+02:00,25.862,170.393665,0.3184114427860685
2026-05-21 14:23:31.911092+02:00,25.86,170.683722,0.3164114427860696
2026-05-21 14:23:32.199352+02:00,25.859,170.971982,0.3154114427860719
2026-05-21 14:23:32.490725+02:00,25.859,171.263355,0.3154114427860719
2026-05-21 14:23:32.795363+02:00,25.861,171.567993,0.3174114427860708
2026-05-21 14:23:33.097250+02:00,25.858,171.86988,0.3144114427860707
2026-05-21 14:23:33.400447+02:00,25.857,172.173077,0.31341144278606947
2026-05-21 14:23:33.700943+02:00,25.859,172.473573,0.3154114427860719
2026-05-21 14:23:33.999561+02:00,25.855,172.772191,0.3114114427860706
2026-05-21 14:23:34.296048+02:00,25.857,173.068678,0.31341144278606947
2026-05-21 14:23:34.597134+02:00,25.855,173.369764,0.3114114427860706
2026-05-21 14:23:34.896695+02:00,25.858,173.669325,0.3144114427860707
2026-05-21 14:23:35.187628+02:00,25.855,173.960258,0.3114114427860706
2026-05-21 14:23:35.480029+02:00,25.856,174.252659,0.3124114427860718
2026-05-21 14:23:35.770008+02:00,25.856,174.542638,0.3124114427860718
2026-05-21 14:23:36.060439+02:00,25.855,174.833069,0.3114114427860706
2026-05-21 14:23:36.355069+02:00,25.852,175.127699,0.30841144278607047
2026-05-21 14:23:36.646717+02:00,25.855,175.419347,0.3114114427860706
2026-05-21 14:23:36.937489+02:00,25.852,175.710119,0.30841144278607047
2026-05-21 14:23:37.230063+02:00,25.853,176.002693,0.3094114427860717
2026-05-21 14:23:37.519318+02:00,25.852,176.291948,0.30841144278607047
2026-05-21 14:23:37.814453+02:00,25.854,176.587083,0.31041144278606936
2026-05-21 14:23:38.105775+02:00,25.851,176.878405,0.30741144278606924
2026-05-21 14:23:38.403459+02:00,25.85,177.176089,0.3064114427860716
2026-05-21 14:23:38.694087+02:00,25.852,177.466717,0.30841144278607047
2026-05-21 14:23:38.984567+02:00,25.851,177.757197,0.30741144278606924
2026-05-21 14:23:39.285426+02:00,25.852,178.058056,0.30841144278607047
2026-05-21 14:23:39.579084+02:00,25.853,178.351714,0.3094114427860717
2026-05-21 14:23:39.871017+02:00,25.851,178.643647,0.30741144278606924
2026-05-21 14:23:40.164952+02:00,25.85,178.937582,0.3064114427860716
2026-05-21 14:23:40.455342+02:00,25.849,179.227972,0.30541144278607035
2026-05-21 14:23:40.748643+02:00,25.847,179.521273,0.30341144278607146
2026-05-21 14:23:41.042205+02:00,25.848,179.814835,0.30441144278606913
2026-05-21 14:23:41.333887+02:00,25.847,180.106517,0.30341144278607146
2026-05-21 14:23:41.627377+02:00,25.848,180.400007,0.30441144278606913
2026-05-21 14:23:41.924081+02:00,25.848,180.696711,0.30441144278606913
2026-05-21 14:23:42.212660+02:00,25.849,180.98529,0.30541144278607035
2026-05-21 14:23:42.505870+02:00,25.845,181.2785,0.301411442786069
2026-05-21 14:23:42.795842+02:00,25.843,181.568472,0.2994114427860701
2026-05-21 14:23:43.093490+02:00,25.844,181.86612,0.30041144278607135
2026-05-21 14:23:43.385221+02:00,25.844,182.157851,0.30041144278607135
2026-05-21 14:23:43.676589+02:00,25.844,182.449219,0.30041144278607135
2026-05-21 14:23:43.969952+02:00,25.844,182.742582,0.30041144278607135
2026-05-21 14:23:44.271761+02:00,25.843,183.044391,0.2994114427860701
2026-05-21 14:23:44.570157+02:00,25.842,183.342787,0.2984114427860689
2026-05-21 14:23:44.866297+02:00,25.842,183.638927,0.2984114427860689
2026-05-21 14:23:45.156897+02:00,25.843,183.929527,0.2994114427860701
2026-05-21 14:23:45.445997+02:00,25.842,184.218627,0.2984114427860689
2026-05-21 14:23:45.743542+02:00,25.841,184.516172,0.29741144278607123
2026-05-21 14:23:46.034872+02:00,25.843,184.807502,0.2994114427860701
2026-05-21 14:23:46.325439+02:00,25.842,185.098069,0.2984114427860689
2026-05-21 14:23:46.617760+02:00,25.84,185.39039,0.29641144278607
2026-05-21 14:23:46.907813+02:00,25.839,185.680443,0.2954114427860688
2026-05-21 14:23:47.206502+02:00,25.84,185.979132,0.29641144278607
2026-05-21 14:23:47.505861+02:00,25.84,186.278491,0.29641144278607
2026-05-21 14:23:47.796684+02:00,25.839,186.569314,0.2954114427860688
2026-05-21 14:23:48.090453+02:00,25.837,186.863083,0.2934114427860699
2026-05-21 14:23:48.388308+02:00,25.836,187.160938,0.2924114427860687
2026-05-21 14:23:48.684160+02:00,25.835,187.45679,0.291411442786071
2026-05-21 14:23:48.974394+02:00,25.835,187.747024,0.291411442786071
2026-05-21 14:23:49.266829+02:00,25.835,188.039459,0.291411442786071
2026-05-21 14:23:49.560897+02:00,25.838,188.333527,0.2944114427860711
2026-05-21 14:23:49.859836+02:00,25.836,188.632466,0.2924114427860687
2026-05-21 14:23:50.148451+02:00,25.835,188.921081,0.291411442786071
2026-05-21 14:23:50.438605+02:00,25.836,189.211235,0.2924114427860687
2026-05-21 14:23:50.736376+02:00,25.83,189.509006,0.28641144278606845
2026-05-21 14:23:51.029623+02:00,25.833,189.802253,0.28941144278606856
2026-05-21 14:23:51.321899+02:00,25.829,190.094529,0.2854114427860708
2026-05-21 14:23:51.610235+02:00,25.832,190.382865,0.2884114427860709
2026-05-21 14:23:51.902960+02:00,25.832,190.67559,0.2884114427860709
2026-05-21 14:23:52.195718+02:00,25.829,190.968348,0.2854114427860708
2026-05-21 14:23:52.498611+02:00,25.828,191.271241,0.28441144278606956
2026-05-21 14:23:52.800534+02:00,25.831,191.573164,0.28741144278606967
2026-05-21 14:23:53.094609+02:00,25.826,191.867239,0.28241144278607067
2026-05-21 14:23:53.396101+02:00,25.828,192.168731,0.28441144278606956
2026-05-21 14:23:53.699694+02:00,25.826,192.472324,0.28241144278607067
2026-05-21 14:23:53.994110+02:00,25.83,192.76674,0.28641144278606845
2026-05-21 14:23:54.284557+02:00,25.827,193.057187,0.2834114427860719
2026-05-21 14:23:54.575074+02:00,25.827,193.347704,0.2834114427860719
2026-05-21 14:23:54.865733+02:00,25.825,193.638363,0.28141144278606944
2026-05-21 14:23:55.162127+02:00,25.824,193.934757,0.2804114427860718
2026-05-21 14:23:55.453050+02:00,25.823,194.22568,0.27941144278607055
2026-05-21 14:23:55.744823+02:00,25.824,194.517453,0.2804114427860718
2026-05-21 14:23:56.037362+02:00,25.824,194.809992,0.2804114427860718
2026-05-21 14:23:56.340446+02:00,25.822,195.113076,0.27841144278606933
2026-05-21 14:23:56.641573+02:00,25.821,195.414203,0.27741144278607166
2026-05-21 14:23:56.942414+02:00,25.823,195.715044,0.27941144278607055
2026-05-21 14:23:57.232590+02:00,25.821,196.00522,0.27741144278607166
2026-05-21 14:23:57.524058+02:00,25.823,196.296688,0.27941144278607055
2026-05-21 14:23:57.817633+02:00,25.82,196.590263,0.27641144278607044
2026-05-21 14:23:58.106845+02:00,25.823,196.879475,0.27941144278607055
2026-05-21 14:23:58.398826+02:00,25.818,197.171456,0.27441144278607155
2026-05-21 14:23:58.688677+02:00,25.82,197.461307,0.27641144278607044
2026-05-21 14:23:58.990082+02:00,25.82,197.762712,0.27641144278607044
2026-05-21 14:23:59.290383+02:00,25.821,198.063013,0.27741144278607166
2026-05-21 14:23:59.590251+02:00,25.82,198.362881,0.27641144278607044
2026-05-21 14:23:59.886392+02:00,25.818,198.659022,0.27441144278607155
2026-05-21 14:24:00.177830+02:00,25.817,198.95046,0.2734114427860703
2026-05-21 14:24:00.475062+02:00,25.818,199.247692,0.27441144278607155
2026-05-21 14:24:00.763881+02:00,25.817,199.536511,0.2734114427860703
2026-05-21 14:24:01.057051+02:00,25.818,199.829681,0.27441144278607155
2026-05-21 14:24:01.351317+02:00,25.817,200.123947,0.2734114427860703
2026-05-21 14:24:01.647464+02:00,25.816,200.420094,0.2724114427860691
2026-05-21 14:24:01.940129+02:00,25.815,200.712759,0.27141144278607143
2026-05-21 14:24:02.234102+02:00,25.817,201.006732,0.2734114427860703
2026-05-21 14:24:02.525064+02:00,25.813,201.297694,0.269411442786069
2026-05-21 14:24:02.814278+02:00,25.815,201.586908,0.27141144278607143
2026-05-21 14:24:03.114736+02:00,25.815,201.887366,0.27141144278607143
2026-05-21 14:24:03.407353+02:00,25.813,202.179983,0.269411442786069
2026-05-21 14:24:03.699757+02:00,25.812,202.472387,0.2684114427860713
2026-05-21 14:24:03.990637+02:00,25.813,202.763267,0.269411442786069
2026-05-21 14:24:04.282681+02:00,25.813,203.055311,0.269411442786069
2026-05-21 14:24:04.578263+02:00,25.812,203.350893,0.2684114427860713
2026-05-21 14:24:04.875255+02:00,25.811,203.647885,0.2674114427860701
2026-05-21 14:24:05.169412+02:00,25.81,203.942042,0.2664114427860689
2026-05-21 14:24:05.459236+02:00,25.809,204.231866,0.2654114427860712
2026-05-21 14:24:05.757250+02:00,25.809,204.52988,0.2654114427860712
2026-05-21 14:24:06.048643+02:00,25.806,204.821273,0.2624114427860711
2026-05-21 14:24:06.338942+02:00,25.81,205.111572,0.2664114427860689
2026-05-21 14:24:06.635420+02:00,25.809,205.40805,0.2654114427860712
2026-05-21 14:24:06.938923+02:00,25.806,205.711553,0.2624114427860711
2026-05-21 14:24:07.232153+02:00,25.806,206.004783,0.2624114427860711
2026-05-21 14:24:07.530824+02:00,25.806,206.303454,0.2624114427860711
2026-05-21 14:24:07.821918+02:00,25.801,206.594548,0.25741144278606853
2026-05-21 14:24:08.115411+02:00,25.807,206.888041,0.26341144278606876
2026-05-21 14:24:08.408453+02:00,25.806,207.181083,0.2624114427860711
2026-05-21 14:24:08.700243+02:00,25.807,207.472873,0.26341144278606876
2026-05-21 14:24:08.992718+02:00,25.804,207.765348,0.26041144278606865
2026-05-21 14:24:09.288493+02:00,25.804,208.061123,0.26041144278606865
2026-05-21 14:24:09.579606+02:00,25.804,208.352236,0.26041144278606865
2026-05-21 14:24:09.873318+02:00,25.801,208.645948,0.25741144278606853
2026-05-21 14:24:10.166179+02:00,25.802,208.938809,0.25841144278606976
2026-05-21 14:24:10.463190+02:00,25.803,209.23582,0.259411442786071
2026-05-21 14:24:10.756601+02:00,25.802,209.529231,0.25841144278606976
2026-05-21 14:24:11.049558+02:00,25.801,209.822188,0.25741144278606853
2026-05-21 14:24:11.344053+02:00,25.8,210.116683,0.25641144278607086
2026-05-21 14:24:11.643060+02:00,25.801,210.41569,0.25741144278606853
2026-05-21 14:24:11.942177+02:00,25.799,210.714807,0.25541144278606964
2026-05-21 14:24:12.234758+02:00,25.8,211.007388,0.25641144278607086
2026-05-21 14:24:12.538868+02:00,25.8,211.311498,0.25641144278607086
2026-05-21 14:24:12.837322+02:00,25.798,211.609952,0.2544114427860684
2026-05-21 14:24:13.135506+02:00,25.799,211.908136,0.25541144278606964
2026-05-21 14:24:13.427305+02:00,25.796,212.199935,0.25241144278606953
2026-05-21 14:24:13.716952+02:00,25.796,212.489582,0.25241144278606953
2026-05-21 14:24:14.014022+02:00,25.795,212.786652,0.25141144278607186
2026-05-21 14:24:14.303326+02:00,25.795,213.075956,0.25141144278607186
2026-05-21 14:24:14.592647+02:00,25.795,213.365277,0.25141144278607186
2026-05-21 14:24:14.885774+02:00,25.796,213.658404,0.25241144278606953
2026-05-21 14:24:15.179847+02:00,25.794,213.952477,0.25041144278607064
2026-05-21 14:24:15.473468+02:00,25.796,214.246098,0.25241144278606953
2026-05-21 14:24:15.762983+02:00,25.792,214.535613,0.24841144278607175
2026-05-21 14:24:16.053999+02:00,25.793,214.826629,0.24941144278606941
2026-05-21 14:24:16.350531+02:00,25.794,215.123161,0.25041144278607064
2026-05-21 14:24:16.648517+02:00,25.794,215.421147,0.25041144278607064
2026-05-21 14:24:16.945521+02:00,25.794,215.718151,0.25041144278607064
2026-05-21 14:24:17.235648+02:00,25.794,216.008278,0.25041144278607064
2026-05-21 14:24:17.532546+02:00,25.79,216.305176,0.2464114427860693
2026-05-21 14:24:17.831781+02:00,25.791,216.604411,0.24741144278607052
2026-05-21 14:24:18.121576+02:00,25.79,216.894206,0.2464114427860693
2026-05-21 14:24:18.413970+02:00,25.79,217.1866,0.2464114427860693
2026-05-21 14:24:18.706146+02:00,25.791,217.478776,0.24741144278607052
2026-05-21 14:24:19.002792+02:00,25.791,217.775422,0.24741144278607052
2026-05-21 14:24:19.294759+02:00,25.791,218.067389,0.24741144278607052
2026-05-21 14:24:19.587609+02:00,25.787,218.360239,0.2434114427860692
2026-05-21 14:24:19.883074+02:00,25.789,218.655704,0.24541144278607163
2026-05-21 14:24:20.176403+02:00,25.787,218.949033,0.2434114427860692
2026-05-21 14:24:20.471654+02:00,25.787,219.244284,0.2434114427860692
2026-05-21 14:24:20.771829+02:00,25.786,219.544459,0.24241144278607152
2026-05-21 14:24:21.072044+02:00,25.786,219.844674,0.24241144278607152
2026-05-21 14:24:21.372427+02:00,25.785,220.145057,0.2414114427860703
2026-05-21 14:24:21.672657+02:00,25.786,220.445287,0.24241144278607152
2026-05-21 14:24:21.961678+02:00,25.784,220.734308,0.24041144278606907
2026-05-21 14:24:22.253930+02:00,25.783,221.02656,0.2394114427860714
2026-05-21 14:24:22.551286+02:00,25.783,221.323916,0.2394114427860714
2026-05-21 14:24:22.841982+02:00,25.783,221.614612,0.2394114427860714
2026-05-21 14:24:23.141393+02:00,25.782,221.914023,0.23841144278607018
2026-05-21 14:24:23.433383+02:00,25.782,222.206013,0.23841144278607018
2026-05-21 14:24:23.724551+02:00,25.781,222.497181,0.23741144278606896
2026-05-21 14:24:24.014670+02:00,25.78,222.7873,0.2364114427860713
2026-05-21 14:24:24.308090+02:00,25.782,223.08072,0.23841144278607018
2026-05-21 14:24:24.606871+02:00,25.778,223.379501,0.23441144278606885
2026-05-21 14:24:24.900989+02:00,25.777,223.673619,0.23341144278607118
2026-05-21 14:24:25.192033+02:00,25.779,223.964663,0.23541144278607007
2026-05-21 14:24:25.488512+02:00,25.777,224.261142,0.23341144278607118
2026-05-21 14:24:25.785616+02:00,25.778,224.558246,0.23441144278606885
2026-05-21 14:24:26.076268+02:00,25.776,224.848898,0.23241144278606995
2026-05-21 14:24:26.368497+02:00,25.778,225.141127,0.23441144278606885
2026-05-21 14:24:26.665867+02:00,25.777,225.438497,0.23341144278607118
2026-05-21 14:24:26.963034+02:00,25.774,225.735664,0.23041144278607106
2026-05-21 14:24:27.251201+02:00,25.774,226.023831,0.23041144278607106
2026-05-21 14:24:27.548658+02:00,25.772,226.321288,0.22841144278606862
2026-05-21 14:24:27.841723+02:00,25.772,226.614353,0.22841144278606862
2026-05-21 14:24:28.134401+02:00,25.77,226.907031,0.22641144278606973
2026-05-21 14:24:28.432257+02:00,25.771,227.204887,0.22741144278607095
2026-05-21 14:24:28.721413+02:00,25.771,227.494043,0.22741144278607095
2026-05-21 14:24:29.012158+02:00,25.77,227.784788,0.22641144278606973
2026-05-21 14:24:29.307823+02:00,25.771,228.080453,0.22741144278607095
2026-05-21 14:24:29.603144+02:00,25.768,228.375774,0.22441144278607084
2026-05-21 14:24:29.896204+02:00,25.77,228.668834,0.22641144278606973
2026-05-21 14:24:30.187048+02:00,25.768,228.959678,0.22441144278607084
2026-05-21 14:24:30.475063+02:00,25.771,229.247693,0.22741144278607095
2026-05-21 14:24:30.780627+02:00,25.769,229.553257,0.2254114427860685
2026-05-21 14:24:31.071520+02:00,25.767,229.84415,0.22341144278606961
2026-05-21 14:24:31.361606+02:00,25.768,230.134236,0.22441144278607084
2026-05-21 14:24:31.662479+02:00,25.766,230.435109,0.2224114427860684
2026-05-21 14:24:31.952851+02:00,25.768,230.725481,0.22441144278607084
2026-05-21 14:24:32.243084+02:00,25.766,231.015714,0.2224114427860684
2026-05-21 14:24:32.540338+02:00,25.765,231.312968,0.22141144278607072
2026-05-21 14:24:32.838712+02:00,25.765,231.611342,0.22141144278607072
2026-05-21 14:24:33.130805+02:00,25.764,231.903435,0.2204114427860695
2026-05-21 14:24:33.419902+02:00,25.762,232.192532,0.2184114427860706
2026-05-21 14:24:33.712146+02:00,25.762,232.484776,0.2184114427860706
2026-05-21 14:24:34.006748+02:00,25.762,232.779378,0.2184114427860706
2026-05-21 14:24:34.299897+02:00,25.763,233.072527,0.21941144278607183
2026-05-21 14:24:34.600827+02:00,25.761,233.373457,0.2174114427860694
2026-05-21 14:24:34.891317+02:00,25.761,233.663947,0.2174114427860694
2026-05-21 14:24:35.181816+02:00,25.76,233.954446,0.21641144278607172
2026-05-21 14:24:35.473359+02:00,25.76,234.245989,0.21641144278607172
2026-05-21 14:24:35.763811+02:00,25.761,234.536441,0.2174114427860694
2026-05-21 14:24:36.055171+02:00,25.759,234.827801,0.2154114427860705
2026-05-21 14:24:36.345067+02:00,25.761,235.117697,0.2174114427860694
2026-05-21 14:24:36.645753+02:00,25.76,235.418383,0.21641144278607172
2026-05-21 14:24:36.937247+02:00,25.758,235.709877,0.21441144278606927
2026-05-21 14:24:37.244243+02:00,25.758,236.016873,0.21441144278606927
2026-05-21 14:24:37.533698+02:00,25.758,236.306328,0.21441144278606927
2026-05-21 14:24:37.824270+02:00,25.756,236.5969,0.21241144278607038
2026-05-21 14:24:38.119302+02:00,25.758,236.891932,0.21441144278606927
2026-05-21 14:24:38.410535+02:00,25.756,237.183165,0.21241144278607038
2026-05-21 14:24:38.711097+02:00,25.754,237.483727,0.2104114427860715
2026-05-21 14:24:39.006022+02:00,25.753,237.778652,0.20941144278607027
2026-05-21 14:24:39.297337+02:00,25.754,238.069967,0.2104114427860715
2026-05-21 14:24:39.595932+02:00,25.752,238.368562,0.20841144278606905
2026-05-21 14:24:39.885115+02:00,25.747,238.657745,0.20341144278607004
2026-05-21 14:24:40.176990+02:00,25.75,238.94962,0.20641144278607015
2026-05-21 14:24:40.476558+02:00,25.751,239.249188,0.20741144278607138
2026-05-21 14:24:40.766330+02:00,25.749,239.53896,0.20541144278606893
2026-05-21 14:24:41.056290+02:00,25.75,239.82892,0.20641144278607015
2026-05-21 14:24:41.354471+02:00,25.751,240.127101,0.20741144278607138
2026-05-21 14:24:41.645590+02:00,25.751,240.41822,0.20741144278607138
2026-05-21 14:24:41.943281+02:00,25.748,240.715911,0.20441144278607126
2026-05-21 14:24:42.233861+02:00,25.748,241.006491,0.20441144278607126
2026-05-21 14:24:42.533319+02:00,25.746,241.305949,0.20241144278606882
2026-05-21 14:24:42.827101+02:00,25.746,241.599731,0.20241144278606882
2026-05-21 14:24:43.116757+02:00,25.747,241.889387,0.20341144278607004
2026-05-21 14:24:43.411485+02:00,25.746,242.184115,0.20241144278606882
2026-05-21 14:24:43.705803+02:00,25.743,242.478433,0.1994114427860687
2026-05-21 14:24:44.006140+02:00,25.742,242.77877,0.19841144278607104
2026-05-21 14:24:44.296248+02:00,25.74,243.068878,0.1964114427860686
2026-05-21 14:24:44.587739+02:00,25.744,243.360369,0.20041144278606993
2026-05-21 14:24:44.878755+02:00,25.744,243.651385,0.20041144278606993
2026-05-21 14:24:45.173310+02:00,25.741,243.94594,0.1974114427860698
2026-05-21 14:24:45.461687+02:00,25.739,244.234317,0.19541144278607092
2026-05-21 14:24:45.757617+02:00,25.739,244.530247,0.19541144278607092
2026-05-21 14:24:46.050438+02:00,25.738,244.823068,0.1944114427860697
2026-05-21 14:24:46.340771+02:00,25.738,245.113401,0.1944114427860697
2026-05-21 14:24:46.641877+02:00,25.736,245.414507,0.1924114427860708
2026-05-21 14:24:46.937196+02:00,25.735,245.709826,0.19141144278606959
2026-05-21 14:24:47.227671+02:00,25.736,246.000301,0.1924114427860708
2026-05-21 14:24:47.525299+02:00,25.733,246.297929,0.1894114427860707
2026-05-21 14:24:47.820186+02:00,25.731,246.592816,0.1874114427860718
2026-05-21 14:24:48.112194+02:00,25.73,246.884824,0.18641144278607058
2026-05-21 14:24:48.403475+02:00,25.733,247.176105,0.1894114427860707
2026-05-21 14:24:48.700998+02:00,25.731,247.473628,0.1874114427860718
2026-05-21 14:24:48.992213+02:00,25.731,247.764843,0.1874114427860718
2026-05-21 14:24:49.282805+02:00,25.729,248.055435,0.18541144278606936
2026-05-21 14:24:49.573981+02:00,25.729,248.346611,0.18541144278606936
2026-05-21 14:24:49.866250+02:00,25.73,248.63888,0.18641144278607058
2026-05-21 14:24:50.158551+02:00,25.727,248.931181,0.18341144278607047
2026-05-21 14:24:50.449326+02:00,25.726,249.221956,0.18241144278606924
2026-05-21 14:24:50.748325+02:00,25.727,249.520955,0.18341144278607047
2026-05-21 14:24:51.041309+02:00,25.725,249.813939,0.18141144278607158
2026-05-21 14:24:51.331187+02:00,25.726,250.103817,0.18241144278606924
2026-05-21 14:24:51.624640+02:00,25.726,250.39727,0.18241144278606924
2026-05-21 14:24:51.925174+02:00,25.725,250.697804,0.18141144278607158
2026-05-21 14:24:52.217702+02:00,25.724,250.990332,0.18041144278607035
2026-05-21 14:24:52.508289+02:00,25.723,251.280919,0.17941144278606913
2026-05-21 14:24:52.800747+02:00,25.723,251.573377,0.17941144278606913
2026-05-21 14:24:53.091830+02:00,25.721,251.86446,0.17741144278607024
2026-05-21 14:24:53.382156+02:00,25.721,252.154786,0.17741144278607024
2026-05-21 14:24:53.685224+02:00,25.72,252.457854,0.17641144278606902
2026-05-21 14:24:53.983022+02:00,25.721,252.755652,0.17741144278607024
2026-05-21 14:24:54.275363+02:00,25.72,253.047993,0.17641144278606902
2026-05-21 14:24:54.573132+02:00,25.721,253.345762,0.17741144278607024
2026-05-21 14:24:54.864420+02:00,25.72,253.63705,0.17641144278606902
2026-05-21 14:24:55.159229+02:00,25.72,253.931859,0.17641144278606902
2026-05-21 14:24:55.451746+02:00,25.719,254.224376,0.17541144278607135
2026-05-21 14:24:55.749846+02:00,25.716,254.522476,0.17241144278607123
2026-05-21 14:24:56.047834+02:00,25.718,254.820464,0.17441144278607013
2026-05-21 14:24:56.337931+02:00,25.716,255.110561,0.17241144278607123
2026-05-21 14:24:56.629627+02:00,25.716,255.402257,0.17241144278607123
2026-05-21 14:24:56.929883+02:00,25.717,255.702513,0.1734114427860689
2026-05-21 14:24:57.222900+02:00,25.715,255.99553,0.17141144278607
2026-05-21 14:24:57.515307+02:00,25.716,256.287937,0.17241144278607123
2026-05-21 14:24:57.803362+02:00,25.713,256.575992,0.16941144278607112
2026-05-21 14:24:58.095233+02:00,25.713,256.867863,0.16941144278607112
2026-05-21 14:24:58.386386+02:00,25.711,257.159016,0.16741144278606868
2026-05-21 14:24:58.678179+02:00,25.711,257.450809,0.16741144278606868
2026-05-21 14:24:58.967912+02:00,25.709,257.740542,0.16541144278606978
2026-05-21 14:24:59.257364+02:00,25.711,258.029994,0.16741144278606868
2026-05-21 14:24:59.549466+02:00,25.707,258.322096,0.1634114427860709
2026-05-21 14:24:59.842138+02:00,25.709,258.614768,0.16541144278606978
2026-05-21 14:25:00.132260+02:00,25.707,258.90489,0.1634114427860709
2026-05-21 14:25:00.432700+02:00,25.706,259.20533,0.16241144278606967
2026-05-21 14:25:00.728204+02:00,25.706,259.500834,0.16241144278606967
2026-05-21 14:25:01.022481+02:00,25.706,259.795111,0.16241144278606967
2026-05-21 14:25:01.310237+02:00,25.704,260.082867,0.16041144278607078
2026-05-21 14:25:01.610042+02:00,25.705,260.382672,0.16141144278606845
2026-05-21 14:25:01.900574+02:00,25.706,260.673204,0.16241144278606967
2026-05-21 14:25:02.199602+02:00,25.704,260.972232,0.16041144278607078
2026-05-21 14:25:02.488640+02:00,25.701,261.26127,0.15741144278607067
2026-05-21 14:25:02.786169+02:00,25.703,261.558799,0.15941144278606956
2026-05-21 14:25:03.078182+02:00,25.699,261.850812,0.15541144278607177
2026-05-21 14:25:03.377089+02:00,25.698,262.149719,0.15441144278607055
2026-05-21 14:25:03.674979+02:00,25.697,262.447609,0.15341144278606933
2026-05-21 14:25:03.964661+02:00,25.695,262.737291,0.15141144278607044
2026-05-21 14:25:04.255571+02:00,25.695,263.028201,0.15141144278607044
2026-05-21 14:25:04.548719+02:00,25.693,263.321349,0.14941144278607155
2026-05-21 14:25:04.847838+02:00,25.695,263.620468,0.15141144278607044
2026-05-21 14:25:05.144585+02:00,25.694,263.917215,0.15041144278606922
2026-05-21 14:25:05.435947+02:00,25.696,264.208577,0.15241144278607166
2026-05-21 14:25:05.729753+02:00,25.696,264.502383,0.15241144278607166
2026-05-21 14:25:06.020869+02:00,25.694,264.793499,0.15041144278606922
2026-05-21 14:25:06.316187+02:00,25.69,265.088817,0.14641144278607143
2026-05-21 14:25:06.617131+02:00,25.69,265.389761,0.14641144278607143
2026-05-21 14:25:06.908275+02:00,25.689,265.680905,0.1454114427860702
2026-05-21 14:25:07.198577+02:00,25.689,265.971207,0.1454114427860702
2026-05-21 14:25:07.493477+02:00,25.691,266.266107,0.1474114427860691
2026-05-21 14:25:07.789089+02:00,25.688,266.561719,0.144411442786069
2026-05-21 14:25:08.087899+02:00,25.687,266.860529,0.14341144278607132
2026-05-21 14:25:08.385570+02:00,25.686,267.1582,0.1424114427860701
2026-05-21 14:25:08.677029+02:00,25.685,267.449659,0.14141144278606887
2026-05-21 14:25:08.969744+02:00,25.683,267.742374,0.13941144278606998
2026-05-21 14:25:09.267366+02:00,25.68,268.039996,0.13641144278606987
2026-05-21 14:25:09.560335+02:00,25.681,268.332965,0.1374114427860711
2026-05-21 14:25:09.855776+02:00,25.68,268.628406,0.13641144278606987
2026-05-21 14:25:10.147844+02:00,25.684,268.920474,0.1404114427860712
2026-05-21 14:25:10.436168+02:00,25.682,269.208798,0.13841144278606876
2026-05-21 14:25:10.728422+02:00,25.684,269.501052,0.1404114427860712
2026-05-21 14:25:11.026011+02:00,25.681,269.798641,0.1374114427860711
2026-05-21 14:25:11.319650+02:00,25.681,270.09228,0.1374114427860711
2026-05-21 14:25:11.609520+02:00,25.681,270.38215,0.1374114427860711
2026-05-21 14:25:11.900652+02:00,25.678,270.673282,0.13441144278607098
2026-05-21 14:25:12.198490+02:00,25.682,270.97112,0.13841144278606876
2026-05-21 14:25:12.488824+02:00,25.68,271.261454,0.13641144278606987
2026-05-21 14:25:12.778286+02:00,25.682,271.550916,0.13841144278606876
2026-05-21 14:25:13.074630+02:00,25.681,271.84726,0.1374114427860711
2026-05-21 14:25:13.368188+02:00,25.679,272.140818,0.13541144278606865
2026-05-21 14:25:13.657373+02:00,25.678,272.430003,0.13441144278607098
2026-05-21 14:25:13.949432+02:00,25.678,272.722062,0.13441144278607098
2026-05-21 14:25:14.238046+02:00,25.678,273.010676,0.13441144278607098
2026-05-21 14:25:14.532928+02:00,25.677,273.305558,0.13341144278606976
2026-05-21 14:25:14.825625+02:00,25.678,273.598255,0.13441144278607098
2026-05-21 14:25:15.119478+02:00,25.678,273.892108,0.13441144278607098
2026-05-21 14:25:15.408469+02:00,25.677,274.181099,0.13341144278606976
2026-05-21 14:25:15.704057+02:00,25.676,274.476687,0.13241144278606853
2026-05-21 14:25:16.001408+02:00,25.673,274.774038,0.12941144278606842
2026-05-21 14:25:16.291599+02:00,25.674,275.064229,0.13041144278606964
2026-05-21 14:25:16.584002+02:00,25.673,275.356632,0.12941144278606842
2026-05-21 14:25:16.875539+02:00,25.672,275.648169,0.12841144278607075
2026-05-21 14:25:17.168688+02:00,25.671,275.941318,0.12741144278606953
2026-05-21 14:25:17.462487+02:00,25.671,276.235117,0.12741144278606953
2026-05-21 14:25:17.760948+02:00,25.669,276.533578,0.12541144278607064
2026-05-21 14:25:18.050694+02:00,25.669,276.823324,0.12541144278607064
2026-05-21 14:25:18.341816+02:00,25.669,277.114446,0.12541144278607064
2026-05-21 14:25:18.641723+02:00,25.668,277.414353,0.12441144278606941
2026-05-21 14:25:18.944193+02:00,25.668,277.716823,0.12441144278606941
2026-05-21 14:25:19.232121+02:00,25.668,278.004751,0.12441144278606941
2026-05-21 14:25:19.534553+02:00,25.668,278.307183,0.12441144278606941
2026-05-21 14:25:19.839625+02:00,25.666,278.612255,0.12241144278607052
2026-05-21 14:25:20.132361+02:00,25.664,278.904991,0.12041144278607163
2026-05-21 14:25:20.424726+02:00,25.665,279.197356,0.1214114427860693
2026-05-21 14:25:20.716935+02:00,25.662,279.489565,0.11841144278606919
2026-05-21 14:25:21.014386+02:00,25.664,279.787016,0.12041144278607163
2026-05-21 14:25:21.304921+02:00,25.659,280.077551,0.11541144278606907
2026-05-21 14:25:21.597056+02:00,25.66,280.369686,0.1164114427860703
2026-05-21 14:25:21.894492+02:00,25.66,280.667122,0.1164114427860703
2026-05-21 14:25:22.188534+02:00,25.658,280.961164,0.1144114427860714
2026-05-21 14:25:22.476866+02:00,25.655,281.249496,0.11141144278607129
2026-05-21 14:25:22.773389+02:00,25.658,281.546019,0.1144114427860714
2026-05-21 14:25:23.064546+02:00,25.656,281.837176,0.11241144278606896
2026-05-21 14:25:23.354727+02:00,25.653,282.127357,0.10941144278606885
2026-05-21 14:25:23.654147+02:00,25.655,282.426777,0.11141144278607129
2026-05-21 14:25:23.952200+02:00,25.657,282.72483,0.11341144278607018
2026-05-21 14:25:24.245115+02:00,25.655,283.017745,0.11141144278607129
2026-05-21 14:25:24.542085+02:00,25.65,283.314715,0.10641144278606873
2026-05-21 14:25:24.831083+02:00,25.652,283.603713,0.10841144278607118
2026-05-21 14:25:25.124184+02:00,25.65,283.896814,0.10641144278606873
2026-05-21 14:25:25.415796+02:00,25.65,284.188426,0.10641144278606873
2026-05-21 14:25:25.711359+02:00,25.65,284.483989,0.10641144278606873
2026-05-21 14:25:26.005837+02:00,25.648,284.778467,0.10441144278606984
2026-05-21 14:25:26.297862+02:00,25.649,285.070492,0.10541144278607106
2026-05-21 14:25:26.587440+02:00,25.648,285.36007,0.10441144278606984
2026-05-21 14:25:26.881878+02:00,25.649,285.654508,0.10541144278607106
2026-05-21 14:25:27.186597+02:00,25.647,285.959227,0.10341144278606862
2026-05-21 14:25:27.476315+02:00,25.645,286.248945,0.10141144278606973
2026-05-21 14:25:27.766126+02:00,25.645,286.538756,0.10141144278606973
2026-05-21 14:25:28.058379+02:00,25.644,286.831009,0.1004114427860685
2026-05-21 14:25:28.350517+02:00,25.641,287.123147,0.09741144278606839
2026-05-21 14:25:28.644413+02:00,25.641,287.417043,0.09741144278606839
2026-05-21 14:25:28.942393+02:00,25.641,287.715023,0.09741144278606839
2026-05-21 14:25:29.245068+02:00,25.641,288.017698,0.09741144278606839
2026-05-21 14:25:29.534195+02:00,25.641,288.306825,0.09741144278606839
2026-05-21 14:25:29.834891+02:00,25.639,288.607521,0.0954114427860695
2026-05-21 14:25:30.127042+02:00,25.639,288.899672,0.0954114427860695
2026-05-21 14:25:30.424239+02:00,25.636,289.196869,0.09241144278606939
2026-05-21 14:25:30.716105+02:00,25.637,289.488735,0.09341144278607061
2026-05-21 14:25:31.007047+02:00,25.634,289.779677,0.0904114427860705
2026-05-21 14:25:31.297758+02:00,25.637,290.070388,0.09341144278607061
2026-05-21 14:25:31.600514+02:00,25.639,290.373144,0.0954114427860695
2026-05-21 14:25:31.897351+02:00,25.635,290.669981,0.09141144278607172
2026-05-21 14:25:32.187619+02:00,25.634,290.960249,0.0904114427860705
2026-05-21 14:25:32.478554+02:00,25.635,291.251184,0.09141144278607172
2026-05-21 14:25:32.776678+02:00,25.636,291.549308,0.09241144278606939
2026-05-21 14:25:33.068217+02:00,25.635,291.840847,0.09141144278607172
2026-05-21 14:25:33.356699+02:00,25.632,292.129329,0.0884114427860716
2026-05-21 14:25:33.649804+02:00,25.633,292.422434,0.08941144278606927
2026-05-21 14:25:33.941609+02:00,25.633,292.714239,0.08941144278606927
2026-05-21 14:25:34.232855+02:00,25.632,293.005485,0.0884114427860716
2026-05-21 14:25:34.525278+02:00,25.633,293.297908,0.08941144278606927
2026-05-21 14:25:34.820996+02:00,25.63,293.593626,0.08641144278606916
2026-05-21 14:25:35.112724+02:00,25.63,293.885354,0.08641144278606916
2026-05-21 14:25:35.405293+02:00,25.629,294.177923,0.08541144278607149
2026-05-21 14:25:35.701986+02:00,25.629,294.474616,0.08541144278607149
2026-05-21 14:25:36.003292+02:00,25.63,294.775922,0.08641144278606916
2026-05-21 14:25:36.295716+02:00,25.629,295.068346,0.08541144278607149
2026-05-21 14:25:36.587200+02:00,25.628,295.35983,0.08441144278607027
2026-05-21 14:25:36.875657+02:00,25.626,295.648287,0.08241144278607138
2026-05-21 14:25:37.174325+02:00,25.627,295.946955,0.08341144278606905
2026-05-21 14:25:37.474370+02:00,25.626,296.247,0.08241144278607138
2026-05-21 14:25:37.768482+02:00,25.623,296.541112,0.07941144278607126
2026-05-21 14:25:38.058069+02:00,25.623,296.830699,0.07941144278607126
2026-05-21 14:25:38.348152+02:00,25.622,297.120782,0.07841144278607004
2026-05-21 14:25:38.646536+02:00,25.62,297.419166,0.07641144278607115
2026-05-21 14:25:38.947723+02:00,25.621,297.720353,0.07741144278606882
2026-05-21 14:25:39.238310+02:00,25.619,298.01094,0.07541144278606993
2026-05-21 14:25:39.529004+02:00,25.618,298.301634,0.0744114427860687
2026-05-21 14:25:39.818947+02:00,25.621,298.591577,0.07741144278606882
2026-05-21 14:25:40.108148+02:00,25.618,298.880778,0.0744114427860687
2026-05-21 14:25:40.400890+02:00,25.616,299.17352,0.07241144278606981
2026-05-21 14:25:40.702841+02:00,25.614,299.475471,0.07041144278607092
2026-05-21 14:25:40.995543+02:00,25.614,299.768173,0.07041144278607092
2026-05-21 14:25:41.286416+02:00,25.615,300.059046,0.07141144278606859
2026-05-21 14:25:41.583581+02:00,25.613,300.356211,0.0694114427860697
2026-05-21 14:25:41.874453+02:00,25.613,300.647083,0.0694114427860697
2026-05-21 14:25:42.164767+02:00,25.614,300.937397,0.07041144278607092
2026-05-21 14:25:42.463813+02:00,25.61,301.236443,0.06641144278606959
2026-05-21 14:25:42.756860+02:00,25.611,301.52949,0.06741144278607081
2026-05-21 14:25:43.050223+02:00,25.611,301.822853,0.06741144278607081
2026-05-21 14:25:43.343228+02:00,25.61,302.115858,0.06641144278606959
2026-05-21 14:25:43.638470+02:00,25.611,302.4111,0.06741144278607081
2026-05-21 14:25:43.929033+02:00,25.609,302.701663,0.06541144278607192
2026-05-21 14:25:44.218381+02:00,25.608,302.991011,0.0644114427860707
2026-05-21 14:25:44.509554+02:00,25.608,303.282184,0.0644114427860707
2026-05-21 14:25:44.799229+02:00,25.609,303.571859,0.06541144278607192
2026-05-21 14:25:45.092264+02:00,25.608,303.864894,0.0644114427860707
2026-05-21 14:25:45.381427+02:00,25.607,304.154057,0.06341144278606947
2026-05-21 14:25:45.674130+02:00,25.607,304.44676,0.06341144278606947
2026-05-21 14:25:45.963662+02:00,25.604,304.736292,0.06041144278606936
2026-05-21 14:25:46.259554+02:00,25.605,305.032184,0.06141144278607058
2026-05-21 14:25:46.556222+02:00,25.6,305.328852,0.056411442786071575
2026-05-21 14:25:46.848732+02:00,25.603,305.621362,0.05941144278607169
2026-05-21 14:25:47.142757+02:00,25.602,305.915387,0.05841144278607047
2026-05-21 14:25:47.434971+02:00,25.602,306.207601,0.05841144278607047
2026-05-21 14:25:47.727648+02:00,25.6,306.500278,0.056411442786071575
2026-05-21 14:25:48.019104+02:00,25.6,306.791734,0.056411442786071575
2026-05-21 14:25:48.308429+02:00,25.599,307.081059,0.05541144278607035
2026-05-21 14:25:48.605867+02:00,25.598,307.378497,0.05441144278606913
2026-05-21 14:25:48.896822+02:00,25.598,307.669452,0.05441144278606913
2026-05-21 14:25:49.189300+02:00,25.598,307.96193,0.05441144278606913
2026-05-21 14:25:49.478258+02:00,25.597,308.250888,0.05341144278607146
2026-05-21 14:25:49.775611+02:00,25.598,308.548241,0.05441144278606913
2026-05-21 14:25:50.067609+02:00,25.599,308.840239,0.05541144278607035
2026-05-21 14:25:50.362073+02:00,25.596,309.134703,0.05241144278607024
2026-05-21 14:25:50.654107+02:00,25.596,309.426737,0.05241144278607024
2026-05-21 14:25:50.946485+02:00,25.595,309.719115,0.05141144278606902
2026-05-21 14:25:51.236582+02:00,25.593,310.009212,0.049411442786070126
2026-05-21 14:25:51.527556+02:00,25.594,310.300186,0.05041144278607135
2026-05-21 14:25:51.824957+02:00,25.594,310.597587,0.05041144278607135
2026-05-21 14:25:52.121464+02:00,25.593,310.894094,0.049411442786070126
2026-05-21 14:25:52.418073+02:00,25.59,311.190703,0.04641144278607001
2026-05-21 14:25:52.711520+02:00,25.59,311.48415,0.04641144278607001
2026-05-21 14:25:53.002522+02:00,25.59,311.775152,0.04641144278607001
2026-05-21 14:25:53.298440+02:00,25.59,312.07107,0.04641144278607001
2026-05-21 14:25:53.591069+02:00,25.59,312.363699,0.04641144278607001
2026-05-21 14:25:53.882326+02:00,25.589,312.654956,0.04541144278606879
2026-05-21 14:25:54.171783+02:00,25.588,312.944413,0.04441144278607112
2026-05-21 14:25:54.463719+02:00,25.587,313.236349,0.0434114427860699
2026-05-21 14:25:54.766133+02:00,25.59,313.538763,0.04641144278607001
2026-05-21 14:25:55.055836+02:00,25.588,313.828466,0.04441144278607112
2026-05-21 14:25:55.347994+02:00,25.587,314.120624,0.0434114427860699
2026-05-21 14:25:55.643292+02:00,25.588,314.415922,0.04441144278607112
2026-05-21 14:25:55.940342+02:00,25.585,314.712972,0.04141144278607101
2026-05-21 14:25:56.239697+02:00,25.582,315.012327,0.03841144278607089
2026-05-21 14:25:56.530361+02:00,25.582,315.302991,0.03841144278607089
2026-05-21 14:25:56.825086+02:00,25.582,315.597716,0.03841144278607089
2026-05-21 14:25:57.127820+02:00,25.582,315.90045,0.03841144278607089
2026-05-21 14:25:57.420575+02:00,25.584,316.193205,0.040411442786069784
2026-05-21 14:25:57.715393+02:00,25.581,316.488023,0.03741144278606967
2026-05-21 14:25:58.007206+02:00,25.582,316.779836,0.03841144278607089
2026-05-21 14:25:58.297378+02:00,25.576,317.070008,0.032411442786070666
2026-05-21 14:25:58.596454+02:00,25.578,317.369084,0.03441144278606956
2026-05-21 14:25:58.896561+02:00,25.577,317.669191,0.03341144278607189
2026-05-21 14:25:59.186757+02:00,25.576,317.959387,0.032411442786070666
2026-05-21 14:25:59.478517+02:00,25.575,318.251147,0.03141144278606944
2026-05-21 14:25:59.776308+02:00,25.575,318.548938,0.03141144278606944
2026-05-21 14:26:00.071568+02:00,25.572,318.844198,0.02841144278606933
2026-05-21 14:26:00.366288+02:00,25.572,319.138918,0.02841144278606933
2026-05-21 14:26:00.656545+02:00,25.572,319.429175,0.02841144278606933
2026-05-21 14:26:00.949555+02:00,25.57,319.722185,0.026411442786070438
2026-05-21 14:26:01.243893+02:00,25.569,320.016523,0.025411442786069216
2026-05-21 14:26:01.544200+02:00,25.568,320.31683,0.024411442786071547
2026-05-21 14:26:01.835598+02:00,25.568,320.608228,0.024411442786071547
2026-05-21 14:26:02.125964+02:00,25.568,320.898594,0.024411442786071547
2026-05-21 14:26:02.418251+02:00,25.565,321.190881,0.021411442786071433
2026-05-21 14:26:02.707613+02:00,25.566,321.480243,0.022411442786069102
2026-05-21 14:26:02.998045+02:00,25.564,321.770675,0.02041144278607021
2026-05-21 14:26:03.290215+02:00,25.563,322.062845,0.01941144278606899
2026-05-21 14:26:03.581479+02:00,25.564,322.354109,0.02041144278607021
2026-05-21 14:26:03.873068+02:00,25.563,322.645698,0.01941144278606899
2026-05-21 14:26:04.170987+02:00,25.564,322.943617,0.02041144278607021
2026-05-21 14:26:04.459866+02:00,25.562,323.232496,0.01841144278607132
2026-05-21 14:26:04.750682+02:00,25.562,323.523312,0.01841144278607132
2026-05-21 14:26:05.040578+02:00,25.559,323.813208,0.015411442786071206
2026-05-21 14:26:05.333020+02:00,25.557,324.10565,0.013411442786068761
2026-05-21 14:26:05.623559+02:00,25.558,324.396189,0.014411442786069983
2026-05-21 14:26:05.918688+02:00,25.558,324.691318,0.014411442786069983
2026-05-21 14:26:06.211216+02:00,25.557,324.983846,0.013411442786068761
2026-05-21 14:26:06.503955+02:00,25.558,325.276585,0.014411442786069983
2026-05-21 14:26:06.795567+02:00,25.558,325.568197,0.014411442786069983
2026-05-21 14:26:07.085602+02:00,25.557,325.858232,0.013411442786068761
2026-05-21 14:26:07.384524+02:00,25.555,326.157154,0.01141144278606987
2026-05-21 14:26:07.680025+02:00,25.556,326.452655,0.012411442786071092
2026-05-21 14:26:07.968911+02:00,25.553,326.741541,0.009411442786070978
2026-05-21 14:26:08.260948+02:00,25.548,327.033578,0.00441144278606842
2026-05-21 14:26:08.561116+02:00,25.55,327.333746,0.0064114427860708645
2026-05-21 14:26:08.860575+02:00,25.549,327.633205,0.005411442786069642
2026-05-21 14:26:09.155906+02:00,25.547,327.928536,0.003411442786070751
2026-05-21 14:26:09.453089+02:00,25.548,328.225719,0.00441144278606842
2026-05-21 14:26:09.746135+02:00,25.546,328.518765,0.0024114427860695287
2026-05-21 14:26:10.037929+02:00,25.548,328.810559,0.00441144278606842
2026-05-21 14:26:10.329592+02:00,25.547,329.102222,0.003411442786070751
2026-05-21 14:26:10.629157+02:00,25.544,329.401787,0.0004114427860706371
2026-05-21 14:26:10.919525+02:00,25.547,329.692155,0.003411442786070751
2026-05-21 14:26:11.212065+02:00,25.543,329.984695,-0.000588557213930585
2026-05-21 14:26:11.512989+02:00,25.543,330.285619,-0.000588557213930585
2026-05-21 14:26:11.806988+02:00,25.544,330.579618,0.0004114427860706371
2026-05-21 14:26:12.106714+02:00,25.542,330.879344,-0.0015885572139282544
2026-05-21 14:26:12.395309+02:00,25.545,331.167939,0.0014114427860718592
2026-05-21 14:26:12.686284+02:00,25.543,331.458914,-0.000588557213930585
2026-05-21 14:26:12.978321+02:00,25.541,331.750951,-0.0025885572139294766
2026-05-21 14:26:13.268248+02:00,25.541,332.040878,-0.0025885572139294766
2026-05-21 14:26:13.558743+02:00,25.538,332.331373,-0.00558855721392959
2026-05-21 14:26:13.856334+02:00,25.538,332.628964,-0.00558855721392959
2026-05-21 14:26:14.152842+02:00,25.537,332.925472,-0.006588557213930812
2026-05-21 14:26:14.446256+02:00,25.538,333.218886,-0.00558855721392959
2026-05-21 14:26:14.739627+02:00,25.536,333.512257,-0.007588557213928482
2026-05-21 14:26:15.031501+02:00,25.534,333.804131,-0.009588557213930926
2026-05-21 14:26:15.321250+02:00,25.534,334.09388,-0.009588557213930926
2026-05-21 14:26:15.617910+02:00,25.533,334.39054,-0.010588557213928596
2026-05-21 14:26:15.916012+02:00,25.531,334.688642,-0.01258855721393104
2026-05-21 14:26:16.214116+02:00,25.53,334.986746,-0.01358855721392871
2026-05-21 14:26:16.519979+02:00,25.533,335.292609,-0.010588557213928596
2026-05-21 14:26:16.819008+02:00,25.528,335.591638,-0.015588557213931153
2026-05-21 14:26:17.116997+02:00,25.528,335.889627,-0.015588557213931153
2026-05-21 14:26:17.405343+02:00,25.53,336.177973,-0.01358855721392871
2026-05-21 14:26:17.696968+02:00,25.528,336.469598,-0.015588557213931153
2026-05-21 14:26:17.988422+02:00,25.528,336.761052,-0.015588557213931153
2026-05-21 14:26:18.280068+02:00,25.525,337.052698,-0.018588557213931267
2026-05-21 14:26:18.569136+02:00,25.524,337.341766,-0.019588557213928937
2026-05-21 14:26:18.861784+02:00,25.524,337.634414,-0.019588557213928937
2026-05-21 14:26:19.152761+02:00,25.522,337.925391,-0.02158855721393138
2026-05-21 14:26:19.452115+02:00,25.52,338.224745,-0.023588557213930272
2026-05-21 14:26:19.749961+02:00,25.52,338.522591,-0.023588557213930272
2026-05-21 14:26:20.042406+02:00,25.52,338.815036,-0.023588557213930272
2026-05-21 14:26:20.332915+02:00,25.52,339.105545,-0.023588557213930272
2026-05-21 14:26:20.626544+02:00,25.518,339.399174,-0.025588557213929164
2026-05-21 14:26:20.918703+02:00,25.52,339.691333,-0.023588557213930272
2026-05-21 14:26:21.210615+02:00,25.518,339.983245,-0.025588557213929164
2026-05-21 14:26:21.516356+02:00,25.514,340.288986,-0.0295885572139305
2026-05-21 14:26:21.816189+02:00,25.515,340.588819,-0.028588557213929278
2026-05-21 14:26:22.116898+02:00,25.513,340.889528,-0.03058855721392817
2026-05-21 14:26:22.415776+02:00,25.515,341.188406,-0.028588557213929278
2026-05-21 14:26:22.708389+02:00,25.512,341.481019,-0.03158855721392939
2026-05-21 14:26:23.009172+02:00,25.513,341.781802,-0.03058855721392817
2026-05-21 14:26:23.301169+02:00,25.513,342.073799,-0.03058855721392817
2026-05-21 14:26:23.593453+02:00,25.513,342.366083,-0.03058855721392817
2026-05-21 14:26:23.886732+02:00,25.512,342.659362,-0.03158855721392939
2026-05-21 14:26:24.175771+02:00,25.511,342.948401,-0.03258855721393061
2026-05-21 14:26:24.466809+02:00,25.511,343.239439,-0.03258855721393061
2026-05-21 14:26:24.763852+02:00,25.511,343.536482,-0.03258855721393061
2026-05-21 14:26:25.060944+02:00,25.507,343.833574,-0.0365885572139284
2026-05-21 14:26:25.352099+02:00,25.509,344.124729,-0.034588557213929505
2026-05-21 14:26:25.644338+02:00,25.506,344.416968,-0.03758855721392962
2026-05-21 14:26:25.933863+02:00,25.508,344.706493,-0.03558855721393073
2026-05-21 14:26:26.233624+02:00,25.507,345.006254,-0.0365885572139284
2026-05-21 14:26:26.523229+02:00,25.506,345.295859,-0.03758855721392962
2026-05-21 14:26:26.822415+02:00,25.505,345.595045,-0.03858855721393084
2026-05-21 14:26:27.112339+02:00,25.506,345.884969,-0.03758855721392962
2026-05-21 14:26:27.407913+02:00,25.506,346.180543,-0.03758855721392962
2026-05-21 14:26:27.709296+02:00,25.505,346.481926,-0.03858855721393084
2026-05-21 14:26:28.009087+02:00,25.504,346.781717,-0.03958855721392851
2026-05-21 14:26:28.300448+02:00,25.501,347.073078,-0.042588557213928624
2026-05-21 14:26:28.590133+02:00,25.501,347.362763,-0.042588557213928624
2026-05-21 14:26:28.884450+02:00,25.499,347.65708,-0.04458855721393107
2026-05-21 14:26:29.182532+02:00,25.497,347.955162,-0.04658855721392996
2026-05-21 14:26:29.478120+02:00,25.499,348.25075,-0.04458855721393107
2026-05-21 14:26:29.768505+02:00,25.498,348.541135,-0.04558855721392874
2026-05-21 14:26:30.059121+02:00,25.497,348.831751,-0.04658855721392996
2026-05-21 14:26:30.358021+02:00,25.498,349.130651,-0.04558855721392874
2026-05-21 14:26:30.651467+02:00,25.498,349.424097,-0.04558855721392874
2026-05-21 14:26:30.940491+02:00,25.496,349.713121,-0.04758855721393118
2026-05-21 14:26:31.234068+02:00,25.496,350.006698,-0.04758855721393118
2026-05-21 14:26:31.531722+02:00,25.494,350.304352,-0.04958855721393007
2026-05-21 14:26:31.823053+02:00,25.492,350.595683,-0.051588557213928965
2026-05-21 14:26:32.113725+02:00,25.49,350.886355,-0.05358855721393141
2026-05-21 14:26:32.404306+02:00,25.493,351.176936,-0.050588557213931296
2026-05-21 14:26:32.701550+02:00,25.489,351.47418,-0.05458855721392908
2026-05-21 14:26:33.001400+02:00,25.488,351.77403,-0.0555885572139303
2026-05-21 14:26:33.294571+02:00,25.489,352.067201,-0.05458855721392908
2026-05-21 14:26:33.587257+02:00,25.488,352.359887,-0.0555885572139303
2026-05-21 14:26:33.882960+02:00,25.49,352.65559,-0.05358855721393141
2026-05-21 14:26:34.180896+02:00,25.488,352.953526,-0.0555885572139303
2026-05-21 14:26:34.476166+02:00,25.483,353.248796,-0.060588557213929306
2026-05-21 14:26:34.766647+02:00,25.483,353.539277,-0.060588557213929306
2026-05-21 14:26:35.060230+02:00,25.484,353.83286,-0.059588557213928084
2026-05-21 14:26:35.352164+02:00,25.486,354.124794,-0.05758855721392919
2026-05-21 14:26:35.648888+02:00,25.482,354.421518,-0.06158855721393053
2026-05-21 14:26:35.952880+02:00,25.482,354.72551,-0.06158855721393053
2026-05-21 14:26:36.247219+02:00,25.481,355.019849,-0.0625885572139282
2026-05-21 14:26:36.537529+02:00,25.48,355.310159,-0.06358855721392942
2026-05-21 14:26:36.833822+02:00,25.479,355.606452,-0.06458855721393064
2026-05-21 14:26:37.124809+02:00,25.477,355.897439,-0.06658855721392953
2026-05-21 14:26:37.415802+02:00,25.476,356.188432,-0.06758855721393076
2026-05-21 14:26:37.725785+02:00,25.477,356.498415,-0.06658855721392953
2026-05-21 14:26:38.019951+02:00,25.476,356.792581,-0.06758855721393076
2026-05-21 14:26:38.318459+02:00,25.478,357.091089,-0.06558855721392831
2026-05-21 14:26:38.612546+02:00,25.475,357.385176,-0.06858855721392842
2026-05-21 14:26:38.911026+02:00,25.475,357.683656,-0.06858855721392842
2026-05-21 14:26:39.208187+02:00,25.472,357.980817,-0.07158855721392854
2026-05-21 14:26:39.507816+02:00,25.472,358.280446,-0.07158855721392854
2026-05-21 14:26:39.798575+02:00,25.473,358.571205,-0.07058855721393087
2026-05-21 14:26:40.090138+02:00,25.471,358.862768,-0.07258855721392976
2026-05-21 14:26:40.383911+02:00,25.469,359.156541,-0.07458855721392865
2026-05-21 14:26:40.681702+02:00,25.468,359.454332,-0.07558855721392987
2026-05-21 14:26:40.974643+02:00,25.465,359.747273,-0.07858855721392999
2026-05-21 14:26:41.263717+02:00,25.467,360.036347,-0.0765885572139311
2026-05-21 14:26:41.555386+02:00,25.466,360.328016,-0.07758855721392877
2026-05-21 14:26:41.844603+02:00,25.464,360.617233,-0.07958855721393121
2026-05-21 14:26:42.136862+02:00,25.467,360.909492,-0.0765885572139311
2026-05-21 14:26:42.431339+02:00,25.467,361.203969,-0.0765885572139311
2026-05-21 14:26:42.722728+02:00,25.466,361.495358,-0.07758855721392877
2026-05-21 14:26:43.026839+02:00,25.464,361.799469,-0.07958855721393121
2026-05-21 14:26:43.319594+02:00,25.462,362.092224,-0.0815885572139301
2026-05-21 14:26:43.610368+02:00,25.464,362.382998,-0.07958855721393121
2026-05-21 14:26:43.903879+02:00,25.464,362.676509,-0.07958855721393121
2026-05-21 14:26:44.193905+02:00,25.462,362.966535,-0.0815885572139301
2026-05-21 14:26:44.485010+02:00,25.462,363.25764,-0.0815885572139301
2026-05-21 14:26:44.782503+02:00,25.461,363.555133,-0.08258855721393132
2026-05-21 14:26:45.075027+02:00,25.46,363.847657,-0.083588557213929
2026-05-21 14:26:45.364492+02:00,25.46,364.137122,-0.083588557213929
2026-05-21 14:26:45.654968+02:00,25.461,364.427598,-0.08258855721393132
2026-05-21 14:26:45.952172+02:00,25.458,364.724802,-0.08558855721393144
2026-05-21 14:26:46.242697+02:00,25.457,365.015327,-0.08658855721392911
2026-05-21 14:26:46.535832+02:00,25.455,365.308462,-0.08858855721393155
2026-05-21 14:26:46.824372+02:00,25.457,365.597002,-0.08658855721392911
2026-05-21 14:26:47.116763+02:00,25.454,365.889393,-0.08958855721392922
2026-05-21 14:26:47.418483+02:00,25.456,366.191113,-0.08758855721393033
2026-05-21 14:26:47.712393+02:00,25.454,366.485023,-0.08958855721392922
2026-05-21 14:26:48.003192+02:00,25.456,366.775822,-0.08758855721393033
2026-05-21 14:26:48.294454+02:00,25.454,367.067084,-0.08958855721392922
2026-05-21 14:26:48.587521+02:00,25.452,367.360151,-0.09158855721392811
2026-05-21 14:26:48.882695+02:00,25.452,367.655325,-0.09158855721392811
2026-05-21 14:26:49.173056+02:00,25.452,367.945686,-0.09158855721392811
2026-05-21 14:26:49.474783+02:00,25.452,368.247413,-0.09158855721392811
2026-05-21 14:26:49.765101+02:00,25.449,368.537731,-0.09458855721392823
2026-05-21 14:26:50.062248+02:00,25.448,368.834878,-0.09558855721392945
2026-05-21 14:26:50.359394+02:00,25.449,369.132024,-0.09458855721392823
2026-05-21 14:26:50.653934+02:00,25.446,369.426564,-0.09758855721392834
2026-05-21 14:26:50.954831+02:00,25.444,369.727461,-0.09958855721393078
2026-05-21 14:26:51.255932+02:00,25.444,370.028562,-0.09958855721393078
2026-05-21 14:26:51.553641+02:00,25.443,370.326271,-0.10058855721392845
2026-05-21 14:26:51.848453+02:00,25.443,370.621083,-0.10058855721392845
2026-05-21 14:26:52.139624+02:00,25.443,370.912254,-0.10058855721392845
2026-05-21 14:26:52.430033+02:00,25.443,371.202663,-0.10058855721392845
2026-05-21 14:26:52.724630+02:00,25.443,371.49726,-0.10058855721392845
2026-05-21 14:26:53.022341+02:00,25.444,371.794971,-0.09958855721393078
2026-05-21 14:26:53.314151+02:00,25.439,372.086781,-0.10458855721392979
2026-05-21 14:26:53.614113+02:00,25.439,372.386743,-0.10458855721392979
2026-05-21 14:26:53.903412+02:00,25.44,372.676042,-0.10358855721392857
2026-05-21 14:26:54.207294+02:00,25.44,372.979924,-0.10358855721392857
2026-05-21 14:26:54.503120+02:00,25.436,373.27575,-0.1075885572139299
2026-05-21 14:26:54.803333+02:00,25.437,373.575963,-0.10658855721392868
2026-05-21 14:26:55.093148+02:00,25.435,373.865778,-0.10858855721393113
2026-05-21 14:26:55.385535+02:00,25.432,374.158165,-0.11158855721393124
2026-05-21 14:26:55.681555+02:00,25.43,374.454185,-0.11358855721393013
2026-05-21 14:26:55.971099+02:00,25.432,374.743729,-0.11158855721393124
2026-05-21 14:26:56.278290+02:00,25.431,375.05092,-0.11258855721392891
2026-05-21 14:26:56.578826+02:00,25.431,375.351456,-0.11258855721392891
2026-05-21 14:26:56.869240+02:00,25.433,375.64187,-0.11058855721393002
2026-05-21 14:26:57.160685+02:00,25.429,375.933315,-0.11458855721393135
2026-05-21 14:26:57.455045+02:00,25.428,376.227675,-0.11558855721392902
2026-05-21 14:26:57.751758+02:00,25.428,376.524388,-0.11558855721392902
2026-05-21 14:26:58.043536+02:00,25.427,376.816166,-0.11658855721393024
2026-05-21 14:26:58.333753+02:00,25.427,377.106383,-0.11658855721393024
2026-05-21 14:26:58.625556+02:00,25.427,377.398186,-0.11658855721393024
2026-05-21 14:26:58.922729+02:00,25.425,377.695359,-0.11858855721392914
2026-05-21 14:26:59.212152+02:00,25.426,377.984782,-0.11758855721393147
2026-05-21 14:26:59.505440+02:00,25.422,378.27807,-0.12158855721392925
2026-05-21 14:26:59.799467+02:00,25.423,378.572097,-0.12058855721393158
2026-05-21 14:27:00.101835+02:00,25.424,378.874465,-0.11958855721393036
2026-05-21 14:27:00.390476+02:00,25.423,379.163106,-0.12058855721393158
2026-05-21 14:27:00.685424+02:00,25.422,379.458054,-0.12158855721392925
2026-05-21 14:27:00.976340+02:00,25.422,379.74897,-0.12158855721392925
2026-05-21 14:27:01.271453+02:00,25.42,380.044083,-0.12358855721392814
2026-05-21 14:27:01.560848+02:00,25.418,380.333478,-0.12558855721393059
2026-05-21 14:27:01.851785+02:00,25.42,380.624415,-0.12358855721392814
2026-05-21 14:27:02.149387+02:00,25.42,380.922017,-0.12358855721392814
2026-05-21 14:27:02.441363+02:00,25.418,381.213993,-0.12558855721393059
2026-05-21 14:27:02.733624+02:00,25.418,381.506254,-0.12558855721393059
2026-05-21 14:27:03.023988+02:00,25.42,381.796618,-0.12358855721392814
2026-05-21 14:27:03.323323+02:00,25.417,382.095953,-0.12658855721392825
2026-05-21 14:27:03.612385+02:00,25.416,382.385015,-0.12758855721392948
2026-05-21 14:27:03.904397+02:00,25.416,382.677027,-0.12758855721392948
2026-05-21 14:27:04.201756+02:00,25.414,382.974386,-0.12958855721392837
2026-05-21 14:27:04.492954+02:00,25.415,383.265584,-0.1285885572139307
2026-05-21 14:27:04.785345+02:00,25.412,383.557975,-0.1315885572139308
2026-05-21 14:27:05.081973+02:00,25.414,383.854603,-0.12958855721392837
2026-05-21 14:27:05.376267+02:00,25.409,384.148897,-0.13458855721393093
2026-05-21 14:27:05.668503+02:00,25.409,384.441133,-0.13458855721393093
2026-05-21 14:27:05.957739+02:00,25.409,384.730369,-0.13458855721393093
2026-05-21 14:27:06.253546+02:00,25.408,385.026176,-0.1355885572139286
2026-05-21 14:27:06.551521+02:00,25.407,385.324151,-0.13658855721392982
2026-05-21 14:27:06.856565+02:00,25.407,385.629195,-0.13658855721392982
2026-05-21 14:27:07.147538+02:00,25.405,385.920168,-0.1385885572139287
2026-05-21 14:27:07.439708+02:00,25.402,386.212338,-0.14158855721392882
2026-05-21 14:27:07.729198+02:00,25.403,386.501828,-0.14058855721393115
2026-05-21 14:27:08.022091+02:00,25.4,386.794721,-0.14358855721393127
2026-05-21 14:27:08.313641+02:00,25.4,387.086271,-0.14358855721393127
2026-05-21 14:27:08.607200+02:00,25.4,387.37983,-0.14358855721393127
2026-05-21 14:27:08.899341+02:00,25.398,387.671971,-0.14558855721393016
2026-05-21 14:27:09.198988+02:00,25.397,387.971618,-0.14658855721393138
2026-05-21 14:27:09.493695+02:00,25.396,388.266325,-0.14758855721392905
2026-05-21 14:27:09.785348+02:00,25.397,388.557978,-0.14658855721393138
2026-05-21 14:27:10.077734+02:00,25.394,388.850364,-0.1495885572139315
2026-05-21 14:27:10.367804+02:00,25.391,389.140434,-0.1525885572139316
2026-05-21 14:27:10.658009+02:00,25.395,389.430639,-0.14858855721393027
2026-05-21 14:27:10.950611+02:00,25.394,389.723241,-0.1495885572139315
2026-05-21 14:27:11.250514+02:00,25.391,390.023144,-0.1525885572139316
2026-05-21 14:27:11.549604+02:00,25.39,390.322234,-0.15358855721392928
2026-05-21 14:27:11.848143+02:00,25.387,390.620773,-0.1565885572139294
2026-05-21 14:27:12.145986+02:00,25.385,390.918616,-0.15858855721392828
2026-05-21 14:27:12.447704+02:00,25.386,391.220334,-0.1575885572139306
2026-05-21 14:27:12.739047+02:00,25.386,391.511677,-0.1575885572139306
2026-05-21 14:27:13.037029+02:00,25.387,391.809659,-0.1565885572139294
2026-05-21 14:27:13.328650+02:00,25.384,392.10128,-0.1595885572139295
2026-05-21 14:27:13.624883+02:00,25.386,392.397513,-0.1575885572139306
2026-05-21 14:27:13.920319+02:00,25.385,392.692949,-0.15858855721392828
2026-05-21 14:27:14.212196+02:00,25.382,392.984826,-0.1615885572139284
2026-05-21 14:27:14.503446+02:00,25.384,393.276076,-0.1595885572139295
2026-05-21 14:27:14.794396+02:00,25.384,393.567026,-0.1595885572139295
2026-05-21 14:27:15.093510+02:00,25.382,393.86614,-0.1615885572139284
2026-05-21 14:27:15.389935+02:00,25.381,394.162565,-0.16258855721392962
2026-05-21 14:27:15.684662+02:00,25.381,394.457292,-0.16258855721392962
2026-05-21 14:27:15.986810+02:00,25.379,394.75944,-0.1645885572139285
2026-05-21 14:27:16.284949+02:00,25.377,395.057579,-0.16658855721393095
2026-05-21 14:27:16.577226+02:00,25.378,395.349856,-0.16558855721392973
2026-05-21 14:27:16.868544+02:00,25.376,395.641174,-0.16758855721392862
2026-05-21 14:27:17.163451+02:00,25.377,395.936081,-0.16658855721393095
2026-05-21 14:27:17.453801+02:00,25.374,396.226431,-0.16958855721393107
2026-05-21 14:27:17.746168+02:00,25.374,396.518798,-0.16958855721393107
2026-05-21 14:27:18.039534+02:00,25.372,396.812164,-0.17158855721392996
2026-05-21 14:27:18.334822+02:00,25.373,397.107452,-0.17058855721392874
2026-05-21 14:27:18.631903+02:00,25.373,397.404533,-0.17058855721392874
2026-05-21 14:27:18.925250+02:00,25.371,397.69788,-0.17258855721393118
2026-05-21 14:27:19.214492+02:00,25.372,397.987122,-0.17158855721392996
2026-05-21 14:27:19.507892+02:00,25.369,398.280522,-0.17458855721393007
2026-05-21 14:27:19.806683+02:00,25.369,398.579313,-0.17458855721393007
2026-05-21 14:27:20.097541+02:00,25.37,398.870171,-0.17358855721392885
2026-05-21 14:27:20.391501+02:00,25.367,399.164131,-0.17658855721392896
2026-05-21 14:27:20.687819+02:00,25.369,399.460449,-0.17458855721393007
2026-05-21 14:27:20.992184+02:00,25.366,399.764814,-0.1775885572139302
2026-05-21 14:27:21.291945+02:00,25.367,400.064575,-0.17658855721392896
2026-05-21 14:27:21.591009+02:00,25.367,400.363639,-0.17658855721392896
2026-05-21 14:27:21.883925+02:00,25.365,400.656555,-0.1785885572139314
2026-05-21 14:27:22.174247+02:00,25.363,400.946877,-0.1805885572139303
2026-05-21 14:27:22.466364+02:00,25.364,401.238994,-0.17958855721392908
2026-05-21 14:27:22.756682+02:00,25.359,401.529312,-0.18458855721392808
2026-05-21 14:27:23.056901+02:00,25.361,401.829531,-0.1825885572139292
2026-05-21 14:27:23.348845+02:00,25.358,402.121475,-0.1855885572139293
2026-05-21 14:27:23.640407+02:00,25.36,402.413037,-0.18358855721393041
2026-05-21 14:27:23.932185+02:00,25.359,402.704815,-0.18458855721392808
2026-05-21 14:27:24.232376+02:00,25.357,403.005006,-0.18658855721393053
2026-05-21 14:27:24.526618+02:00,25.357,403.299248,-0.18658855721393053
2026-05-21 14:27:24.818015+02:00,25.355,403.590645,-0.18858855721392942
2026-05-21 14:27:25.108030+02:00,25.355,403.88066,-0.18858855721392942
2026-05-21 14:27:25.400828+02:00,25.351,404.173458,-0.19258855721393076
2026-05-21 14:27:25.692659+02:00,25.35,404.465289,-0.19358855721392842
2026-05-21 14:27:25.984243+02:00,25.35,404.756873,-0.19358855721392842
2026-05-21 14:27:26.280097+02:00,25.348,405.052727,-0.19558855721393087
2026-05-21 14:27:26.580140+02:00,25.349,405.35277,-0.19458855721392965
2026-05-21 14:27:26.882005+02:00,25.349,405.654635,-0.19458855721392965
2026-05-21 14:27:27.173028+02:00,25.347,405.945658,-0.19658855721392854
2026-05-21 14:27:27.464133+02:00,25.345,406.236763,-0.19858855721393098
2026-05-21 14:27:27.756559+02:00,25.349,406.529189,-0.19458855721392965
2026-05-21 14:27:28.049145+02:00,25.343,406.821775,-0.20058855721392987
2026-05-21 14:27:28.341592+02:00,25.345,407.114222,-0.19858855721393098
2026-05-21 14:27:28.631934+02:00,25.343,407.404564,-0.20058855721392987
2026-05-21 14:27:28.932836+02:00,25.342,407.705466,-0.2015885572139311
2026-05-21 14:27:29.226595+02:00,25.341,407.999225,-0.20258855721392877
2026-05-21 14:27:29.522333+02:00,25.341,408.294963,-0.20258855721392877
2026-05-21 14:27:29.821299+02:00,25.339,408.593929,-0.2045885572139312
2026-05-21 14:27:30.112293+02:00,25.338,408.884923,-0.20558855721392888
2026-05-21 14:27:30.405152+02:00,25.341,409.177782,-0.20258855721392877
2026-05-21 14:27:30.703647+02:00,25.337,409.476277,-0.2065885572139301
2026-05-21 14:27:30.994850+02:00,25.336,409.76748,-0.20758855721393132
2026-05-21 14:27:31.287927+02:00,25.337,410.060557,-0.2065885572139301
2026-05-21 14:27:31.582661+02:00,25.336,410.355291,-0.20758855721393132
2026-05-21 14:27:31.871100+02:00,25.334,410.64373,-0.20958855721393022
2026-05-21 14:27:32.160551+02:00,25.335,410.933181,-0.208588557213929
2026-05-21 14:27:32.452179+02:00,25.333,411.224809,-0.21058855721393144
2026-05-21 14:27:32.747313+02:00,25.335,411.519943,-0.208588557213929
2026-05-21 14:27:33.044367+02:00,25.332,411.816997,-0.2115885572139291
2026-05-21 14:27:33.334187+02:00,25.332,412.106817,-0.2115885572139291
2026-05-21 14:27:33.623249+02:00,25.331,412.395879,-0.21258855721393033
2026-05-21 14:27:33.924436+02:00,25.333,412.697066,-0.21058855721393144
2026-05-21 14:27:34.217190+02:00,25.331,412.98982,-0.21258855721393033
2026-05-21 14:27:34.507021+02:00,25.329,413.279651,-0.21458855721392922
2026-05-21 14:27:34.798534+02:00,25.331,413.571164,-0.21258855721393033
2026-05-21 14:27:35.094314+02:00,25.328,413.866944,-0.21558855721393044
2026-05-21 14:27:35.387367+02:00,25.327,414.159997,-0.2165885572139281
2026-05-21 14:27:35.677838+02:00,25.327,414.450468,-0.2165885572139281
2026-05-21 14:27:35.968859+02:00,25.325,414.741489,-0.21858855721393056
2026-05-21 14:27:36.263616+02:00,25.324,415.036246,-0.21958855721392823
2026-05-21 14:27:36.552619+02:00,25.324,415.325249,-0.21958855721392823
2026-05-21 14:27:36.847654+02:00,25.322,415.620284,-0.22158855721393067
2026-05-21 14:27:37.139144+02:00,25.325,415.911774,-0.21858855721393056
2026-05-21 14:27:37.431597+02:00,25.325,416.204227,-0.21858855721393056
2026-05-21 14:27:37.722326+02:00,25.32,416.494956,-0.22358855721392956
2026-05-21 14:27:38.012833+02:00,25.321,416.785463,-0.22258855721392834
2026-05-21 14:27:38.304380+02:00,25.318,417.07701,-0.22558855721392845
2026-05-21 14:27:38.601856+02:00,25.318,417.374486,-0.22558855721392845
2026-05-21 14:27:38.906309+02:00,25.315,417.678939,-0.22858855721392857
2026-05-21 14:27:39.195522+02:00,25.315,417.968152,-0.22858855721392857
2026-05-21 14:27:39.486524+02:00,25.315,418.259154,-0.22858855721392857
2026-05-21 14:27:39.780685+02:00,25.315,418.553315,-0.22858855721392857
2026-05-21 14:27:40.071044+02:00,25.313,418.843674,-0.230588557213931
2026-05-21 14:27:40.371137+02:00,25.313,419.143767,-0.230588557213931
2026-05-21 14:27:40.667682+02:00,25.31,419.440312,-0.23358855721393113
2026-05-21 14:27:40.967561+02:00,25.309,419.740191,-0.2345885572139288
2026-05-21 14:27:41.256589+02:00,25.31,420.029219,-0.23358855721393113
2026-05-21 14:27:41.549785+02:00,25.311,420.322415,-0.2325885572139299
2026-05-21 14:27:41.842756+02:00,25.312,420.615386,-0.23158855721392868
2026-05-21 14:27:42.140068+02:00,25.311,420.912698,-0.2325885572139299
2026-05-21 14:27:42.435669+02:00,25.306,421.208299,-0.2375885572139289
2026-05-21 14:27:42.726503+02:00,25.307,421.499133,-0.23658855721393124
2026-05-21 14:27:43.026447+02:00,25.306,421.799077,-0.2375885572139289
2026-05-21 14:27:43.319769+02:00,25.305,422.092399,-0.23858855721393013
2026-05-21 14:27:43.611033+02:00,25.305,422.383663,-0.23858855721393013
2026-05-21 14:27:43.908242+02:00,25.305,422.680872,-0.23858855721393013
2026-05-21 14:27:44.199464+02:00,25.301,422.972094,-0.24258855721393147
2026-05-21 14:27:44.491207+02:00,25.302,423.263837,-0.24158855721393024
2026-05-21 14:27:44.783418+02:00,25.301,423.556048,-0.24258855721393147
2026-05-21 14:27:45.076843+02:00,25.301,423.849473,-0.24258855721393147
2026-05-21 14:27:45.370755+02:00,25.299,424.143385,-0.24458855721393036
2026-05-21 14:27:45.662993+02:00,25.3,424.435623,-0.24358855721392914
2026-05-21 14:27:45.966913+02:00,25.298,424.739543,-0.24558855721393158
2026-05-21 14:27:46.255905+02:00,25.298,425.028535,-0.24558855721393158
2026-05-21 14:27:46.547550+02:00,25.297,425.32018,-0.24658855721392925
2026-05-21 14:27:46.836898+02:00,25.296,425.609528,-0.24758855721393047
2026-05-21 14:27:47.139336+02:00,25.298,425.911966,-0.24558855721393158
2026-05-21 14:27:47.439653+02:00,25.295,426.212283,-0.24858855721392814
2026-05-21 14:27:47.739934+02:00,25.294,426.512564,-0.24958855721392936
2026-05-21 14:27:48.038122+02:00,25.291,426.810752,-0.2525885572139295
2026-05-21 14:27:48.333370+02:00,25.292,427.106,-0.25158855721392825
2026-05-21 14:27:48.623265+02:00,25.292,427.395895,-0.25158855721392825
2026-05-21 14:27:48.916636+02:00,25.29,427.689266,-0.2535885572139307
2026-05-21 14:27:49.211111+02:00,25.291,427.983741,-0.2525885572139295
2026-05-21 14:27:49.501576+02:00,25.29,428.274206,-0.2535885572139307
2026-05-21 14:27:49.792543+02:00,25.292,428.565173,-0.25158855721392825
2026-05-21 14:27:50.090448+02:00,25.288,428.863078,-0.2555885572139296
2026-05-21 14:27:50.390710+02:00,25.288,429.16334,-0.2555885572139296
2026-05-21 14:27:50.687259+02:00,25.284,429.459889,-0.2595885572139309
2026-05-21 14:27:50.990157+02:00,25.285,429.762787,-0.2585885572139297
2026-05-21 14:27:51.279760+02:00,25.285,430.05239,-0.2585885572139297
2026-05-21 14:27:51.576005+02:00,25.284,430.348635,-0.2595885572139309
2026-05-21 14:27:51.869513+02:00,25.283,430.642143,-0.2605885572139286
2026-05-21 14:27:52.166123+02:00,25.282,430.938753,-0.2615885572139298
2026-05-21 14:27:52.458730+02:00,25.283,431.23136,-0.2605885572139286
2026-05-21 14:27:52.749347+02:00,25.287,431.521977,-0.2565885572139308
2026-05-21 14:27:53.047849+02:00,25.279,431.820479,-0.26458855721392993
2026-05-21 14:27:53.339241+02:00,25.28,432.111871,-0.2635885572139287
2026-05-21 14:27:53.629177+02:00,25.278,432.401807,-0.26558855721393115
2026-05-21 14:27:53.928726+02:00,25.276,432.701356,-0.26758855721393005
2026-05-21 14:27:54.220176+02:00,25.276,432.992806,-0.26758855721393005
2026-05-21 14:27:54.509120+02:00,25.274,433.28175,-0.26958855721392894
2026-05-21 14:27:54.807334+02:00,25.273,433.579964,-0.27058855721393016
2026-05-21 14:27:55.106651+02:00,25.273,433.879281,-0.27058855721393016
2026-05-21 14:27:55.404394+02:00,25.272,434.177024,-0.2715885572139314
2026-05-21 14:27:55.695343+02:00,25.27,434.467973,-0.2735885572139303
2026-05-21 14:27:55.986590+02:00,25.272,434.75922,-0.2715885572139314
2026-05-21 14:27:56.286201+02:00,25.269,435.058831,-0.2745885572139315
2026-05-21 14:27:56.584023+02:00,25.267,435.356653,-0.2765885572139304
2026-05-21 14:27:56.873463+02:00,25.268,435.646093,-0.27558855721392916
2026-05-21 14:27:57.164898+02:00,25.264,435.937528,-0.2795885572139305
2026-05-21 14:27:57.461760+02:00,25.265,436.23439,-0.2785885572139293
2026-05-21 14:27:57.750279+02:00,25.262,436.522909,-0.2815885572139294
2026-05-21 14:27:58.042923+02:00,25.265,436.815553,-0.2785885572139293
2026-05-21 14:27:58.334061+02:00,25.26,437.106691,-0.2835885572139283
2026-05-21 14:27:58.625097+02:00,25.261,437.397727,-0.2825885572139306
2026-05-21 14:27:58.917682+02:00,25.26,437.690312,-0.2835885572139283
2026-05-21 14:27:59.209421+02:00,25.264,437.982051,-0.2795885572139305
2026-05-21 14:27:59.501113+02:00,25.262,438.273743,-0.2815885572139294
2026-05-21 14:27:59.793985+02:00,25.258,438.566615,-0.2855885572139307
2026-05-21 14:28:00.084475+02:00,25.257,438.857105,-0.2865885572139284
2026-05-21 14:28:00.375974+02:00,25.257,439.148604,-0.2865885572139284
2026-05-21 14:28:00.671704+02:00,25.258,439.444334,-0.2855885572139307
2026-05-21 14:28:00.962485+02:00,25.257,439.735115,-0.2865885572139284
2026-05-21 14:28:01.259424+02:00,25.256,440.032054,-0.2875885572139296
2026-05-21 14:28:01.553657+02:00,25.255,440.326287,-0.28858855721393084
2026-05-21 14:28:01.842001+02:00,25.255,440.614631,-0.28858855721393084
2026-05-21 14:28:02.135248+02:00,25.252,440.907878,-0.29158855721393095
2026-05-21 14:28:02.428002+02:00,25.251,441.200632,-0.2925885572139286
2026-05-21 14:28:02.718554+02:00,25.251,441.491184,-0.2925885572139286
2026-05-21 14:28:03.010564+02:00,25.25,441.783194,-0.29358855721392985
2026-05-21 14:28:03.301595+02:00,25.249,442.074225,-0.29458855721393107
2026-05-21 14:28:03.595209+02:00,25.247,442.367839,-0.29658855721392996
2026-05-21 14:28:03.887566+02:00,25.247,442.660196,-0.29658855721392996
2026-05-21 14:28:04.181793+02:00,25.244,442.954423,-0.2995885572139301
2026-05-21 14:28:04.476404+02:00,25.242,443.249034,-0.30158855721392896
2026-05-21 14:28:04.771764+02:00,25.245,443.544394,-0.29858855721392885
2026-05-21 14:28:05.061400+02:00,25.244,443.83403,-0.2995885572139301
2026-05-21 14:28:05.357984+02:00,25.243,444.130614,-0.3005885572139313
2026-05-21 14:28:05.648288+02:00,25.243,444.420918,-0.3005885572139313
2026-05-21 14:28:05.937925+02:00,25.243,444.710555,-0.3005885572139313
2026-05-21 14:28:06.229079+02:00,25.24,445.001709,-0.3035885572139314
2026-05-21 14:28:06.521294+02:00,25.239,445.293924,-0.3045885572139291
2026-05-21 14:28:06.815556+02:00,25.239,445.588186,-0.3045885572139291
2026-05-21 14:28:07.111543+02:00,25.238,445.884173,-0.3055885572139303
2026-05-21 14:28:07.404879+02:00,25.235,446.177509,-0.3085885572139304
2026-05-21 14:28:07.693464+02:00,25.234,446.466094,-0.3095885572139281
2026-05-21 14:28:07.985383+02:00,25.235,446.758013,-0.3085885572139304
2026-05-21 14:28:08.274498+02:00,25.234,447.047128,-0.3095885572139281
2026-05-21 14:28:08.563878+02:00,25.232,447.336508,-0.31158855721393053
2026-05-21 14:28:08.859287+02:00,25.228,447.631917,-0.3155885572139283
2026-05-21 14:28:09.151281+02:00,25.226,447.923911,-0.31758855721393076
2026-05-21 14:28:09.443385+02:00,25.23,448.216015,-0.3135885572139294
2026-05-21 14:28:09.734680+02:00,25.23,448.50731,-0.3135885572139294
2026-05-21 14:28:10.025146+02:00,25.229,448.797776,-0.31458855721393064
2026-05-21 14:28:10.327778+02:00,25.229,449.100408,-0.31458855721393064
2026-05-21 14:28:10.625058+02:00,25.228,449.397688,-0.3155885572139283
2026-05-21 14:28:10.919037+02:00,25.229,449.691667,-0.31458855721393064
2026-05-21 14:28:11.219951+02:00,25.225,449.992581,-0.3185885572139284
2026-05-21 14:28:11.517208+02:00,25.226,450.289838,-0.31758855721393076
2026-05-21 14:28:11.815051+02:00,25.219,450.587681,-0.32458855721392865
2026-05-21 14:28:12.115767+02:00,25.222,450.888397,-0.32158855721392854
2026-05-21 14:28:12.411409+02:00,25.222,451.184039,-0.32158855721392854
2026-05-21 14:28:12.710887+02:00,25.221,451.483517,-0.32258855721392976
2026-05-21 14:28:13.009293+02:00,25.222,451.781923,-0.32158855721392854
2026-05-21 14:28:13.301901+02:00,25.218,452.074531,-0.3255885572139299
2026-05-21 14:28:13.592989+02:00,25.217,452.365619,-0.3265885572139311
2026-05-21 14:28:13.885185+02:00,25.218,452.657815,-0.3255885572139299
2026-05-21 14:28:14.188616+02:00,25.215,452.961246,-0.32858855721393
2026-05-21 14:28:14.485532+02:00,25.215,453.258162,-0.32858855721393
2026-05-21 14:28:14.778325+02:00,25.212,453.550955,-0.3315885572139301
2026-05-21 14:28:15.070148+02:00,25.212,453.842778,-0.3315885572139301
2026-05-21 14:28:15.362560+02:00,25.212,454.13519,-0.3315885572139301
2026-05-21 14:28:15.651157+02:00,25.21,454.423787,-0.333588557213929
2026-05-21 14:28:15.950928+02:00,25.21,454.723558,-0.333588557213929
2026-05-21 14:28:16.243628+02:00,25.21,455.016258,-0.333588557213929
2026-05-21 14:28:16.534013+02:00,25.211,455.306643,-0.3325885572139313
2026-05-21 14:28:16.833884+02:00,25.209,455.606514,-0.3345885572139302
2026-05-21 14:28:17.129925+02:00,25.208,455.902555,-0.33558855721393144
2026-05-21 14:28:17.427894+02:00,25.206,456.200524,-0.33758855721393033
2026-05-21 14:28:17.720204+02:00,25.208,456.492834,-0.33558855721393144
2026-05-21 14:28:18.010438+02:00,25.205,456.783068,-0.33858855721393155
2026-05-21 14:28:18.301597+02:00,25.203,457.074227,-0.34058855721393044
2026-05-21 14:28:18.595110+02:00,25.201,457.36774,-0.34258855721392933
2026-05-21 14:28:18.886184+02:00,25.2,457.658814,-0.34358855721393056
2026-05-21 14:28:19.185313+02:00,25.198,457.957943,-0.34558855721392945
2026-05-21 14:28:19.484404+02:00,25.2,458.257034,-0.34358855721393056
2026-05-21 14:28:19.781740+02:00,25.2,458.55437,-0.34358855721393056
2026-05-21 14:28:20.073181+02:00,25.197,458.845811,-0.34658855721393067
2026-05-21 14:28:20.363242+02:00,25.193,459.135872,-0.35058855721392845
2026-05-21 14:28:20.663007+02:00,25.194,459.435637,-0.3495885572139308
2026-05-21 14:28:20.957729+02:00,25.194,459.730359,-0.3495885572139308
2026-05-21 14:28:21.252039+02:00,25.192,460.024669,-0.3515885572139297
2026-05-21 14:28:21.542225+02:00,25.192,460.314855,-0.3515885572139297
2026-05-21 14:28:21.832439+02:00,25.192,460.605069,-0.3515885572139297
2026-05-21 14:28:22.124192+02:00,25.191,460.896822,-0.3525885572139309
2026-05-21 14:28:22.415359+02:00,25.193,461.187989,-0.35058855721392845
2026-05-21 14:28:22.715224+02:00,25.19,461.487854,-0.35358855721392857
2026-05-21 14:28:23.013909+02:00,25.192,461.786539,-0.3515885572139297
2026-05-21 14:28:23.304607+02:00,25.189,462.077237,-0.3545885572139298
2026-05-21 14:28:23.607229+02:00,25.188,462.379859,-0.355588557213931
2026-05-21 14:28:23.898514+02:00,25.186,462.671144,-0.3575885572139299
2026-05-21 14:28:24.191967+02:00,25.186,462.964597,-0.3575885572139299
2026-05-21 14:28:24.484104+02:00,25.187,463.256734,-0.3565885572139287
2026-05-21 14:28:24.777681+02:00,25.187,463.550311,-0.3565885572139287
2026-05-21 14:28:25.067238+02:00,25.183,463.839868,-0.36058855721393
2026-05-21 14:28:25.359015+02:00,25.183,464.131645,-0.36058855721393
2026-05-21 14:28:25.649159+02:00,25.181,464.421789,-0.3625885572139289
2026-05-21 14:28:25.950986+02:00,25.18,464.723616,-0.36358855721393013
2026-05-21 14:28:26.250373+02:00,25.182,465.023003,-0.36158855721393124
2026-05-21 14:28:26.544980+02:00,25.18,465.31761,-0.36358855721393013
2026-05-21 14:28:26.834534+02:00,25.179,465.607164,-0.36458855721393135
2026-05-21 14:28:27.124983+02:00,25.177,465.897613,-0.36658855721393024
2026-05-21 14:28:27.417554+02:00,25.178,466.190184,-0.365588557213929
2026-05-21 14:28:27.706150+02:00,25.178,466.47878,-0.365588557213929
2026-05-21 14:28:27.996431+02:00,25.175,466.769061,-0.36858855721392914
2026-05-21 14:28:28.289018+02:00,25.174,467.061648,-0.36958855721393036
2026-05-21 14:28:28.583688+02:00,25.175,467.356318,-0.36858855721392914
2026-05-21 14:28:28.873793+02:00,25.173,467.646423,-0.3705885572139316
2026-05-21 14:28:29.164459+02:00,25.171,467.937089,-0.37258855721393047
2026-05-21 14:28:29.461336+02:00,25.171,468.233966,-0.37258855721393047
2026-05-21 14:28:29.753580+02:00,25.173,468.52621,-0.3705885572139316
2026-05-21 14:28:30.041956+02:00,25.172,468.814586,-0.37158855721392925
2026-05-21 14:28:30.335785+02:00,25.172,469.108415,-0.37158855721392925
2026-05-21 14:28:30.628209+02:00,25.169,469.400839,-0.37458855721392936
2026-05-21 14:28:30.920288+02:00,25.169,469.692918,-0.37458855721392936
2026-05-21 14:28:31.213896+02:00,25.167,469.986526,-0.37658855721392825
2026-05-21 14:28:31.504140+02:00,25.168,470.27677,-0.3755885572139306
2026-05-21 14:28:31.798070+02:00,25.168,470.5707,-0.3755885572139306
2026-05-21 14:28:32.093431+02:00,25.166,470.866061,-0.3775885572139295
2026-05-21 14:28:32.384795+02:00,25.167,471.157425,-0.37658855721392825
2026-05-21 14:28:32.675217+02:00,25.166,471.447847,-0.3775885572139295
2026-05-21 14:28:32.965712+02:00,25.165,471.738342,-0.3785885572139307
2026-05-21 14:28:33.255823+02:00,25.162,472.028453,-0.3815885572139308
2026-05-21 14:28:33.544511+02:00,25.165,472.317141,-0.3785885572139307
2026-05-21 14:28:33.836626+02:00,25.162,472.609256,-0.3815885572139308
2026-05-21 14:28:34.128140+02:00,25.161,472.90077,-0.3825885572139285
2026-05-21 14:28:34.420109+02:00,25.161,473.192739,-0.3825885572139285
2026-05-21 14:28:34.708921+02:00,25.163,473.481551,-0.3805885572139296
2026-05-21 14:28:35.005205+02:00,25.161,473.777835,-0.3825885572139285
2026-05-21 14:28:35.306723+02:00,25.16,474.079353,-0.3835885572139297
2026-05-21 14:28:35.598290+02:00,25.159,474.37092,-0.3845885572139309
2026-05-21 14:28:35.888218+02:00,25.158,474.660848,-0.3855885572139286
2026-05-21 14:28:36.181402+02:00,25.158,474.954032,-0.3855885572139286
2026-05-21 14:28:36.474886+02:00,25.158,475.247516,-0.3855885572139286
2026-05-21 14:28:36.764978+02:00,25.157,475.537608,-0.3865885572139298
2026-05-21 14:28:37.056663+02:00,25.157,475.829293,-0.3865885572139298
2026-05-21 14:28:37.350816+02:00,25.157,476.123446,-0.3865885572139298
2026-05-21 14:28:37.641595+02:00,25.153,476.414225,-0.39058855721393115
2026-05-21 14:28:37.931788+02:00,25.154,476.704418,-0.38958855721392993
2026-05-21 14:28:38.223291+02:00,25.154,476.995921,-0.38958855721392993
2026-05-21 14:28:38.513918+02:00,25.153,477.286548,-0.39058855721393115
2026-05-21 14:28:38.803499+02:00,25.149,477.576129,-0.39458855721392894
2026-05-21 14:28:39.095540+02:00,25.15,477.86817,-0.39358855721393127
2026-05-21 14:28:39.391803+02:00,25.152,478.164433,-0.3915885572139288
2026-05-21 14:28:39.684513+02:00,25.15,478.457143,-0.39358855721393127
2026-05-21 14:28:39.972584+02:00,25.146,478.745214,-0.39758855721392905
2026-05-21 14:28:40.264948+02:00,25.146,479.037578,-0.39758855721392905
2026-05-21 14:28:40.555366+02:00,25.143,479.327996,-0.40058855721392916
2026-05-21 14:28:40.853556+02:00,25.144,479.626186,-0.3995885572139315
2026-05-21 14:28:41.145044+02:00,25.142,479.917674,-0.4015885572139304
2026-05-21 14:28:41.443583+02:00,25.143,480.216213,-0.40058855721392916
2026-05-21 14:28:41.735445+02:00,25.141,480.508075,-0.4025885572139316
2026-05-21 14:28:42.028888+02:00,25.138,480.801518,-0.40558855721392817
2026-05-21 14:28:42.319617+02:00,25.139,481.092247,-0.4045885572139305
2026-05-21 14:28:42.613858+02:00,25.139,481.386488,-0.4045885572139305
2026-05-21 14:28:42.905200+02:00,25.139,481.67783,-0.4045885572139305
2026-05-21 14:28:43.194802+02:00,25.136,481.967432,-0.4075885572139306
2026-05-21 14:28:43.497117+02:00,25.137,482.269747,-0.4065885572139294
2026-05-21 14:28:43.794813+02:00,25.138,482.567443,-0.40558855721392817
2026-05-21 14:28:44.089116+02:00,25.135,482.861746,-0.4085885572139283
2026-05-21 14:28:44.380203+02:00,25.135,483.152833,-0.4085885572139283
2026-05-21 14:28:44.671158+02:00,25.135,483.443788,-0.4085885572139283
2026-05-21 14:28:44.962768+02:00,25.135,483.735398,-0.4085885572139283
2026-05-21 14:28:45.251859+02:00,25.132,484.024489,-0.4115885572139284
2026-05-21 14:28:45.550901+02:00,25.132,484.323531,-0.4115885572139284
2026-05-21 14:28:45.846908+02:00,25.129,484.619538,-0.4145885572139285
2026-05-21 14:28:46.147680+02:00,25.127,484.92031,-0.41658855721393095
2026-05-21 14:28:46.443621+02:00,25.13,485.216251,-0.41358855721393084
2026-05-21 14:28:46.744662+02:00,25.127,485.517292,-0.41658855721393095
2026-05-21 14:28:47.044313+02:00,25.126,485.816943,-0.4175885572139286
2026-05-21 14:28:47.336868+02:00,25.127,486.109498,-0.41658855721393095
2026-05-21 14:28:47.626521+02:00,25.125,486.399151,-0.41858855721392985
2026-05-21 14:28:47.920836+02:00,25.124,486.693466,-0.41958855721393107
2026-05-21 14:28:48.211187+02:00,25.125,486.983817,-0.41858855721392985
2026-05-21 14:28:48.501743+02:00,25.121,487.274373,-0.4225885572139312
2026-05-21 14:28:48.795059+02:00,25.122,487.567689,-0.42158855721392996
2026-05-21 14:28:49.097036+02:00,25.123,487.869666,-0.42058855721392874
2026-05-21 14:28:49.387495+02:00,25.122,488.160125,-0.42158855721392996
2026-05-21 14:28:49.687192+02:00,25.119,488.459822,-0.4245885572139301
2026-05-21 14:28:49.989983+02:00,25.119,488.762613,-0.4245885572139301
2026-05-21 14:28:50.280640+02:00,25.119,489.05327,-0.4245885572139301
2026-05-21 14:28:50.571949+02:00,25.121,489.344579,-0.4225885572139312
2026-05-21 14:28:50.867040+02:00,25.118,489.63967,-0.4255885572139313
2026-05-21 14:28:51.158825+02:00,25.119,489.931455,-0.4245885572139301
2026-05-21 14:28:51.449315+02:00,25.119,490.221945,-0.4245885572139301
2026-05-21 14:28:51.738875+02:00,25.118,490.511505,-0.4255885572139313
2026-05-21 14:28:52.034415+02:00,25.115,490.807045,-0.4285885572139314
2026-05-21 14:28:52.334406+02:00,25.114,491.107036,-0.4295885572139291
2026-05-21 14:28:52.631509+02:00,25.112,491.404139,-0.4315885572139315
2026-05-21 14:28:52.931076+02:00,25.112,491.703706,-0.4315885572139315
2026-05-21 14:28:53.221337+02:00,25.11,491.993967,-0.4335885572139304
2026-05-21 14:28:53.510975+02:00,25.11,492.283605,-0.4335885572139304
2026-05-21 14:28:53.804761+02:00,25.11,492.577391,-0.4335885572139304
2026-05-21 14:28:54.093739+02:00,25.109,492.866369,-0.4345885572139281
2026-05-21 14:28:54.387492+02:00,25.108,493.160122,-0.4355885572139293
2026-05-21 14:28:54.687531+02:00,25.106,493.460161,-0.4375885572139282
2026-05-21 14:28:54.982005+02:00,25.107,493.754635,-0.43658855721393053
2026-05-21 14:28:55.274683+02:00,25.106,494.047313,-0.4375885572139282
2026-05-21 14:28:55.565890+02:00,25.108,494.33852,-0.4355885572139293
2026-05-21 14:28:55.859969+02:00,25.105,494.632599,-0.4385885572139294
2026-05-21 14:28:56.157608+02:00,25.101,494.930238,-0.44258855721393076
2026-05-21 14:28:56.446957+02:00,25.099,495.219587,-0.44458855721392965
2026-05-21 14:28:56.739067+02:00,25.099,495.511697,-0.44458855721392965
2026-05-21 14:28:57.032544+02:00,25.099,495.805174,-0.44458855721392965
2026-05-21 14:28:57.333144+02:00,25.099,496.105774,-0.44458855721392965
2026-05-21 14:28:57.624990+02:00,25.096,496.39762,-0.44758855721392976
2026-05-21 14:28:57.915888+02:00,25.096,496.688518,-0.44758855721392976
2026-05-21 14:28:58.205021+02:00,25.093,496.977651,-0.4505885572139299
2026-05-21 14:28:58.494872+02:00,25.093,497.267502,-0.4505885572139299
2026-05-21 14:28:58.785482+02:00,25.091,497.558112,-0.45258855721392877
2026-05-21 14:28:59.079932+02:00,25.09,497.852562,-0.45358855721393
2026-05-21 14:28:59.372761+02:00,25.092,498.145391,-0.4515885572139311
2026-05-21 14:28:59.672783+02:00,25.093,498.445413,-0.4505885572139299
2026-05-21 14:28:59.965866+02:00,25.089,498.738496,-0.4545885572139312
2026-05-21 14:29:00.257326+02:00,25.09,499.029956,-0.45358855721393
2026-05-21 14:29:00.547009+02:00,25.088,499.319639,-0.4555885572139289
2026-05-21 14:29:00.839264+02:00,25.089,499.611894,-0.4545885572139312
2026-05-21 14:29:01.132745+02:00,25.088,499.905375,-0.4555885572139289
2026-05-21 14:29:01.425499+02:00,25.087,500.198129,-0.4565885572139301
2026-05-21 14:29:01.717886+02:00,25.086,500.490516,-0.4575885572139313
2026-05-21 14:29:02.013632+02:00,25.085,500.786262,-0.458588557213929
2026-05-21 14:29:02.309587+02:00,25.086,501.082217,-0.4575885572139313
2026-05-21 14:29:02.600289+02:00,25.084,501.372919,-0.4595885572139302
2026-05-21 14:29:02.891846+02:00,25.084,501.664476,-0.4595885572139302
2026-05-21 14:29:03.185009+02:00,25.085,501.957639,-0.458588557213929
2026-05-21 14:29:03.478008+02:00,25.08,502.250638,-0.46358855721393155
2026-05-21 14:29:03.768346+02:00,25.082,502.540976,-0.4615885572139291
2026-05-21 14:29:04.057378+02:00,25.081,502.830008,-0.46258855721393033
2026-05-21 14:29:04.354382+02:00,25.08,503.127012,-0.46358855721393155
2026-05-21 14:29:04.652506+02:00,25.083,503.425136,-0.46058855721393144
2026-05-21 14:29:04.953679+02:00,25.079,503.726309,-0.4645885572139292
2026-05-21 14:29:05.243671+02:00,25.081,504.016301,-0.46258855721393033
2026-05-21 14:29:05.533597+02:00,25.078,504.306227,-0.46558855721393044
2026-05-21 14:29:05.823571+02:00,25.077,504.596201,-0.4665885572139281
2026-05-21 14:29:06.114056+02:00,25.075,504.886686,-0.46858855721393056
2026-05-21 14:29:06.404773+02:00,25.073,505.177403,-0.47058855721392945
2026-05-21 14:29:06.698513+02:00,25.073,505.471143,-0.47058855721392945
2026-05-21 14:29:06.989340+02:00,25.076,505.76197,-0.46758855721392933
2026-05-21 14:29:07.280144+02:00,25.077,506.052774,-0.4665885572139281
2026-05-21 14:29:07.574187+02:00,25.075,506.346817,-0.46858855721393056
2026-05-21 14:29:07.865403+02:00,25.074,506.638033,-0.4695885572139282
2026-05-21 14:29:08.157044+02:00,25.07,506.929674,-0.47358855721392956
2026-05-21 14:29:08.447133+02:00,25.072,507.219763,-0.47158855721393067
2026-05-21 14:29:08.742401+02:00,25.069,507.515031,-0.4745885572139308
2026-05-21 14:29:09.040754+02:00,25.067,507.813384,-0.4765885572139297
2026-05-21 14:29:09.341062+02:00,25.067,508.113692,-0.4765885572139297
2026-05-21 14:29:09.640935+02:00,25.068,508.413565,-0.47558855721392845
2026-05-21 14:29:09.937981+02:00,25.066,508.710611,-0.4775885572139309
2026-05-21 14:29:10.228611+02:00,25.065,509.001241,-0.47858855721392857
2026-05-21 14:29:10.520601+02:00,25.063,509.293231,-0.480588557213931
2026-05-21 14:29:10.819368+02:00,25.063,509.591998,-0.480588557213931
2026-05-21 14:29:11.113562+02:00,25.061,509.886192,-0.4825885572139299
2026-05-21 14:29:11.407368+02:00,25.062,510.179998,-0.4815885572139287
2026-05-21 14:29:11.698938+02:00,25.06,510.471568,-0.4835885572139311
2026-05-21 14:29:11.992911+02:00,25.058,510.765541,-0.48558855721393
2026-05-21 14:29:12.284832+02:00,25.056,511.057462,-0.4875885572139289
2026-05-21 14:29:12.574410+02:00,25.059,511.34704,-0.4845885572139288
2026-05-21 14:29:12.866720+02:00,25.058,511.63935,-0.48558855721393
2026-05-21 14:29:13.160653+02:00,25.057,511.933283,-0.48658855721393124
2026-05-21 14:29:13.460776+02:00,25.054,512.233406,-0.48958855721393135
2026-05-21 14:29:13.763907+02:00,25.054,512.536537,-0.48958855721393135
2026-05-21 14:29:14.062292+02:00,25.053,512.834922,-0.490588557213929
2026-05-21 14:29:14.351541+02:00,25.051,513.124171,-0.49258855721393147
2026-05-21 14:29:14.645047+02:00,25.051,513.417677,-0.49258855721393147
2026-05-21 14:29:14.938182+02:00,25.047,513.710812,-0.49658855721392925
2026-05-21 14:29:15.238676+02:00,25.049,514.011306,-0.49458855721393036
2026-05-21 14:29:15.537489+02:00,25.051,514.310119,-0.49258855721393147
2026-05-21 14:29:15.833126+02:00,25.05,514.605756,-0.49358855721392914
2026-05-21 14:29:16.126348+02:00,25.049,514.898978,-0.49458855721393036
2026-05-21 14:29:16.415735+02:00,25.047,515.188365,-0.49658855721392925
2026-05-21 14:29:16.705185+02:00,25.048,515.477815,-0.4955885572139316
2026-05-21 14:29:16.999501+02:00,25.047,515.772131,-0.49658855721392925
2026-05-21 14:29:17.296210+02:00,25.044,516.06884,-0.49958855721392936
2026-05-21 14:29:17.594205+02:00,25.043,516.366835,-0.5005885572139306
2026-05-21 14:29:17.887873+02:00,25.045,516.660503,-0.49858855721392814
2026-05-21 14:29:18.178784+02:00,25.044,516.951414,-0.49958855721392936
2026-05-21 14:29:18.478433+02:00,25.044,517.251063,-0.49958855721392936
2026-05-21 14:29:18.776894+02:00,25.045,517.549524,-0.49858855721392814
2026-05-21 14:29:19.074515+02:00,25.04,517.847145,-0.5035885572139307
2026-05-21 14:29:19.367776+02:00,25.039,518.140406,-0.5045885572139284
2026-05-21 14:29:19.665857+02:00,25.038,518.438487,-0.5055885572139296
2026-05-21 14:29:19.955663+02:00,25.037,518.728293,-0.5065885572139308
2026-05-21 14:29:20.254230+02:00,25.037,519.02686,-0.5065885572139308
2026-05-21 14:29:20.547252+02:00,25.037,519.319882,-0.5065885572139308
2026-05-21 14:29:20.838523+02:00,25.039,519.611153,-0.5045885572139284
2026-05-21 14:29:21.131930+02:00,25.036,519.90456,-0.5075885572139285
2026-05-21 14:29:21.426666+02:00,25.034,520.199296,-0.5095885572139309
2026-05-21 14:29:21.717535+02:00,25.034,520.490165,-0.5095885572139309
2026-05-21 14:29:22.009978+02:00,25.032,520.782608,-0.5115885572139298
2026-05-21 14:29:22.298502+02:00,25.031,521.071132,-0.512588557213931
2026-05-21 14:29:22.594824+02:00,25.031,521.367454,-0.512588557213931
2026-05-21 14:29:22.893134+02:00,25.032,521.665764,-0.5115885572139298
2026-05-21 14:29:23.183150+02:00,25.031,521.95578,-0.512588557213931
2026-05-21 14:29:23.473211+02:00,25.03,522.245841,-0.5135885572139287
2026-05-21 14:29:23.763148+02:00,25.029,522.535778,-0.5145885572139299
2026-05-21 14:29:24.055978+02:00,25.028,522.828608,-0.5155885572139312
2026-05-21 14:29:24.351444+02:00,25.025,523.124074,-0.5185885572139313
2026-05-21 14:29:24.642155+02:00,25.026,523.414785,-0.51758855721393
2026-05-21 14:29:24.942070+02:00,25.025,523.7147,-0.5185885572139313
2026-05-21 14:29:25.235498+02:00,25.023,524.008128,-0.5205885572139302
2026-05-21 14:29:25.527963+02:00,25.021,524.300593,-0.522588557213929
2026-05-21 14:29:25.818977+02:00,25.02,524.591607,-0.5235885572139303
2026-05-21 14:29:26.109028+02:00,25.02,524.881658,-0.5235885572139303
2026-05-21 14:29:26.399073+02:00,25.019,525.171703,-0.5245885572139315
2026-05-21 14:29:26.688679+02:00,25.018,525.461309,-0.5255885572139292
2026-05-21 14:29:26.979996+02:00,25.018,525.752626,-0.5255885572139292
2026-05-21 14:29:27.271313+02:00,25.018,526.043943,-0.5255885572139292
2026-05-21 14:29:27.565816+02:00,25.018,526.338446,-0.5255885572139292
2026-05-21 14:29:27.857114+02:00,25.015,526.629744,-0.5285885572139293
2026-05-21 14:29:28.147684+02:00,25.016,526.920314,-0.5275885572139316
2026-05-21 14:29:28.445832+02:00,25.013,527.218462,-0.5305885572139282
2026-05-21 14:29:28.743086+02:00,25.013,527.515716,-0.5305885572139282
2026-05-21 14:29:29.034111+02:00,25.011,527.806741,-0.5325885572139306
2026-05-21 14:29:29.330666+02:00,25.011,528.103296,-0.5325885572139306
2026-05-21 14:29:29.620755+02:00,25.01,528.393385,-0.5335885572139283
2026-05-21 14:29:29.924081+02:00,25.009,528.696711,-0.5345885572139295
2026-05-21 14:29:30.214756+02:00,25.009,528.987386,-0.5345885572139295
2026-05-21 14:29:30.506743+02:00,25.01,529.279373,-0.5335885572139283
2026-05-21 14:29:30.797110+02:00,25.008,529.56974,-0.5355885572139307
2026-05-21 14:29:31.096303+02:00,25.006,529.868933,-0.5375885572139296
2026-05-21 14:29:31.387313+02:00,25.004,530.159943,-0.5395885572139285
2026-05-21 14:29:31.678864+02:00,25.004,530.451494,-0.5395885572139285
2026-05-21 14:29:31.971486+02:00,25.003,530.744116,-0.5405885572139297
2026-05-21 14:29:32.270188+02:00,25.003,531.042818,-0.5405885572139297
2026-05-21 14:29:32.567517+02:00,25.0,531.340147,-0.5435885572139298
2026-05-21 14:29:32.859115+02:00,25.003,531.631745,-0.5405885572139297
2026-05-21 14:29:33.158604+02:00,25.001,531.931234,-0.5425885572139286
2026-05-21 14:29:33.453744+02:00,25.0,532.226374,-0.5435885572139298
2026-05-21 14:29:33.742992+02:00,24.999,532.515622,-0.5445885572139311
2026-05-21 14:29:34.037061+02:00,24.998,532.809691,-0.5455885572139287
2026-05-21 14:29:34.331007+02:00,24.997,533.103637,-0.54658855721393
2026-05-21 14:29:34.621676+02:00,24.995,533.394306,-0.5485885572139289
2026-05-21 14:29:34.914472+02:00,24.997,533.687102,-0.54658855721393
2026-05-21 14:29:35.205362+02:00,24.995,533.977992,-0.5485885572139289
2026-05-21 14:29:35.507179+02:00,24.995,534.279809,-0.5485885572139289
2026-05-21 14:29:35.806814+02:00,24.995,534.579444,-0.5485885572139289
2026-05-21 14:29:36.100595+02:00,24.991,534.873225,-0.5525885572139302
2026-05-21 14:29:36.402964+02:00,24.992,535.175594,-0.551588557213929
2026-05-21 14:29:36.706433+02:00,24.991,535.479063,-0.5525885572139302
2026-05-21 14:29:37.005735+02:00,24.99,535.778365,-0.5535885572139314
2026-05-21 14:29:37.306448+02:00,24.988,536.079078,-0.5555885572139303
2026-05-21 14:29:37.596510+02:00,24.987,536.36914,-0.5565885572139315
2026-05-21 14:29:37.892467+02:00,24.987,536.665097,-0.5565885572139315
2026-05-21 14:29:38.183455+02:00,24.986,536.956085,-0.5575885572139292
2026-05-21 14:29:38.483014+02:00,24.981,537.255644,-0.5625885572139282
2026-05-21 14:29:38.775719+02:00,24.982,537.548349,-0.5615885572139305
2026-05-21 14:29:39.072176+02:00,24.981,537.844806,-0.5625885572139282
2026-05-21 14:29:39.370155+02:00,24.982,538.142785,-0.5615885572139305
2026-05-21 14:29:39.663832+02:00,24.982,538.436462,-0.5615885572139305
2026-05-21 14:29:39.955816+02:00,24.982,538.728446,-0.5615885572139305
2026-05-21 14:29:40.251331+02:00,24.979,539.023961,-0.5645885572139306
2026-05-21 14:29:40.544952+02:00,24.978,539.317582,-0.5655885572139283
2026-05-21 14:29:40.833785+02:00,24.979,539.606415,-0.5645885572139306
2026-05-21 14:29:41.129292+02:00,24.979,539.901922,-0.5645885572139306
2026-05-21 14:29:41.422100+02:00,24.976,540.19473,-0.5675885572139308
2026-05-21 14:29:41.720826+02:00,24.978,540.493456,-0.5655885572139283
2026-05-21 14:29:42.018938+02:00,24.974,540.791568,-0.5695885572139296
2026-05-21 14:29:42.310445+02:00,24.975,541.083075,-0.5685885572139284
2026-05-21 14:29:42.600246+02:00,24.972,541.372876,-0.5715885572139285
2026-05-21 14:29:42.893280+02:00,24.972,541.66591,-0.5715885572139285
2026-05-21 14:29:43.195860+02:00,24.971,541.96849,-0.5725885572139298
2026-05-21 14:29:43.487069+02:00,24.969,542.259699,-0.5745885572139287
2026-05-21 14:29:43.776074+02:00,24.968,542.548704,-0.5755885572139299
2026-05-21 14:29:44.067426+02:00,24.968,542.840056,-0.5755885572139299
2026-05-21 14:29:44.367570+02:00,24.965,543.1402,-0.57858855721393
2026-05-21 14:29:44.657508+02:00,24.965,543.430138,-0.57858855721393
2026-05-21 14:29:44.951281+02:00,24.962,543.723911,-0.5815885572139301
2026-05-21 14:29:45.248962+02:00,24.964,544.021592,-0.5795885572139312
2026-05-21 14:29:45.543316+02:00,24.962,544.315946,-0.5815885572139301
2026-05-21 14:29:45.836053+02:00,24.962,544.608683,-0.5815885572139301
2026-05-21 14:29:46.127749+02:00,24.959,544.900379,-0.5845885572139302
2026-05-21 14:29:46.417945+02:00,24.959,545.190575,-0.5845885572139302
2026-05-21 14:29:46.709382+02:00,24.961,545.482012,-0.5825885572139313
2026-05-21 14:29:46.998403+02:00,24.958,545.771033,-0.5855885572139314
2026-05-21 14:29:47.299296+02:00,24.957,546.071926,-0.5865885572139291
2026-05-21 14:29:47.590020+02:00,24.958,546.36265,-0.5855885572139314
2026-05-21 14:29:47.882248+02:00,24.958,546.654878,-0.5855885572139314
2026-05-21 14:29:48.173938+02:00,24.959,546.946568,-0.5845885572139302
2026-05-21 14:29:48.477500+02:00,24.953,547.25013,-0.5905885572139304
2026-05-21 14:29:48.766290+02:00,24.953,547.53892,-0.5905885572139304
2026-05-21 14:29:49.067318+02:00,24.952,547.839948,-0.5915885572139281
2026-05-21 14:29:49.359825+02:00,24.952,548.132455,-0.5915885572139281
2026-05-21 14:29:49.651119+02:00,24.951,548.423749,-0.5925885572139293
2026-05-21 14:29:49.945434+02:00,24.949,548.718064,-0.5945885572139282
2026-05-21 14:29:50.235227+02:00,24.948,549.007857,-0.5955885572139294
2026-05-21 14:29:50.532799+02:00,24.95,549.305429,-0.5935885572139306
2026-05-21 14:29:50.822908+02:00,24.947,549.595538,-0.5965885572139307
2026-05-21 14:29:51.114142+02:00,24.945,549.886772,-0.5985885572139296
2026-05-21 14:29:51.404785+02:00,24.947,550.177415,-0.5965885572139307
2026-05-21 14:29:51.695432+02:00,24.946,550.468062,-0.5975885572139283
2026-05-21 14:29:51.987236+02:00,24.945,550.759866,-0.5985885572139296
2026-05-21 14:29:52.281745+02:00,24.943,551.054375,-0.6005885572139285
2026-05-21 14:29:52.570186+02:00,24.943,551.342816,-0.6005885572139285
2026-05-21 14:29:52.861831+02:00,24.941,551.634461,-0.6025885572139309
2026-05-21 14:29:53.156967+02:00,24.942,551.929597,-0.6015885572139297
2026-05-21 14:29:53.456290+02:00,24.943,552.22892,-0.6005885572139285
2026-05-21 14:29:53.757054+02:00,24.94,552.529684,-0.6035885572139286
2026-05-21 14:29:54.057606+02:00,24.939,552.830236,-0.6045885572139298
2026-05-21 14:29:54.347914+02:00,24.938,553.120544,-0.605588557213931
2026-05-21 14:29:54.640700+02:00,24.934,553.41333,-0.6095885572139288
2026-05-21 14:29:54.932854+02:00,24.938,553.705484,-0.605588557213931
2026-05-21 14:29:55.227124+02:00,24.936,553.999754,-0.6075885572139299
2026-05-21 14:29:55.527132+02:00,24.935,554.299762,-0.6085885572139311
2026-05-21 14:29:55.816276+02:00,24.937,554.588906,-0.6065885572139287
2026-05-21 14:29:56.114290+02:00,24.936,554.88692,-0.6075885572139299
2026-05-21 14:29:56.406543+02:00,24.933,555.179173,-0.61058855721393
2026-05-21 14:29:56.702317+02:00,24.932,555.474947,-0.6115885572139312
2026-05-21 14:29:57.001609+02:00,24.934,555.774239,-0.6095885572139288
2026-05-21 14:29:57.296143+02:00,24.933,556.068773,-0.61058855721393
2026-05-21 14:29:57.585538+02:00,24.93,556.358168,-0.6135885572139301
2026-05-21 14:29:57.878246+02:00,24.932,556.650876,-0.6115885572139312
2026-05-21 14:29:58.174048+02:00,24.928,556.946678,-0.615588557213929
2026-05-21 14:29:58.462908+02:00,24.927,557.235538,-0.6165885572139302
2026-05-21 14:29:58.754211+02:00,24.927,557.526841,-0.6165885572139302
2026-05-21 14:29:59.044677+02:00,24.929,557.817307,-0.6145885572139314
2026-05-21 14:29:59.335888+02:00,24.927,558.108518,-0.6165885572139302
2026-05-21 14:29:59.627440+02:00,24.927,558.40007,-0.6165885572139302
2026-05-21 14:29:59.920256+02:00,24.924,558.692886,-0.6195885572139304
2026-05-21 14:30:00.214045+02:00,24.924,558.986675,-0.6195885572139304
2026-05-21 14:30:00.503858+02:00,24.923,559.276488,-0.6205885572139316
2026-05-21 14:30:00.792871+02:00,24.925,559.565501,-0.6185885572139291
2026-05-21 14:30:01.084202+02:00,24.925,559.856832,-0.6185885572139291
2026-05-21 14:30:01.376067+02:00,24.924,560.148697,-0.6195885572139304
2026-05-21 14:30:01.665916+02:00,24.923,560.438546,-0.6205885572139316
2026-05-21 14:30:01.960471+02:00,24.922,560.733101,-0.6215885572139292
2026-05-21 14:30:02.259622+02:00,24.923,561.032252,-0.6205885572139316
2026-05-21 14:30:02.558117+02:00,24.919,561.330747,-0.6245885572139294
2026-05-21 14:30:02.857576+02:00,24.921,561.630206,-0.6225885572139305
2026-05-21 14:30:03.147872+02:00,24.919,561.920502,-0.6245885572139294
2026-05-21 14:30:03.438000+02:00,24.918,562.21063,-0.6255885572139306
2026-05-21 14:30:03.736105+02:00,24.915,562.508735,-0.6285885572139307
2026-05-21 14:30:04.032208+02:00,24.917,562.804838,-0.6265885572139283
2026-05-21 14:30:04.327993+02:00,24.916,563.100623,-0.6275885572139295
2026-05-21 14:30:04.619226+02:00,24.916,563.391856,-0.6275885572139295
2026-05-21 14:30:04.910567+02:00,24.917,563.683197,-0.6265885572139283
2026-05-21 14:30:05.201999+02:00,24.914,563.974629,-0.6295885572139284
2026-05-21 14:30:05.498939+02:00,24.914,564.271569,-0.6295885572139284
2026-05-21 14:30:05.796521+02:00,24.913,564.569151,-0.6305885572139296
2026-05-21 14:30:06.093187+02:00,24.913,564.865817,-0.6305885572139296
2026-05-21 14:30:06.388407+02:00,24.912,565.161037,-0.6315885572139308
2026-05-21 14:30:06.680338+02:00,24.913,565.452968,-0.6305885572139296
2026-05-21 14:30:06.974675+02:00,24.912,565.747305,-0.6315885572139308
2026-05-21 14:30:07.265906+02:00,24.911,566.038536,-0.6325885572139285
2026-05-21 14:30:07.564084+02:00,24.91,566.336714,-0.6335885572139297
2026-05-21 14:30:07.865544+02:00,24.909,566.638174,-0.6345885572139309
2026-05-21 14:30:08.156842+02:00,24.908,566.929472,-0.6355885572139286
2026-05-21 14:30:08.447103+02:00,24.909,567.219733,-0.6345885572139309
2026-05-21 14:30:08.743681+02:00,24.909,567.516311,-0.6345885572139309
2026-05-21 14:30:09.034173+02:00,24.903,567.806803,-0.6405885572139312
2026-05-21 14:30:09.330041+02:00,24.907,568.102671,-0.6365885572139298
2026-05-21 14:30:09.626650+02:00,24.905,568.39928,-0.6385885572139287
2026-05-21 14:30:09.921865+02:00,24.907,568.694495,-0.6365885572139298
2026-05-21 14:30:10.211277+02:00,24.908,568.983907,-0.6355885572139286
2026-05-21 14:30:10.510432+02:00,24.909,569.283062,-0.6345885572139309
2026-05-21 14:30:10.800480+02:00,24.908,569.57311,-0.6355885572139286
2026-05-21 14:30:11.097242+02:00,24.906,569.869872,-0.637588557213931
2026-05-21 14:30:11.397976+02:00,24.906,570.170606,-0.637588557213931
2026-05-21 14:30:11.688612+02:00,24.905,570.461242,-0.6385885572139287
2026-05-21 14:30:11.983739+02:00,24.905,570.756369,-0.6385885572139287
2026-05-21 14:30:12.279741+02:00,24.905,571.052371,-0.6385885572139287
2026-05-21 14:30:12.580794+02:00,24.901,571.353424,-0.64258855721393
2026-05-21 14:30:12.879426+02:00,24.903,571.652056,-0.6405885572139312
2026-05-21 14:30:13.178107+02:00,24.903,571.950737,-0.6405885572139312
2026-05-21 14:30:13.469366+02:00,24.903,572.241996,-0.6405885572139312
2026-05-21 14:30:13.764606+02:00,24.901,572.537236,-0.64258855721393
2026-05-21 14:30:14.057181+02:00,24.899,572.829811,-0.6445885572139289
2026-05-21 14:30:14.354233+02:00,24.901,573.126863,-0.64258855721393
2026-05-21 14:30:14.644867+02:00,24.901,573.417497,-0.64258855721393
2026-05-21 14:30:14.936037+02:00,24.899,573.708667,-0.6445885572139289
2026-05-21 14:30:15.230404+02:00,24.899,574.003034,-0.6445885572139289
2026-05-21 14:30:15.526231+02:00,24.899,574.298861,-0.6445885572139289
2026-05-21 14:30:15.823386+02:00,24.899,574.596016,-0.6445885572139289
2026-05-21 14:30:16.113188+02:00,24.899,574.885818,-0.6445885572139289
2026-05-21 14:30:16.403125+02:00,24.899,575.175755,-0.6445885572139289
2026-05-21 14:30:16.701303+02:00,24.899,575.473933,-0.6445885572139289
2026-05-21 14:30:16.992135+02:00,24.899,575.764765,-0.6445885572139289
2026-05-21 14:30:17.291961+02:00,24.898,576.064591,-0.6455885572139302
2026-05-21 14:30:17.595559+02:00,24.897,576.368189,-0.6465885572139314
2026-05-21 14:30:17.886584+02:00,24.898,576.659214,-0.6455885572139302
2026-05-21 14:30:18.177316+02:00,24.897,576.949946,-0.6465885572139314
2026-05-21 14:30:18.470897+02:00,24.897,577.243527,-0.6465885572139314
2026-05-21 14:30:18.768314+02:00,24.896,577.540944,-0.647588557213929
2026-05-21 14:30:19.058734+02:00,24.896,577.831364,-0.647588557213929
2026-05-21 14:30:19.350020+02:00,24.895,578.12265,-0.6485885572139303
2026-05-21 14:30:19.641689+02:00,24.897,578.414319,-0.6465885572139314
2026-05-21 14:30:19.933560+02:00,24.893,578.70619,-0.6505885572139292
2026-05-21 14:30:20.222459+02:00,24.894,578.995089,-0.6495885572139315
2026-05-21 14:30:20.521645+02:00,24.89,579.294275,-0.6535885572139293
2026-05-21 14:30:20.820201+02:00,24.892,579.592831,-0.6515885572139304
2026-05-21 14:30:21.112667+02:00,24.893,579.885297,-0.6505885572139292
2026-05-21 14:30:21.413354+02:00,24.893,580.185984,-0.6505885572139292
2026-05-21 14:30:21.705790+02:00,24.891,580.47842,-0.6525885572139316
2026-05-21 14:30:22.001936+02:00,24.891,580.774566,-0.6525885572139316
2026-05-21 14:30:22.294084+02:00,24.892,581.066714,-0.6515885572139304
2026-05-21 14:30:22.584088+02:00,24.893,581.356718,-0.6505885572139292
2026-05-21 14:30:22.889174+02:00,24.894,581.661804,-0.6495885572139315
2026-05-21 14:30:23.188386+02:00,24.892,581.961016,-0.6515885572139304
2026-05-21 14:30:23.488841+02:00,24.893,582.261471,-0.6505885572139292
2026-05-21 14:30:23.789948+02:00,24.891,582.562578,-0.6525885572139316
2026-05-21 14:30:24.086401+02:00,24.891,582.859031,-0.6525885572139316
2026-05-21 14:30:24.385604+02:00,24.891,583.158234,-0.6525885572139316
2026-05-21 14:30:24.675353+02:00,24.892,583.447983,-0.6515885572139304
2026-05-21 14:30:24.967640+02:00,24.891,583.74027,-0.6525885572139316
2026-05-21 14:30:25.263724+02:00,24.888,584.036354,-0.6555885572139282
2026-05-21 14:30:25.557452+02:00,24.89,584.330082,-0.6535885572139293
2026-05-21 14:30:25.852609+02:00,24.89,584.625239,-0.6535885572139293
2026-05-21 14:30:26.144670+02:00,24.893,584.9173,-0.6505885572139292
2026-05-21 14:30:26.435812+02:00,24.888,585.208442,-0.6555885572139282
2026-05-21 14:30:26.727206+02:00,24.89,585.499836,-0.6535885572139293
2026-05-21 14:30:27.020759+02:00,24.887,585.793389,-0.6565885572139294
2026-05-21 14:30:27.311356+02:00,24.887,586.083986,-0.6565885572139294
2026-05-21 14:30:27.608855+02:00,24.887,586.381485,-0.6565885572139294
2026-05-21 14:30:27.899638+02:00,24.887,586.672268,-0.6565885572139294
2026-05-21 14:30:28.191606+02:00,24.889,586.964236,-0.6545885572139305
2026-05-21 14:30:28.490453+02:00,24.886,587.263083,-0.6575885572139306
2026-05-21 14:30:28.783940+02:00,24.886,587.55657,-0.6575885572139306
2026-05-21 14:30:29.085771+02:00,24.886,587.858401,-0.6575885572139306
2026-05-21 14:30:29.388571+02:00,24.889,588.161201,-0.6545885572139305
2026-05-21 14:30:29.684341+02:00,24.887,588.456971,-0.6565885572139294
2026-05-21 14:30:29.984819+02:00,24.887,588.757449,-0.6565885572139294
2026-05-21 14:30:30.282990+02:00,24.884,589.05562,-0.6595885572139295
2026-05-21 14:30:30.587247+02:00,24.885,589.359877,-0.6585885572139283
2026-05-21 14:30:30.881301+02:00,24.885,589.653931,-0.6585885572139283
2026-05-21 14:30:31.172436+02:00,24.887,589.945066,-0.6565885572139294
2026-05-21 14:30:31.467842+02:00,24.887,590.240472,-0.6565885572139294
2026-05-21 14:30:31.758876+02:00,24.887,590.531506,-0.6565885572139294
