time_s,time_h,signal_clean,signal_noisy,signal_noisy_resolved
0.0,0.0,0.0,,
10.0,0.002777777777777778,0.03759997006929128,,
20.0,0.005555555555555556,0.07460696614945643,,
30.0,0.008333333333333333,0.11043736580540339,,
40.0,0.011111111111111112,0.1445261022305146,0.022812766348910718,0.0
50.0,0.013888888888888888,0.17633557568774194,-0.11985521898467187,-0.0
60.0,0.016666666666666666,0.2053641317786066,-0.08722001573152584,-0.0
70.0,0.019444444444444445,0.23115397283273675,-0.1656635617608505,-0.0
80.0,0.022222222222222223,0.25329837765060453,-0.00545137519498235,-0.0
90.0,0.025,0.2714481157398059,0.018948641621558106,0.0
100.0,0.027777777777777776,0.285316954888546,0.10696208321407989,0.0
110.0,0.030555555555555555,0.2946861752186066,0.16791322254419017,0.0
120.0,0.03333333333333333,0.2994080185284815,0.2123782534843629,0.0
130.0,0.03611111111111111,0.2994080185284815,0.3307349783752701,0.0
140.0,0.03888888888888889,0.2946861752186066,0.42315432507901746,0.0
150.0,0.041666666666666664,0.285316954888546,0.31759362983514383,0.0
160.0,0.044444444444444446,0.2714481157398058,0.3296903832207192,0.0
170.0,0.04722222222222222,0.25329837765060453,0.3213398626160434,0.0
180.0,0.05,0.23115397283273675,0.4400424201060902,0.0
190.0,0.05277777777777778,0.20536413177860655,0.2984029580073353,0.0
200.0,0.05555555555555555,0.17633557568774197,0.1867696182928972,0.0
210.0,0.058333333333333334,0.14452610223051457,0.17661729039864213,0.0
220.0,0.06111111111111111,0.11043736580540332,0.09011326750841148,0.0
230.0,0.06388888888888888,0.07460696614945644,0.1562633022651671,0.0
240.0,0.06666666666666667,0.03759997006929123,0.2119404696071313,0.0
250.0,0.06944444444444445,3.6739403974420595e-17,0.21543884782869818,0.0
260.0,0.07222222222222222,-0.037599970069291284,0.1436590605401845,0.0
270.0,0.075,-0.0746069661494565,-0.0631587076966695,-0.0
280.0,0.07777777777777778,-0.11043736580540338,0.006606870748489652,0.0
290.0,0.08055555555555556,-0.1445261022305146,-0.005344213359808888,-0.0
300.0,0.08333333333333333,-0.176335575687742,-0.06493946556249826,-0.0
310.0,0.08611111111111111,-0.2053641317786066,-0.12169717862962288,-0.0
320.0,0.08888888888888889,-0.2311539728327368,-0.2850003814487436,-0.0
330.0,0.09166666666666666,-0.2532983776506046,-0.3474672129687378,-0.0
340.0,0.09444444444444444,-0.2714481157398058,-0.3166834158663109,-0.0
350.0,0.09722222222222222,-0.285316954888546,-0.39808432555084594,-0.0
360.0,0.1,-0.2946861752186066,-0.3890956551881905,-0.0
370.0,0.10277777777777777,-0.2994080185284815,-0.2720825502007733,-0.0
380.0,0.10555555555555556,-0.2994080185284815,-0.38167769529162004,-0.0
390.0,0.10833333333333334,-0.29468617521860657,-0.2728976771884719,-0.0
400.0,0.1111111111111111,-0.2853169548885461,-0.12140194399589133,-0.0
410.0,0.11388888888888889,-0.2714481157398059,-0.08303104234555814,-0.0
420.0,0.11666666666666667,-0.2532983776506045,-0.022308445593688737,-0.0
430.0,0.11944444444444445,-0.2311539728327367,-0.13409205566395732,-0.0
440.0,0.12222222222222222,-0.2053641317786065,-0.16387790036486705,-0.0
450.0,0.125,-0.176335575687742,-0.03973355052299748,-0.0
460.0,0.12777777777777777,-0.1445261022305146,-0.16672154105730674,-0.0
470.0,0.13055555555555556,-0.11043736580540335,-0.037786376994479884,-0.0
480.0,0.13333333333333333,-0.07460696614945635,-0.12514362902292642,-0.0
490.0,0.1361111111111111,-0.03759997006929113,-0.22164975002763287,-0.0
500.0,0.1388888888888889,-7.347880794884119e-17,-0.23096452243813081,-0.0
510.0,0.14166666666666666,0.03759997006929125,-0.14866742028575794,-0.0
520.0,0.14444444444444443,0.07460696614945646,0.03668290686804002,0.0
530.0,0.14722222222222223,0.11043736580540346,0.12514920261020956,0.0
540.0,0.15,0.14452610223051468,0.13604761255944645,0.0
550.0,0.1527777777777778,0.17633557568774186,0.19807750606576902,0.0
560.0,0.15555555555555556,0.20536413177860657,0.2398654275846156,0.0
570.0,0.15833333333333333,0.23115397283273675,0.35988609561670537,0.0
580.0,0.16111111111111112,0.25329837765060453,0.4655338811242179,0.0
590.0,0.1638888888888889,0.2714481157398059,0.48648025994361965,0.0
600.0,0.16666666666666666,0.28531695488854614,0.47948429386771363,0.0
610.0,0.16944444444444445,0.29468617521860657,0.19813771916586922,0.0
620.0,0.17222222222222222,0.2994080185284815,0.25626507140894816,0.0
630.0,0.175,0.2994080185284815,0.2502270593389615,0.0
640.0,0.17777777777777778,0.29468617521860657,0.3168433598561804,0.0
650.0,0.18055555555555555,0.2853169548885461,0.4504497860056495,0.0
660.0,0.18333333333333332,0.27144811573980576,0.1369117097821847,0.0
670.0,0.18611111111111112,0.25329837765060453,0.15171969202220797,0.0
680.0,0.18888888888888888,0.2311539728327369,0.14537931193890927,0.0
690.0,0.19166666666666668,0.20536413177860652,0.029627876891226188,0.0
700.0,0.19444444444444445,0.176335575687742,0.2408209360777677,0.0
710.0,0.19722222222222222,0.1445261022305144,0.07849245501935943,0.0
720.0,0.2,0.11043736580540339,0.04275874991006751,0.0
730.0,0.20277777777777778,0.07460696614945612,-0.0797999775365703,-0.0
740.0,0.20555555555555555,0.037599970069291166,-0.22155356786198951,-0.0
750.0,0.20833333333333334,1.1021821192326178e-16,-0.09822637108391709,-0.0
760.0,0.2111111111111111,-0.03759997006929148,-0.2670746509088533,-0.0
770.0,0.21388888888888888,-0.07460696614945643,-0.27220152644233675,-0.0
780.0,0.21666666666666667,-0.11043736580540367,-0.29601430411037744,-0.0
790.0,0.21944444444444444,-0.14452610223051465,-0.4777566677313812,-0.0
800.0,0.2222222222222222,-0.17633557568774183,-0.33376867746511807,-0.0
810.0,0.225,-0.20536413177860674,-0.31140550479122076,-0.0
820.0,0.22777777777777777,-0.23115397283273675,-0.2951872552379984,-0.0
830.0,0.23055555555555557,-0.2532983776506047,-0.4230220661998955,-0.0
840.0,0.23333333333333334,-0.2714481157398059,-0.36830437472442074,-0.0
850.0,0.2361111111111111,-0.285316954888546,-0.27969693514490573,-0.0
860.0,0.2388888888888889,-0.2946861752186066,-0.29549687472242625,-0.0
870.0,0.24166666666666667,-0.2994080185284815,-0.26067114164528715,-0.0
880.0,0.24444444444444444,-0.2994080185284814,-0.16490091618653588,-0.0
890.0,0.24722222222222223,-0.29468617521860657,-0.29651444153694606,-0.0
900.0,0.25,-0.28531695488854614,-0.3645323767978787,-0.0
910.0,0.25277777777777777,-0.27144811573980576,-0.34504034893666646,-0.0
920.0,0.25555555555555554,-0.25329837765060453,-0.23526691792461796,-0.0
930.0,0.25833333333333336,-0.23115397283273656,-0.18400683484959654,-0.0
940.0,0.2611111111111111,-0.20536413177860655,-0.21371881224047692,-0.0
950.0,0.2638888888888889,-0.17633557568774202,-0.09839703163724671,-0.0
960.0,0.26666666666666666,-0.14452610223051443,-0.06349953841673693,-0.0
970.0,0.26944444444444443,-0.11043736580540342,0.1555437761799507,0.0
980.0,0.2722222222222222,-0.07460696614945617,0.3643552805327646,0.0
990.0,0.275,-0.0375999700692912,0.4659676605260852,0.0
1000.0,0.2777777777777778,-1.4695761589768238e-16,0.5959241265035963,1.0
1010.0,0.28055555555555556,0.037599970069291444,0.6404120736860833,1.0
1020.0,0.2833333333333333,0.07460696614945639,0.543810374729813,1.0
1030.0,0.2861111111111111,0.11043736580540364,0.47162284326066156,0.0
1040.0,0.28888888888888886,0.14452610223051462,0.4671801701105138,0.0
1050.0,0.2916666666666667,0.1763355756877418,0.40488823773472715,0.0
1060.0,0.29444444444444445,0.2053641317786067,0.2852312037502087,0.0
1070.0,0.2972222222222222,0.23115397283273673,0.19816734865769484,0.0
1080.0,0.3,0.25329837765060464,0.1388631133249948,0.0
1090.0,0.30277777777777776,0.2714481157398059,0.020906873684083872,0.0
1100.0,0.3055555555555556,0.285316954888546,0.014836176104483833,0.0
1110.0,0.30833333333333335,0.2946861752186066,0.044902035392476905,0.0
1120.0,0.3111111111111111,0.2994080185284815,0.12412355150917774,0.0
1130.0,0.3138888888888889,0.2994080185284815,0.05733069059109858,0.0
1140.0,0.31666666666666665,0.29468617521860657,0.017793731410151996,0.0
1150.0,0.3194444444444444,0.28531695488854614,-0.010104634311247189,-0.0
1160.0,0.32222222222222224,0.2714481157398058,0.059134719463194804,0.0
1170.0,0.325,0.25329837765060453,-0.06227280265058269,-0.0
1180.0,0.3277777777777778,0.2311539728327366,-0.03764492283529297,-0.0
1190.0,0.33055555555555555,0.20536413177860655,-0.18800059952290094,-0.0
1200.0,0.3333333333333333,0.17633557568774164,-0.16239841418124554,-0.0
1210.0,0.33611111111111114,0.14452610223051446,-0.09855594618456132,-0.0
1220.0,0.3388888888888889,0.11043736580540346,-0.07378007475095201,-0.0
1230.0,0.3416666666666667,0.0746069661494562,-0.1901059354298373,-0.0
1240.0,0.34444444444444444,0.03759997006929124,-0.210013524105522,-0.0
1250.0,0.3472222222222222,-3.4921003194797215e-16,-0.23848905055510267,-0.0
1260.0,0.35,-0.03759997006929141,-0.21562756201922917,-0.0
1270.0,0.3527777777777778,-0.07460696614945635,-0.2146820484408111,-0.0
1280.0,0.35555555555555557,-0.1104373658054036,-0.3060365168655206,-0.0
1290.0,0.35833333333333334,-0.1445261022305146,-0.4186348837284019,-0.0
1300.0,0.3611111111111111,-0.17633557568774177,-0.47864776917133667,-0.0
1310.0,0.3638888888888889,-0.20536413177860632,-0.47713578484188246,-0.0
1320.0,0.36666666666666664,-0.23115397283273703,-0.1699490975038248,-0.0
1330.0,0.36944444444444446,-0.25329837765060464,-0.1453186861041804,-0.0
1340.0,0.37222222222222223,-0.2714481157398059,-0.33290822629622374,-0.0
1350.0,0.375,-0.285316954888546,-0.22330558076372042,-0.0
1360.0,0.37777777777777777,-0.2946861752186065,-0.27660241572025773,-0.0
1370.0,0.38055555555555554,-0.2994080185284815,-0.20214890287973564,-0.0
1380.0,0.38333333333333336,-0.2994080185284815,-0.16476251135067743,-0.0
1390.0,0.3861111111111111,-0.2946861752186066,-0.2789179249854024,-0.0
1400.0,0.3888888888888889,-0.28531695488854614,-0.33716788553065796,-0.0
1410.0,0.39166666666666666,-0.27144811573980554,-0.490713540027413,-0.0
1420.0,0.39444444444444443,-0.25329837765060426,-0.4967117577163786,-0.0
1430.0,0.3972222222222222,-0.23115397283273664,-0.31485531020449165,-0.0
1440.0,0.4,-0.2053641317786066,-0.3798447417363015,-0.0
1450.0,0.4027777777777778,-0.1763355756877421,-0.35792663236831046,-0.0
1460.0,0.40555555555555556,-0.14452610223051401,-0.31218992853125926,-0.0
1470.0,0.4083333333333333,-0.11043736580540299,-0.18485934447100189,-0.0
1480.0,0.4111111111111111,-0.07460696614945622,-0.016117791333166723,-0.0
1490.0,0.41388888888888886,-0.03759997006929128,0.03663604628485714,0.0
1500.0,0.4166666666666667,-2.2043642384652356e-16,0.04745340376946802,0.0
1510.0,0.41944444444444445,0.0375999700692919,0.09382548670850216,0.0
1520.0,0.4222222222222222,0.07460696614945683,0.19631185330345116,0.0
1530.0,0.425,0.11043736580540357,0.30631498895364984,0.0
1540.0,0.42777777777777776,0.14452610223051457,0.43548407663512095,0.0
1550.0,0.4305555555555556,0.17633557568774175,0.5444525459311033,1.0
1560.0,0.43333333333333335,0.20536413177860705,0.5723790345115263,1.0
1570.0,0.4361111111111111,0.23115397283273703,0.5627725762125981,1.0
1580.0,0.4388888888888889,0.2532983776506046,0.45282140699984375,0.0
1590.0,0.44166666666666665,0.2714481157398058,0.4978299069763832,0.0
1600.0,0.4444444444444444,0.28531695488854597,0.5201403787173393,1.0
1610.0,0.44722222222222224,0.2946861752186067,0.49682680546658214,0.0
1620.0,0.45,0.2994080185284815,0.3693993557443074,0.0
1630.0,0.4527777777777778,0.2994080185284815,0.31258486649468137,0.0
1640.0,0.45555555555555555,0.2946861752186066,0.2728576810622465,0.0
1650.0,0.4583333333333333,0.28531695488854614,0.2551767924351838,0.0
1660.0,0.46111111111111114,0.2714481157398056,0.3020762231341685,0.0
1670.0,0.4638888888888889,0.2532983776506043,0.5168644256342978,1.0
1680.0,0.4666666666666667,0.23115397283273664,0.4615085844465314,0.0
1690.0,0.46944444444444444,0.2053641317786066,0.4057419710367463,0.0
1700.0,0.4722222222222222,0.17633557568774214,0.38491758812547455,0.0
1710.0,0.475,0.14452610223051407,0.552618275022839,1.0
1720.0,0.4777777777777778,0.11043736580540302,0.4483606724355884,0.0
1730.0,0.48055555555555557,0.07460696614945626,0.40704680314856556,0.0
1740.0,0.48333333333333334,0.03759997006929132,0.4127231589701831,0.0
1750.0,0.4861111111111111,2.5717582782094415e-16,0.267921346017219,0.0
1760.0,0.4888888888888889,-0.03759997006929186,0.11895754170318416,0.0
1770.0,0.49166666666666664,-0.0746069661494568,0.14175753153023032,0.0
1780.0,0.49444444444444446,-0.11043736580540355,0.11260289520653988,0.0
1790.0,0.49722222222222223,-0.14452610223051454,0.014686611039506747,0.0
1800.0,0.5,-0.17633557568774175,-0.005478667019859638,-0.0
1810.0,0.5027777777777778,-0.20536413177860702,0.05866877383919238,0.0
1820.0,0.5055555555555555,-0.231153972832737,0.10896981510797439,0.0
1830.0,0.5083333333333333,-0.2532983776506046,0.00408230616533946,0.0
1840.0,0.5111111111111111,-0.2714481157398058,0.05717936011453319,0.0
1850.0,0.5138888888888888,-0.28531695488854597,0.0920217680033101,0.0
1860.0,0.5166666666666667,-0.2946861752186067,-0.02240655798509201,-0.0
1870.0,0.5194444444444445,-0.2994080185284815,0.0043194665622806145,0.0
1880.0,0.5222222222222223,-0.2994080185284815,-0.020221296103522732,-0.0
1890.0,0.525,-0.2946861752186066,-0.2150155210293089,-0.0
1900.0,0.5277777777777778,-0.28531695488854614,-0.2650688698127166,-0.0
1910.0,0.5305555555555556,-0.2714481157398056,-0.32268027554228884,-0.0
1920.0,0.5333333333333333,-0.2532983776506043,-0.3189745370320248,-0.0
1930.0,0.5361111111111111,-0.23115397283273667,-0.33505300651445463,-0.0
1940.0,0.5388888888888889,-0.20536413177860666,-0.5084378030319902,-1.0
1950.0,0.5416666666666666,-0.17633557568774216,-0.37735303892416766,-0.0
1960.0,0.5444444444444444,-0.14452610223051407,-0.4099501068597264,-0.0
1970.0,0.5472222222222223,-0.11043736580540306,-0.4738490007028991,-0.0
1980.0,0.55,-0.0746069661494563,-0.4357627034717373,-0.0
1990.0,0.5527777777777778,-0.037599970069291354,-0.4943689569115196,-0.0
2000.0,0.5555555555555556,-2.9391523179536476e-16,-0.44566063509172577,-0.0
2010.0,0.5583333333333333,0.037599970069291826,-0.3854915148940381,-0.0
2020.0,0.5611111111111111,0.07460696614945676,-0.25265061575188047,-0.0
2030.0,0.5638888888888889,0.1104373658054035,-0.024560765674255778,-0.0
2040.0,0.5666666666666667,0.1445261022305145,-0.03910221228120134,-0.0
2050.0,0.5694444444444444,0.1763355756877417,0.050359629267915595,0.0
2060.0,0.5722222222222222,0.20536413177860702,0.1870117542652226,0.0
2070.0,0.575,0.23115397283273698,0.24183267230881736,0.0
2080.0,0.5777777777777777,0.2532983776506046,0.3325420383563208,0.0
2090.0,0.5805555555555556,0.2714481157398058,0.5113081128696277,1.0
2100.0,0.5833333333333334,0.28531695488854597,0.40676498215896634,0.0
2110.0,0.5861111111111111,0.2946861752186067,0.2593019399728668,0.0
2120.0,0.5888888888888889,0.2994080185284815,0.2715030586815766,0.0
2130.0,0.5916666666666667,0.2994080185284815,0.2690342897545059,0.0
2140.0,0.5944444444444444,0.2946861752186066,0.2631262131799537,0.0
2150.0,0.5972222222222222,0.28531695488854614,0.37227452807572053,0.0
2160.0,0.6,0.27144811573980565,0.35709827536520816,0.0
2170.0,0.6027777777777777,0.25329837765060437,0.4017636652695746,0.0
2180.0,0.6055555555555555,0.2311539728327367,0.22585031234866187,0.0
2190.0,0.6083333333333333,0.20536413177860668,0.3731810279813268,0.0
2200.0,0.6111111111111112,0.1763355756877422,0.47949319644598376,0.0
2210.0,0.6138888888888889,0.1445261022305141,0.3217558828532954,0.0
2220.0,0.6166666666666667,0.11043736580540309,0.3146624801501403,0.0
2230.0,0.6194444444444445,0.07460696614945633,0.2999252155656286,0.0
2240.0,0.6222222222222222,0.03759997006929138,0.03412379258870743,0.0
2250.0,0.625,3.3065463576978537e-16,0.017329894979533047,0.0
2260.0,0.6277777777777778,-0.03759997006929179,-0.120399948864963,-0.0
2270.0,0.6305555555555555,-0.07460696614945672,-0.08880729569369888,-0.0
2280.0,0.6333333333333333,-0.11043736580540348,-0.20375530198379532,-0.0
2290.0,0.6361111111111111,-0.14452610223051449,-0.2530336947749854,-0.0
2300.0,0.6388888888888888,-0.17633557568774166,-0.30470211025709193,-0.0
2310.0,0.6416666666666667,-0.205364131778607,-0.25750972515253834,-0.0
2320.0,0.6444444444444445,-0.23115397283273698,-0.2747534939282248,-0.0
2330.0,0.6472222222222223,-0.25329837765060453,-0.1681190901200333,-0.0
2340.0,0.65,-0.2714481157398058,-0.25549905586120364,-0.0
2350.0,0.6527777777777778,-0.2853169548885463,-0.1731168869190062,-0.0
2360.0,0.6555555555555556,-0.2946861752186067,-0.22312457643891012,-0.0
2370.0,0.6583333333333333,-0.2994080185284815,-0.16713781424760704,-0.0
2380.0,0.6611111111111111,-0.2994080185284815,-0.26007522427370866,-0.0
2390.0,0.6638888888888889,-0.2946861752186066,-0.12814563317035507,-0.0
2400.0,0.6666666666666666,-0.28531695488854586,-0.18984019898618615,-0.0
2410.0,0.6694444444444444,-0.27144811573980565,-0.19045500858086922,-0.0
2420.0,0.6722222222222223,-0.25329837765060437,-0.15263374348178257,-0.0
2430.0,0.675,-0.2311539728327367,-0.1095954481201888,-0.0
2440.0,0.6777777777777778,-0.2053641317786067,-0.019915295251715252,-0.0
2450.0,0.6805555555555556,-0.17633557568774136,-0.011863121549705265,-0.0
2460.0,0.6833333333333333,-0.14452610223051415,0.14169938674336138,0.0
2470.0,0.6861111111111111,-0.11043736580540313,0.16819138435320646,0.0
2480.0,0.6888888888888889,-0.07460696614945637,0.014749189663944402,0.0
2490.0,0.6916666666666667,-0.03759997006929142,-0.039661305104252156,-0.0
2500.0,0.6944444444444444,6.984200638959443e-16,0.004741018112808397,0.0
2510.0,0.6972222222222222,0.03759997006929175,0.06506343311672151,0.0
2520.0,0.7,0.0746069661494567,0.22736483218272235,0.0
2530.0,0.7027777777777777,0.11043736580540343,0.10295593508311737,0.0
2540.0,0.7055555555555556,0.14452610223051443,0.12424566715519027,0.0
2550.0,0.7083333333333334,0.1763355756877425,-0.007691280199598551,-0.0
2560.0,0.7111111111111111,0.20536413177860693,0.11584006519263407,0.0
2570.0,0.7138888888888889,0.23115397283273692,0.2457055672378008,0.0
2580.0,0.7166666666666667,0.25329837765060453,0.4288197477430812,0.0
2590.0,0.7194444444444444,0.27144811573980576,0.29902186563418676,0.0
2600.0,0.7222222222222222,0.28531695488854597,0.20213426134642443,0.0
2610.0,0.725,0.29468617521860646,0.32535838643826825,0.0
2620.0,0.7277777777777777,0.29940801852848137,0.3769276424805103,0.0
2630.0,0.7305555555555555,0.29940801852848137,0.3480609507610468,0.0
2640.0,0.7333333333333333,0.29468617521860646,0.3022265057353593,0.0
2650.0,0.7361111111111112,0.28531695488854586,0.23105048057195057,0.0
2660.0,0.7388888888888889,0.27144811573980565,0.36384478868015097,0.0
2670.0,0.7416666666666667,0.25329837765060437,0.35380347357730857,0.0
2680.0,0.7444444444444445,0.23115397283273673,0.35242231631834,0.0
2690.0,0.7472222222222222,0.20536413177860674,0.3783328632377462,0.0
2700.0,0.75,0.17633557568774227,0.11528557025523595,0.0
2710.0,0.7527777777777778,0.1445261022305151,0.003657294761295492,0.0
2720.0,0.7555555555555555,0.11043736580540416,0.1541088721045648,0.0
2730.0,0.7583333333333333,0.07460696614945538,0.17299035560713888,0.0
2740.0,0.7611111111111111,0.0375999700692904,0.07670779575959731,0.0
2750.0,0.7638888888888888,-6.616806599215236e-16,-0.10796196571110646,-0.0
2760.0,0.7666666666666667,-0.037599970069291715,-0.09659027504114319,-0.0
2770.0,0.7694444444444445,-0.07460696614945667,-0.04212257988834653,-0.0
2780.0,0.7722222222222223,-0.1104373658054034,-0.09480465612389605,-0.0
2790.0,0.775,-0.1445261022305144,0.029173449906708646,0.0
2800.0,0.7777777777777778,-0.1763355756877416,0.16315333364679324,0.0
2810.0,0.7805555555555556,-0.20536413177860616,-0.007583520555290508,-0.0
2820.0,0.7833333333333333,-0.23115397283273756,-0.05083105375848943,-0.0
2830.0,0.7861111111111111,-0.2532983776506051,-0.05776837065041523,-0.0
2840.0,0.7888888888888889,-0.2714481157398062,-0.04814331123478152,-0.0
2850.0,0.7916666666666666,-0.28531695488854625,-0.12348634768473349,-0.0
2860.0,0.7944444444444444,-0.2946861752186067,-0.22448962895154267,-0.0
2870.0,0.7972222222222223,-0.2994080185284815,-0.15671290312987673,-0.0
2880.0,0.8,-0.2994080185284815,-0.36824560390162187,-0.0
2890.0,0.8027777777777778,-0.2946861752186066,-0.4095496093980253,-0.0
2900.0,0.8055555555555556,-0.2853169548885462,-0.3572290188674971,-0.0
2910.0,0.8083333333333333,-0.27144811573980615,-0.37538417484646874,-0.0
2920.0,0.8111111111111111,-0.2532983776506038,-0.23464090774711385,-0.0
2930.0,0.8138888888888889,-0.2311539728327361,-0.13396698531223256,-0.0
2940.0,0.8166666666666667,-0.205364131778606,-0.2694804849346381,-0.0
2950.0,0.8194444444444444,-0.17633557568774144,-0.21562537155960226,-0.0
2960.0,0.8222222222222222,-0.1445261022305142,-0.2886573754399718,-0.0
2970.0,0.825,-0.11043736580540318,-0.17478775525808124,-0.0
2980.0,0.8277777777777777,-0.07460696614945644,-0.2267913268681949,-0.0
2990.0,0.8305555555555556,-0.0375999700692915,-0.26547556709065634,-0.0
3000.0,0.8333333333333334,-4.408728476930471e-16,-0.2821796573777376,-0.0
3010.0,0.8361111111111111,0.03759997006929062,-0.2790046853512821,-0.0
3020.0,0.8388888888888889,0.07460696614945765,-0.4089265353168065,-0.0
3030.0,0.8416666666666667,0.11043736580540435,-0.22680953471360554,-0.0
3040.0,0.8444444444444444,0.14452610223051532,-0.07315953066293926,-0.0
3050.0,0.8472222222222222,0.17633557568774244,-0.11020310130318917,-0.0
3060.0,0.85,0.20536413177860688,-0.10858437503775087,-0.0
3070.0,0.8527777777777777,0.2311539728327369,0.008950635608038894,0.0
3080.0,0.8555555555555555,0.25329837765060453,0.08739328381736348,0.0
3090.0,0.8583333333333333,0.2714481157398057,0.1931279260670419,0.0
3100.0,0.8611111111111112,0.2853169548885459,0.21608614490697792,0.0
3110.0,0.8638888888888889,0.29468617521860646,0.3011990722744329,0.0
3120.0,0.8666666666666667,0.29940801852848153,0.24874163476738337,0.0
3130.0,0.8694444444444445,0.29940801852848137,0.13068058074856673,0.0
3140.0,0.8722222222222222,0.29468617521860646,0.3121726346197363,0.0
3150.0,0.875,0.28531695488854586,0.2522473422257277,0.0
3160.0,0.8777777777777778,0.2714481157398057,0.17656584224352365,0.0
3170.0,0.8805555555555555,0.2532983776506044,0.12492292435629476,0.0
3180.0,0.8833333333333333,0.23115397283273675,0.23085178917732632,0.0
3190.0,0.8861111111111111,0.20536413177860677,0.10338692480219354,0.0
3200.0,0.8888888888888888,0.17633557568774233,0.016151236493509927,0.0
3210.0,0.8916666666666667,0.14452610223051518,-0.017317848993443224,-0.0
3220.0,0.8944444444444445,0.11043736580540224,-0.008179117444463159,-0.0
3230.0,0.8972222222222223,0.07460696614945544,-0.012723302461928506,-0.0
3240.0,0.9,0.03759997006929048,0.017962068397065465,0.0
3250.0,0.9027777777777778,-5.882018519726825e-16,-0.06582436282295867,-0.0
3260.0,0.9055555555555556,-0.037599970069291645,-0.06925050527767201,-0.0
3270.0,0.9083333333333333,-0.07460696614945658,-0.32418622626141097,-0.0
3280.0,0.9111111111111111,-0.11043736580540334,-0.2777306328480156,-0.0
3290.0,0.9138888888888889,-0.14452610223051435,-0.24902390472797492,-0.0
3300.0,0.9166666666666666,-0.17633557568774152,-0.16946766512796704,-0.0
3310.0,0.9194444444444444,-0.20536413177860607,-0.2218500956071196,-0.0
3320.0,0.9222222222222223,-0.23115397283273753,-0.479922873047001,-0.0
3330.0,0.925,-0.25329837765060503,-0.5477904826512748,-1.0
3340.0,0.9277777777777778,-0.2714481157398062,-0.5307177294995066,-1.0
3350.0,0.9305555555555556,-0.28531695488854625,-0.51278277102296,-1.0
3360.0,0.9333333333333333,-0.2946861752186067,-0.3262779238633882,-0.0
3370.0,0.9361111111111111,-0.2994080185284815,-0.4448957810472606,-0.0
3380.0,0.9388888888888889,-0.2994080185284815,-0.4337140340240814,-0.0
3390.0,0.9416666666666667,-0.2946861752186066,-0.6437813519102266,-1.0
3400.0,0.9444444444444444,-0.2853169548885462,-0.6999055168432979,-1.0
3410.0,0.9472222222222222,-0.27144811573980615,-0.6141924447794386,-1.0
3420.0,0.95,-0.25329837765060387,-0.5347886995343081,-1.0
3430.0,0.9527777777777777,-0.23115397283273614,-0.4718251423908381,-0.0
3440.0,0.9555555555555556,-0.20536413177860605,-0.42656398304647597,-0.0
3450.0,0.9583333333333334,-0.17633557568774147,-0.4263302559599781,-0.0
3460.0,0.9611111111111111,-0.14452610223051426,-0.28197164799053187,-0.0
3470.0,0.9638888888888889,-0.11043736580540327,-0.30749301074059887,-0.0
3480.0,0.9666666666666667,-0.07460696614945651,-0.2490249934843845,-0.0
3490.0,0.9694444444444444,-0.03759997006929157,-0.20959284402526812,-0.0
3500.0,0.9722222222222222,-5.143516556418883e-16,-0.12965333076894264,-0.0
3510.0,0.975,0.03759997006929055,0.09464790658863452,0.0
3520.0,0.9777777777777777,0.07460696614945758,0.24915223110279308,0.0
3530.0,0.9805555555555555,0.1104373658054043,0.1571672745056763,0.0
3540.0,0.9833333333333333,0.14452610223051524,0.05317571042652869,0.0
3550.0,0.9861111111111112,0.17633557568774236,0.01677470831383289,0.0
3560.0,0.9888888888888889,0.20536413177860685,0.14104495273549297,0.0
3570.0,0.9916666666666667,0.23115397283273684,0.28853626670732635,0.0
3580.0,0.9944444444444445,0.2532983776506044,0.45118870486542,0.0
3590.0,0.9972222222222222,0.2714481157398057,0.5259282505317248,1.0
3600.0,1.0,0.28531695488854586,0.3946950192636611,0.0
3610.0,1.0027777777777778,0.29468617521860646,0.2641769535582424,0.0
3620.0,1.0055555555555555,0.29940801852848153,0.28053304068221263,0.0
3630.0,1.0083333333333333,0.29940801852848137,0.351138793931131,0.0
3640.0,1.011111111111111,0.29468617521860646,0.3606851000446325,0.0
3650.0,1.0138888888888888,0.28531695488854586,0.3996170153757775,0.0
3660.0,1.0166666666666666,0.2714481157398057,0.32442862479931156,0.0
3670.0,1.0194444444444444,0.2532983776506044,0.15730869759747604,0.0
3680.0,1.0222222222222221,0.23115397283273684,-0.04497613191500571,-0.0
3690.0,1.025,0.20536413177860685,-0.004322550580732696,-0.0
3700.0,1.0277777777777777,0.17633557568774236,-0.004059503310067036,-0.0
3710.0,1.0305555555555554,0.14452610223051524,0.16046077401718384,0.0
3720.0,1.0333333333333334,0.11043736580540231,0.08278638987707689,0.0
3730.0,1.0361111111111112,0.07460696614945551,0.22475253893784203,0.0
3740.0,1.038888888888889,0.03759997006929055,0.012042151457397843,0.0
3750.0,1.0416666666666667,-5.147230440238413e-16,-0.005945976804329832,-0.0
3760.0,1.0444444444444445,-0.03759997006929157,0.0786029625385375,0.0
3770.0,1.0472222222222223,-0.07460696614945651,0.1978724458455712,0.0
3780.0,1.05,-0.11043736580540327,0.22682904148709712,0.0
3790.0,1.0527777777777778,-0.14452610223051426,0.32989610993092117,0.0
3800.0,1.0555555555555556,-0.17633557568774147,0.14654929973927577,0.0
3810.0,1.0583333333333333,-0.20536413177860757,0.16956143329381235,0.0
3820.0,1.0611111111111111,-0.2311539728327375,0.06006252150709016,0.0
3830.0,1.0638888888888889,-0.25329837765060503,0.12436077432139145,0.0
3840.0,1.0666666666666667,-0.27144811573980615,0.16826321528481453,0.0
3850.0,1.0694444444444444,-0.2853169548885462,0.192897118083481,0.0
3860.0,1.0722222222222222,-0.2946861752186066,0.04334238697231717,0.0
3870.0,1.075,-0.2994080185284815,-0.016195804568468235,-0.0
3880.0,1.0777777777777777,-0.2994080185284815,-0.13129799929216196,-0.0
3890.0,1.0805555555555555,-0.2946861752186067,-0.2568844794413224,-0.0
3900.0,1.0833333333333333,-0.28531695488854625,-0.31509003597059226,-0.0
3910.0,1.086111111111111,-0.27144811573980526,-0.3620670112459819,-0.0
3920.0,1.0888888888888888,-0.2532983776506039,-0.20360909562209828,-0.0
3930.0,1.0916666666666666,-0.23115397283273617,-0.21910928423284695,-0.0
3940.0,1.0944444444444446,-0.20536413177860607,-0.3311654156919699,-0.0
3950.0,1.0972222222222223,-0.17633557568774152,-0.15737130462295426,-0.0
3960.0,1.1,-0.14452610223051435,-0.2023256771251821,-0.0
3970.0,1.1027777777777779,-0.11043736580540334,-0.19961391845531773,-0.0
3980.0,1.1055555555555556,-0.07460696614945658,-0.1405879048966664,-0.0
3990.0,1.1083333333333334,-0.037599970069291645,0.0030763529322945793,0.0
4000.0,1.1111111111111112,-5.878304635907295e-16,0.030599768565488388,0.0
4010.0,1.113888888888889,0.03759997006929259,-0.0824565568462676,-0.0
4020.0,1.1166666666666667,0.07460696614945751,0.04673859085302673,0.0
4030.0,1.1194444444444445,0.11043736580540423,0.23140265578662206,0.0
4040.0,1.1222222222222222,0.14452610223051518,0.17865983329471258,0.0
4050.0,1.125,0.17633557568774233,0.1512434295711053,0.0
4060.0,1.1277777777777778,0.20536413177860677,0.12511553486534435,0.0
4070.0,1.1305555555555555,0.23115397283273675,0.1434081349573157,0.0
4080.0,1.1333333333333333,0.2532983776506044,-0.033108850313123654,-0.0
4090.0,1.136111111111111,0.2714481157398057,-0.06703375023511435,-0.0
4100.0,1.1388888888888888,0.28531695488854586,0.055762102360555184,0.0
4110.0,1.1416666666666666,0.29468617521860685,0.14002325023302087,0.0
4120.0,1.1444444444444444,0.29940801852848153,0.09334432965222196,0.0
4130.0,1.1472222222222221,0.29940801852848137,0.21158194596669747,0.0
4140.0,1.15,0.29468617521860646,0.31607478509281406,0.0
4150.0,1.1527777777777777,0.2853169548885459,0.39347708282063265,0.0
4160.0,1.1555555555555554,0.2714481157398057,0.4391891762699994,0.0
4170.0,1.1583333333333334,0.25329837765060453,0.5965848416711341,1.0
4180.0,1.1611111111111112,0.2311539728327369,0.6574346629586765,1.0
4190.0,1.163888888888889,0.20536413177860688,0.5032714499313059,1.0
4200.0,1.1666666666666667,0.17633557568774244,0.2955292225404963,0.0
4210.0,1.1694444444444445,0.14452610223051343,0.13118765101710667,0.0
4220.0,1.1722222222222223,0.11043736580540238,-0.0007629284769474468,-0.0
4230.0,1.175,0.07460696614945558,0.057451787609448836,0.0
4240.0,1.1777777777777778,0.03759997006929062,0.020009155013855116,0.0
4250.0,1.1805555555555556,-4.412442360750001e-16,0.09694080891498438,0.0
4260.0,1.1833333333333333,-0.0375999700692915,0.03491127070113066,0.0
4270.0,1.1861111111111111,-0.07460696614945644,-0.08078675232726701,-0.0
4280.0,1.1888888888888889,-0.11043736580540318,-0.14862990585243513,-0.0
4290.0,1.1916666666666667,-0.1445261022305142,-0.08486263796105817,-0.0
4300.0,1.1944444444444444,-0.17633557568774144,-0.06941573304094824,-0.0
4310.0,1.1972222222222222,-0.20536413177860754,-0.1555285549996046,-0.0
4320.0,1.2,-0.23115397283273742,-0.2190783875790309,-0.0
4330.0,1.2027777777777777,-0.253298377650605,-0.16709745495828893,-0.0
4340.0,1.2055555555555555,-0.27144811573980615,-0.1527076467190128,-0.0
4350.0,1.2083333333333333,-0.2853169548885462,-0.2442315182917153,-0.0
4360.0,1.211111111111111,-0.2946861752186066,-0.199419585306637,-0.0
4370.0,1.2138888888888888,-0.2994080185284815,-0.16414789414925657,-0.0
4380.0,1.2166666666666666,-0.2994080185284815,-0.246719807392223,-0.0
4390.0,1.2194444444444446,-0.2946861752186067,-0.11576782585328378,-0.0
4400.0,1.2222222222222223,-0.28531695488854625,0.07807653547272245,0.0
4410.0,1.225,-0.2714481157398053,0.02406370988870532,0.0
4420.0,1.2277777777777779,-0.2532983776506039,-0.001988091736687835,-0.0
4430.0,1.2305555555555556,-0.23115397283273623,-0.08710018606204321,-0.0
4440.0,1.2333333333333334,-0.20536413177860616,-0.05421306576299106,-0.0
4450.0,1.2361111111111112,-0.1763355756877416,0.09872228006032421,0.0
4460.0,1.238888888888889,-0.1445261022305144,0.08958462686122738,0.0
4470.0,1.2416666666666667,-0.1104373658054034,0.18175881099994382,0.0
4480.0,1.2444444444444445,-0.07460696614945667,0.15202233804040047,0.0
4490.0,1.2472222222222222,-0.037599970069291715,0.1074848393558169,0.0
4500.0,1.25,-6.613092715395707e-16,0.04181266033315846,0.0
4510.0,1.2527777777777778,0.03759997006929252,0.080254001236359,0.0
4520.0,1.2555555555555555,0.07460696614945744,0.19357459005885067,0.0
4530.0,1.2583333333333333,0.11043736580540416,0.3437016546185279,0.0
4540.0,1.261111111111111,0.1445261022305151,0.21335767730704316,0.0
4550.0,1.2638888888888888,0.17633557568774227,0.3596885364534904,0.0
4560.0,1.2666666666666666,0.20536413177860674,0.40045019218055594,0.0
4570.0,1.2694444444444444,0.23115397283273673,0.6199005105800436,1.0
4580.0,1.2722222222222221,0.25329837765060437,0.556526841073691,1.0
4590.0,1.275,0.27144811573980565,0.6450421171049407,1.0
4600.0,1.2777777777777777,0.28531695488854586,0.6105581569633359,1.0
4610.0,1.2805555555555554,0.29468617521860685,0.5533767530711926,1.0
4620.0,1.2833333333333334,0.29940801852848153,0.48433755326217653,0.0
4630.0,1.2861111111111112,0.29940801852848137,0.45450279842813907,0.0
4640.0,1.288888888888889,0.29468617521860646,0.3779959985771641,0.0
4650.0,1.2916666666666667,0.28531695488854597,0.3730281183551567,0.0
4660.0,1.2944444444444445,0.27144811573980576,0.11388207632368005,0.0
4670.0,1.2972222222222223,0.25329837765060453,0.2134789899066929,0.0
4680.0,1.3,0.23115397283273692,0.24875341852365798,0.0
4690.0,1.3027777777777778,0.20536413177860693,0.2673435895305429,0.0
4700.0,1.3055555555555556,0.17633557568774078,0.22577551790955816,0.0
4710.0,1.3083333333333333,0.14452610223051351,0.1546296625749618,0.0
4720.0,1.3111111111111111,0.11043736580540243,0.10281803114841861,0.0
4730.0,1.3138888888888889,0.07460696614945567,0.14146524178750122,0.0
4740.0,1.3166666666666667,0.037599970069290695,0.04050896115339686,0.0
4750.0,1.3194444444444444,-3.67765428126159e-16,0.17293670331223282,0.0
4760.0,1.3222222222222222,-0.03759997006929142,0.21296901368398544,0.0
4770.0,1.325,-0.07460696614945637,0.04074404223740358,0.0
4780.0,1.3277777777777777,-0.11043736580540313,-0.03361994141950347,-0.0
4790.0,1.3305555555555555,-0.14452610223051415,-0.07983903876376092,-0.0
4800.0,1.3333333333333333,-0.1763355756877431,-0.011476389514886566,-0.0
4810.0,1.336111111111111,-0.2053641317786075,0.09010281598423114,0.0
4820.0,1.3388888888888888,-0.2311539728327374,0.11193325853524848,0.0
4830.0,1.3416666666666666,-0.2532983776506049,0.13499689176263774,0.0
4840.0,1.3444444444444446,-0.2714481157398061,0.11623462044525246,0.0
4850.0,1.3472222222222223,-0.2853169548885462,-0.11897422436929433,-0.0
4860.0,1.35,-0.2946861752186066,-0.04091753543827627,-0.0
4870.0,1.3527777777777779,-0.2994080185284815,-0.17625110426110205,-0.0
4880.0,1.3555555555555556,-0.2994080185284815,-0.07623622194839445,-0.0
4890.0,1.3583333333333334,-0.2946861752186067,-0.09364178869859774,-0.0
4900.0,1.3611111111111112,-0.28531695488854564,-0.08064704667360566,-0.0
4910.0,1.363888888888889,-0.2714481157398053,-0.09459209413409453,-0.0
4920.0,1.3666666666666667,-0.253298377650604,-0.20293614247761518,-0.0
4930.0,1.3694444444444445,-0.23115397283273625,-0.37630589009671866,-0.0
4940.0,1.3722222222222222,-0.20536413177860618,-0.257822058317523,-0.0
4950.0,1.375,-0.17633557568774166,-0.34871193120846655,-0.0
4960.0,1.3777777777777778,-0.14452610223051449,-0.2739043953332665,-0.0
4970.0,1.3805555555555555,-0.11043736580540348,-0.3198102217474825,-0.0
4980.0,1.3833333333333333,-0.07460696614945672,-0.21635354080219843,-0.0
4990.0,1.386111111111111,-0.03759997006929179,-0.17693574267083934,-0.0
5000.0,1.3888888888888888,1.3968401277918886e-15,-0.07976451032933486,-0.0
5010.0,1.3916666666666666,0.03759997006929244,-0.006447574961219603,-0.0
5020.0,1.3944444444444444,0.07460696614945737,0.17087117089466852,0.0
5030.0,1.3972222222222221,0.11043736580540409,0.2781345786108167,0.0
5040.0,1.4,0.14452610223051507,0.35874397950574416,0.0
5050.0,1.4027777777777777,0.1763355756877422,0.5168685554449841,1.0
5060.0,1.4055555555555554,0.20536413177860668,0.4513066453170133,0.0
5070.0,1.4083333333333334,0.2311539728327367,0.23669918400817286,0.0
5080.0,1.4111111111111112,0.25329837765060437,0.20148955989462874,0.0
5090.0,1.413888888888889,0.27144811573980565,0.21884124428900953,0.0
5100.0,1.4166666666666667,0.28531695488854647,0.1630793543522796,0.0
5110.0,1.4194444444444445,0.2946861752186064,0.17609823480533648,0.0
5120.0,1.4222222222222223,0.29940801852848153,0.14390038258952878,0.0
5130.0,1.425,0.29940801852848153,0.08450337575318431,0.0
5140.0,1.4277777777777778,0.2946861752186065,0.07432056244669633,0.0
5150.0,1.4305555555555556,0.2853169548885453,0.12250796430735272,0.0
5160.0,1.4333333333333333,0.2714481157398058,0.14901257267117274,0.0
5170.0,1.4361111111111111,0.2532983776506034,0.16612035731225358,0.0
5180.0,1.4388888888888889,0.23115397283273698,0.04046450543260502,0.0
5190.0,1.4416666666666667,0.20536413177860544,0.12982913991214706,0.0
5200.0,1.4444444444444444,0.17633557568774252,0.06488732958798102,0.0
5210.0,1.4472222222222222,0.14452610223051357,0.12205312744981563,0.0
5220.0,1.45,0.11043736580540449,0.26627704284550946,0.0
5230.0,1.4527777777777777,0.07460696614945574,0.09793547415807444,0.0
5240.0,1.4555555555555555,0.03759997006929288,0.09399687454950634,0.0
5250.0,1.4583333333333333,-2.9428662017731775e-16,0.23049966224337157,0.0
5260.0,1.461111111111111,-0.03759997006929346,0.04765219033807257,0.0
5270.0,1.4638888888888888,-0.0746069661494563,0.10921292386183454,0.0
5280.0,1.4666666666666666,-0.11043736580540504,-0.007456826916096652,-0.0
5290.0,1.4694444444444446,-0.14452610223051407,-0.14520550792341108,-0.0
5300.0,1.4722222222222223,-0.17633557568774302,-0.37731133261532435,-0.0
5310.0,1.475,-0.20536413177860588,-0.37548490954801395,-0.0
5320.0,1.4777777777777779,-0.23115397283273736,-0.2032154926760184,-0.0
5330.0,1.4805555555555556,-0.25329837765060376,-0.345535339051342,-0.0
5340.0,1.4833333333333334,-0.27144811573980604,-0.4139271003111823,-0.0
5350.0,1.4861111111111112,-0.2853169548885468,-0.2828212467979437,-0.0
5360.0,1.488888888888889,-0.2946861752186066,-0.3738730638495469,-0.0
5370.0,1.4916666666666667,-0.2994080185284816,-0.33782270922976504,-0.0
5380.0,1.4944444444444445,-0.2994080185284815,-0.2573527342598883,-0.0
5390.0,1.4972222222222222,-0.2946861752186063,-0.1597059108670753,-0.0
5400.0,1.5,-0.2853169548885463,-0.31951485539807106,-0.0
5410.0,1.5027777777777778,-0.2714481157398054,-0.39288628887296945,-0.0
5420.0,1.5055555555555555,-0.2532983776506052,-0.2666494248437598,-0.0
5430.0,1.5083333333333333,-0.23115397283273634,-0.16234223757661267,-0.0
5440.0,1.511111111111111,-0.20536413177860782,-0.19622233990843188,-0.0
5450.0,1.5138888888888888,-0.17633557568774175,-0.15514829125513113,-0.0
5460.0,1.5166666666666666,-0.14452610223051265,-0.043946848839511554,-0.0
5470.0,1.5194444444444444,-0.11043736580540355,0.00044896323422401646,0.0
5480.0,1.5222222222222221,-0.07460696614945474,-0.022164546414196976,-0.0
5490.0,1.525,-0.03759997006929186,0.054804139935636466,0.0
5500.0,1.5277777777777777,1.3233613198430473e-15,0.032476719912580346,0.0
5510.0,1.5305555555555554,0.03759997006929026,0.09059635470877926,0.0
5520.0,1.5333333333333334,0.0746069661494573,0.16500176616003115,0.0
5530.0,1.5361111111111112,0.11043736580540205,0.11605500462274208,0.0
5540.0,1.538888888888889,0.14452610223051499,0.151903120969333,0.0
5550.0,1.5416666666666667,0.17633557568774386,0.12977896000497624,0.0
5560.0,1.5444444444444445,0.2053641317786066,0.16578533897438077,0.0
5570.0,1.5472222222222223,0.231153972832738,0.2779682674347331,0.0
5580.0,1.55,0.2532983776506043,0.2739189761008844,0.0
5590.0,1.5527777777777778,0.2714481157398065,0.38148851817299584,0.0
5600.0,1.5555555555555556,0.2853169548885458,0.3297504956414403,0.0
5610.0,1.5583333333333333,0.2946861752186068,0.2067517584367923,0.0
5620.0,1.5611111111111111,0.29940801852848137,0.29690667921049324,0.0
5630.0,1.5638888888888889,0.2994080185284814,0.23376036381582888,0.0
5640.0,1.5666666666666667,0.29468617521860613,0.25557374077675576,0.0
5650.0,1.5694444444444444,0.28531695488854597,0.22946964480679244,0.0
5660.0,1.5722222222222222,0.27144811573980493,0.09639259660105545,0.0
5670.0,1.575,0.2532983776506046,0.18288292589433808,0.0
5680.0,1.5777777777777777,0.23115397283273567,0.0759708491466695,0.0
5690.0,1.5805555555555555,0.20536413177860705,0.14134676856216022,0.0
5700.0,1.5833333333333333,0.17633557568774091,0.19800080106190487,0.0
5710.0,1.586111111111111,0.1445261022305155,0.2469297681351975,0.0
5720.0,1.5888888888888888,0.11043736580540257,0.20978886986531245,0.0
5730.0,1.5916666666666666,0.07460696614945787,0.1459789399620107,0.0
5740.0,1.5944444444444446,0.03759997006929084,0.2018892477932107,0.0
5750.0,1.5972222222222223,-2.3524360195087774e-15,0.1768869402936504,0.0
5760.0,1.6,-0.03759997006929128,0.053283744162245336,0.0
5770.0,1.6027777777777779,-0.07460696614945829,-0.008548797877616508,-0.0
5780.0,1.6055555555555556,-0.11043736580540299,-0.09966627232758918,-0.0
5790.0,1.6083333333333334,-0.1445261022305159,-0.2260629853334962,-0.0
5800.0,1.6111111111111112,-0.17633557568774125,-0.2887630583971073,-0.0
5810.0,1.613888888888889,-0.20536413177860738,-0.2591269710130393,-0.0
5820.0,1.6166666666666667,-0.23115397283273592,-0.15859865900442044,-0.0
5830.0,1.6194444444444445,-0.25329837765060487,-0.2376808265750272,-0.0
5840.0,1.6222222222222222,-0.27144811573980693,-0.22124956014691513,-0.0
5850.0,1.625,-0.28531695488854614,-0.145906756897674,-0.0
5860.0,1.6277777777777778,-0.294686175218607,-0.11230932473091453,-0.0
5870.0,1.6305555555555555,-0.2994080185284815,0.009654936086756506,0.0
5880.0,1.6333333333333333,-0.29940801852848137,0.012301395645429428,0.0
5890.0,1.636111111111111,-0.2946861752186067,-0.0348693934937207,-0.0
5900.0,1.6388888888888888,-0.2853169548885457,0.06031250429909011,0.0
5910.0,1.6416666666666666,-0.2714481157398063,-0.04834354662060378,-0.0
5920.0,1.6444444444444444,-0.2532983776506041,-0.03679361286232599,-0.0
5930.0,1.6472222222222221,-0.23115397283273773,-0.006695342075885735,-0.0
5940.0,1.65,-0.20536413177860632,-0.002262575935506254,-0.0
5950.0,1.6527777777777777,-0.17633557568774008,0.15476021230762063,0.0
5960.0,1.6555555555555554,-0.1445261022305146,0.053391637016922254,0.0
5970.0,1.6583333333333334,-0.11043736580540163,0.16239916701501633,0.0
5980.0,1.6611111111111112,-0.07460696614945687,0.26507940029083843,0.0
5990.0,1.663888888888889,-0.03759997006928982,0.19899829754450515,0.0
6000.0,1.6666666666666667,-8.817456953860942e-16,0.25360938803027483,0.0
6010.0,1.6694444444444445,0.0375999700692923,0.19210538073884018,0.0
6020.0,1.6722222222222223,0.07460696614945517,0.2891857164473473,0.0
6030.0,1.675,0.11043736580540396,0.33481877249104625,0.0
6040.0,1.6777777777777778,0.1445261022305168,0.3058356402536793,0.0
6050.0,1.6805555555555556,0.17633557568774208,0.3771250497745199,0.0
6060.0,1.6833333333333333,0.2053641317786081,0.29157985385182184,0.0
6070.0,1.6861111111111111,0.2311539728327366,0.3335847253687182,0.0
6080.0,1.6888888888888889,0.2532983776506054,0.4302941035276179,0.0
6090.0,1.6916666666666667,0.27144811573980554,0.4274383374239145,0.0
6100.0,1.6944444444444444,0.28531695488854647,0.45762975484536716,0.0
6110.0,1.6972222222222222,0.29468617521860635,0.4493998455233197,0.0
6120.0,1.7,0.29940801852848153,0.4064491363404208,0.0
6130.0,1.7027777777777777,0.29940801852848153,0.3787609118115435,0.0
6140.0,1.7055555555555555,0.2946861752186065,0.30347532597675053,0.0
6150.0,1.7083333333333333,0.28531695488854536,0.29497947024674365,0.0
6160.0,1.711111111111111,0.2714481157398059,0.1792698467568334,0.0
6170.0,1.7138888888888888,0.25329837765060353,0.16772539879825665,0.0
6180.0,1.7166666666666666,0.23115397283273706,0.187505174765058,0.0
6190.0,1.7194444444444446,0.20536413177860555,0.07759250217532607,0.0
6200.0,1.7222222222222223,0.17633557568774266,0.02726966722067719,0.0
6210.0,1.725,0.14452610223051368,-0.019488389339868316,-0.0
6220.0,1.7277777777777779,0.11043736580540464,-0.14266385686102223,-0.0
6230.0,1.7305555555555556,0.07460696614945588,-0.22480992744073872,-0.0
6240.0,1.7333333333333334,0.03759997006928879,-0.3267949881846841,-0.0
6250.0,1.7361111111111112,-1.473290042796354e-16,-0.3044223947862845,-0.0
6260.0,1.738888888888889,-0.037599970069293324,-0.44654095680818107,-0.0
6270.0,1.7416666666666667,-0.07460696614945617,-0.6111442132725392,-1.0
6280.0,1.7444444444444445,-0.1104373658054049,-0.5524046524828516,-1.0
6290.0,1.7472222222222222,-0.14452610223051396,-0.5430742758826611,-1.0
6300.0,1.75,-0.1763355756877429,-0.5047479974241966,-1.0
6310.0,1.7527777777777778,-0.20536413177860577,-0.45159673538877093,-0.0
6320.0,1.7555555555555555,-0.23115397283273725,-0.3797580525553953,-0.0
6330.0,1.7583333333333333,-0.2532983776506037,-0.1290173649867178,-0.0
6340.0,1.761111111111111,-0.271448115739806,-0.15089116673888303,-0.0
6350.0,1.7638888888888888,-0.28531695488854675,-0.2096656786752545,-0.0
6360.0,1.7666666666666666,-0.29468617521860657,-0.22232892492430054,-0.0
6370.0,1.7694444444444444,-0.29940801852848153,-0.25414286722659846,-0.0
6380.0,1.7722222222222221,-0.2994080185284815,-0.19946503345617245,-0.0
6390.0,1.775,-0.29468617521860635,-0.18615892676912646,-0.0
6400.0,1.7777777777777777,-0.28531695488854636,-0.15109588244596983,-0.0
6410.0,1.7805555555555554,-0.27144811573980543,-0.3067374338803386,-0.0
6420.0,1.7833333333333334,-0.25329837765060526,-0.4560911659247638,-0.0
6430.0,1.7861111111111112,-0.2311539728327364,-0.434667101585217,-0.0
6440.0,1.788888888888889,-0.20536413177860482,-0.4345719181395639,-0.0
6450.0,1.7916666666666667,-0.17633557568774183,-0.15769157061348904,-0.0
6460.0,1.7944444444444445,-0.1445261022305128,-0.05332962118549554,-0.0
6470.0,1.7972222222222223,-0.11043736580540367,-0.13052731859452735,-0.0
6480.0,1.8,-0.07460696614945488,-0.1615044397414242,-0.0
6490.0,1.8027777777777778,-0.037599970069292006,-0.07981352916966288,-0.0
6500.0,1.8055555555555556,1.176403703945365e-15,0.11194883295446563,0.0
6510.0,1.8083333333333333,0.03759997006929011,0.30893375789274624,0.0
6520.0,1.8111111111111111,0.07460696614945717,0.2955435482708171,0.0
6530.0,1.8138888888888889,0.11043736580540585,0.3413055842572462,0.0
6540.0,1.8166666666666667,0.14452610223051485,0.15353905555549893,0.0
6550.0,1.8194444444444444,0.17633557568774375,0.2969123194304885,0.0
6560.0,1.8222222222222222,0.20536413177860652,0.44949175808476255,0.0
6570.0,1.825,0.2311539728327379,0.4711698842774261,0.0
6580.0,1.8277777777777777,0.2532983776506042,0.42164687364240394,0.0
6590.0,1.8305555555555555,0.27144811573980643,0.395251882556588,0.0
6600.0,1.8333333333333333,0.28531695488854575,0.2519424496694701,0.0
6610.0,1.836111111111111,0.2946861752186068,0.24970906333993714,0.0
6620.0,1.8388888888888888,0.29940801852848137,0.41572996484314423,0.0
6630.0,1.8416666666666666,0.2994080185284814,0.4868274498957123,0.0
6640.0,1.8444444444444446,0.29468617521860613,0.4062127650083174,0.0
6650.0,1.8472222222222223,0.285316954888546,0.18045758751040022,0.0
6660.0,1.85,0.271448115739805,0.13679170812206806,0.0
6670.0,1.8527777777777779,0.2532983776506047,0.13598752781274456,0.0
6680.0,1.8555555555555556,0.23115397283273575,0.2146427198497452,0.0
6690.0,1.8583333333333334,0.20536413177860716,0.27339097361064635,0.0
6700.0,1.8611111111111112,0.176335575687741,0.2761229921557453,0.0
6710.0,1.863888888888889,0.14452610223051562,0.04884385526715746,0.0
6720.0,1.8666666666666667,0.11043736580540273,-0.01241381318526137,-0.0
6730.0,1.8694444444444445,0.07460696614945388,-0.18052709061214717,-0.0
6740.0,1.8722222222222222,0.037599970069290986,0.048840037402080844,0.0
6750.0,1.875,-2.2054784036110948e-15,0.04628882821193652,0.0
6760.0,1.8777777777777778,-0.03759997006929113,-0.06557071039126228,-0.0
6770.0,1.8805555555555555,-0.07460696614945815,-0.11684087747959282,-0.0
6780.0,1.8833333333333333,-0.11043736580540285,-0.07241226011803274,-0.0
6790.0,1.886111111111111,-0.14452610223051576,0.05128372840941528,0.0
6800.0,1.8888888888888888,-0.17633557568774114,0.1635437533136722,0.0
6810.0,1.8916666666666666,-0.20536413177860727,0.20805794059967664,0.0
6820.0,1.8944444444444444,-0.23115397283273584,0.1592865600736592,0.0
6830.0,1.8972222222222221,-0.25329837765060476,0.0010374136803771336,0.0
6840.0,1.9,-0.2714481157398069,-0.005191766656956791,-0.0
6850.0,1.9027777777777777,-0.2853169548885461,0.02150573139200897,0.0
6860.0,1.9055555555555554,-0.29468617521860696,-0.0254831626070409,-0.0
6870.0,1.9083333333333334,-0.2994080185284814,-0.19229515471811107,-0.0
6880.0,1.9111111111111112,-0.29940801852848137,-0.35901126874069045,-0.0
6890.0,1.913888888888889,-0.29468617521860674,-0.39958027456058803,-0.0
6900.0,1.9166666666666667,-0.2853169548885457,-0.39231911837807565,-0.0
6910.0,1.9194444444444445,-0.2714481157398064,-0.2352384085385736,-0.0
6920.0,1.9222222222222223,-0.25329837765060415,-0.20569894395330732,-0.0
6930.0,1.925,-0.2311539728327351,-0.27706223904670335,-0.0
6940.0,1.9277777777777778,-0.2053641317786064,-0.2178327650282742,-0.0
6950.0,1.9305555555555556,-0.17633557568774016,-0.22510175559214288,-0.0
6960.0,1.9333333333333333,-0.14452610223051474,-0.17533959522552978,-0.0
6970.0,1.9361111111111111,-0.11043736580540175,-0.18465842735355978,-0.0
6980.0,1.9388888888888889,-0.07460696614945701,-0.1625830601586427,-0.0
6990.0,1.9416666666666667,-0.037599970069289966,-0.25267766621219206,-0.0
7000.0,1.9444444444444444,-1.0287033112837766e-15,-0.1682970811434168,-0.0
7010.0,1.9472222222222222,0.03759997006929215,-0.3435899490115294,-0.0
7020.0,1.95,0.07460696614945501,-0.19508132677325193,-0.0
7030.0,1.9527777777777777,0.11043736580540381,-0.10923762021398581,-0.0
7040.0,1.9555555555555555,0.14452610223051665,0.09843286128329068,0.0
7050.0,1.9583333333333333,0.17633557568774197,0.16221475653807785,0.0
7060.0,1.961111111111111,0.20536413177860802,0.23080712773480563,0.0
7070.0,1.9638888888888888,0.2311539728327365,0.2576285439145503,0.0
7080.0,1.9666666666666666,0.25329837765060537,0.3993308825981628,0.0
7090.0,1.9694444444444446,0.2714481157398055,0.29328858812869085,0.0
7100.0,1.9722222222222223,0.28531695488854636,0.4162061638589724,0.0
7110.0,1.975,0.29468617521860635,0.41903239860394176,0.0
7120.0,1.9777777777777779,0.2994080185284815,0.34898620698650223,0.0
7130.0,1.9805555555555556,0.2994080185284813,0.3307723058989158,0.0
7140.0,1.9833333333333334,0.2946861752186065,0.2903671891686057,0.0
7150.0,1.9861111111111112,0.28531695488854536,0.30636418360204526,0.0
7160.0,1.988888888888889,0.27144811573980593,0.31839950828629376,0.0
7170.0,1.9916666666666667,0.2532983776506036,0.22222739476160136,0.0
7180.0,1.9944444444444445,0.23115397283273717,0.39820102528311146,0.0
7190.0,1.9972222222222222,0.20536413177860566,0.48262723651979605,0.0
7200.0,2.0,0.1763355756877428,0.37439555781024425,0.0
7210.0,2.0027777777777778,0.14452610223051382,0.3413542992944416,0.0
7220.0,2.0055555555555555,0.11043736580540477,0.21461634838722712,0.0
7230.0,2.0083333333333333,0.07460696614945601,0.14507906682402127,0.0
7240.0,2.011111111111111,0.037599970069288946,0.0478800101214009,0.0
7250.0,2.013888888888889,-3.713883819530146e-19,-0.07513573305632064,-0.0
7260.0,2.0166666666666666,-0.03759997006929317,-0.09303688338263166,-0.0
7270.0,2.0194444444444444,-0.07460696614945601,-0.2829552814827933,-0.0
7280.0,2.022222222222222,-0.11043736580540477,-0.3284166289080166,-0.0
7290.0,2.025,-0.14452610223051382,-0.31824976011440614,-0.0
7300.0,2.0277777777777777,-0.1763355756877428,-0.2861490703425164,-0.0
7310.0,2.0305555555555554,-0.20536413177860566,-0.3293559207080768,-0.0
7320.0,2.033333333333333,-0.23115397283273717,-0.33721450295356425,-0.0
7330.0,2.036111111111111,-0.25329837765060587,-0.34899253821570236,-0.0
7340.0,2.0388888888888888,-0.27144811573980593,-0.2988676012240616,-0.0
7350.0,2.0416666666666665,-0.2853169548885467,-0.33142630318366195,-0.0
7360.0,2.0444444444444443,-0.2946861752186065,-0.31428615664509346,-0.0
7370.0,2.047222222222222,-0.29940801852848153,-0.43269061380602764,-0.0
7380.0,2.05,-0.2994080185284815,-0.42765059048862286,-0.0
7390.0,2.0527777777777776,-0.29468617521860635,-0.5535706838272829,-1.0
7400.0,2.0555555555555554,-0.28531695488854636,-0.44603773447454487,-0.0
7410.0,2.058333333333333,-0.2714481157398055,-0.4555416889455036,-0.0
7420.0,2.061111111111111,-0.25329837765060537,-0.3880668381777703,-0.0
7430.0,2.063888888888889,-0.2311539728327365,-0.2536924250114608,-0.0
7440.0,2.066666666666667,-0.2053641317786049,-0.22719928130028588,-0.0
7450.0,2.0694444444444446,-0.17633557568774197,-0.18780345151536393,-0.0
7460.0,2.0722222222222224,-0.14452610223051293,-0.08965696070498838,-0.0
7470.0,2.075,-0.11043736580540381,-0.025462021544142472,-0.0
7480.0,2.077777777777778,-0.07460696614945501,0.05826936517008231,0.0
7490.0,2.0805555555555557,-0.03759997006929215,-0.034285217476649144,-0.0
7500.0,2.0833333333333335,1.0294460880476826e-15,0.03441327871840697,0.0
7510.0,2.0861111111111112,0.037599970069289966,0.08847424487832788,0.0
7520.0,2.088888888888889,0.07460696614945701,0.01919149807976553,0.0
7530.0,2.091666666666667,0.11043736580540572,0.14581693450428354,0.0
7540.0,2.0944444444444446,0.14452610223051474,0.14727784896072693,0.0
7550.0,2.0972222222222223,0.17633557568774363,0.14243780409244464,0.0
7560.0,2.1,0.2053641317786064,0.1732078206071973,0.0
7570.0,2.102777777777778,0.23115397283273784,0.2389558931061746,0.0
7580.0,2.1055555555555556,0.25329837765060415,0.4344119599614443,0.0
7590.0,2.1083333333333334,0.2714481157398064,0.3776688087960606,0.0
7600.0,2.111111111111111,0.2853169548885457,0.2569648220303392,0.0
7610.0,2.113888888888889,0.29468617521860674,0.2125440537133413,0.0
7620.0,2.1166666666666667,0.29940801852848165,0.13017512899949185,0.0
7630.0,2.1194444444444445,0.2994080185284814,0.13096403731791634,0.0
7640.0,2.1222222222222222,0.2946861752186062,0.1295525099092656,0.0
7650.0,2.125,0.2853169548885461,0.05999521884976587,0.0
7660.0,2.1277777777777778,0.27144811573980504,0.08858216898554311,0.0
7670.0,2.1305555555555555,0.25329837765060476,-0.09234507200589355,-0.0
7680.0,2.1333333333333333,0.23115397283273584,-0.18008624008605043,-0.0
7690.0,2.136111111111111,0.20536413177860727,-0.07990252350878674,-0.0
7700.0,2.138888888888889,0.17633557568774114,-0.08111607229903833,-0.0
7710.0,2.1416666666666666,0.14452610223051576,0.029898112501932837,0.0
7720.0,2.1444444444444444,0.11043736580540285,-0.03508724768192412,-0.0
7730.0,2.147222222222222,0.07460696614945402,-0.10098258921996967,-0.0
7740.0,2.15,0.03759997006929113,-0.0664607609394534,-0.0
7750.0,2.1527777777777777,-2.058520787713412e-15,-0.10387789092540933,-0.0
7760.0,2.1555555555555554,-0.037599970069290986,-0.12123448532046598,-0.0
7770.0,2.158333333333333,-0.07460696614945801,-0.025807626803751652,-0.0
7780.0,2.161111111111111,-0.11043736580540273,0.00019218735701703737,0.0
7790.0,2.1638888888888888,-0.14452610223051562,-0.007327148476899303,-0.0
7800.0,2.1666666666666665,-0.176335575687741,-0.1708470340530949,-0.0
7810.0,2.1694444444444443,-0.20536413177860716,-0.2278483678946976,-0.0
7820.0,2.172222222222222,-0.23115397283273847,-0.108126736298411,-0.0
7830.0,2.175,-0.2532983776506047,-0.25390795997480214,-0.0
7840.0,2.1777777777777776,-0.2714481157398068,-0.3471141982081961,-0.0
7850.0,2.1805555555555554,-0.285316954888546,-0.35560333043787323,-0.0
7860.0,2.183333333333333,-0.29468617521860696,-0.4577996135311262,-0.0
7870.0,2.186111111111111,-0.2994080185284814,-0.3692891139031768,-0.0
7880.0,2.188888888888889,-0.29940801852848137,-0.3850075985078963,-0.0
7890.0,2.191666666666667,-0.2946861752186068,-0.38563289223789937,-0.0
7900.0,2.1944444444444446,-0.28531695488854575,-0.34447140590932485,-0.0
7910.0,2.1972222222222224,-0.27144811573980643,-0.4089583762501855,-0.0
7920.0,2.2,-0.2532983776506042,-0.09586948791387973,-0.0
7930.0,2.202777777777778,-0.2311539728327352,-0.09208665758474716,-0.0
7940.0,2.2055555555555557,-0.20536413177860652,-0.06251023349990527,-0.0
7950.0,2.2083333333333335,-0.1763355756877403,0.009329157633480701,0.0
7960.0,2.2111111111111112,-0.14452610223051485,-0.17711156848533527,-0.0
7970.0,2.213888888888889,-0.1104373658054019,-0.16125015493997444,-0.0
7980.0,2.216666666666667,-0.07460696614945717,0.039297616799567954,0.0
7990.0,2.2194444444444446,-0.03759997006929011,0.09528560683355505,0.0
8000.0,2.2222222222222223,-1.175660927181459e-15,0.21863331058122706,0.0
8010.0,2.225,0.037599970069292006,0.050927072576634216,0.0
8020.0,2.227777777777778,0.07460696614945901,0.05940665390329632,0.0
8030.0,2.2305555555555556,0.11043736580540367,0.09900069505063984,0.0
8040.0,2.2333333333333334,0.1445261022305165,0.13252997664991073,0.0
8050.0,2.236111111111111,0.17633557568774183,0.3434583866242661,0.0
8060.0,2.238888888888889,0.2053641317786079,0.41333445336015484,0.0
8070.0,2.2416666666666667,0.2311539728327364,0.3249039717800293,0.0
8080.0,2.2444444444444445,0.25329837765060526,0.30589861196397866,0.0
8090.0,2.2472222222222222,0.27144811573980543,0.3253326921466362,0.0
8100.0,2.25,0.28531695488854636,0.30634482382711287,0.0
8110.0,2.2527777777777778,0.29468617521860635,0.3669871097069876,0.0
8120.0,2.2555555555555555,0.2994080185284815,0.40252330773071154,0.0
8130.0,2.2583333333333333,0.2994080185284813,0.47160557368728373,0.0
8140.0,2.261111111111111,0.29468617521860657,0.31308823565046695,0.0
8150.0,2.263888888888889,0.28531695488854547,0.30477680657973116,0.0
8160.0,2.2666666666666666,0.271448115739806,0.25831159794783165,0.0
8170.0,2.2694444444444444,0.2532983776506037,0.20585582638299962,0.0
8180.0,2.272222222222222,0.23115397283273725,0.08369948181900654,0.0
8190.0,2.275,0.20536413177860577,0.09983412380808175,0.0
8200.0,2.2777777777777777,0.1763355756877429,0.08284547443756843,0.0
8210.0,2.2805555555555554,0.14452610223051396,-0.006622438859735674,-0.0
8220.0,2.283333333333333,0.11043736580540094,-0.14660686354826324,-0.0
8230.0,2.286111111111111,0.07460696614945617,0.07864688393565815,0.0
8240.0,2.2888888888888888,0.037599970069289085,0.15285643324046821,0.0
8250.0,2.2916666666666665,1.4658622751572936e-16,0.24005805206392625,0.0
8260.0,2.2944444444444443,-0.037599970069293026,0.3043667429644942,0.0
8270.0,2.297222222222222,-0.07460696614945588,0.2750583198268516,0.0
8280.0,2.3,-0.11043736580540464,0.33651653422958244,0.0
8290.0,2.3027777777777776,-0.14452610223051368,0.22777020710692383,0.0
8300.0,2.3055555555555554,-0.17633557568774266,0.33808437341551095,0.0
8310.0,2.308333333333333,-0.20536413177860555,0.3435927882762504,0.0
8320.0,2.311111111111111,-0.23115397283273706,0.04813710178908299,0.0
8330.0,2.313888888888889,-0.25329837765060575,-0.08690727893311496,-0.0
8340.0,2.316666666666667,-0.2714481157398059,-0.11847461328685958,-0.0
8350.0,2.3194444444444446,-0.2853169548885467,-0.1120378703802824,-0.0
8360.0,2.3222222222222224,-0.2946861752186065,-0.08330426230069504,-0.0
8370.0,2.325,-0.29940801852848153,-0.17037577888860578,-0.0
8380.0,2.327777777777778,-0.29940801852848153,-0.07327722355156328,-0.0
8390.0,2.3305555555555557,-0.29468617521860635,-0.22106445080338857,-0.0
8400.0,2.3333333333333335,-0.28531695488854647,-0.0981018215560579,-0.0
8410.0,2.3361111111111112,-0.27144811573980554,-0.12121465277400262,-0.0
8420.0,2.338888888888889,-0.2532983776506031,-0.11865108981129024,-0.0
8430.0,2.341666666666667,-0.2311539728327366,-0.11918730295685817,-0.0
8440.0,2.3444444444444446,-0.20536413177860502,-0.17313968312804845,-0.0
8450.0,2.3472222222222223,-0.17633557568774208,-0.052341727563506794,-0.0
8460.0,2.35,-0.14452610223051304,-0.019522143744982172,-0.0
8470.0,2.352777777777778,-0.11043736580540393,0.029809603872327214,0.0
8480.0,2.3555555555555556,-0.07460696614945517,0.11454786779353254,0.0
8490.0,2.3583333333333334,-0.0375999700692923,0.15159544279067905,0.0
8500.0,2.361111111111111,8.824884721500002e-16,0.27836962084169525,0.0
8510.0,2.363888888888889,0.037599970069294046,0.4261563761289129,0.0
8520.0,2.3666666666666667,0.07460696614945687,0.3603959659444333,0.0
8530.0,2.3694444444444445,0.11043736580540559,0.4201839144707636,0.0
8540.0,2.3722222222222222,0.1445261022305146,0.2960578306636576,0.0
8550.0,2.375,0.1763355756877435,0.259887652082379,0.0
8560.0,2.3777777777777778,0.20536413177860632,0.2566070942834111,0.0
8570.0,2.3805555555555555,0.23115397283273773,0.2625999187428365,0.0
8580.0,2.3833333333333333,0.2532983776506041,0.2541674662307043,0.0
8590.0,2.386111111111111,0.2714481157398063,0.332495030492196,0.0
8600.0,2.388888888888889,0.2853169548885457,0.21694234786219468,0.0
8610.0,2.3916666666666666,0.2946861752186067,0.2669128114557355,0.0
8620.0,2.3944444444444444,0.29940801852848165,0.31688617319202744,0.0
8630.0,2.397222222222222,0.2994080185284815,0.34023255473742464,0.0
8640.0,2.4,0.2946861752186062,0.4305177473236523,0.0
8650.0,2.4027777777777777,0.28531695488854614,0.4890778436871374,0.0
8660.0,2.4055555555555554,0.27144811573980515,0.5082657812966672,1.0
8670.0,2.408333333333333,0.25329837765060487,0.4059199014759492,0.0
8680.0,2.411111111111111,0.23115397283273592,0.37654655358584654,0.0
8690.0,2.4138888888888888,0.20536413177860738,0.4460988391636607,0.0
8700.0,2.4166666666666665,0.17633557568774125,0.4341412046284041,0.0
8710.0,2.4194444444444443,0.14452610223051215,0.27808699516783403,0.0
8720.0,2.422222222222222,0.11043736580540299,0.38175244008101417,0.0
8730.0,2.425,0.07460696614945417,0.28245481568784114,0.0
8740.0,2.4277777777777776,0.03759997006929128,0.18157752138258482,0.0
8750.0,2.4305555555555554,-1.91156317181573e-15,0.06348554675740775,0.0
8760.0,2.433333333333333,-0.03759997006929084,0.03316484247859713,0.0
8770.0,2.436111111111111,-0.07460696614945787,-0.026477293387742358,-0.0
8780.0,2.438888888888889,-0.11043736580540257,-0.17801518537749061,-0.0
8790.0,2.441666666666667,-0.1445261022305155,-0.25297430888157557,-0.0
8800.0,2.4444444444444446,-0.17633557568774091,-0.2642493114799502,-0.0
8810.0,2.4472222222222224,-0.20536413177860705,-0.38553488172463446,-0.0
8820.0,2.45,-0.2311539728327384,-0.3713490204856476,-0.0
8830.0,2.452777777777778,-0.2532983776506046,-0.3999388829623484,-0.0
8840.0,2.4555555555555557,-0.27144811573980676,-0.4450208740953323,-0.0
8850.0,2.4583333333333335,-0.28531695488854597,-0.33189120890728474,-0.0
8860.0,2.4611111111111112,-0.2946861752186069,-0.5046635549162963,-1.0
8870.0,2.463888888888889,-0.2994080185284814,-0.3793984931250548,-0.0
8880.0,2.466666666666667,-0.29940801852848137,-0.3779448257676771,-0.0
8890.0,2.4694444444444446,-0.2946861752186068,-0.3175441617662465,-0.0
8900.0,2.4722222222222223,-0.2853169548885458,-0.37312047463357767,-0.0
8910.0,2.475,-0.27144811573980465,-0.38625199212101813,-0.0
8920.0,2.477777777777778,-0.2532983776506043,-0.19923261028056635,-0.0
8930.0,2.4805555555555556,-0.2311539728327353,-0.2359996196115226,-0.0
8940.0,2.4833333333333334,-0.2053641317786066,-0.3087402938601621,-0.0
8950.0,2.486111111111111,-0.17633557568774041,-0.2161703403759956,-0.0
8960.0,2.488888888888889,-0.14452610223051499,-0.239395616829082,-0.0
8970.0,2.4916666666666667,-0.11043736580540205,-0.07233731597278492,-0.0
8980.0,2.4944444444444445,-0.0746069661494573,0.07553532311267351,0.0
8990.0,2.4972222222222222,-0.03759997006929026,0.22812640670203915,0.0
9000.0,2.5,-1.3226185430791415e-15,0.3261186505311521,0.0
9010.0,2.5027777777777778,0.03759997006929186,0.13597993501812608,0.0
9020.0,2.5055555555555555,0.07460696614945887,0.23099072218578806,0.0
9030.0,2.5083333333333333,0.11043736580540355,0.31245836476282496,0.0
9040.0,2.511111111111111,0.1445261022305164,0.4804444231092002,0.0
9050.0,2.513888888888889,0.17633557568774175,0.5079440009049084,1.0
9060.0,2.5166666666666666,0.20536413177860782,0.3072299601692281,0.0
9070.0,2.5194444444444444,0.23115397283273634,0.2716647361771869,0.0
9080.0,2.522222222222222,0.2532983776506052,0.2991609187887055,0.0
9090.0,2.525,0.2714481157398054,0.22215007980101548,0.0
9100.0,2.5277777777777777,0.2853169548885463,0.34270776382832835,0.0
9110.0,2.5305555555555554,0.2946861752186071,0.3642489963044005,0.0
9120.0,2.533333333333333,0.2994080185284815,0.3939412679879746,0.0
9130.0,2.536111111111111,0.2994080185284813,0.22610246279270385,0.0
9140.0,2.5388888888888888,0.2946861752186066,0.1987713902214601,0.0
9150.0,2.5416666666666665,0.28531695488854547,0.26944011071942975,0.0
9160.0,2.5444444444444443,0.27144811573980604,0.20921677667936767,0.0
9170.0,2.547222222222222,0.25329837765060376,0.08525340257863424,0.0
9180.0,2.55,0.23115397283273736,0.1004965536735614,0.0
9190.0,2.5527777777777776,0.20536413177860588,0.01895468723934909,0.0
9200.0,2.5555555555555554,0.17633557568774302,0.14944095180785796,0.0
9210.0,2.558333333333333,0.14452610223051407,-0.009234845036927595,-0.0
9220.0,2.561111111111111,0.11043736580540107,0.2935622751143491,0.0
9230.0,2.563888888888889,0.0746069661494563,0.19469165108217634,0.0
9240.0,2.566666666666667,0.03759997006928924,0.16839962604855316,0.0
9250.0,2.5694444444444446,2.9354384341341177e-16,0.05812838705595388,0.0
9260.0,2.5722222222222224,-0.03759997006929288,0.06981511548170385,0.0
9270.0,2.575,-0.07460696614945574,-0.06059458736469947,-0.0
9280.0,2.577777777777778,-0.11043736580540449,-0.1264790261927258,-0.0
9290.0,2.5805555555555557,-0.14452610223051357,-0.16654212124413142,-0.0
9300.0,2.5833333333333335,-0.17633557568774252,-0.11763699148569083,-0.0
9310.0,2.5861111111111112,-0.20536413177860854,-0.450386973138576,-0.0
9320.0,2.588888888888889,-0.23115397283273698,-0.34952222313814046,-0.0
9330.0,2.591666666666667,-0.2532983776506057,-0.30207086944432543,-0.0
9340.0,2.5944444444444446,-0.2714481157398058,-0.19063847837064354,-0.0
9350.0,2.5972222222222223,-0.28531695488854664,-0.23310203068788496,-0.0
9360.0,2.6,-0.2946861752186065,-0.041474823684903725,-0.0
9370.0,2.602777777777778,-0.29940801852848153,-0.05708295563544673,-0.0
9380.0,2.6055555555555556,-0.29940801852848153,-0.13137649280376004,-0.0
9390.0,2.6083333333333334,-0.2946861752186064,-0.1604602133895425,-0.0
9400.0,2.611111111111111,-0.2853169548885452,-0.09848061078144399,-0.0
9410.0,2.613888888888889,-0.27144811573980565,-0.11636343621973302,-0.0
9420.0,2.6166666666666667,-0.2532983776506032,-0.19168844728187498,-0.0
9430.0,2.6194444444444445,-0.2311539728327367,-0.25828043889857466,-0.0
9440.0,2.6222222222222222,-0.2053641317786051,-0.26632007034316235,-0.0
9450.0,2.625,-0.1763355756877422,-0.3744497494991346,-0.0
9460.0,2.6277777777777778,-0.14452610223051318,-0.4797167393548187,-0.0
9470.0,2.6305555555555555,-0.11043736580540409,-0.5464331273869769,-1.0
9480.0,2.6333333333333333,-0.0746069661494553,-0.45738549996661654,-0.0
9490.0,2.636111111111111,-0.03759997006929244,-0.483091289578988,-0.0
9500.0,2.638888888888889,7.35530856252318e-16,-0.5204483130394483,-1.0
9510.0,2.6416666666666666,0.03759997006929391,-0.48802587951285203,-0.0
9520.0,2.6444444444444444,0.07460696614945672,-0.41723431997717925,-0.0
9530.0,2.647222222222222,0.11043736580540546,-0.32671237705428596,-0.0
9540.0,2.65,0.14452610223051449,-0.2771587570025567,-0.0
9550.0,2.6527777777777777,0.1763355756877434,0.03522186846683136,0.0
9560.0,2.6555555555555554,0.20536413177860618,0.23219304306385835,0.0
9570.0,2.658333333333333,0.23115397283273764,0.20143184562802113,0.0
9580.0,2.661111111111111,0.253298377650604,0.31470914446265513,0.0
9590.0,2.6638888888888888,0.27144811573980626,0.29953842535480857,0.0
9600.0,2.6666666666666665,0.28531695488854697,0.3466987619603705,0.0
9610.0,2.6694444444444443,0.2946861752186067,0.325544494450491,0.0
9620.0,2.672222222222222,0.29940801852848165,0.20382384604556597,0.0
9630.0,2.675,0.2994080185284815,0.18432168676886268,0.0
9640.0,2.6777777777777776,0.2946861752186062,-0.0705652279256624,-0.0
9650.0,2.6805555555555554,0.2853169548885462,-0.14636330492598498,-0.0
9660.0,2.683333333333333,0.2714481157398052,-0.10321008744378685,-0.0
9670.0,2.686111111111111,0.2532983776506049,-0.1389135807884481,-0.0
9680.0,2.688888888888889,0.23115397283273603,-0.021062661376922538,-0.0
9690.0,2.691666666666667,0.2053641317786075,0.057116565878734656,0.0
9700.0,2.6944444444444446,0.17633557568774136,0.18896709849160423,0.0
9710.0,2.6972222222222224,0.14452610223051227,0.3073720235055512,0.0
9720.0,2.7,0.11043736580540313,0.3702006135336252,0.0
9730.0,2.702777777777778,0.0746069661494543,0.5103392397347294,1.0
9740.0,2.7055555555555557,0.03759997006929142,0.43756229511802497,0.0
9750.0,2.7083333333333335,-1.7646055559180476e-15,0.36718955743435583,0.0
9760.0,2.7111111111111112,-0.037599970069290695,0.2543560013088986,0.0
9770.0,2.713888888888889,-0.07460696614945772,0.11387257499841831,0.0
9780.0,2.716666666666667,-0.11043736580540243,0.03735938144314058,0.0
9790.0,2.7194444444444446,-0.14452610223051537,-0.156619051287188,-0.0
9800.0,2.7222222222222223,-0.1763355756877442,-0.18796270734409115,-0.0
9810.0,2.725,-0.20536413177860693,-0.2768728937774562,-0.0
9820.0,2.727777777777778,-0.2311539728327383,-0.4587132578157016,-0.0
9830.0,2.7305555555555556,-0.25329837765060453,-0.5134576811146155,-1.0
9840.0,2.7333333333333334,-0.2714481157398067,-0.5318704939984839,-1.0
9850.0,2.736111111111111,-0.28531695488854597,-0.5132006531731057,-1.0
9860.0,2.738888888888889,-0.29468617521860685,-0.4969537488261558,-0.0
9870.0,2.7416666666666667,-0.29940801852848137,-0.6172972253542519,-1.0
9880.0,2.7444444444444445,-0.29940801852848137,-0.6778659772526923,-1.0
9890.0,2.7472222222222222,-0.29468617521860685,-0.6379717652916242,-1.0
9900.0,2.75,-0.28531695488854586,-0.7776285364741603,-1.0
9910.0,2.7527777777777778,-0.2714481157398047,-0.6378094934277273,-1.0
9920.0,2.7555555555555555,-0.25329837765060437,-0.6319820574295995,-1.0
9930.0,2.7583333333333333,-0.23115397283273537,-0.6049698594389871,-1.0
9940.0,2.761111111111111,-0.20536413177860674,-0.6163431767476856,-1.0
9950.0,2.763888888888889,-0.17633557568774053,-0.631204552010203,-1.0
9960.0,2.7666666666666666,-0.1445261022305151,-0.5219266425037719,-1.0
9970.0,2.7694444444444444,-0.11043736580540217,-0.3042031838381865,-0.0
9980.0,2.772222222222222,-0.07460696614945744,-0.3375331902303069,-0.0
9990.0,2.775,-0.0375999700692904,-0.22520628099469434,-0.0
10000.0,2.7777777777777777,2.7936802555837772e-15,-0.3515672869543972,-0.0
10010.0,2.7805555555555554,0.037599970069291715,-0.3299006605977954,-0.0
10020.0,2.783333333333333,0.07460696614945872,-0.31288467583755725,-0.0
10030.0,2.786111111111111,0.1104373658054034,-0.13070815005937225,-0.0
10040.0,2.7888888888888888,0.14452610223051626,0.023567685020069156,0.0
10050.0,2.7916666666666665,0.1763355756877416,0.12619333018695175,0.0
10060.0,2.7944444444444443,0.20536413177860768,0.1314061400001894,0.0
10070.0,2.797222222222222,0.23115397283273623,0.16592934345808485,0.0
10080.0,2.8,0.2532983776506051,0.2458416581206386,0.0
10090.0,2.8027777777777776,0.2714481157398053,0.5287012205169561,1.0
10100.0,2.8055555555555554,0.28531695488854625,0.46231833111949844,0.0
10110.0,2.808333333333333,0.29468617521860707,0.5034069777792869,1.0
10120.0,2.811111111111111,0.2994080185284815,0.535839114353418,1.0
10130.0,2.813888888888889,0.2994080185284813,0.49080210495006266,0.0
10140.0,2.816666666666667,0.2946861752186066,0.4310922352843,0.0
10150.0,2.8194444444444446,0.2853169548885455,0.36959458746283175,0.0
10160.0,2.8222222222222224,0.27144811573980615,0.32568313126709486,0.0
10170.0,2.825,0.2532983776506038,0.38851015949587175,0.0
10180.0,2.827777777777778,0.23115397283273742,0.2935882306259713,0.0
10190.0,2.8305555555555557,0.205364131778606,0.4661132754983477,0.0
10200.0,2.8333333333333335,0.1763355756877397,0.47150589531216475,0.0
10210.0,2.8361111111111112,0.1445261022305105,0.41523772400342074,0.0
10220.0,2.838888888888889,0.11043736580540517,0.2887189245082779,0.0
10230.0,2.841666666666667,0.07460696614945644,0.2525456919698582,0.0
10240.0,2.8444444444444446,0.037599970069289376,0.25443652661709276,0.0
10250.0,2.8472222222222223,-3.822754955249507e-15,0.15187701265426848,0.0
10260.0,2.85,-0.03759997006928851,0.057123591557817245,0.0
10270.0,2.852777777777778,-0.0746069661494556,0.017059993679557288,0.0
10280.0,2.8555555555555556,-0.11043736580540435,-0.13392988583893972,-0.0
10290.0,2.8583333333333334,-0.14452610223051718,-0.21998289224944234,-0.0
10300.0,2.861111111111111,-0.17633557568774585,-0.4489026465244553,-0.0
10310.0,2.863888888888889,-0.20536413177860535,-0.4914305322373989,-0.0
10320.0,2.8666666666666667,-0.2311539728327369,-0.6519313748768426,-1.0
10330.0,2.8694444444444445,-0.25329837765060564,-0.5997423850066484,-1.0
10340.0,2.8722222222222222,-0.27144811573980754,-0.4158432450708719,-0.0
10350.0,2.875,-0.28531695488854525,-0.4828911101686553,-0.0
10360.0,2.8777777777777778,-0.29468617521860646,-0.4353428411421399,-0.0
10370.0,2.8805555555555555,-0.29940801852848153,-0.423642100340904,-0.0
10380.0,2.8833333333333333,-0.29940801852848126,-0.4549817469857245,-0.0
10390.0,2.886111111111111,-0.29468617521860563,-0.39861495227518107,-0.0
10400.0,2.888888888888889,-0.2853169548885465,-0.34621596023467954,-0.0
10410.0,2.8916666666666666,-0.2714481157398057,-0.12170068077766433,-0.0
10420.0,2.8944444444444444,-0.25329837765060326,-0.16409381199759132,-0.0
10430.0,2.897222222222222,-0.23115397283273406,-0.15918326913469188,-0.0
10440.0,2.9,-0.20536413177860835,-0.13870304727302576,-0.0
10450.0,2.9027777777777777,-0.17633557568774233,-0.1978175565517161,-0.0
10460.0,2.9055555555555554,-0.14452610223051332,-0.2122913966109309,-0.0
10470.0,2.908333333333333,-0.11043736580540026,0.0013232974533022733,0.0
10480.0,2.911111111111111,-0.07460696614945958,-0.11401172721877097,-0.0
10490.0,2.9138888888888888,-0.03759997006929259,0.0520675021260982,0.0
10500.0,2.9166666666666665,5.885732403546355e-16,0.04202334000239295,0.0
10510.0,2.9194444444444443,0.037599970069293755,-0.07653119109377655,-0.0
10520.0,2.922222222222222,0.07460696614946072,-0.058934825777057206,-0.0
10530.0,2.925,0.11043736580540135,0.09132552909687092,0.0
10540.0,2.9277777777777776,0.14452610223051435,0.2340542286261904,0.0
10550.0,2.9305555555555554,0.17633557568774327,0.40804699526409516,0.0
10560.0,2.933333333333333,0.2053641317786092,0.2219015036707315,0.0
10570.0,2.936111111111111,0.2311539728327348,0.5114973930924618,1.0
10580.0,2.938888888888889,0.2532983776506039,0.34159156511042177,0.0
10590.0,2.941666666666667,0.2714481157398062,0.34536240622918,0.0
10600.0,2.9444444444444446,0.28531695488854686,0.47063224311564134,0.0
10610.0,2.9472222222222224,0.29468617521860746,0.3340678272640717,0.0
10620.0,2.95,0.2994080185284813,0.2603833319104489,0.0
10630.0,2.952777777777778,0.2994080185284815,0.0945081684138071,0.0
10640.0,2.9555555555555557,0.29468617521860624,-0.035077026942342174,-0.0
10650.0,2.9583333333333335,0.28531695488854486,0.0560133012735554,0.0
10660.0,2.9611111111111112,0.27144811573980704,-0.00490590417382018,-0.0
10670.0,2.963888888888889,0.25329837765060503,0.08009574987964381,0.0
10680.0,2.966666666666667,0.23115397283273614,-0.006232724273593569,-0.0
10690.0,2.9694444444444446,0.2053641317786045,-0.06381231641301044,-0.0
10700.0,2.9722222222222223,0.17633557568773803,-0.0269925433513572,-0.0
10710.0,2.975,0.14452610223051615,-0.01907124512247215,-0.0
10720.0,2.977777777777778,0.11043736580540325,-0.028236787352315027,-0.0
10730.0,2.9805555555555556,0.07460696614945446,-0.06847933423009393,-0.0
10740.0,2.9833333333333334,0.037599970069287336,-0.10471420399467878,-0.0
10750.0,2.986111111111111,2.645608474540236e-15,-0.33659313675257885,-0.0
10760.0,2.988888888888889,-0.03759997006929055,-0.2578691409800696,-0.0
10770.0,2.9916666666666667,-0.07460696614945758,-0.297170246059827,-0.0
10780.0,2.9944444444444445,-0.11043736580540627,-0.2570679822917872,-0.0
10790.0,2.9972222222222222,-0.14452610223051898,-0.2925637313746819,-0.0
10800.0,3.0,-0.17633557568774064,-0.3522660332032117,-0.0
10810.0,3.0027777777777778,-0.20536413177860685,-0.2915494826868066,-0.0
10820.0,3.0055555555555555,-0.2311539728327382,-0.15748761896209756,-0.0
10830.0,3.0083333333333333,-0.25329837765060675,-0.2748225015160839,-0.0
10840.0,3.011111111111111,-0.2714481157398048,-0.16588257411870602,-0.0
10850.0,3.013888888888889,-0.28531695488854586,-0.3319407729534963,-0.0
10860.0,3.0166666666666666,-0.29468617521860685,-0.24763069807907798,-0.0
10870.0,3.0194444444444444,-0.29940801852848165,-0.2666320729794464,-0.0
10880.0,3.022222222222222,-0.29940801852848165,-0.34851266840084505,-0.0
10890.0,3.025,-0.29468617521860685,-0.2738054482104934,-0.0
10900.0,3.0277777777777777,-0.28531695488854586,-0.38408078416811725,-0.0
10910.0,3.0305555555555554,-0.2714481157398048,-0.5369725557567926,-1.0
10920.0,3.033333333333333,-0.2532983776506022,-0.5518979495152937,-1.0
10930.0,3.036111111111111,-0.2311539728327382,-0.45426987545363395,-0.0
10940.0,3.0388888888888888,-0.20536413177860685,-0.5446070992154141,-1.0
10950.0,3.0416666666666665,-0.17633557568774064,-0.5053177435744343,-1.0
10960.0,3.0444444444444443,-0.14452610223051152,-0.4818787158259518,-0.0
10970.0,3.047222222222222,-0.11043736580540627,-0.2789945841683632,-0.0
10980.0,3.05,-0.07460696614945758,-0.1785131763997572,-0.0
10990.0,3.0527777777777776,-0.03759997006929055,-0.08399418509147016,-0.0
11000.0,3.0555555555555554,2.6467226396860946e-15,0.1305222102269426,0.0
11010.0,3.058333333333333,0.037599970069295795,0.29281358232655386,0.0
11020.0,3.061111111111111,0.07460696614945446,0.43532874913636355,0.0
11030.0,3.063888888888889,0.11043736580540327,0.6110006022257568,1.0
11040.0,3.066666666666667,0.14452610223051615,0.606733032837767,1.0
11050.0,3.0694444444444446,0.17633557568774494,0.6571004686138355,1.0
11060.0,3.0722222222222224,0.2053641317786045,0.6108319623956422,1.0
11070.0,3.075,0.23115397283273614,0.6132111443645312,1.0
11080.0,3.077777777777778,0.25329837765060503,0.6260144221130968,1.0
11090.0,3.0805555555555557,0.27144811573980704,0.6022642791825404,1.0
11100.0,3.0833333333333335,0.2853169548885475,0.6774952231915167,1.0
11110.0,3.0861111111111112,0.29468617521860624,0.5751156665367526,1.0
11120.0,3.088888888888889,0.2994080185284815,0.6225222134567873,1.0
11130.0,3.091666666666667,0.2994080185284813,0.5834106644845928,1.0
11140.0,3.0944444444444446,0.29468617521860585,0.3813757330397675,0.0
11150.0,3.0972222222222223,0.28531695488854686,0.31393881947581675,0.0
11160.0,3.1,0.2714481157398062,0.15562589136502097,0.0
11170.0,3.102777777777778,0.2532983776506039,0.17632154097984637,0.0
11180.0,3.1055555555555556,0.2311539728327348,0.09986880830233867,0.0
11190.0,3.1083333333333334,0.205364131778603,0.02709604926638199,0.0
11200.0,3.111111111111111,0.17633557568774327,0.02033494726203098,0.0
11210.0,3.113888888888889,0.14452610223051435,0.10109972065947664,0.0
11220.0,3.1166666666666667,0.11043736580540135,0.006219367605936259,0.0
11230.0,3.1194444444444445,0.07460696614945246,-0.002873620402124565,-0.0
11240.0,3.1222222222222222,0.037599970069293755,-0.013227875525390786,-0.0
11250.0,3.125,5.874590752087764e-16,0.023031207197872265,0.0
11260.0,3.1277777777777778,-0.03759997006929259,-0.039348987218771586,-0.0
11270.0,3.1305555555555555,-0.07460696614945958,-0.05164596012715011,-0.0
11280.0,3.1333333333333333,-0.11043736580540818,-0.05554910047165914,-0.0
11290.0,3.136111111111111,-0.14452610223051332,0.009149077133288065,0.0
11300.0,3.138888888888889,-0.17633557568774233,-0.13456699599919866,-0.0
11310.0,3.1416666666666666,-0.20536413177860835,-0.15795477658522453,-0.0
11320.0,3.1444444444444444,-0.2311539728327395,-0.10937037988403822,-0.0
11330.0,3.147222222222222,-0.25329837765060326,-0.15963717789760226,-0.0
11340.0,3.15,-0.2714481157398057,-0.21870492053488141,-0.0
11350.0,3.1527777777777777,-0.2853169548885465,-0.3456122155129009,-0.0
11360.0,3.1555555555555554,-0.29468617521860724,-0.33470400900419534,-0.0
11370.0,3.158333333333333,-0.29940801852848126,-0.44833210272406837,-0.0
11380.0,3.161111111111111,-0.29940801852848153,-0.5216442658594836,-1.0
11390.0,3.1638888888888888,-0.29468617521860646,-0.6299512516811083,-1.0
11400.0,3.1666666666666665,-0.28531695488854525,-0.5859124864141799,-1.0
11410.0,3.1694444444444443,-0.27144811573980393,-0.4595197360937165,-0.0
11420.0,3.172222222222222,-0.25329837765060564,-0.36647405310248354,-0.0
11430.0,3.175,-0.2311539728327369,-0.4036218516649886,-0.0
11440.0,3.1777777777777776,-0.20536413177860535,-0.2058323804943875,-0.0
11450.0,3.1805555555555554,-0.17633557568773897,-0.16491238082378862,-0.0
11460.0,3.183333333333333,-0.14452610223051718,-0.11382372471040442,-0.0
11470.0,3.186111111111111,-0.11043736580540435,-0.10432256716809288,-0.0
11480.0,3.188888888888889,-0.07460696614945558,-0.023608713848261006,-0.0
11490.0,3.191666666666667,-0.0375999700692885,0.10805437629492971,0.0
11500.0,3.1944444444444446,4.704872039017555e-15,0.03149315311811792,0.0
11510.0,3.1972222222222224,0.03759997006928938,-0.06059011736626753,-0.0
11520.0,3.2,0.07460696614945644,0.02265970514570975,0.0
11530.0,3.202777777777778,0.11043736580540517,0.04021872530531401,0.0
11540.0,3.2055555555555557,0.14452610223051796,-0.06792284965753853,-0.0
11550.0,3.2083333333333335,0.1763355756877397,0.03796240217026789,0.0
11560.0,3.2111111111111112,0.205364131778606,0.034281605041697916,0.0
11570.0,3.213888888888889,0.23115397283273742,0.22689641553890652,0.0
11580.0,3.216666666666667,0.2532983776506061,0.33259076224750683,0.0
11590.0,3.2194444444444446,0.2714481157398079,0.20700340170316014,0.0
11600.0,3.2222222222222223,0.2853169548885455,0.2771419348254039,0.0
11610.0,3.225,0.2946861752186066,0.22218526385760123,0.0
11620.0,3.227777777777778,0.2994080185284816,0.12552425853840588,0.0
11630.0,3.2305555555555556,0.2994080185284812,0.1653255528650303,0.0
11640.0,3.2333333333333334,0.29468617521860707,0.10028570260033308,0.0
11650.0,3.236111111111111,0.28531695488854625,0.16617266293885338,0.0
11660.0,3.238888888888889,0.2714481157398053,0.17082225067422102,0.0
11670.0,3.2416666666666667,0.2532983776506028,-0.033772758786654235,-0.0
11680.0,3.2444444444444445,0.2311539728327335,0.21537466225050902,0.0
11690.0,3.2472222222222222,0.20536413177860768,0.17218822152787736,0.0
11700.0,3.25,0.1763355756877416,0.25827778301473203,0.0
11710.0,3.2527777777777778,0.14452610223051254,0.2806612392458612,0.0
11720.0,3.2555555555555555,0.11043736580539944,0.2759152295334805,0.0
11730.0,3.2583333333333333,0.07460696614945872,0.25982260861982265,0.0
11740.0,3.261111111111111,0.037599970069291715,0.26830797876826873,0.0
11750.0,3.263888888888889,-1.470690324122683e-15,0.16299248619562665,0.0
11760.0,3.2666666666666666,-0.03759997006929463,0.16880285197194211,0.0
11770.0,3.2694444444444444,-0.07460696614945331,0.0914322085379474,0.0
11780.0,3.272222222222222,-0.11043736580540217,0.20048218815620114,0.0
11790.0,3.275,-0.1445261022305151,0.09189352156538116,0.0
11800.0,3.2777777777777777,-0.17633557568774397,0.29446543736865144,0.0
11810.0,3.2805555555555554,-0.20536413177860985,0.32578410522551166,0.0
11820.0,3.283333333333333,-0.23115397283273537,0.3058366035695374,0.0
11830.0,3.286111111111111,-0.25329837765060437,0.22488969263556335,0.0
11840.0,3.2888888888888888,-0.27144811573980654,0.18305761628687126,0.0
11850.0,3.2916666666666665,-0.2853169548885472,0.07100171057437178,0.0
11860.0,3.2944444444444443,-0.294686175218606,0.11582899716042998,0.0
11870.0,3.297222222222222,-0.29940801852848137,0.15178101715435968,0.0
11880.0,3.3,-0.29940801852848137,0.2848060020854526,0.0
11890.0,3.3027777777777776,-0.2946861752186061,0.08830533214757465,0.0
11900.0,3.3055555555555554,-0.28531695488854464,0.04605723516990371,0.0
11910.0,3.308333333333333,-0.2714481157398067,0.03801589051899682,0.0
11920.0,3.311111111111111,-0.25329837765060453,0.023402334049587113,0.0
11930.0,3.313888888888889,-0.23115397283273556,-0.013820495215914655,-0.0
11940.0,3.316666666666667,-0.20536413177860385,0.08469722157822478,0.0
11950.0,3.3194444444444446,-0.1763355756877442,-0.030117041968276845,-0.0
11960.0,3.3222222222222224,-0.14452610223051537,-0.06986439274203547,-0.0
11970.0,3.325,-0.11043736580540243,-0.023819324409350244,-0.0
11980.0,3.327777777777778,-0.0746069661494536,0.10411156843643386,0.0
11990.0,3.3305555555555557,-0.03759997006928646,0.23664970688196008,0.0
12000.0,3.3333333333333335,-1.7634913907721885e-15,0.18298747386936787,0.0
12010.0,3.3361111111111112,0.03759997006929142,0.23032064209383707,0.0
12020.0,3.338888888888889,0.07460696614945844,0.38091618755920525,0.0
12030.0,3.341666666666667,0.11043736580540708,0.41324758938375594,0.0
12040.0,3.3444444444444446,0.14452610223051227,0.6102123725828584,1.0
12050.0,3.3472222222222223,0.17633557568774136,0.6712752386914196,1.0
12060.0,3.35,0.2053641317786075,0.5440977830160115,1.0
12070.0,3.352777777777778,0.23115397283273875,0.43591743010715295,0.0
12080.0,3.3555555555555556,0.2532983776506072,0.32132137700132474,0.0
12090.0,3.3583333333333334,0.2714481157398052,0.4717738757825174,0.0
12100.0,3.361111111111111,0.2853169548885462,0.5557975480277648,1.0
12110.0,3.363888888888889,0.294686175218607,0.544996662609624,1.0
12120.0,3.3666666666666667,0.2994080185284817,0.5909035032014677,1.0
12130.0,3.3694444444444445,0.29940801852848165,0.4825812442282106,0.0
12140.0,3.3722222222222222,0.2946861752186067,0.2978946310036721,0.0
12150.0,3.375,0.28531695488854564,0.210709760699385,0.0
12160.0,3.3777777777777778,0.27144811573980443,0.3232909825511462,0.0
12170.0,3.3805555555555555,0.2532983776506017,0.37955525746589486,0.0
12180.0,3.3833333333333333,0.23115397283273764,0.21644191969824453,0.0
12190.0,3.386111111111111,0.20536413177860618,-0.005912650807533942,-0.0
12200.0,3.388888888888889,0.17633557568773994,-0.14362559250292875,-0.0
12210.0,3.3916666666666666,0.14452610223051074,-0.300235612021613,-0.0
12220.0,3.3944444444444444,0.11043736580540546,-0.2827676410133233,-0.0
12230.0,3.397222222222222,0.07460696614945672,-0.23634357813284337,-0.0
12240.0,3.4,0.037599970069289675,-0.21510584203916883,-0.0
12250.0,3.4027777777777777,-3.5288397234541423e-15,-0.331286411898838,-0.0
12260.0,3.4055555555555554,-0.03759997006928821,-0.3502992089500963,-0.0
12270.0,3.408333333333333,-0.0746069661494553,-0.4162595126335715,-0.0
12280.0,3.411111111111111,-0.11043736580540409,-0.2722546970967062,-0.0
12290.0,3.4138888888888888,-0.14452610223051693,-0.23298422861566281,-0.0
12300.0,3.4166666666666665,-0.17633557568774563,-0.09234030689230915,-0.0
12310.0,3.4194444444444443,-0.2053641317786051,-0.32463288249465677,-0.0
12320.0,3.422222222222222,-0.2311539728327367,-0.33542185407293135,-0.0
12330.0,3.425,-0.2532983776506055,-0.20203760023639739,-0.0
12340.0,3.4277777777777776,-0.2714481157398074,-0.40013018079808155,-0.0
12350.0,3.4305555555555554,-0.2853169548885452,-0.4618174784656325,-0.0
12360.0,3.433333333333333,-0.2946861752186064,-0.4908588087253231,-0.0
12370.0,3.436111111111111,-0.29940801852848153,-0.542167047952249,-1.0
12380.0,3.438888888888889,-0.2994080185284813,-0.5441886300296481,-1.0
12390.0,3.441666666666667,-0.2946861752186057,-0.48369345151103954,-0.0
12400.0,3.4444444444444446,-0.28531695488854664,-0.31162938073670277,-0.0
12410.0,3.4472222222222224,-0.2714481157398058,-0.2865414893305869,-0.0
12420.0,3.45,-0.2532983776506034,-0.40401333335122663,-0.0
12430.0,3.452777777777778,-0.23115397283273426,-0.20208916414876935,-0.0
12440.0,3.4555555555555557,-0.20536413177860854,-0.2524060979140848,-0.0
12450.0,3.4583333333333335,-0.17633557568774252,-0.027403462632035067,-0.0
12460.0,3.4611111111111112,-0.14452610223051357,0.040798426352032374,0.0
12470.0,3.463888888888889,-0.11043736580540052,0.013895970568324796,0.0
12480.0,3.466666666666667,-0.0746069661494516,-0.14455126642447913,-0.0
12490.0,3.4694444444444446,-0.03759997006929288,-0.22215403658528354,-0.0
12500.0,3.4722222222222223,2.946580085592708e-16,-0.23388644361267838,-0.0
12510.0,3.475,0.03759997006929346,-0.1696072730389768,-0.0
12520.0,3.477777777777778,0.07460696614946043,-0.10432058438653047,-0.0
12530.0,3.4805555555555556,0.11043736580540107,-0.12546214467647906,-0.0
12540.0,3.4833333333333334,0.1445261022305141,-0.23851727667783093,-0.0
12550.0,3.486111111111111,0.17633557568774302,-0.16202748646213427,-0.0
12560.0,3.488888888888889,0.205364131778609,-0.10993493697838513,-0.0
12570.0,3.4916666666666667,0.23115397283274006,-0.03272260036333707,-0.0
12580.0,3.4944444444444445,0.25329837765060376,-0.10728139988722867,-0.0
12590.0,3.4972222222222222,0.27144811573980604,0.03650496338322378,0.0
12600.0,3.5,0.2853169548885468,-0.03740621515899273,-0.0
12610.0,3.5027777777777778,0.2946861752186074,-0.06572285726598683,-0.0
12620.0,3.5055555555555555,0.2994080185284813,0.01996016115844486,0.0
12630.0,3.5083333333333333,0.2994080185284815,0.049535942919061896,0.0
12640.0,3.511111111111111,0.2946861752186063,-0.03029265263332211,-0.0
12650.0,3.513888888888889,0.28531695488854497,-0.10901619997682346,-0.0
12660.0,3.5166666666666666,0.2714481157398072,-0.040315852810191566,-0.0
12670.0,3.5194444444444444,0.2532983776506052,0.30346764060886144,0.0
12680.0,3.522222222222222,0.23115397283273634,0.1379127755360176,0.0
12690.0,3.525,0.20536413177860469,0.2263431740923522,0.0
12700.0,3.5277777777777777,0.17633557568773828,0.220401116835663,0.0
12710.0,3.5305555555555554,0.1445261022305164,0.29957042907647247,0.0
12720.0,3.533333333333333,0.11043736580540355,0.4093020170412167,0.0
12730.0,3.536111111111111,0.07460696614945474,0.3370588106146135,0.0
12740.0,3.5388888888888888,0.03759997006928763,0.48068439847937383,0.0
12750.0,3.5416666666666665,2.9395237063356005e-15,0.36110672823476214,0.0
12760.0,3.5444444444444443,-0.03759997006929026,0.10949413301461398,0.0
12770.0,3.547222222222222,-0.0746069661494573,0.18740259695090597,0.0
12780.0,3.55,-0.110437365805406,0.16496220614642318,0.0
12790.0,3.5527777777777776,-0.14452610223051873,0.04996597003601772,0.0
12800.0,3.5555555555555554,-0.17633557568774041,-0.020291553346449984,-0.0
12810.0,3.558333333333333,-0.2053641317786066,-0.23909462263048079,-0.0
12820.0,3.561111111111111,-0.231153972832738,-0.23191266131403993,-0.0
12830.0,3.563888888888889,-0.2532983776506066,-0.5348040146917358,-1.0
12840.0,3.566666666666667,-0.2714481157398047,-0.47376508472877293,-0.0
12850.0,3.5694444444444446,-0.2853169548885458,-0.4014639039521256,-0.0
12860.0,3.5722222222222224,-0.2946861752186068,-0.5806166757055553,-1.0
12870.0,3.575,-0.29940801852848165,-0.5514309564924833,-1.0
12880.0,3.577777777777778,-0.29940801852848115,-0.4996582660392474,-0.0
12890.0,3.5805555555555557,-0.2946861752186069,-0.5644294341295145,-1.0
12900.0,3.5833333333333335,-0.28531695488854597,-0.4632196203126145,-0.0
12910.0,3.5861111111111112,-0.27144811573980493,-0.4142648980626037,-0.0
12920.0,3.588888888888889,-0.2532983776506023,-0.17452539062888422,-0.0
12930.0,3.591666666666667,-0.2311539728327384,-0.17256730923233407,-0.0
12940.0,3.5944444444444446,-0.20536413177860705,-0.18200214371344395,-0.0
12950.0,3.5972222222222223,-0.17633557568774091,-0.11577733748682745,-0.0
12960.0,3.6,-0.14452610223051177,-0.08443888652236317,-0.0
12970.0,3.602777777777778,-0.1104373658053986,-0.012151443853988931,-0.0
12980.0,3.6055555555555556,-0.07460696614945787,0.1629497629861722,0.0
12990.0,3.6083333333333334,-0.03759997006929084,0.23746318773465155,0.0
13000.0,3.611111111111111,2.35280740789073e-15,0.25264398274122496,0.0
13010.0,3.613888888888889,0.0375999700692955,0.05680268454408102,0.0
13020.0,3.6166666666666667,0.07460696614945417,0.08222848159299322,0.0
13030.0,3.6194444444444445,0.11043736580540299,0.03038525215419793,0.0
13040.0,3.6222222222222222,0.1445261022305159,0.10267650172446502,0.0
13050.0,3.625,0.1763355756877447,-0.05242024145397749,-0.0
13060.0,3.6277777777777778,0.2053641317786105,-0.16889599160317484,-0.0
13070.0,3.6305555555555555,0.23115397283273592,-0.24149186149570998,-0.0
13080.0,3.6333333333333333,0.25329837765060487,-0.2104064179733474,-0.0
13090.0,3.636111111111111,0.27144811573980693,-0.18984999651221926,-0.0
13100.0,3.638888888888889,0.28531695488854747,-0.0833808180787445,-0.0
13110.0,3.6416666666666666,0.2946861752186062,-0.18336627215903242,-0.0
13120.0,3.6444444444444444,0.2994080185284815,-0.0958253678534294,-0.0
13130.0,3.647222222222222,0.29940801852848137,-0.047652276029735735,-0.0
13140.0,3.65,0.2946861752186059,0.10706527872489373,0.0
13150.0,3.6527777777777777,0.28531695488854697,0.2248679967669774,0.0
13160.0,3.6555555555555554,0.2714481157398063,0.291616755564308,0.0
13170.0,3.658333333333333,0.2532983776506041,0.2144221769034661,0.0
13180.0,3.661111111111111,0.231153972832735,0.20072466027940739,0.0
13190.0,3.6638888888888888,0.20536413177860321,0.2302827052533184,0.0
13200.0,3.6666666666666665,0.1763355756877435,0.2876024636036122,0.0
13210.0,3.6694444444444443,0.1445261022305146,0.1976499476242229,0.0
13220.0,3.672222222222222,0.11043736580540163,0.15314450276210162,0.0
13230.0,3.675,0.07460696614945274,0.18378986298602265,0.0
13240.0,3.6777777777777776,0.037599970069294046,0.15173177291503662,0.0
13250.0,3.6805555555555554,8.813743070041412e-16,0.048023509495878525,0.0
13260.0,3.683333333333333,-0.0375999700692923,-0.0425812225728819,-0.0
13270.0,3.686111111111111,-0.07460696614945929,-0.0554320568007283,-0.0
13280.0,3.688888888888889,-0.11043736580540792,-0.014535193301850387,-0.0
13290.0,3.691666666666667,-0.14452610223051307,-0.009364931877288003,-0.0
13300.0,3.6944444444444446,-0.17633557568774208,-0.08270738562024471,-0.0
13310.0,3.6972222222222224,-0.2053641317786081,-0.14601191852721948,-0.0
13320.0,3.7,-0.23115397283273934,-0.22597108710825356,-0.0
13330.0,3.702777777777778,-0.2532983776506031,-0.32775104676421296,-0.0
13340.0,3.7055555555555557,-0.27144811573980554,-0.2134449412903291,-0.0
13350.0,3.7083333333333335,-0.28531695488854647,-0.08481757438107648,-0.0
13360.0,3.7111111111111112,-0.2946861752186072,-0.07532041675044777,-0.0
13370.0,3.713888888888889,-0.2994080185284818,-0.10718089252226644,-0.0
13380.0,3.716666666666667,-0.29940801852848153,-0.1775155635376614,-0.0
13390.0,3.7194444444444446,-0.2946861752186065,0.0016438256979406003,0.0
13400.0,3.7222222222222223,-0.28531695488854536,0.05250429456930639,0.0
13410.0,3.725,-0.27144811573980404,0.03996427145766576,0.0
13420.0,3.727777777777778,-0.25329837765060575,0.11799578751958761,0.0
13430.0,3.7305555555555556,-0.23115397283273706,-0.11777454952446681,-0.0
13440.0,3.7333333333333334,-0.20536413177860555,-0.09180994587490611,-0.0
13450.0,3.736111111111111,-0.1763355756877392,-0.07884560913740518,-0.0
13460.0,3.738888888888889,-0.14452610223050996,-0.019144004791174063,-0.0
13470.0,3.7416666666666667,-0.11043736580540464,-0.041154784106926884,-0.0
13480.0,3.7444444444444445,-0.07460696614945588,-0.1622992897697696,-0.0
13490.0,3.7472222222222222,-0.03759997006928879,-0.14980339805301385,-0.0
13500.0,3.75,4.4109568072221896e-15,-0.040272615912302356,-0.0
13510.0,3.7527777777777778,0.03759997006928909,-0.02448530380682447,-0.0
13520.0,3.7555555555555555,0.07460696614945617,0.13339650542916706,0.0
13530.0,3.7583333333333333,0.1104373658054049,0.2224095697846415,0.0
13540.0,3.761111111111111,0.14452610223051768,0.2541703030654847,0.0
13550.0,3.763888888888889,0.17633557568773947,0.3185319327611451,0.0
13560.0,3.7666666666666666,0.20536413177860577,0.49410738063773585,0.0
13570.0,3.7694444444444444,0.23115397283273725,0.5893839859221646,1.0
13580.0,3.772222222222222,0.2532983776506059,0.5842879594154025,1.0
13590.0,3.775,0.2714481157398078,0.5213970525408711,1.0
13600.0,3.7777777777777777,0.28531695488854547,0.5735237830737007,1.0
13610.0,3.7805555555555554,0.29468617521860657,0.7047346442533685,1.0
13620.0,3.783333333333333,0.29940801852848153,0.6041893250819051,1.0
13630.0,3.786111111111111,0.2994080185284812,0.592923441138277,1.0
13640.0,3.7888888888888888,0.2946861752186071,0.5561257399118352,1.0
13650.0,3.7916666666666665,0.28531695488854636,0.5112637854442484,1.0
13660.0,3.7944444444444443,0.27144811573980543,0.5422750989853791,1.0
13670.0,3.797222222222222,0.2532983776506029,0.5434975843805154,1.0
13680.0,3.8,0.2311539728327337,0.601172956661753,1.0
13690.0,3.8027777777777776,0.2053641317786079,0.43944154347102127,0.0
13700.0,3.8055555555555554,0.17633557568774183,0.33342236160962924,0.0
13710.0,3.808333333333333,0.1445261022305128,0.42397988295630923,0.0
13720.0,3.811111111111111,0.11043736580539971,0.27617887474498143,0.0
13730.0,3.813888888888889,0.07460696614945901,0.009855963172968194,0.0
13740.0,3.816666666666667,0.037599970069292006,-0.007877699806029339,-0.0
13750.0,3.8194444444444446,-1.176775092327318e-15,-0.08319314744049416,-0.0
13760.0,3.8222222222222224,-0.03759997006929434,-0.1014096490992105,-0.0
13770.0,3.825,-0.07460696614946129,-0.2023817880091977,-0.0
13780.0,3.827777777777778,-0.1104373658054019,-0.11355614302748146,-0.0
13790.0,3.8305555555555557,-0.14452610223051485,-0.08583490624606652,-0.0
13800.0,3.8333333333333335,-0.17633557568774375,-0.10250972331121769,-0.0
13810.0,3.8361111111111112,-0.2053641317786096,0.024432092685489848,0.0
13820.0,3.838888888888889,-0.2311539728327352,0.2223204131121021,0.0
13830.0,3.841666666666667,-0.2532983776506042,0.1861961340000614,0.0
13840.0,3.8444444444444446,-0.27144811573980643,0.17015042353323262,0.0
13850.0,3.8472222222222223,-0.2853169548885471,0.1329958623328408,0.0
13860.0,3.85,-0.29468617521860757,0.17025861270762943,0.0
13870.0,3.852777777777778,-0.29940801852848137,0.12936178584603525,0.0
13880.0,3.8555555555555556,-0.2994080185284814,0.010064843102633595,0.0
13890.0,3.8583333333333334,-0.29468617521860613,-0.08339539001821338,-0.0
13900.0,3.861111111111111,-0.2853169548885447,-0.2653635774597824,-0.0
13910.0,3.863888888888889,-0.2714481157398068,-0.38480853280129157,-0.0
13920.0,3.8666666666666667,-0.2532983776506047,-0.30084637539583414,-0.0
13930.0,3.8694444444444445,-0.23115397283273575,-0.3493451583914388,-0.0
13940.0,3.8722222222222222,-0.20536413177860405,-0.3635493516258143,-0.0
13950.0,3.875,-0.17633557568774447,-0.4661966925049138,-0.0
13960.0,3.8777777777777778,-0.14452610223051562,-0.353865837510065,-0.0
13970.0,3.8805555555555555,-0.11043736580540273,-0.3086673524424903,-0.0
13980.0,3.8833333333333333,-0.07460696614945388,-0.3429487965966389,-0.0
13990.0,3.886111111111111,-0.03759997006928675,-0.17391951406123685,-0.0
14000.0,3.888888888888889,-2.057406622567553e-15,-0.09505697684047197,-0.0
14010.0,3.8916666666666666,0.03759997006929113,-0.19837468683214463,-0.0
14020.0,3.8944444444444444,0.07460696614945815,-0.0775194362553773,-0.0
14030.0,3.897222222222222,0.11043736580540682,0.05674833495480468,0.0
14040.0,3.9,0.14452610223051202,0.242943050761037,0.0
14050.0,3.9027777777777777,0.17633557568774114,0.29874922755558103,0.0
14060.0,3.9055555555555554,0.20536413177860727,0.35776098004008205,0.0
14070.0,3.908333333333333,0.23115397283273856,0.29614531911681663,0.0
14080.0,3.911111111111111,0.25329837765060703,0.2842946055363069,0.0
14090.0,3.9138888888888888,0.27144811573980504,0.3075737331712848,0.0
14100.0,3.9166666666666665,0.2853169548885461,0.3024035338902108,0.0
14110.0,3.9194444444444443,0.29468617521860696,0.3029384629936051,0.0
14120.0,3.922222222222222,0.2994080185284817,0.2672268460125553,0.0
14130.0,3.925,0.29940801852848165,0.2029059861764169,0.0
14140.0,3.9277777777777776,0.29468617521860674,0.24728124727221357,0.0
14150.0,3.9305555555555554,0.2853169548885457,0.10749519506158241,0.0
14160.0,3.933333333333333,0.27144811573980454,0.1650393847961359,0.0
14170.0,3.936111111111111,0.25329837765060187,0.16103441160195509,0.0
14180.0,3.938888888888889,0.23115397283273784,0.15941791997327284,0.0
14190.0,3.941666666666667,0.2053641317786064,0.1505649587187358,0.0
14200.0,3.9444444444444446,0.17633557568774016,0.11321442584323667,0.0
14210.0,3.9472222222222224,0.144526102230511,0.12502123410640448,0.0
14220.0,3.95,0.11043736580540572,0.13735546541711693,0.0
14230.0,3.952777777777778,0.07460696614945701,-0.11981623994123769,-0.0
14240.0,3.9555555555555557,0.037599970069289966,-0.041063270321878356,-0.0
14250.0,3.9583333333333335,-3.2349244916587774e-15,0.08392351306004124,0.0
14260.0,3.9611111111111112,-0.03759997006929638,0.004518587027850907,0.0
14270.0,3.963888888888889,-0.07460696614945501,-0.03956571135891311,-0.0
14280.0,3.966666666666667,-0.11043736580540381,-0.1359875228340757,-0.0
14290.0,3.9694444444444446,-0.14452610223051665,-0.14442753336734593,-0.0
14300.0,3.9722222222222223,-0.1763355756877454,-0.17176282784981028,-0.0
14310.0,3.975,-0.2053641317786049,-0.20282244266483182,-0.0
14320.0,3.977777777777778,-0.2311539728327365,-0.23468934453015436,-0.0
14330.0,3.9805555555555556,-0.25329837765060537,-0.19414417824867705,-0.0
14340.0,3.9833333333333334,-0.2714481157398073,-0.24376158542278714,-0.0
14350.0,3.986111111111111,-0.2853169548885477,-0.16014862951521208,-0.0
14360.0,3.988888888888889,-0.29468617521860635,-0.12250489896539667,-0.0
14370.0,3.9916666666666667,-0.2994080185284815,-0.11881580860484846,-0.0
14380.0,3.9944444444444445,-0.2994080185284813,-0.09651114405308261,-0.0
14390.0,3.9972222222222222,-0.29468617521860574,-0.11564401116772166,-0.0
14400.0,4.0,-0.2853169548885467,-0.3066047368554879,-0.0
14410.0,4.002777777777778,-0.27144811573980593,-0.26265629157892645,-0.0
14420.0,4.0055555555555555,-0.2532983776506036,-0.23863174302495865,-0.0
14430.0,4.008333333333334,-0.23115397283273442,-0.3495225757985491,-0.0
14440.0,4.011111111111111,-0.20536413177860877,-0.36260143565227887,-0.0
14450.0,4.013888888888889,-0.1763355756877428,-0.29152731490014056,-0.0
14460.0,4.016666666666667,-0.14452610223051382,-0.05652478871441326,-0.0
14470.0,4.019444444444445,-0.11043736580540081,0.07236995876251139,0.0
14480.0,4.022222222222222,-0.07460696614945189,0.11355007189693568,0.0
14490.0,4.025,-0.03759997006929317,0.2855076785195495,0.0
14500.0,4.027777777777778,7.427767639060292e-19,0.40901110733189977,0.0
14510.0,4.030555555555556,0.03759997006929317,0.4167956018649053,0.0
14520.0,4.033333333333333,0.07460696614946015,0.5230771260373653,1.0
14530.0,4.036111111111111,0.11043736580540081,0.5012373283248972,1.0
14540.0,4.038888888888889,0.14452610223051382,0.5580063462251462,1.0
14550.0,4.041666666666667,0.1763355756877428,0.5261912623274296,1.0
14560.0,4.044444444444444,0.20536413177860877,0.41018445267923975,0.0
14570.0,4.0472222222222225,0.23115397283273986,0.40965006101427875,0.0
14580.0,4.05,0.2532983776506036,0.4063665495361675,0.0
14590.0,4.052777777777778,0.27144811573980593,0.4836860410275315,0.0
14600.0,4.055555555555555,0.2853169548885467,0.3208385077848377,0.0
14610.0,4.058333333333334,0.29468617521860735,0.3250688255169547,0.0
14620.0,4.061111111111111,0.2994080185284813,0.30993581956464067,0.0
14630.0,4.063888888888889,0.2994080185284815,0.17766505697892454,0.0
14640.0,4.066666666666666,0.29468617521860635,0.20762123154939122,0.0
14650.0,4.069444444444445,0.2853169548885451,0.17674228344532514,0.0
14660.0,4.072222222222222,0.27144811573980365,0.132742661534271,0.0
14670.0,4.075,0.25329837765060537,0.03511181066335429,0.0
14680.0,4.0777777777777775,0.2311539728327365,-0.1742413016887872,-0.0
14690.0,4.080555555555556,0.2053641317786049,-0.009607494189929443,-0.0
14700.0,4.083333333333333,0.1763355756877385,-0.05911151456762972,-0.0
14710.0,4.086111111111111,0.14452610223051665,-0.0073244980615400634,-0.0
14720.0,4.088888888888889,0.11043736580540381,-0.013667379427791488,-0.0
14730.0,4.091666666666667,0.07460696614945501,-0.05424478534329485,-0.0
14740.0,4.094444444444444,0.03759997006928792,-0.08329363166361953,-0.0
14750.0,4.097222222222222,-5.2930738909902365e-15,-0.07664073925100513,-0.0
14760.0,4.1,-0.037599970069289966,-0.08938458751337869,-0.0
14770.0,4.102777777777778,-0.07460696614945701,-0.1197121905706356,-0.0
14780.0,4.105555555555555,-0.11043736580540572,-0.13530743875453669,-0.0
14790.0,4.108333333333333,-0.14452610223051846,-0.17998397862773452,-0.0
14800.0,4.111111111111111,-0.17633557568774016,-0.3707266403532972,-0.0
14810.0,4.113888888888889,-0.2053641317786064,-0.35912664916612275,-0.0
14820.0,4.116666666666666,-0.23115397283273784,-0.5382702651932735,-1.0
14830.0,4.1194444444444445,-0.2532983776506064,-0.5027224010170452,-1.0
14840.0,4.122222222222222,-0.27144811573980454,-0.5244015113185818,-1.0
14850.0,4.125,-0.2853169548885457,-0.45526677697196,-0.0
14860.0,4.127777777777778,-0.29468617521860674,-0.359898513296309,-0.0
14870.0,4.1305555555555555,-0.29940801852848165,-0.49946960580301414,-0.0
14880.0,4.133333333333334,-0.29940801852848115,-0.524569659453114,-1.0
14890.0,4.136111111111111,-0.29468617521860696,-0.4175210798799766,-0.0
14900.0,4.138888888888889,-0.2853169548885461,-0.4469983143920817,-0.0
14910.0,4.141666666666667,-0.27144811573980504,-0.3442298545048639,-0.0
14920.0,4.144444444444445,-0.2532983776506025,-0.3525568211026815,-0.0
14930.0,4.147222222222222,-0.23115397283273856,-0.2371334785746111,-0.0
14940.0,4.15,-0.20536413177860727,-0.1470765786965831,-0.0
14950.0,4.152777777777778,-0.17633557568774114,-0.19202297464671064,-0.0
14960.0,4.155555555555556,-0.14452610223051202,-0.04389403134234049,-0.0
14970.0,4.158333333333333,-0.1104373658053989,-0.0021934743139293833,-0.0
14980.0,4.161111111111111,-0.07460696614945815,0.07180663697173074,0.0
14990.0,4.163888888888889,-0.03759997006929113,0.08222987661639913,0.0
15000.0,4.166666666666667,2.058892176095365e-15,0.06957443626166691,0.0
15010.0,4.169444444444444,0.03759997006929521,-0.0060991208050328195,-0.0
15020.0,4.1722222222222225,0.07460696614945388,-0.10226752227734986,-0.0
15030.0,4.175,0.11043736580540273,-0.028370810567794176,-0.0
15040.0,4.177777777777778,0.14452610223051562,0.13009924513484664,0.0
15050.0,4.180555555555555,0.17633557568774447,0.04351366033791919,0.0
15060.0,4.183333333333334,0.20536413177861026,0.2031787508640184,0.0
15070.0,4.186111111111111,0.23115397283273575,0.18918521300352256,0.0
15080.0,4.188888888888889,0.2532983776506047,0.23622030579214182,0.0
15090.0,4.191666666666666,0.2714481157398068,0.24812501006838966,0.0
15100.0,4.194444444444445,0.28531695488854736,0.34054621954382897,0.0
15110.0,4.197222222222222,0.29468617521860613,0.5500528469877222,1.0
15120.0,4.2,0.2994080185284814,0.4953114003448721,0.0
15130.0,4.2027777777777775,0.29940801852848137,0.46878366875917377,0.0
15140.0,4.205555555555556,0.29468617521860596,0.5473020160452429,1.0
15150.0,4.208333333333333,0.28531695488854447,0.40497870921707135,0.0
15160.0,4.211111111111111,0.27144811573980643,0.4020916363488504,0.0
15170.0,4.213888888888889,0.2532983776506042,0.21674328577798463,0.0
15180.0,4.216666666666667,0.2311539728327352,0.23767202253985792,0.0
15190.0,4.219444444444444,0.2053641317786034,0.22407128385827535,0.0
15200.0,4.222222222222222,0.17633557568774375,0.197906710643974,0.0
15210.0,4.225,0.14452610223051485,0.10513890797603026,0.0
15220.0,4.227777777777778,0.1104373658054019,0.08659769775260086,0.0
15230.0,4.230555555555555,0.07460696614945303,0.062375111633437307,0.0
15240.0,4.233333333333333,0.03759997006928588,0.1097822502857968,0.0
15250.0,4.236111111111111,1.175289538799506e-15,0.012202458148537067,0.0
15260.0,4.238888888888889,-0.037599970069292006,0.21050284915498457,0.0
15270.0,4.241666666666666,-0.07460696614945901,0.17484627736022448,0.0
15280.0,4.2444444444444445,-0.11043736580540764,0.16496371617504196,0.0
15290.0,4.247222222222222,-0.1445261022305128,-0.08296853496126622,-0.0
15300.0,4.25,-0.17633557568774183,-0.1018469685845415,-0.0
15310.0,4.252777777777778,-0.2053641317786079,-0.11505631550638012,-0.0
15320.0,4.2555555555555555,-0.23115397283273914,-0.13366390091291713,-0.0
15330.0,4.258333333333334,-0.2532983776506029,-0.19530817105365894,-0.0
15340.0,4.261111111111111,-0.27144811573980543,-0.1804755593735081,-0.0
15350.0,4.263888888888889,-0.28531695488854636,-0.30478372790022085,-0.0
15360.0,4.266666666666667,-0.2946861752186071,-0.30592348154951376,-0.0
15370.0,4.269444444444445,-0.29940801852848176,-0.29084269977487925,-0.0
15380.0,4.272222222222222,-0.29940801852848153,-0.35810240827282286,-0.0
15390.0,4.275,-0.29468617521860657,-0.444500470339494,-0.0
15400.0,4.277777777777778,-0.28531695488854547,-0.4278584386211141,-0.0
15410.0,4.280555555555556,-0.2714481157398042,-0.6214541708925316,-1.0
15420.0,4.283333333333333,-0.2532983776506059,-0.5020676482796536,-1.0
15430.0,4.286111111111111,-0.23115397283273725,-0.5183513528661106,-1.0
15440.0,4.288888888888889,-0.20536413177860577,-0.5267301897027905,-1.0
15450.0,4.291666666666667,-0.17633557568773947,-0.5296927905047262,-1.0
15460.0,4.294444444444444,-0.14452610223051024,-0.5622016991283627,-1.0
15470.0,4.2972222222222225,-0.1104373658054049,-0.382951442855855,-0.0
15480.0,4.3,-0.07460696614945617,-0.2403697007436011,-0.0
15490.0,4.302777777777778,-0.037599970069289085,-0.3150286192795813,-0.0
15500.0,4.305555555555555,4.117041575426824e-15,-0.055185760534608316,-0.0
15510.0,4.308333333333334,0.0375999700692888,-0.0869240687061398,-0.0
15520.0,4.311111111111111,0.07460696614945588,-0.04671578448696915,-0.0
15530.0,4.313888888888889,0.11043736580540464,0.07375332540734109,0.0
15540.0,4.316666666666666,0.14452610223051743,0.07959471474423786,0.0
15550.0,4.319444444444445,0.17633557568774613,0.17131336010098488,0.0
15560.0,4.322222222222222,0.20536413177860555,0.1615491661645359,0.0
15570.0,4.325,0.23115397283273706,0.24657249005270446,0.0
15580.0,4.3277777777777775,0.2532983776506058,0.2645576291813911,0.0
15590.0,4.330555555555556,0.2714481157398077,0.23225958648954637,0.0
15600.0,4.333333333333333,0.28531695488854536,0.2170662771926655,0.0
15610.0,4.336111111111111,0.2946861752186065,0.3327539911250066,0.0
15620.0,4.338888888888889,0.29940801852848153,0.31487097734576674,0.0
15630.0,4.341666666666667,0.29940801852848126,0.3720073043701213,0.0
15640.0,4.344444444444444,0.2946861752186056,0.3663192433014986,0.0
15650.0,4.347222222222222,0.28531695488854647,0.2974274538919722,0.0
15660.0,4.35,0.27144811573980554,0.15229513895407729,0.0
15670.0,4.352777777777778,0.2532983776506031,0.21150827647732534,0.0
15680.0,4.355555555555555,0.23115397283273387,0.26991194987478084,0.0
15690.0,4.358333333333333,0.20536413177860816,0.2564191652950691,0.0
15700.0,4.361111111111111,0.17633557568774208,0.22011173220551733,0.0
15710.0,4.363888888888889,0.14452610223051307,0.2071455188316262,0.0
15720.0,4.366666666666666,0.11043736580539998,0.0742752886157205,0.0
15730.0,4.3694444444444445,0.07460696614945929,-0.013389235588172847,-0.0
15740.0,4.372222222222222,0.0375999700692923,-0.014836005673050767,-0.0
15750.0,4.375,-8.828598605319533e-16,0.016911545468232446,0.0
15760.0,4.377777777777778,-0.037599970069294046,-0.06928729137416793,-0.0
15770.0,4.3805555555555555,-0.074606966149461,-0.31006028297932553,-0.0
15780.0,4.383333333333334,-0.11043736580540163,-0.46009553199917175,-0.0
15790.0,4.386111111111111,-0.1445261022305146,-0.5144828425980214,-1.0
15800.0,4.388888888888889,-0.1763355756877435,-0.6031304819671078,-1.0
15810.0,4.391666666666667,-0.2053641317786094,-0.449044267008613,-0.0
15820.0,4.394444444444445,-0.231153972832735,-0.41465766222419664,-0.0
15830.0,4.397222222222222,-0.2532983776506041,-0.38830724136876815,-0.0
15840.0,4.4,-0.2714481157398063,-0.47518463624486734,-0.0
15850.0,4.402777777777778,-0.28531695488854697,-0.3756560736472555,-0.0
15860.0,4.405555555555556,-0.2946861752186075,-0.4348544647476658,-0.0
15870.0,4.408333333333333,-0.29940801852848137,-0.41111506844180185,-0.0
15880.0,4.411111111111111,-0.2994080185284815,-0.44802926172004526,-0.0
15890.0,4.413888888888889,-0.2946861752186062,-0.3786017350910059,-0.0
15900.0,4.416666666666667,-0.2853169548885448,-0.44011840728832075,-0.0
15910.0,4.419444444444444,-0.27144811573980693,-0.40475564692935023,-0.0
15920.0,4.4222222222222225,-0.25329837765060487,-0.4219418307687954,-0.0
15930.0,4.425,-0.23115397283273592,-0.4232637342590215,-0.0
15940.0,4.427777777777778,-0.20536413177860424,-0.5444040871961063,-1.0
15950.0,4.430555555555555,-0.1763355756877378,-0.4014134341126514,-0.0
15960.0,4.433333333333334,-0.1445261022305159,-0.28332905880780235,-0.0
15970.0,4.436111111111111,-0.11043736580540299,-0.31101113346015546,-0.0
15980.0,4.438888888888889,-0.07460696614945417,-0.22666802580524634,-0.0
15990.0,4.441666666666666,-0.037599970069287045,-0.13110657126952374,-0.0
16000.0,4.444444444444445,-2.351321854362918e-15,-0.1540280212613513,-0.0
16010.0,4.447222222222222,0.03759997006929084,-0.1333867278473263,-0.0
16020.0,4.45,0.07460696614945787,-0.0962230745991361,-0.0
16030.0,4.4527777777777775,0.11043736580540654,-0.1008590332087538,-0.0
16040.0,4.455555555555556,0.14452610223051923,-0.04016432266087999,-0.0
16050.0,4.458333333333333,0.17633557568774091,-0.06664103551333485,-0.0
16060.0,4.461111111111111,0.20536413177860705,0.02752394067825675,0.0
16070.0,4.463888888888889,0.2311539728327384,-0.1449118167187153,-0.0
16080.0,4.466666666666667,0.2532983776506069,-0.2664161013830132,-0.0
16090.0,4.469444444444444,0.27144811573980493,-0.18150598662184522,-0.0
16100.0,4.472222222222222,0.28531695488854597,-0.1363655152870019,-0.0
16110.0,4.475,0.2946861752186069,-0.016590782628533,-0.0
16120.0,4.477777777777778,0.2994080185284817,0.0498135633035246,0.0
16130.0,4.480555555555555,0.29940801852848115,0.1575548323259384,0.0
16140.0,4.483333333333333,0.2946861752186068,0.2833570853773211,0.0
16150.0,4.486111111111111,0.2853169548885458,0.21253026241911274,0.0
16160.0,4.488888888888889,0.27144811573980465,0.39905072314705897,0.0
16170.0,4.491666666666666,0.25329837765060204,0.46643663918041295,0.0
16180.0,4.4944444444444445,0.231153972832738,0.28651775507304617,0.0
16190.0,4.497222222222222,0.2053641317786066,0.24166010003280258,0.0
16200.0,4.5,0.17633557568774041,0.07478490497691159,0.0
16210.0,4.502777777777778,0.14452610223051124,0.09936393559951355,0.0
16220.0,4.5055555555555555,0.110437365805406,-0.16256973837752275,-0.0
16230.0,4.508333333333334,0.0746069661494573,-0.3216605236804695,-0.0
16240.0,4.511111111111111,0.03759997006929026,-0.13743055970286086,-0.0
16250.0,4.513888888888889,-2.9410092598634125e-15,-0.10946121639536682,-0.0
16260.0,4.516666666666667,-0.037599970069296086,-0.08585451638857504,-0.0
16270.0,4.519444444444445,-0.07460696614945474,0.07118151131187375,0.0
16280.0,4.522222222222222,-0.11043736580540355,-0.04001668357438031,-0.0
16290.0,4.525,-0.1445261022305164,0.03130796806248591,0.0
16300.0,4.527777777777778,-0.17633557568774516,-0.07710922070825259,-0.0
16310.0,4.530555555555556,-0.20536413177860469,0.09168378976156982,0.0
16320.0,4.533333333333333,-0.23115397283273634,0.06597786932289446,0.0
16330.0,4.536111111111111,-0.2532983776506052,-0.12837634381352517,-0.0
16340.0,4.538888888888889,-0.2714481157398072,-0.24728866364146432,-0.0
16350.0,4.541666666666667,-0.28531695488854764,-0.22149636654049162,-0.0
16360.0,4.544444444444444,-0.2946861752186063,-0.40061771672619234,-0.0
16370.0,4.5472222222222225,-0.2994080185284815,-0.26721569108703247,-0.0
16380.0,4.55,-0.2994080185284813,-0.24512431532242315,-0.0
16390.0,4.552777777777778,-0.2946861752186058,-0.1635884209985962,-0.0
16400.0,4.555555555555555,-0.2853169548885468,-0.21746213232247685,-0.0
16410.0,4.558333333333334,-0.27144811573980604,-0.14431628631136445,-0.0
16420.0,4.561111111111111,-0.25329837765060376,-0.02452079584901064,-0.0
16430.0,4.563888888888889,-0.23115397283273464,0.2279350436596513,0.0
16440.0,4.566666666666666,-0.20536413177860274,0.17629954717612747,0.0
16450.0,4.569444444444445,-0.17633557568774302,0.256606038615666,0.0
16460.0,4.572222222222222,-0.14452610223051407,0.4220231219712011,0.0
16470.0,4.575,-0.11043736580540107,0.47133109946115437,0.0
16480.0,4.5777777777777775,-0.07460696614945217,0.45914306267837734,0.0
16490.0,4.580555555555556,-0.03759997006929346,0.452624120485863,0.0
16500.0,4.583333333333333,-2.9317245503145873e-16,0.5235238020688573,1.0
16510.0,4.586111111111111,0.03759997006929288,0.454484279302054,0.0
16520.0,4.588888888888889,0.07460696614945987,0.15255434991779993,0.0
16530.0,4.591666666666667,0.11043736580540846,0.19545327590146241,0.0
16540.0,4.594444444444444,0.14452610223051357,0.13460646162343018,0.0
16550.0,4.597222222222222,0.17633557568774258,0.012949946875926537,0.0
16560.0,4.6,0.20536413177860854,-0.025267803066516943,-0.0
16570.0,4.602777777777778,0.2311539728327397,0.012255288872704781,0.0
16580.0,4.605555555555555,0.2532983776506034,-0.003240448764926857,-0.0
16590.0,4.608333333333333,0.2714481157398058,-0.014922456828663345,-0.0
16600.0,4.611111111111111,0.28531695488854664,0.0593563447588323,0.0
16610.0,4.613888888888889,0.2946861752186073,0.013572396524414505,0.0
16620.0,4.616666666666666,0.2994080185284813,0.05336297836092428,0.0
16630.0,4.6194444444444445,0.29940801852848153,0.14879793972854521,0.0
16640.0,4.622222222222222,0.2946861752186064,0.19375538291422953,0.0
16650.0,4.625,0.2853169548885452,0.23682450517346598,0.0
16660.0,4.627777777777778,0.2714481157398038,0.11020621917826029,0.0
16670.0,4.6305555555555555,0.2532983776506055,0.1871625125419032,0.0
16680.0,4.633333333333334,0.2311539728327367,0.057205666390066745,0.0
16690.0,4.636111111111111,0.2053641317786051,0.1654840006502588,0.0
16700.0,4.638888888888889,0.17633557568773875,0.13329482288820685,0.0
16710.0,4.641666666666667,0.14452610223051693,0.03492197142151473,0.0
16720.0,4.644444444444445,0.11043736580540409,0.034650019578001,0.0
16730.0,4.647222222222222,0.0746069661494553,-0.07596294042414861,-0.0
16740.0,4.65,0.03759997006928821,-0.12063838243979186,-0.0
16750.0,4.652777777777778,-4.999158659194871e-15,-0.03589294875136331,-0.0
16760.0,4.655555555555556,-0.037599970069289675,-0.03211683526856804,-0.0
16770.0,4.658333333333333,-0.07460696614945672,0.011144798379663153,0.0
16780.0,4.661111111111111,-0.11043736580540546,-0.23785439902696476,-0.0
16790.0,4.663888888888889,-0.1445261022305182,0.035198607078451155,0.0
16800.0,4.666666666666667,-0.17633557568773994,0.005474758090362448,0.0
16810.0,4.669444444444444,-0.20536413177860618,0.06470866275330302,0.0
16820.0,4.6722222222222225,-0.23115397283273764,-0.02251172810388058,-0.0
16830.0,4.675,-0.25329837765060625,-0.13078217261456426,-0.0
16840.0,4.677777777777778,-0.27144811573980804,-0.18456261171088784,-0.0
16850.0,4.680555555555555,-0.28531695488854564,-0.18147655888974235,-0.0
16860.0,4.683333333333334,-0.2946861752186067,-0.39529178408789295,-0.0
16870.0,4.686111111111111,-0.29940801852848165,-0.2953581227977851,-0.0
16880.0,4.688888888888889,-0.2994080185284812,-0.434647364916254,-0.0
16890.0,4.691666666666666,-0.294686175218607,-0.6148684907494822,-1.0
16900.0,4.694444444444445,-0.2853169548885462,-0.6306124960654372,-1.0
16910.0,4.697222222222222,-0.2714481157398052,-0.49329491762589295,-0.0
16920.0,4.7,-0.25329837765060265,-0.2758556700152044,-0.0
16930.0,4.7027777777777775,-0.2311539728327333,-0.2343999219212498,-0.0
16940.0,4.705555555555556,-0.2053641317786075,-0.24859644918087204,-0.0
16950.0,4.708333333333333,-0.17633557568774136,-0.09343520488866049,-0.0
16960.0,4.711111111111111,-0.14452610223051227,-0.024054831809473504,-0.0
16970.0,4.713888888888889,-0.11043736580539916,-0.0159950028155659,-0.0
16980.0,4.716666666666667,-0.07460696614945843,0.25244042529699995,0.0
16990.0,4.719444444444444,-0.03759997006929142,0.13933538224273978,0.0
17000.0,4.722222222222222,1.7649769443000004e-15,0.13591114740519245,0.0
17010.0,4.725,0.03759997006929492,0.08535444129507996,0.0
17020.0,4.727777777777778,0.07460696614946186,0.15239245386300534,0.0
17030.0,4.730555555555555,0.11043736580540243,0.22280732553766824,0.0
17040.0,4.733333333333333,0.14452610223051537,0.3101119487016119,0.0
17050.0,4.736111111111111,0.1763355756877442,0.24945372729586712,0.0
17060.0,4.738888888888889,0.20536413177861004,0.1672481018265213,0.0
17070.0,4.741666666666666,0.23115397283273556,0.1718036633377174,0.0
17080.0,4.7444444444444445,0.25329837765060453,0.21614325899455555,0.0
17090.0,4.747222222222222,0.2714481157398067,0.3699608626428129,0.0
17100.0,4.75,0.28531695488854725,0.4517439956009653,0.0
17110.0,4.752777777777778,0.2946861752186061,0.5538341794728647,1.0
17120.0,4.7555555555555555,0.2994080185284814,0.5621874611222336,1.0
17130.0,4.758333333333334,0.29940801852848137,0.5608452351516608,1.0
17140.0,4.761111111111111,0.294686175218606,0.46547834134029237,0.0
17150.0,4.763888888888889,0.2853169548885445,0.6193654465440123,1.0
17160.0,4.766666666666667,0.27144811573980654,0.5583510310906046,1.0
17170.0,4.769444444444445,0.25329837765060437,0.5002431963405048,1.0
17180.0,4.772222222222222,0.23115397283273537,0.3335066594678009,0.0
17190.0,4.775,0.2053641317786036,0.07447432860323959,0.0
17200.0,4.777777777777778,0.17633557568774397,-0.09571628728659824,-0.0
17210.0,4.780555555555556,0.1445261022305151,-0.24476114284563769,-0.0
17220.0,4.783333333333333,0.11043736580540217,-0.2729886580475,-0.0
17230.0,4.786111111111111,0.07460696614945331,-0.2521078993604549,-0.0
17240.0,4.788888888888889,0.03759997006928617,-0.24491007381555344,-0.0
17250.0,4.791666666666667,1.4692047705948708e-15,-0.28889082697068363,-0.0
17260.0,4.794444444444444,-0.037599970069291715,-0.22614837183542877,-0.0
17270.0,4.7972222222222225,-0.07460696614945872,-0.32219107259682694,-0.0
17280.0,4.8,-0.11043736580540738,-0.09027921700407299,-0.0
17290.0,4.802777777777778,-0.14452610223051254,0.032532087639308566,0.0
17300.0,4.805555555555555,-0.1763355756877416,0.09158637587351748,0.0
17310.0,4.808333333333334,-0.20536413177860768,0.005542084505117482,0.0
17320.0,4.811111111111111,-0.23115397283273892,0.05787408065159913,0.0
17330.0,4.813888888888889,-0.25329837765060736,-0.11371902734254741,-0.0
17340.0,4.816666666666666,-0.2714481157398053,-0.14802184172451904,-0.0
17350.0,4.819444444444445,-0.28531695488854625,-0.11671207171606834,-0.0
17360.0,4.822222222222222,-0.29468617521860707,0.04559732524265311,0.0
17370.0,4.825,-0.2994080185284817,-0.0765091925228514,-0.0
17380.0,4.8277777777777775,-0.2994080185284816,-0.20925727900182878,-0.0
17390.0,4.830555555555556,-0.2946861752186066,-0.2641310059957056,-0.0
17400.0,4.833333333333333,-0.2853169548885455,-0.22542115325700923,-0.0
17410.0,4.836111111111111,-0.2714481157398043,-0.2561645253736357,-0.0
17420.0,4.838888888888889,-0.25329837765060154,-0.006408464748593085,-0.0
17430.0,4.841666666666667,-0.23115397283273742,0.054800434345242274,0.0
17440.0,4.844444444444444,-0.205364131778606,-0.07470576079378691,-0.0
17450.0,4.847222222222222,-0.1763355756877397,-0.06810073303385865,-0.0
17460.0,4.85,-0.1445261022305105,-0.04525403677645408,-0.0
17470.0,4.852777777777778,-0.11043736580540517,-0.025092691933733497,-0.0
17480.0,4.855555555555555,-0.07460696614945644,-0.007058503754712249,-0.0
17490.0,4.858333333333333,-0.037599970069289376,0.11788160289579655,0.0
17500.0,4.861111111111111,3.82312634363146e-15,0.08304376188170809,0.0
17510.0,4.863888888888889,0.03759997006928851,-0.036570192765795706,-0.0
17520.0,4.866666666666666,0.0746069661494556,-0.062135299130190766,-0.0
17530.0,4.8694444444444445,0.11043736580540435,0.03164767964872799,0.0
17540.0,4.872222222222222,0.14452610223051718,-0.04461793688756359,-0.0
17550.0,4.875,0.17633557568774585,-0.12619676992577966,-0.0
17560.0,4.877777777777778,0.20536413177860535,-0.19332072922954063,-0.0
17570.0,4.8805555555555555,0.2311539728327369,-0.13692244518707827,-0.0
17580.0,4.883333333333334,0.25329837765060564,-0.11814582347977669,-0.0
17590.0,4.886111111111111,0.27144811573980754,-0.04362903894085228,-0.0
17600.0,4.888888888888889,0.28531695488854525,0.03170595727568583,0.0
17610.0,4.891666666666667,0.29468617521860646,0.11744753773660703,0.0
17620.0,4.894444444444445,0.29940801852848153,0.25964653731028303,0.0
17630.0,4.897222222222222,0.29940801852848126,0.2731050625650109,0.0
17640.0,4.9,0.29468617521860563,0.34941921275855026,0.0
17650.0,4.902777777777778,0.2853169548885465,0.43984700241753066,0.0
17660.0,4.905555555555556,0.2714481157398057,0.48869735046923535,0.0
17670.0,4.908333333333333,0.25329837765060326,0.31247090800751537,0.0
17680.0,4.911111111111111,0.23115397283273406,0.19795930658574912,0.0
17690.0,4.913888888888889,0.20536413177860835,-0.081247646514929,-0.0
17700.0,4.916666666666667,0.17633557568774233,-0.05616415473007123,-0.0
17710.0,4.919444444444444,0.14452610223051332,-0.2340017901439649,-0.0
17720.0,4.9222222222222225,0.11043736580540026,-0.21171965752671426,-0.0
17730.0,4.925,0.07460696614945131,-0.23036850289017746,-0.0
17740.0,4.927777777777778,0.03759997006929259,-0.22090939213489058,-0.0
17750.0,4.930555555555555,-5.889446287365885e-16,-0.29886870270877686,-0.0
17760.0,4.933333333333334,-0.037599970069293755,-0.16409172141380723,-0.0
17770.0,4.936111111111111,-0.07460696614946072,-0.011478066734843757,-0.0
17780.0,4.938888888888889,-0.11043736580540135,0.13620972362187356,0.0
17790.0,4.941666666666666,-0.14452610223051435,0.006021316978083773,0.0
17800.0,4.944444444444445,-0.17633557568774327,-0.015556390245743032,-0.0
17810.0,4.947222222222222,-0.2053641317786092,-0.08486931768785594,-0.0
17820.0,4.95,-0.23115397283274025,-0.11579428201692532,-0.0
17830.0,4.9527777777777775,-0.2532983776506039,-0.13333934793240343,-0.0
17840.0,4.955555555555556,-0.2714481157398062,-0.06808885389676286,-0.0
17850.0,4.958333333333333,-0.28531695488854686,-0.2149437717401424,-0.0
17860.0,4.961111111111111,-0.29468617521860746,-0.2439871732191715,-0.0
17870.0,4.963888888888889,-0.2994080185284813,-0.302322491970493,-0.0
17880.0,4.966666666666667,-0.2994080185284815,-0.41288319790754846,-0.0
17890.0,4.969444444444444,-0.29468617521860624,-0.4280276513062586,-0.0
17900.0,4.972222222222222,-0.28531695488854486,-0.32393007319657835,-0.0
17910.0,4.975,-0.27144811573980343,-0.21554532501493345,-0.0
17920.0,4.977777777777778,-0.25329837765060503,-0.19155279843366313,-0.0
17930.0,4.980555555555555,-0.23115397283273614,-0.16847752481670375,-0.0
17940.0,4.983333333333333,-0.2053641317786045,-0.03240874269514289,-0.0
17950.0,4.986111111111111,-0.17633557568773803,-0.04284968668298387,-0.0
17960.0,4.988888888888889,-0.14452610223051615,,
17970.0,4.991666666666666,-0.11043736580540325,,
17980.0,4.9944444444444445,-0.07460696614945446,,
17990.0,4.997222222222222,-0.037599970069287336,,
