time_s,time_h,signal_clean,signal_noisy,signal_noisy_resolved
0.0,0.0,0.0,,
10.0,0.002777777777777778,0.03759997006929128,,
20.0,0.005555555555555556,0.07460696614945643,,
30.0,0.008333333333333333,0.11043736580540339,,
40.0,0.011111111111111112,0.1445261022305146,0.033957748027758555,0.0
50.0,0.013888888888888888,0.17633557568774194,0.14336485554649056,0.0
60.0,0.016666666666666666,0.2053641317786066,0.09754304754192944,0.0
70.0,0.019444444444444445,0.23115397283273675,0.22741501750756182,0.0
80.0,0.022222222222222223,0.25329837765060453,0.3999098795005984,0.0
90.0,0.025,0.2714481157398059,0.4387260346611156,0.0
100.0,0.027777777777777776,0.285316954888546,0.38824175020852764,0.0
110.0,0.030555555555555555,0.2946861752186066,0.4466915622482825,0.0
120.0,0.03333333333333333,0.2994080185284815,0.4509099967019533,0.0
130.0,0.03611111111111111,0.2994080185284815,0.3826319881667425,0.0
140.0,0.03888888888888889,0.2946861752186066,0.3776433496301671,0.0
150.0,0.041666666666666664,0.285316954888546,0.525976126262889,1.0
160.0,0.044444444444444446,0.2714481157398058,0.5200034207610831,1.0
170.0,0.04722222222222222,0.25329837765060453,0.3979040626839099,0.0
180.0,0.05,0.23115397283273675,0.3044892203555977,0.0
190.0,0.05277777777777778,0.20536413177860655,0.40381523523287466,0.0
200.0,0.05555555555555555,0.17633557568774197,0.376799811804041,0.0
210.0,0.058333333333333334,0.14452610223051457,0.3634610391312206,0.0
220.0,0.06111111111111111,0.11043736580540332,0.3446285227524269,0.0
230.0,0.06388888888888888,0.07460696614945644,0.19822060073136016,0.0
240.0,0.06666666666666667,0.03759997006929123,0.028128832237425867,0.0
250.0,0.06944444444444445,3.6739403974420595e-17,-0.04637768843954541,-0.0
260.0,0.07222222222222222,-0.037599970069291284,-0.05218968325426432,-0.0
270.0,0.075,-0.0746069661494565,-0.10126531235040358,-0.0
280.0,0.07777777777777778,-0.11043736580540338,-0.1690595877119109,-0.0
290.0,0.08055555555555556,-0.1445261022305146,-0.1956617972454141,-0.0
300.0,0.08333333333333333,-0.176335575687742,-0.28175890684266286,-0.0
310.0,0.08611111111111111,-0.2053641317786066,-0.2886931238245522,-0.0
320.0,0.08888888888888889,-0.2311539728327368,-0.25953704088326723,-0.0
330.0,0.09166666666666666,-0.2532983776506046,-0.3330937724038365,-0.0
340.0,0.09444444444444444,-0.2714481157398058,-0.24108523377291835,-0.0
350.0,0.09722222222222222,-0.285316954888546,-0.2159312950186424,-0.0
360.0,0.1,-0.2946861752186066,-0.2661566727363192,-0.0
370.0,0.10277777777777777,-0.2994080185284815,-0.32560216552931487,-0.0
380.0,0.10555555555555556,-0.2994080185284815,-0.3522810340098774,-0.0
390.0,0.10833333333333334,-0.29468617521860657,-0.1622322981004633,-0.0
400.0,0.1111111111111111,-0.2853169548885461,-0.09531621306396798,-0.0
410.0,0.11388888888888889,-0.2714481157398059,0.09391755133419963,0.0
420.0,0.11666666666666667,-0.2532983776506045,0.17984230340777108,0.0
430.0,0.11944444444444445,-0.2311539728327367,0.06426376880046744,0.0
440.0,0.12222222222222222,-0.2053641317786065,0.03374901634728632,0.0
450.0,0.125,-0.176335575687742,0.12418143260930131,0.0
460.0,0.12777777777777777,-0.1445261022305146,0.2370544842694553,0.0
470.0,0.13055555555555556,-0.11043736580540335,0.2596266793736005,0.0
480.0,0.13333333333333333,-0.07460696614945635,0.18773488138697728,0.0
490.0,0.1361111111111111,-0.03759997006929113,0.08701948823017705,0.0
500.0,0.1388888888888889,-7.347880794884119e-17,0.1034801796614278,0.0
510.0,0.14166666666666666,0.03759997006929125,0.1294936947257078,0.0
520.0,0.14444444444444443,0.07460696614945646,0.15644768873516726,0.0
530.0,0.14722222222222223,0.11043736580540346,0.1139624193143099,0.0
540.0,0.15,0.14452610223051468,0.13408274364459583,0.0
550.0,0.1527777777777778,0.17633557568774186,0.04402777384922116,0.0
560.0,0.15555555555555556,0.20536413177860657,-0.03597788635740437,-0.0
570.0,0.15833333333333333,0.23115397283273675,-0.07709782707101166,-0.0
580.0,0.16111111111111112,0.25329837765060453,0.03911860395725328,0.0
590.0,0.1638888888888889,0.2714481157398059,0.08254311479228539,0.0
600.0,0.16666666666666666,0.28531695488854614,0.05977085060596706,0.0
610.0,0.16944444444444445,0.29468617521860657,0.12333670086801736,0.0
620.0,0.17222222222222222,0.2994080185284815,0.0716402539869745,0.0
630.0,0.175,0.2994080185284815,0.05507099758568328,0.0
640.0,0.17777777777777778,0.29468617521860657,0.07441054240525705,0.0
650.0,0.18055555555555555,0.2853169548885461,0.043292647694328154,0.0
660.0,0.18333333333333332,0.27144811573980576,0.09688775699312413,0.0
670.0,0.18611111111111112,0.25329837765060453,0.07744694941260938,0.0
680.0,0.18888888888888888,0.2311539728327369,-0.12306003249224548,-0.0
690.0,0.19166666666666668,0.20536413177860652,0.013012791359913671,0.0
700.0,0.19444444444444445,0.176335575687742,-0.006021966522011251,-0.0
710.0,0.19722222222222222,0.1445261022305144,0.14111216164639132,0.0
720.0,0.2,0.11043736580540339,0.19627859232022848,0.0
730.0,0.20277777777777778,0.07460696614945612,0.2258762883953326,0.0
740.0,0.20555555555555555,0.037599970069291166,0.29649179550086774,0.0
750.0,0.20833333333333334,1.1021821192326178e-16,0.12537759646094498,0.0
760.0,0.2111111111111111,-0.03759997006929148,0.0930707607683775,0.0
770.0,0.21388888888888888,-0.07460696614945643,0.21972012855957856,0.0
780.0,0.21666666666666667,-0.11043736580540367,0.08791390272765066,0.0
790.0,0.21944444444444444,-0.14452610223051465,-0.10697102321896527,-0.0
800.0,0.2222222222222222,-0.17633557568774183,-0.2424101010044301,-0.0
810.0,0.225,-0.20536413177860674,-0.35780357954153463,-0.0
820.0,0.22777777777777777,-0.23115397283273675,-0.36720160989560563,-0.0
830.0,0.23055555555555557,-0.2532983776506047,-0.3365090796270551,-0.0
840.0,0.23333333333333334,-0.2714481157398059,-0.2751031091684372,-0.0
850.0,0.2361111111111111,-0.285316954888546,-0.3289363764482249,-0.0
860.0,0.2388888888888889,-0.2946861752186066,-0.5195105591790417,-1.0
870.0,0.24166666666666667,-0.2994080185284815,-0.4592497968262699,-0.0
880.0,0.24444444444444444,-0.2994080185284814,-0.3191618207398748,-0.0
890.0,0.24722222222222223,-0.29468617521860657,-0.23783821681036643,-0.0
900.0,0.25,-0.28531695488854614,-0.3161692203872078,-0.0
910.0,0.25277777777777777,-0.27144811573980576,-0.30778459992246754,-0.0
920.0,0.25555555555555554,-0.25329837765060453,-0.3044814811987638,-0.0
930.0,0.25833333333333336,-0.23115397283273656,-0.22100547553568034,-0.0
940.0,0.2611111111111111,-0.20536413177860655,-0.17259959498646485,-0.0
950.0,0.2638888888888889,-0.17633557568774202,-0.18569679272972012,-0.0
960.0,0.26666666666666666,-0.14452610223051443,-0.2649885222793118,-0.0
970.0,0.26944444444444443,-0.11043736580540342,-0.23248425433150224,-0.0
980.0,0.2722222222222222,-0.07460696614945617,-0.14332275263664657,-0.0
990.0,0.275,-0.0375999700692912,-0.06715597917528522,-0.0
1000.0,0.2777777777777778,-1.4695761589768238e-16,-0.05727083800404828,-0.0
1010.0,0.28055555555555556,0.037599970069291444,-0.07025095635653912,-0.0
1020.0,0.2833333333333333,0.07460696614945639,0.002440651364021101,0.0
1030.0,0.2861111111111111,0.11043736580540364,0.07852999669010277,0.0
1040.0,0.28888888888888886,0.14452610223051462,0.30869856575527055,0.0
1050.0,0.2916666666666667,0.1763355756877418,0.3181754618758872,0.0
1060.0,0.29444444444444445,0.2053641317786067,0.37633681140907144,0.0
1070.0,0.2972222222222222,0.23115397283273673,0.3056499227129781,0.0
1080.0,0.3,0.25329837765060464,0.36927898210069315,0.0
1090.0,0.30277777777777776,0.2714481157398059,0.37880304146172084,0.0
1100.0,0.3055555555555556,0.285316954888546,0.44133473590024497,0.0
1110.0,0.30833333333333335,0.2946861752186066,0.33800091672219,0.0
1120.0,0.3111111111111111,0.2994080185284815,0.31094572758452077,0.0
1130.0,0.3138888888888889,0.2994080185284815,0.23695308464190223,0.0
1140.0,0.31666666666666665,0.29468617521860657,0.28068751678532333,0.0
1150.0,0.3194444444444444,0.28531695488854614,0.25106177634093507,0.0
1160.0,0.32222222222222224,0.2714481157398058,0.24846356481863385,0.0
1170.0,0.325,0.25329837765060453,0.32129702580611463,0.0
1180.0,0.3277777777777778,0.2311539728327366,0.19952001688170304,0.0
1190.0,0.33055555555555555,0.20536413177860655,0.0679044699607205,0.0
1200.0,0.3333333333333333,0.17633557568774164,0.13171219659601413,0.0
1210.0,0.33611111111111114,0.14452610223051446,0.0821130433341069,0.0
1220.0,0.3388888888888889,0.11043736580540346,0.14277491164300032,0.0
1230.0,0.3416666666666667,0.0746069661494562,0.11247456959424326,0.0
1240.0,0.34444444444444444,0.03759997006929124,-0.05793965099520913,-0.0
1250.0,0.3472222222222222,-3.4921003194797215e-16,-0.1861142929649277,-0.0
1260.0,0.35,-0.03759997006929141,-0.2189339099653501,-0.0
1270.0,0.3527777777777778,-0.07460696614945635,-0.1789231417127903,-0.0
1280.0,0.35555555555555557,-0.1104373658054036,-0.15961373329128664,-0.0
1290.0,0.35833333333333334,-0.1445261022305146,-0.27814871428096494,-0.0
1300.0,0.3611111111111111,-0.17633557568774177,-0.34721601084442183,-0.0
1310.0,0.3638888888888889,-0.20536413177860632,-0.368229882526634,-0.0
1320.0,0.36666666666666664,-0.23115397283273703,-0.19886518824831187,-0.0
1330.0,0.36944444444444446,-0.25329837765060464,-0.16497072064846108,-0.0
1340.0,0.37222222222222223,-0.2714481157398059,-0.2151996676372053,-0.0
1350.0,0.375,-0.285316954888546,-0.20214776057889228,-0.0
1360.0,0.37777777777777777,-0.2946861752186065,-0.12003560040561433,-0.0
1370.0,0.38055555555555554,-0.2994080185284815,-0.10994630269259537,-0.0
1380.0,0.38333333333333336,-0.2994080185284815,-0.19627046230475328,-0.0
1390.0,0.3861111111111111,-0.2946861752186066,-0.06983970649622508,-0.0
1400.0,0.3888888888888889,-0.28531695488854614,-0.19577292449312372,-0.0
1410.0,0.39166666666666666,-0.27144811573980554,-0.32526486395595505,-0.0
1420.0,0.39444444444444443,-0.25329837765060426,-0.3135934092350703,-0.0
1430.0,0.3972222222222222,-0.23115397283273664,-0.16063274373087,-0.0
1440.0,0.4,-0.2053641317786066,-0.1634095974894999,-0.0
1450.0,0.4027777777777778,-0.1763355756877421,-0.29528741705421324,-0.0
1460.0,0.40555555555555556,-0.14452610223051401,-0.27425420724563326,-0.0
1470.0,0.4083333333333333,-0.11043736580540299,-0.057453069984563995,-0.0
1480.0,0.4111111111111111,-0.07460696614945622,-0.24109330832951276,-0.0
1490.0,0.41388888888888886,-0.03759997006929128,-0.18892136603870646,-0.0
1500.0,0.4166666666666667,-2.2043642384652356e-16,-0.15629811294871163,-0.0
1510.0,0.41944444444444445,0.0375999700692919,-0.04999005082919482,-0.0
1520.0,0.4222222222222222,0.07460696614945683,-0.0077206189293098455,-0.0
1530.0,0.425,0.11043736580540357,-0.1429755947592971,-0.0
1540.0,0.42777777777777776,0.14452610223051457,0.08843597854869914,0.0
1550.0,0.4305555555555556,0.17633557568774175,0.12736073504701406,0.0
1560.0,0.43333333333333335,0.20536413177860705,0.14065946224363465,0.0
1570.0,0.4361111111111111,0.23115397283273703,0.3091102549233838,0.0
1580.0,0.4388888888888889,0.2532983776506046,0.4581696109634215,0.0
1590.0,0.44166666666666665,0.2714481157398058,0.39377812741032536,0.0
1600.0,0.4444444444444444,0.28531695488854597,0.45463967807560707,0.0
1610.0,0.44722222222222224,0.2946861752186067,0.37238301945206054,0.0
1620.0,0.45,0.2994080185284815,0.45011477493225527,0.0
1630.0,0.4527777777777778,0.2994080185284815,0.3091010414405598,0.0
1640.0,0.45555555555555555,0.2946861752186066,0.21350087472443086,0.0
1650.0,0.4583333333333333,0.28531695488854614,0.11155148958661106,0.0
1660.0,0.46111111111111114,0.2714481157398056,0.09434334569916686,0.0
1670.0,0.4638888888888889,0.2532983776506043,-0.03744716581482933,-0.0
1680.0,0.4666666666666667,0.23115397283273664,-0.007890073067117167,-0.0
1690.0,0.46944444444444444,0.2053641317786066,-0.16673251430032782,-0.0
1700.0,0.4722222222222222,0.17633557568774214,-0.14094175673011822,-0.0
1710.0,0.475,0.14452610223051407,-0.1183606977224217,-0.0
1720.0,0.4777777777777778,0.11043736580540302,-0.09649508550421164,-0.0
1730.0,0.48055555555555557,0.07460696614945626,0.14291278528958976,0.0
1740.0,0.48333333333333334,0.03759997006929132,0.11728699969632876,0.0
1750.0,0.4861111111111111,2.5717582782094415e-16,0.06016097609569572,0.0
1760.0,0.4888888888888889,-0.03759997006929186,0.01992879646107522,0.0
1770.0,0.49166666666666664,-0.0746069661494568,-0.05012606567018808,-0.0
1780.0,0.49444444444444446,-0.11043736580540355,0.10962562654502299,0.0
1790.0,0.49722222222222223,-0.14452610223051454,0.10598136107757533,0.0
1800.0,0.5,-0.17633557568774175,-0.05552409386346565,-0.0
1810.0,0.5027777777777778,-0.20536413177860702,-0.0693789572842635,-0.0
1820.0,0.5055555555555555,-0.231153972832737,-0.3043173804590633,-0.0
1830.0,0.5083333333333333,-0.2532983776506046,-0.2799422727340144,-0.0
1840.0,0.5111111111111111,-0.2714481157398058,-0.3470097778266756,-0.0
1850.0,0.5138888888888888,-0.28531695488854597,-0.33684643202155407,-0.0
1860.0,0.5166666666666667,-0.2946861752186067,-0.2163514669476785,-0.0
1870.0,0.5194444444444445,-0.2994080185284815,-0.2984929683742502,-0.0
1880.0,0.5222222222222223,-0.2994080185284815,-0.3114896563172532,-0.0
1890.0,0.525,-0.2946861752186066,-0.06945342731038363,-0.0
1900.0,0.5277777777777778,-0.28531695488854614,-0.11714435116293107,-0.0
1910.0,0.5305555555555556,-0.2714481157398056,-0.021023838830504075,-0.0
1920.0,0.5333333333333333,-0.2532983776506043,-0.05108181421247656,-0.0
1930.0,0.5361111111111111,-0.23115397283273667,0.12844787260579726,0.0
1940.0,0.5388888888888889,-0.20536413177860666,0.09344660602625326,0.0
1950.0,0.5416666666666666,-0.17633557568774216,0.0760957672498504,0.0
1960.0,0.5444444444444444,-0.14452610223051407,0.12684956040032777,0.0
1970.0,0.5472222222222223,-0.11043736580540306,0.15714404482068062,0.0
1980.0,0.55,-0.0746069661494563,0.03167405280938502,0.0
1990.0,0.5527777777777778,-0.037599970069291354,0.1194550878030453,0.0
2000.0,0.5555555555555556,-2.9391523179536476e-16,0.0920163023356077,0.0
2010.0,0.5583333333333333,0.037599970069291826,0.1763997806249938,0.0
2020.0,0.5611111111111111,0.07460696614945676,0.10306318608580797,0.0
2030.0,0.5638888888888889,0.1104373658054035,0.16685613674783253,0.0
2040.0,0.5666666666666667,0.1445261022305145,0.12279051965797799,0.0
2050.0,0.5694444444444444,0.1763355756877417,-0.06997321892711354,-0.0
2060.0,0.5722222222222222,0.20536413177860702,-0.03107866511497992,-0.0
2070.0,0.575,0.23115397283273698,-0.024520401125361264,-0.0
2080.0,0.5777777777777777,0.2532983776506046,-0.05310258430594103,-0.0
2090.0,0.5805555555555556,0.2714481157398058,0.031168093584110577,0.0
2100.0,0.5833333333333334,0.28531695488854597,0.13751381039203178,0.0
2110.0,0.5861111111111111,0.2946861752186067,0.1789250350718815,0.0
2120.0,0.5888888888888889,0.2994080185284815,0.243946220952768,0.0
2130.0,0.5916666666666667,0.2994080185284815,0.2786994138781306,0.0
2140.0,0.5944444444444444,0.2946861752186066,0.34814151555035394,0.0
2150.0,0.5972222222222222,0.28531695488854614,0.24885742605781117,0.0
2160.0,0.6,0.27144811573980565,0.2002012952539263,0.0
2170.0,0.6027777777777777,0.25329837765060437,0.10146304033030135,0.0
2180.0,0.6055555555555555,0.2311539728327367,0.10824439047004142,0.0
2190.0,0.6083333333333333,0.20536413177860668,-0.03304444993644315,-0.0
2200.0,0.6111111111111112,0.1763355756877422,-0.11635219869123493,-0.0
2210.0,0.6138888888888889,0.1445261022305141,-0.09834789045296095,-0.0
2220.0,0.6166666666666667,0.11043736580540309,-0.09574145773951112,-0.0
2230.0,0.6194444444444445,0.07460696614945633,0.06359654962405381,0.0
2240.0,0.6222222222222222,0.03759997006929138,0.1018713120421962,0.0
2250.0,0.625,3.3065463576978537e-16,0.20476491693409996,0.0
2260.0,0.6277777777777778,-0.03759997006929179,0.2908879907208355,0.0
2270.0,0.6305555555555555,-0.07460696614945672,0.11891338384781323,0.0
2280.0,0.6333333333333333,-0.11043736580540348,0.10964476962316018,0.0
2290.0,0.6361111111111111,-0.14452610223051449,0.17376634957185894,0.0
2300.0,0.6388888888888888,-0.17633557568774166,-0.05638624137156439,-0.0
2310.0,0.6416666666666667,-0.205364131778607,-0.09755489369614506,-0.0
2320.0,0.6444444444444445,-0.23115397283273698,-0.2037134866452735,-0.0
2330.0,0.6472222222222223,-0.25329837765060453,-0.2163062725972078,-0.0
2340.0,0.65,-0.2714481157398058,-0.3207550653167941,-0.0
2350.0,0.6527777777777778,-0.2853169548885463,-0.454547724963066,-0.0
2360.0,0.6555555555555556,-0.2946861752186067,-0.42361597723091315,-0.0
2370.0,0.6583333333333333,-0.2994080185284815,-0.4097451881598179,-0.0
2380.0,0.6611111111111111,-0.2994080185284815,-0.26492743600747903,-0.0
2390.0,0.6638888888888889,-0.2946861752186066,-0.1471769438537377,-0.0
2400.0,0.6666666666666666,-0.28531695488854586,-0.16444430396482101,-0.0
2410.0,0.6694444444444444,-0.27144811573980565,-0.0755358947786684,-0.0
2420.0,0.6722222222222223,-0.25329837765060437,-0.01935571442743196,-0.0
2430.0,0.675,-0.2311539728327367,-0.014074126215194192,-0.0
2440.0,0.6777777777777778,-0.2053641317786067,-0.0034753881888102875,-0.0
2450.0,0.6805555555555556,-0.17633557568774136,0.02415136278767407,0.0
2460.0,0.6833333333333333,-0.14452610223051415,0.09709255197964697,0.0
2470.0,0.6861111111111111,-0.11043736580540313,0.0694492041422724,0.0
2480.0,0.6888888888888889,-0.07460696614945637,0.05168021242732022,0.0
2490.0,0.6916666666666667,-0.03759997006929142,0.10195663170646903,0.0
2500.0,0.6944444444444444,6.984200638959443e-16,0.21237752014092268,0.0
2510.0,0.6972222222222222,0.03759997006929175,0.17850942483744947,0.0
2520.0,0.7,0.0746069661494567,0.1299695479978418,0.0
2530.0,0.7027777777777777,0.11043736580540343,0.3505430800696754,0.0
2540.0,0.7055555555555556,0.14452610223051443,0.41582470475495875,0.0
2550.0,0.7083333333333334,0.1763355756877425,0.37613145663157477,0.0
2560.0,0.7111111111111111,0.20536413177860693,0.3138919489699838,0.0
2570.0,0.7138888888888889,0.23115397283273692,0.295331708810082,0.0
2580.0,0.7166666666666667,0.25329837765060453,0.18404807593404768,0.0
2590.0,0.7194444444444444,0.27144811573980576,0.09469632199279757,0.0
2600.0,0.7222222222222222,0.28531695488854597,0.1417673620610929,0.0
2610.0,0.725,0.29468617521860646,0.18022816412569642,0.0
2620.0,0.7277777777777777,0.29940801852848137,0.06292711478399304,0.0
2630.0,0.7305555555555555,0.29940801852848137,0.06449740465014511,0.0
2640.0,0.7333333333333333,0.29468617521860646,0.14716411906857474,0.0
2650.0,0.7361111111111112,0.28531695488854586,0.043951820548332035,0.0
2660.0,0.7388888888888889,0.27144811573980565,0.1215267173567164,0.0
2670.0,0.7416666666666667,0.25329837765060437,0.2793385344044704,0.0
2680.0,0.7444444444444445,0.23115397283273673,0.19605146585936092,0.0
2690.0,0.7472222222222222,0.20536413177860674,0.1099990716268952,0.0
2700.0,0.75,0.17633557568774227,0.18246909623462457,0.0
2710.0,0.7527777777777778,0.1445261022305151,0.1842780930132458,0.0
2720.0,0.7555555555555555,0.11043736580540416,0.09719634097938938,0.0
2730.0,0.7583333333333333,0.07460696614945538,-0.005059498920383461,-0.0
2740.0,0.7611111111111111,0.0375999700692904,-0.051701754783757076,-0.0
2750.0,0.7638888888888888,-6.616806599215236e-16,-0.1353602561385553,-0.0
2760.0,0.7666666666666667,-0.037599970069291715,-0.18803694005680038,-0.0
2770.0,0.7694444444444445,-0.07460696614945667,-0.17490169697340285,-0.0
2780.0,0.7722222222222223,-0.1104373658054034,-0.13696817135583791,-0.0
2790.0,0.775,-0.1445261022305144,-0.0800346089065331,-0.0
2800.0,0.7777777777777778,-0.1763355756877416,-0.13447777024205032,-0.0
2810.0,0.7805555555555556,-0.20536413177860616,-0.06367766269244515,-0.0
2820.0,0.7833333333333333,-0.23115397283273756,-0.14193630805557078,-0.0
2830.0,0.7861111111111111,-0.2532983776506051,-0.04114652519965897,-0.0
2840.0,0.7888888888888889,-0.2714481157398062,-0.08328766694848531,-0.0
2850.0,0.7916666666666666,-0.28531695488854625,-0.17248726484406138,-0.0
2860.0,0.7944444444444444,-0.2946861752186067,-0.18681395247932658,-0.0
2870.0,0.7972222222222223,-0.2994080185284815,-0.10512035363153951,-0.0
2880.0,0.8,-0.2994080185284815,-0.18063217305390333,-0.0
2890.0,0.8027777777777778,-0.2946861752186066,-0.1271656035283277,-0.0
2900.0,0.8055555555555556,-0.2853169548885462,-0.04811789945570669,-0.0
2910.0,0.8083333333333333,-0.27144811573980615,-0.053081156773274865,-0.0
2920.0,0.8111111111111111,-0.2532983776506038,-0.09187090390440732,-0.0
2930.0,0.8138888888888889,-0.2311539728327361,-0.00023932608251415403,-0.0
2940.0,0.8166666666666667,-0.205364131778606,0.014306409511654196,0.0
2950.0,0.8194444444444444,-0.17633557568774144,0.012080462830620779,0.0
2960.0,0.8222222222222222,-0.1445261022305142,-0.026822502817489633,-0.0
2970.0,0.825,-0.11043736580540318,0.03508506095544976,0.0
2980.0,0.8277777777777777,-0.07460696614945644,0.1644546087406149,0.0
2990.0,0.8305555555555556,-0.0375999700692915,0.2055277566768645,0.0
3000.0,0.8333333333333334,-4.408728476930471e-16,0.35572752342870584,0.0
3010.0,0.8361111111111111,0.03759997006929062,0.5635965522856078,1.0
3020.0,0.8388888888888889,0.07460696614945765,0.49136465557345843,0.0
3030.0,0.8416666666666667,0.11043736580540435,0.6500090857599287,1.0
3040.0,0.8444444444444444,0.14452610223051532,0.6867783658399533,1.0
3050.0,0.8472222222222222,0.17633557568774244,0.8249923161896111,1.0
3060.0,0.85,0.20536413177860688,0.8509602221371994,1.0
3070.0,0.8527777777777777,0.2311539728327369,0.7253738647929322,1.0
3080.0,0.8555555555555555,0.25329837765060453,0.6375173783017822,1.0
3090.0,0.8583333333333333,0.2714481157398057,0.4739560336900972,0.0
3100.0,0.8611111111111112,0.2853169548885459,0.3323413672940968,0.0
3110.0,0.8638888888888889,0.29468617521860646,0.4646262145090202,0.0
3120.0,0.8666666666666667,0.29940801852848153,0.2787991304931446,0.0
3130.0,0.8694444444444445,0.29940801852848137,0.371442959297233,0.0
3140.0,0.8722222222222222,0.29468617521860646,0.34733105510570617,0.0
3150.0,0.875,0.28531695488854586,0.21751974057873247,0.0
3160.0,0.8777777777777778,0.2714481157398057,0.2596118041049984,0.0
3170.0,0.8805555555555555,0.2532983776506044,0.28379291433113824,0.0
3180.0,0.8833333333333333,0.23115397283273675,0.27744402532782414,0.0
3190.0,0.8861111111111111,0.20536413177860677,0.2216583401649812,0.0
3200.0,0.8888888888888888,0.17633557568774233,0.16357268498915187,0.0
3210.0,0.8916666666666667,0.14452610223051518,0.2724438116918645,0.0
3220.0,0.8944444444444445,0.11043736580540224,0.0013545148545876825,0.0
3230.0,0.8972222222222223,0.07460696614945544,-0.14459259814408,-0.0
3240.0,0.9,0.03759997006929048,-0.02228283106601085,-0.0
3250.0,0.9027777777777778,-5.882018519726825e-16,-0.07746727396236841,-0.0
3260.0,0.9055555555555556,-0.037599970069291645,-0.1942036963976928,-0.0
3270.0,0.9083333333333333,-0.07460696614945658,-0.10234887795848738,-0.0
3280.0,0.9111111111111111,-0.11043736580540334,-0.18716250417044866,-0.0
3290.0,0.9138888888888889,-0.14452610223051435,-0.24722269536210273,-0.0
3300.0,0.9166666666666666,-0.17633557568774152,-0.2639510746493594,-0.0
3310.0,0.9194444444444444,-0.20536413177860607,-0.18333351050721136,-0.0
3320.0,0.9222222222222223,-0.23115397283273753,-0.21890191233671194,-0.0
3330.0,0.925,-0.25329837765060503,-0.32726405716748264,-0.0
3340.0,0.9277777777777778,-0.2714481157398062,-0.34661607499816394,-0.0
3350.0,0.9305555555555556,-0.28531695488854625,-0.3183760103199313,-0.0
3360.0,0.9333333333333333,-0.2946861752186067,-0.4030680415981443,-0.0
3370.0,0.9361111111111111,-0.2994080185284815,-0.37906206150853594,-0.0
3380.0,0.9388888888888889,-0.2994080185284815,-0.37958425890258085,-0.0
3390.0,0.9416666666666667,-0.2946861752186066,-0.3305525734106159,-0.0
3400.0,0.9444444444444444,-0.2853169548885462,-0.3686802149721458,-0.0
3410.0,0.9472222222222222,-0.27144811573980615,-0.2794259537829461,-0.0
3420.0,0.95,-0.25329837765060387,-0.1290863002183419,-0.0
3430.0,0.9527777777777777,-0.23115397283273614,-0.2084444551441538,-0.0
3440.0,0.9555555555555556,-0.20536413177860605,-0.2335218655785321,-0.0
3450.0,0.9583333333333334,-0.17633557568774147,-0.2795822520502272,-0.0
3460.0,0.9611111111111111,-0.14452610223051426,-0.3241723113443966,-0.0
3470.0,0.9638888888888889,-0.11043736580540327,-0.21433503844944046,-0.0
3480.0,0.9666666666666667,-0.07460696614945651,-0.2830434886261563,-0.0
3490.0,0.9694444444444444,-0.03759997006929157,-0.09672787211949188,-0.0
3500.0,0.9722222222222222,-5.143516556418883e-16,-0.2242844886617187,-0.0
3510.0,0.975,0.03759997006929055,-0.3296819413356467,-0.0
3520.0,0.9777777777777777,0.07460696614945758,-0.20313694571166416,-0.0
3530.0,0.9805555555555555,0.1104373658054043,-0.1269940004593378,-0.0
3540.0,0.9833333333333333,0.14452610223051524,0.017820928994927675,0.0
3550.0,0.9861111111111112,0.17633557568774236,0.1907877502707038,0.0
3560.0,0.9888888888888889,0.20536413177860685,0.23947831714589382,0.0
3570.0,0.9916666666666667,0.23115397283273684,0.33141524428320523,0.0
3580.0,0.9944444444444445,0.2532983776506044,0.31999540309183494,0.0
3590.0,0.9972222222222222,0.2714481157398057,0.327845941777978,0.0
3600.0,1.0,0.28531695488854586,0.389634747998017,0.0
3610.0,1.0027777777777778,0.29468617521860646,0.428104373022212,0.0
3620.0,1.0055555555555555,0.29940801852848153,0.3769988049988121,0.0
3630.0,1.0083333333333333,0.29940801852848137,0.4264105444875964,0.0
3640.0,1.011111111111111,0.29468617521860646,0.42671551817852915,0.0
3650.0,1.0138888888888888,0.28531695488854586,0.38059018997997884,0.0
3660.0,1.0166666666666666,0.2714481157398057,0.2923157723331251,0.0
3670.0,1.0194444444444444,0.2532983776506044,0.22597637284488753,0.0
3680.0,1.0222222222222221,0.23115397283273684,0.2395485336157003,0.0
3690.0,1.025,0.20536413177860685,0.23041662152423634,0.0
3700.0,1.0277777777777777,0.17633557568774236,0.1926090848109312,0.0
3710.0,1.0305555555555554,0.14452610223051524,0.19338187511853278,0.0
3720.0,1.0333333333333334,0.11043736580540231,0.16738330019317604,0.0
3730.0,1.0361111111111112,0.07460696614945551,0.17440752644346982,0.0
3740.0,1.038888888888889,0.03759997006929055,0.1754921338361578,0.0
3750.0,1.0416666666666667,-5.147230440238413e-16,0.0799975970946022,0.0
3760.0,1.0444444444444445,-0.03759997006929157,0.039414663922112195,0.0
3770.0,1.0472222222222223,-0.07460696614945651,0.010750623714882286,0.0
3780.0,1.05,-0.11043736580540327,-0.1050888603445739,-0.0
3790.0,1.0527777777777778,-0.14452610223051426,-0.2189756681112415,-0.0
3800.0,1.0555555555555556,-0.17633557568774147,-0.34076705112646216,-0.0
3810.0,1.0583333333333333,-0.20536413177860757,-0.4914735937987325,-0.0
3820.0,1.0611111111111111,-0.2311539728327375,-0.6173164211653144,-1.0
3830.0,1.0638888888888889,-0.25329837765060503,-0.8097502147563692,-1.0
3840.0,1.0666666666666667,-0.27144811573980615,-0.81427936536545,-1.0
3850.0,1.0694444444444444,-0.2853169548885462,-0.8841068545084618,-1.0
3860.0,1.0722222222222222,-0.2946861752186066,-0.7847431764065815,-1.0
3870.0,1.075,-0.2994080185284815,-0.6921171259846394,-1.0
3880.0,1.0777777777777777,-0.2994080185284815,-0.705588524273457,-1.0
3890.0,1.0805555555555555,-0.2946861752186067,-0.5633979691763922,-1.0
3900.0,1.0833333333333333,-0.28531695488854625,-0.45113814078020187,-0.0
3910.0,1.086111111111111,-0.27144811573980526,-0.4879929203940945,-0.0
3920.0,1.0888888888888888,-0.2532983776506039,-0.35458720901724494,-0.0
3930.0,1.0916666666666666,-0.23115397283273617,-0.24898322838376286,-0.0
3940.0,1.0944444444444446,-0.20536413177860607,-0.1560490685256836,-0.0
3950.0,1.0972222222222223,-0.17633557568774152,-0.1934223791634729,-0.0
3960.0,1.1,-0.14452610223051435,-0.09254764839559271,-0.0
3970.0,1.1027777777777779,-0.11043736580540334,0.06739597564083526,0.0
3980.0,1.1055555555555556,-0.07460696614945658,0.01185753836527602,0.0
3990.0,1.1083333333333334,-0.037599970069291645,0.07972884042098281,0.0
4000.0,1.1111111111111112,-5.878304635907295e-16,0.235885716831054,0.0
4010.0,1.113888888888889,0.03759997006929259,0.40833967009526756,0.0
4020.0,1.1166666666666667,0.07460696614945751,0.5007718226658019,1.0
4030.0,1.1194444444444445,0.11043736580540423,0.5312854103959345,1.0
4040.0,1.1222222222222222,0.14452610223051518,0.5159271534432217,1.0
4050.0,1.125,0.17633557568774233,0.43035266452702875,0.0
4060.0,1.1277777777777778,0.20536413177860677,0.4016804438047697,0.0
4070.0,1.1305555555555555,0.23115397283273675,0.4766399518199573,0.0
4080.0,1.1333333333333333,0.2532983776506044,0.49960341657175117,0.0
4090.0,1.136111111111111,0.2714481157398057,0.5077658118574345,1.0
4100.0,1.1388888888888888,0.28531695488854586,0.33220191647909325,0.0
4110.0,1.1416666666666666,0.29468617521860685,0.3160582092028253,0.0
4120.0,1.1444444444444444,0.29940801852848153,0.2605735304957286,0.0
4130.0,1.1472222222222221,0.29940801852848137,0.21803472939003438,0.0
4140.0,1.15,0.29468617521860646,0.13900087176251452,0.0
4150.0,1.1527777777777777,0.2853169548885459,0.10064107168338904,0.0
4160.0,1.1555555555555554,0.2714481157398057,0.20432817314350438,0.0
4170.0,1.1583333333333334,0.25329837765060453,0.04089617662012665,0.0
4180.0,1.1611111111111112,0.2311539728327369,-0.000505129818422178,-0.0
4190.0,1.163888888888889,0.20536413177860688,0.012853639748627283,0.0
4200.0,1.1666666666666667,0.17633557568774244,-0.03631850521115738,-0.0
4210.0,1.1694444444444445,0.14452610223051343,-0.005297266673175572,-0.0
4220.0,1.1722222222222223,0.11043736580540238,0.014689128993934906,0.0
4230.0,1.175,0.07460696614945558,0.03899269186140543,0.0
4240.0,1.1777777777777778,0.03759997006929062,0.004750704592187312,0.0
4250.0,1.1805555555555556,-4.412442360750001e-16,-0.16877739852213505,-0.0
4260.0,1.1833333333333333,-0.0375999700692915,0.02116433062341356,0.0
4270.0,1.1861111111111111,-0.07460696614945644,0.06754403384314683,0.0
4280.0,1.1888888888888889,-0.11043736580540318,0.0823678733307529,0.0
4290.0,1.1916666666666667,-0.1445261022305142,0.024945477872478736,0.0
4300.0,1.1944444444444444,-0.17633557568774144,0.04419010854278936,0.0
4310.0,1.1972222222222222,-0.20536413177860754,0.03657013710266573,0.0
4320.0,1.2,-0.23115397283273742,0.03260157688141702,0.0
4330.0,1.2027777777777777,-0.253298377650605,0.09965898873474882,0.0
4340.0,1.2055555555555555,-0.27144811573980615,0.17126763445170054,0.0
4350.0,1.2083333333333333,-0.2853169548885462,0.08134501457406257,0.0
4360.0,1.211111111111111,-0.2946861752186066,0.015250794026976763,0.0
4370.0,1.2138888888888888,-0.2994080185284815,0.14426099897807354,0.0
4380.0,1.2166666666666666,-0.2994080185284815,0.098220215910576,0.0
4390.0,1.2194444444444446,-0.2946861752186067,-0.04785713717956594,-0.0
4400.0,1.2222222222222223,-0.28531695488854625,0.02623631137044521,0.0
4410.0,1.225,-0.2714481157398053,0.058708085178979436,0.0
4420.0,1.2277777777777779,-0.2532983776506039,0.07692696497928216,0.0
4430.0,1.2305555555555556,-0.23115397283273623,-0.021233332265980825,-0.0
4440.0,1.2333333333333334,-0.20536413177860616,-0.01809820363111417,-0.0
4450.0,1.2361111111111112,-0.1763355756877416,-0.06310792661919909,-0.0
4460.0,1.238888888888889,-0.1445261022305144,-0.18444496865872123,-0.0
4470.0,1.2416666666666667,-0.1104373658054034,-0.05382079730541236,-0.0
4480.0,1.2444444444444445,-0.07460696614945667,0.071537185467605,0.0
4490.0,1.2472222222222222,-0.037599970069291715,0.041409914225246446,0.0
4500.0,1.25,-6.613092715395707e-16,-0.14008413669117037,-0.0
4510.0,1.2527777777777778,0.03759997006929252,-0.01806700584219582,-0.0
4520.0,1.2555555555555555,0.07460696614945744,0.13820273509859168,0.0
4530.0,1.2583333333333333,0.11043736580540416,0.11946582058933103,0.0
4540.0,1.261111111111111,0.1445261022305151,0.18834211013952298,0.0
4550.0,1.2638888888888888,0.17633557568774227,0.27496074280912697,0.0
4560.0,1.2666666666666666,0.20536413177860674,0.26499343162660133,0.0
4570.0,1.2694444444444444,0.23115397283273673,0.21818778805313774,0.0
4580.0,1.2722222222222221,0.25329837765060437,0.21538238305419694,0.0
4590.0,1.275,0.27144811573980565,0.49561147916370074,0.0
4600.0,1.2777777777777777,0.28531695488854586,0.3206995532111554,0.0
4610.0,1.2805555555555554,0.29468617521860685,0.3917658120814962,0.0
4620.0,1.2833333333333334,0.29940801852848153,0.45470137457108906,0.0
4630.0,1.2861111111111112,0.29940801852848137,0.498177247899577,0.0
4640.0,1.288888888888889,0.29468617521860646,0.45628968906375456,0.0
4650.0,1.2916666666666667,0.28531695488854597,0.5585382208060441,1.0
4660.0,1.2944444444444445,0.27144811573980576,0.5662731154060631,1.0
4670.0,1.2972222222222223,0.25329837765060453,0.6586065093795478,1.0
4680.0,1.3,0.23115397283273692,0.45362009524952235,0.0
4690.0,1.3027777777777778,0.20536413177860693,0.42297038919314484,0.0
4700.0,1.3055555555555556,0.17633557568774078,0.3465397345917349,0.0
4710.0,1.3083333333333333,0.14452610223051351,0.3605592480821918,0.0
4720.0,1.3111111111111111,0.11043736580540243,0.32880815875081915,0.0
4730.0,1.3138888888888889,0.07460696614945567,0.1456651369562965,0.0
4740.0,1.3166666666666667,0.037599970069290695,0.08123643930909723,0.0
4750.0,1.3194444444444444,-3.67765428126159e-16,0.14265972199727917,0.0
4760.0,1.3222222222222222,-0.03759997006929142,0.03679434920964136,0.0
4770.0,1.325,-0.07460696614945637,0.16677330009021712,0.0
4780.0,1.3277777777777777,-0.11043736580540313,0.37387813635766176,0.0
4790.0,1.3305555555555555,-0.14452610223051415,0.36653266472369556,0.0
4800.0,1.3333333333333333,-0.1763355756877431,0.24929145124794416,0.0
4810.0,1.336111111111111,-0.2053641317786075,0.2162846696307212,0.0
4820.0,1.3388888888888888,-0.2311539728327374,0.25314001293050026,0.0
4830.0,1.3416666666666666,-0.2532983776506049,0.1799980164783783,0.0
4840.0,1.3444444444444446,-0.2714481157398061,0.12890492386685995,0.0
4850.0,1.3472222222222223,-0.2853169548885462,0.2020834779738937,0.0
4860.0,1.35,-0.2946861752186066,0.14215997648151354,0.0
4870.0,1.3527777777777779,-0.2994080185284815,-0.009053865778347906,-0.0
4880.0,1.3555555555555556,-0.2994080185284815,-0.15841262324434424,-0.0
4890.0,1.3583333333333334,-0.2946861752186067,-0.07347364042939344,-0.0
4900.0,1.3611111111111112,-0.28531695488854564,-0.03206826696515566,-0.0
4910.0,1.363888888888889,-0.2714481157398053,-0.12550350908195526,-0.0
4920.0,1.3666666666666667,-0.253298377650604,0.0003686999965732222,0.0
4930.0,1.3694444444444445,-0.23115397283273625,0.016660474583429744,0.0
4940.0,1.3722222222222222,-0.20536413177860618,0.0461657254560668,0.0
4950.0,1.375,-0.17633557568774166,0.027844239123325516,0.0
4960.0,1.3777777777777778,-0.14452610223051449,0.08883520741886773,0.0
4970.0,1.3805555555555555,-0.11043736580540348,0.25454899310391277,0.0
4980.0,1.3833333333333333,-0.07460696614945672,0.25076990137077576,0.0
4990.0,1.386111111111111,-0.03759997006929179,0.26193923829387217,0.0
5000.0,1.3888888888888888,1.3968401277918886e-15,0.5123663572479943,1.0
5010.0,1.3916666666666666,0.03759997006929244,0.36623720118930964,0.0
5020.0,1.3944444444444444,0.07460696614945737,0.33724676041442986,0.0
5030.0,1.3972222222222221,0.11043736580540409,0.2890399430885482,0.0
5040.0,1.4,0.14452610223051507,0.3414456250992635,0.0
5050.0,1.4027777777777777,0.1763355756877422,0.32043255297102413,0.0
5060.0,1.4055555555555554,0.20536413177860668,0.23988888333694602,0.0
5070.0,1.4083333333333334,0.2311539728327367,0.2931630270149651,0.0
5080.0,1.4111111111111112,0.25329837765060437,0.23249976559333044,0.0
5090.0,1.413888888888889,0.27144811573980565,0.120657670553921,0.0
5100.0,1.4166666666666667,0.28531695488854647,0.285900211092505,0.0
5110.0,1.4194444444444445,0.2946861752186064,0.32668420949449445,0.0
5120.0,1.4222222222222223,0.29940801852848153,0.38501693573344675,0.0
5130.0,1.425,0.29940801852848153,0.5208282003193929,1.0
5140.0,1.4277777777777778,0.2946861752186065,0.39828329474725493,0.0
5150.0,1.4305555555555556,0.2853169548885453,0.4272741812708778,0.0
5160.0,1.4333333333333333,0.2714481157398058,0.2643451768186955,0.0
5170.0,1.4361111111111111,0.2532983776506034,0.358929366815378,0.0
5180.0,1.4388888888888889,0.23115397283273698,0.4832274259762788,0.0
5190.0,1.4416666666666667,0.20536413177860544,0.38452983523402845,0.0
5200.0,1.4444444444444444,0.17633557568774252,0.3784979427462563,0.0
5210.0,1.4472222222222222,0.14452610223051357,0.18884603888994458,0.0
5220.0,1.45,0.11043736580540449,0.1790781635863312,0.0
5230.0,1.4527777777777777,0.07460696614945574,0.2815440862765944,0.0
5240.0,1.4555555555555555,0.03759997006929288,0.19745010471336133,0.0
5250.0,1.4583333333333333,-2.9428662017731775e-16,0.23358947647603637,0.0
5260.0,1.461111111111111,-0.03759997006929346,0.044599188479267235,0.0
5270.0,1.4638888888888888,-0.0746069661494563,-0.17107346608766683,-0.0
5280.0,1.4666666666666666,-0.11043736580540504,-0.2182249125365767,-0.0
5290.0,1.4694444444444446,-0.14452610223051407,-0.2534244815406278,-0.0
5300.0,1.4722222222222223,-0.17633557568774302,-0.19812946194194042,-0.0
5310.0,1.475,-0.20536413177860588,-0.4332124489167452,-0.0
5320.0,1.4777777777777779,-0.23115397283273736,-0.5466337942202354,-1.0
5330.0,1.4805555555555556,-0.25329837765060376,-0.6020688327344241,-1.0
5340.0,1.4833333333333334,-0.27144811573980604,-0.5249424191856473,-1.0
5350.0,1.4861111111111112,-0.2853169548885468,-0.5495001329019118,-1.0
5360.0,1.488888888888889,-0.2946861752186066,-0.4112908713693386,-0.0
5370.0,1.4916666666666667,-0.2994080185284816,-0.4548903804175794,-0.0
5380.0,1.4944444444444445,-0.2994080185284815,-0.3815816233230883,-0.0
5390.0,1.4972222222222222,-0.2946861752186063,-0.4973112163294922,-0.0
5400.0,1.5,-0.2853169548885463,-0.4394960657010327,-0.0
5410.0,1.5027777777777778,-0.2714481157398054,-0.4606196716029982,-0.0
5420.0,1.5055555555555555,-0.2532983776506052,-0.3321939750513189,-0.0
5430.0,1.5083333333333333,-0.23115397283273634,-0.3187318384298553,-0.0
5440.0,1.511111111111111,-0.20536413177860782,-0.0998452238577549,-0.0
5450.0,1.5138888888888888,-0.17633557568774175,-0.07931585978499739,-0.0
5460.0,1.5166666666666666,-0.14452610223051265,-0.05545935246168607,-0.0
5470.0,1.5194444444444444,-0.11043736580540355,-0.10277926055343015,-0.0
5480.0,1.5222222222222221,-0.07460696614945474,0.13962504449009522,0.0
5490.0,1.525,-0.03759997006929186,0.0989077271893279,0.0
5500.0,1.5277777777777777,1.3233613198430473e-15,0.2722404648513483,0.0
5510.0,1.5305555555555554,0.03759997006929026,0.3522381549088969,0.0
5520.0,1.5333333333333334,0.0746069661494573,0.17482463601413004,0.0
5530.0,1.5361111111111112,0.11043736580540205,0.027072962962411226,0.0
5540.0,1.538888888888889,0.14452610223051499,0.08034803333597307,0.0
5550.0,1.5416666666666667,0.17633557568774386,0.17770688520259695,0.0
5560.0,1.5444444444444445,0.2053641317786066,0.13180297453474704,0.0
5570.0,1.5472222222222223,0.231153972832738,0.06958587567530065,0.0
5580.0,1.55,0.2532983776506043,0.2236041467808906,0.0
5590.0,1.5527777777777778,0.2714481157398065,0.18451482734357982,0.0
5600.0,1.5555555555555556,0.2853169548885458,0.13110259961061377,0.0
5610.0,1.5583333333333333,0.2946861752186068,0.2638374254422611,0.0
5620.0,1.5611111111111111,0.29940801852848137,0.27048736491953257,0.0
5630.0,1.5638888888888889,0.2994080185284814,0.26683666014404595,0.0
5640.0,1.5666666666666667,0.29468617521860613,0.29099544468222355,0.0
5650.0,1.5694444444444444,0.28531695488854597,0.44349895795540184,0.0
5660.0,1.5722222222222222,0.27144811573980493,0.4172760046099205,0.0
5670.0,1.575,0.2532983776506046,0.37669567654739766,0.0
5680.0,1.5777777777777777,0.23115397283273567,0.24015336029329154,0.0
5690.0,1.5805555555555555,0.20536413177860705,0.10126873733416582,0.0
5700.0,1.5833333333333333,0.17633557568774091,0.10597436790967062,0.0
5710.0,1.586111111111111,0.1445261022305155,0.17498771782116265,0.0
5720.0,1.5888888888888888,0.11043736580540257,0.09367213412375341,0.0
5730.0,1.5916666666666666,0.07460696614945787,0.07000120437254821,0.0
5740.0,1.5944444444444446,0.03759997006929084,-0.051027385859270975,-0.0
5750.0,1.5972222222222223,-2.3524360195087774e-15,-0.024819470330024213,-0.0
5760.0,1.6,-0.03759997006929128,-0.15538949593603682,-0.0
5770.0,1.6027777777777779,-0.07460696614945829,-0.018267559363643007,-0.0
5780.0,1.6055555555555556,-0.11043736580540299,0.0866917941469576,0.0
5790.0,1.6083333333333334,-0.1445261022305159,-0.026573098996945845,-0.0
5800.0,1.6111111111111112,-0.17633557568774125,-0.0012382324896669918,-0.0
5810.0,1.613888888888889,-0.20536413177860738,-0.08685573378799054,-0.0
5820.0,1.6166666666666667,-0.23115397283273592,-0.17802967927723434,-0.0
5830.0,1.6194444444444445,-0.25329837765060487,-0.15608091277290895,-0.0
5840.0,1.6222222222222222,-0.27144811573980693,-0.18019434473504858,-0.0
5850.0,1.625,-0.28531695488854614,-0.13419959374913665,-0.0
5860.0,1.6277777777777778,-0.294686175218607,-0.26421442811805496,-0.0
5870.0,1.6305555555555555,-0.2994080185284815,-0.3434526340484302,-0.0
5880.0,1.6333333333333333,-0.29940801852848137,-0.3201354479741915,-0.0
5890.0,1.636111111111111,-0.2946861752186067,-0.3949555535046761,-0.0
5900.0,1.6388888888888888,-0.2853169548885457,-0.3963721826436671,-0.0
5910.0,1.6416666666666666,-0.2714481157398063,-0.348765243963264,-0.0
5920.0,1.6444444444444444,-0.2532983776506041,-0.3478680098562596,-0.0
5930.0,1.6472222222222221,-0.23115397283273773,-0.34790850015330893,-0.0
5940.0,1.65,-0.20536413177860632,-0.3469367419471905,-0.0
5950.0,1.6527777777777777,-0.17633557568774008,-0.27703925968866083,-0.0
5960.0,1.6555555555555554,-0.1445261022305146,-0.253664988239368,-0.0
5970.0,1.6583333333333334,-0.11043736580540163,-0.19101095759247252,-0.0
5980.0,1.6611111111111112,-0.07460696614945687,-0.21986467989828185,-0.0
5990.0,1.663888888888889,-0.03759997006928982,-0.22749217726789286,-0.0
6000.0,1.6666666666666667,-8.817456953860942e-16,-0.11079270108259652,-0.0
6010.0,1.6694444444444445,0.0375999700692923,-0.051074958312910486,-0.0
6020.0,1.6722222222222223,0.07460696614945517,0.04900856199914174,0.0
6030.0,1.675,0.11043736580540396,0.060342187805525555,0.0
6040.0,1.6777777777777778,0.1445261022305168,0.19052924775029467,0.0
6050.0,1.6805555555555556,0.17633557568774208,0.2853145387855575,0.0
6060.0,1.6833333333333333,0.2053641317786081,0.24985495975689245,0.0
6070.0,1.6861111111111111,0.2311539728327366,0.47126870441978774,0.0
6080.0,1.6888888888888889,0.2532983776506054,0.6774166810768718,1.0
6090.0,1.6916666666666667,0.27144811573980554,0.5242334196968694,1.0
6100.0,1.6944444444444444,0.28531695488854647,0.4201596491313526,0.0
6110.0,1.6972222222222222,0.29468617521860635,0.39990327685913446,0.0
6120.0,1.7,0.29940801852848153,0.6549018006608587,1.0
6130.0,1.7027777777777777,0.29940801852848153,0.7846344385556565,1.0
6140.0,1.7055555555555555,0.2946861752186065,0.7040256667855288,1.0
6150.0,1.7083333333333333,0.28531695488854536,0.7292242710711543,1.0
6160.0,1.711111111111111,0.2714481157398059,0.6379497503792347,1.0
6170.0,1.7138888888888888,0.25329837765060353,0.38713584173424553,0.0
6180.0,1.7166666666666666,0.23115397283273706,0.5005086416709985,1.0
6190.0,1.7194444444444446,0.20536413177860555,0.5725854365822484,1.0
6200.0,1.7222222222222223,0.17633557568774266,0.5472930434043133,1.0
6210.0,1.725,0.14452610223051368,0.26967920511666904,0.0
6220.0,1.7277777777777779,0.11043736580540464,0.09196533305425841,0.0
6230.0,1.7305555555555556,0.07460696614945588,0.16610839356021911,0.0
6240.0,1.7333333333333334,0.03759997006928879,0.17187482548904462,0.0
6250.0,1.7361111111111112,-1.473290042796354e-16,0.1890065114695153,0.0
6260.0,1.738888888888889,-0.037599970069293324,0.2532360062906414,0.0
6270.0,1.7416666666666667,-0.07460696614945617,0.10746928219089406,0.0
6280.0,1.7444444444444445,-0.1104373658054049,0.09823460550719809,0.0
6290.0,1.7472222222222222,-0.14452610223051396,-0.08786398725270486,-0.0
6300.0,1.75,-0.1763355756877429,-0.12493120580511569,-0.0
6310.0,1.7527777777777778,-0.20536413177860577,-0.16764662325950613,-0.0
6320.0,1.7555555555555555,-0.23115397283273725,-0.19035022885934577,-0.0
6330.0,1.7583333333333333,-0.2532983776506037,-0.228646829152255,-0.0
6340.0,1.761111111111111,-0.271448115739806,-0.24178893099417836,-0.0
6350.0,1.7638888888888888,-0.28531695488854675,-0.046366272543890745,-0.0
6360.0,1.7666666666666666,-0.29468617521860657,-0.029462236860345443,-0.0
6370.0,1.7694444444444444,-0.29940801852848153,-0.09874556668650492,-0.0
6380.0,1.7722222222222221,-0.2994080185284815,0.006694602787945413,0.0
6390.0,1.775,-0.29468617521860635,0.1915211750651977,0.0
6400.0,1.7777777777777777,-0.28531695488854636,0.22781779841283414,0.0
6410.0,1.7805555555555554,-0.27144811573980543,0.028186904929024006,0.0
6420.0,1.7833333333333334,-0.25329837765060526,0.03437102967523926,0.0
6430.0,1.7861111111111112,-0.2311539728327364,-0.006222986294326185,-0.0
6440.0,1.788888888888889,-0.20536413177860482,-0.10779692495161707,-0.0
6450.0,1.7916666666666667,-0.17633557568774183,-0.09262393538177013,-0.0
6460.0,1.7944444444444445,-0.1445261022305128,-0.011139707205066697,-0.0
6470.0,1.7972222222222223,-0.11043736580540367,0.10587896332762992,0.0
6480.0,1.8,-0.07460696614945488,0.1394960219457148,0.0
6490.0,1.8027777777777778,-0.037599970069292006,0.08193764966699255,0.0
6500.0,1.8055555555555556,1.176403703945365e-15,0.31198663908977425,0.0
6510.0,1.8083333333333333,0.03759997006929011,0.4174169057737715,0.0
6520.0,1.8111111111111111,0.07460696614945717,0.2773457870213501,0.0
6530.0,1.8138888888888889,0.11043736580540585,0.14172353496688894,0.0
6540.0,1.8166666666666667,0.14452610223051485,0.1326555143291665,0.0
6550.0,1.8194444444444444,0.17633557568774375,0.24511771739857005,0.0
6560.0,1.8222222222222222,0.20536413177860652,0.2577922690646257,0.0
6570.0,1.825,0.2311539728327379,0.1882979798867362,0.0
6580.0,1.8277777777777777,0.2532983776506042,0.23662847235906753,0.0
6590.0,1.8305555555555555,0.27144811573980643,0.30360354624115843,0.0
6600.0,1.8333333333333333,0.28531695488854575,0.25549402947837124,0.0
6610.0,1.836111111111111,0.2946861752186068,0.4456700244618589,0.0
6620.0,1.8388888888888888,0.29940801852848137,0.5936541776744481,1.0
6630.0,1.8416666666666666,0.2994080185284814,0.5808851401597562,1.0
6640.0,1.8444444444444446,0.29468617521860613,0.39063493917885417,0.0
6650.0,1.8472222222222223,0.285316954888546,0.40611299423766284,0.0
6660.0,1.85,0.271448115739805,0.2950892943625955,0.0
6670.0,1.8527777777777779,0.2532983776506047,0.28340161782355355,0.0
6680.0,1.8555555555555556,0.23115397283273575,0.17735740599562158,0.0
6690.0,1.8583333333333334,0.20536413177860716,0.12121723150440102,0.0
6700.0,1.8611111111111112,0.176335575687741,0.1382689801692863,0.0
6710.0,1.863888888888889,0.14452610223051562,0.12011436346167187,0.0
6720.0,1.8666666666666667,0.11043736580540273,0.18389196582011197,0.0
6730.0,1.8694444444444445,0.07460696614945388,0.2505343052986314,0.0
6740.0,1.8722222222222222,0.037599970069290986,0.18600870415947324,0.0
6750.0,1.875,-2.2054784036110948e-15,0.136016994231195,0.0
6760.0,1.8777777777777778,-0.03759997006929113,0.06936024666814827,0.0
6770.0,1.8805555555555555,-0.07460696614945815,0.13274030381994045,0.0
6780.0,1.8833333333333333,-0.11043736580540285,0.10205586984708878,0.0
6790.0,1.886111111111111,-0.14452610223051576,-0.12191720225460595,-0.0
6800.0,1.8888888888888888,-0.17633557568774114,-0.19713206080210807,-0.0
6810.0,1.8916666666666666,-0.20536413177860727,-0.28489440992892034,-0.0
6820.0,1.8944444444444444,-0.23115397283273584,-0.23777915722957788,-0.0
6830.0,1.8972222222222221,-0.25329837765060476,-0.2546713902375086,-0.0
6840.0,1.9,-0.2714481157398069,-0.15761065155264725,-0.0
6850.0,1.9027777777777777,-0.2853169548885461,-0.1589500611284888,-0.0
6860.0,1.9055555555555554,-0.29468617521860696,-0.22763440239414942,-0.0
6870.0,1.9083333333333334,-0.2994080185284814,-0.2147973545674475,-0.0
6880.0,1.9111111111111112,-0.29940801852848137,-0.15704783342500006,-0.0
6890.0,1.913888888888889,-0.29468617521860674,-0.1436072335052227,-0.0
6900.0,1.9166666666666667,-0.2853169548885457,-0.1624824507702773,-0.0
6910.0,1.9194444444444445,-0.2714481157398064,-0.17542004204963527,-0.0
6920.0,1.9222222222222223,-0.25329837765060415,-0.14313822205680596,-0.0
6930.0,1.925,-0.2311539728327351,-0.18835501222472673,-0.0
6940.0,1.9277777777777778,-0.2053641317786064,-0.25250064644887626,-0.0
6950.0,1.9305555555555556,-0.17633557568774016,-0.28532111368479984,-0.0
6960.0,1.9333333333333333,-0.14452610223051474,-0.16667890149662754,-0.0
6970.0,1.9361111111111111,-0.11043736580540175,-0.11602413267607194,-0.0
6980.0,1.9388888888888889,-0.07460696614945701,-0.02931747869340246,-0.0
6990.0,1.9416666666666667,-0.037599970069289966,0.07925083671605315,0.0
7000.0,1.9444444444444444,-1.0287033112837766e-15,0.010962922121589638,0.0
7010.0,1.9472222222222222,0.03759997006929215,-0.09695952553579171,-0.0
7020.0,1.95,0.07460696614945501,0.03780572146014744,0.0
7030.0,1.9527777777777777,0.11043736580540381,0.12388107808298633,0.0
7040.0,1.9555555555555555,0.14452610223051665,0.09416138480026118,0.0
7050.0,1.9583333333333333,0.17633557568774197,0.14503409685521243,0.0
7060.0,1.961111111111111,0.20536413177860802,0.23589496996799136,0.0
7070.0,1.9638888888888888,0.2311539728327365,0.2259339626882313,0.0
7080.0,1.9666666666666666,0.25329837765060537,0.21027935865068278,0.0
7090.0,1.9694444444444446,0.2714481157398055,0.33474505150283995,0.0
7100.0,1.9722222222222223,0.28531695488854636,0.486923991494194,0.0
7110.0,1.975,0.29468617521860635,0.3460424569634611,0.0
7120.0,1.9777777777777779,0.2994080185284815,0.43106883485902137,0.0
7130.0,1.9805555555555556,0.2994080185284813,0.43188862109179904,0.0
7140.0,1.9833333333333334,0.2946861752186065,0.3518649801698364,0.0
7150.0,1.9861111111111112,0.28531695488854536,0.28131813361686114,0.0
7160.0,1.988888888888889,0.27144811573980593,0.27210957351498094,0.0
7170.0,1.9916666666666667,0.2532983776506036,0.3082364014291241,0.0
7180.0,1.9944444444444445,0.23115397283273717,0.25120569156715356,0.0
7190.0,1.9972222222222222,0.20536413177860566,0.10243827193120157,0.0
7200.0,2.0,0.1763355756877428,0.1949588069724771,0.0
7210.0,2.0027777777777778,0.14452610223051382,0.18865773087039858,0.0
7220.0,2.0055555555555555,0.11043736580540477,0.2462176637918512,0.0
7230.0,2.0083333333333333,0.07460696614945601,0.31270829120757654,0.0
7240.0,2.011111111111111,0.037599970069288946,0.39220474988398163,0.0
7250.0,2.013888888888889,-3.713883819530146e-19,0.2398706837934403,0.0
7260.0,2.0166666666666666,-0.03759997006929317,0.15945344440188233,0.0
7270.0,2.0194444444444444,-0.07460696614945601,0.13128161033469668,0.0
7280.0,2.022222222222222,-0.11043736580540477,0.2150387884476784,0.0
7290.0,2.025,-0.14452610223051382,0.11176932407140966,0.0
7300.0,2.0277777777777777,-0.1763355756877428,-0.01650076370443708,-0.0
7310.0,2.0305555555555554,-0.20536413177860566,-0.10928094298950877,-0.0
7320.0,2.033333333333333,-0.23115397283273717,-0.27621595226610896,-0.0
7330.0,2.036111111111111,-0.25329837765060587,-0.4607749854949332,-0.0
7340.0,2.0388888888888888,-0.27144811573980593,-0.4458532734495619,-0.0
7350.0,2.0416666666666665,-0.2853169548885467,-0.4245238940675475,-0.0
7360.0,2.0444444444444443,-0.2946861752186065,-0.44287889561121674,-0.0
7370.0,2.047222222222222,-0.29940801852848153,-0.5692556955125538,-1.0
7380.0,2.05,-0.2994080185284815,-0.5835487329014555,-1.0
7390.0,2.0527777777777776,-0.29468617521860635,-0.6363395551834014,-1.0
7400.0,2.0555555555555554,-0.28531695488854636,-0.6001049944581548,-1.0
7410.0,2.058333333333333,-0.2714481157398055,-0.607825961312582,-1.0
7420.0,2.061111111111111,-0.25329837765060537,-0.5450650162284245,-1.0
7430.0,2.063888888888889,-0.2311539728327365,-0.40537614497309665,-0.0
7440.0,2.066666666666667,-0.2053641317786049,-0.4472053049780974,-0.0
7450.0,2.0694444444444446,-0.17633557568774197,-0.47006158089478123,-0.0
7460.0,2.0722222222222224,-0.14452610223051293,-0.27293914076791803,-0.0
7470.0,2.075,-0.11043736580540381,-0.13279899529650882,-0.0
7480.0,2.077777777777778,-0.07460696614945501,-0.04447842107384094,-0.0
7490.0,2.0805555555555557,-0.03759997006929215,0.05064114029447077,0.0
7500.0,2.0833333333333335,1.0294460880476826e-15,0.13059596944120055,0.0
7510.0,2.0861111111111112,0.037599970069289966,0.1541805511766387,0.0
7520.0,2.088888888888889,0.07460696614945701,0.07763353517558734,0.0
7530.0,2.091666666666667,0.11043736580540572,0.12150422937103705,0.0
7540.0,2.0944444444444446,0.14452610223051474,0.179634040773449,0.0
7550.0,2.0972222222222223,0.17633557568774363,0.19599033703116653,0.0
7560.0,2.1,0.2053641317786064,0.13706594140511658,0.0
7570.0,2.102777777777778,0.23115397283273784,0.2043542768880652,0.0
7580.0,2.1055555555555556,0.25329837765060415,0.3786119979177747,0.0
7590.0,2.1083333333333334,0.2714481157398064,0.467197285618802,0.0
7600.0,2.111111111111111,0.2853169548885457,0.4998440935096464,0.0
7610.0,2.113888888888889,0.29468617521860674,0.6233140802398756,1.0
7620.0,2.1166666666666667,0.29940801852848165,0.7284944471327193,1.0
7630.0,2.1194444444444445,0.2994080185284814,0.6515075396740597,1.0
7640.0,2.1222222222222222,0.2946861752186062,0.5924764722975623,1.0
7650.0,2.125,0.2853169548885461,0.7113624414182387,1.0
7660.0,2.1277777777777778,0.27144811573980504,0.7240089718855323,1.0
7670.0,2.1305555555555555,0.25329837765060476,0.5048971702218229,1.0
7680.0,2.1333333333333333,0.23115397283273584,0.4698641109803302,0.0
7690.0,2.136111111111111,0.20536413177860727,0.47980923500015304,0.0
7700.0,2.138888888888889,0.17633557568774114,0.38099334820700065,0.0
7710.0,2.1416666666666666,0.14452610223051576,0.32428653451526634,0.0
7720.0,2.1444444444444444,0.11043736580540285,0.2596014274580601,0.0
7730.0,2.147222222222222,0.07460696614945402,0.186157567717354,0.0
7740.0,2.15,0.03759997006929113,-0.041380412231384396,-0.0
7750.0,2.1527777777777777,-2.058520787713412e-15,-0.007507213949171088,-0.0
7760.0,2.1555555555555554,-0.037599970069290986,0.03470776580455112,0.0
7770.0,2.158333333333333,-0.07460696614945801,0.05254495985333335,0.0
7780.0,2.161111111111111,-0.11043736580540273,0.14289312824199601,0.0
7790.0,2.1638888888888888,-0.14452610223051562,0.08877482731150142,0.0
7800.0,2.1666666666666665,-0.176335575687741,-0.021816041078427488,-0.0
7810.0,2.1694444444444443,-0.20536413177860716,0.05848091391593971,0.0
7820.0,2.172222222222222,-0.23115397283273847,0.08625294049754648,0.0
7830.0,2.175,-0.2532983776506047,0.0856701660125447,0.0
7840.0,2.1777777777777776,-0.2714481157398068,0.062036295706263726,0.0
7850.0,2.1805555555555554,-0.285316954888546,-0.062029864776377716,-0.0
7860.0,2.183333333333333,-0.29468617521860696,-0.18090853437481047,-0.0
7870.0,2.186111111111111,-0.2994080185284814,-0.3313819930665847,-0.0
7880.0,2.188888888888889,-0.29940801852848137,-0.2633918622374916,-0.0
7890.0,2.191666666666667,-0.2946861752186068,-0.19402847374300572,-0.0
7900.0,2.1944444444444446,-0.28531695488854575,-0.19983962225328744,-0.0
7910.0,2.1972222222222224,-0.27144811573980643,-0.15775997054268906,-0.0
7920.0,2.2,-0.2532983776506042,-0.19575256935376967,-0.0
7930.0,2.202777777777778,-0.2311539728327352,-0.29360867624728926,-0.0
7940.0,2.2055555555555557,-0.20536413177860652,-0.2935906405614901,-0.0
7950.0,2.2083333333333335,-0.1763355756877403,-0.24988792390521228,-0.0
7960.0,2.2111111111111112,-0.14452610223051485,-0.18128358012060372,-0.0
7970.0,2.213888888888889,-0.1104373658054019,-0.23245074095390533,-0.0
7980.0,2.216666666666667,-0.07460696614945717,-0.11782328823402415,-0.0
7990.0,2.2194444444444446,-0.03759997006929011,-0.05583013014656346,-0.0
8000.0,2.2222222222222223,-1.175660927181459e-15,-0.02962305453965032,-0.0
8010.0,2.225,0.037599970069292006,0.2363278837879956,0.0
8020.0,2.227777777777778,0.07460696614945901,0.19297060428550183,0.0
8030.0,2.2305555555555556,0.11043736580540367,0.3110224965715646,0.0
8040.0,2.2333333333333334,0.1445261022305165,0.34273313351434215,0.0
8050.0,2.236111111111111,0.17633557568774183,0.1965681633231992,0.0
8060.0,2.238888888888889,0.2053641317786079,0.1448352149578268,0.0
8070.0,2.2416666666666667,0.2311539728327364,0.022315111818854833,0.0
8080.0,2.2444444444444445,0.25329837765060526,0.08542700161087871,0.0
8090.0,2.2472222222222222,0.27144811573980543,0.043906239645743445,0.0
8100.0,2.25,0.28531695488854636,-0.036053012606326075,-0.0
8110.0,2.2527777777777778,0.29468617521860635,0.148264646369659,0.0
8120.0,2.2555555555555555,0.2994080185284815,0.2393873136780923,0.0
8130.0,2.2583333333333333,0.2994080185284813,0.09054735077476711,0.0
8140.0,2.261111111111111,0.29468617521860657,0.21638092021959,0.0
8150.0,2.263888888888889,0.28531695488854547,0.22750778214848255,0.0
8160.0,2.2666666666666666,0.271448115739806,0.15683645221106143,0.0
8170.0,2.2694444444444444,0.2532983776506037,-0.02449804673852756,-0.0
8180.0,2.272222222222222,0.23115397283273725,-0.08433009487018119,-0.0
8190.0,2.275,0.20536413177860577,-0.08460950797665162,-0.0
8200.0,2.2777777777777777,0.1763355756877429,-0.03130383354808676,-0.0
8210.0,2.2805555555555554,0.14452610223051396,-0.21385228750681598,-0.0
8220.0,2.283333333333333,0.11043736580540094,-0.05857240914540832,-0.0
8230.0,2.286111111111111,0.07460696614945617,-0.029627818309508877,-0.0
8240.0,2.2888888888888888,0.037599970069289085,0.045293528695415,0.0
8250.0,2.2916666666666665,1.4658622751572936e-16,0.006142699319279268,0.0
8260.0,2.2944444444444443,-0.037599970069293026,0.21541503605283346,0.0
8270.0,2.297222222222222,-0.07460696614945588,0.20395611668558772,0.0
8280.0,2.3,-0.11043736580540464,0.04530643413588658,0.0
8290.0,2.3027777777777776,-0.14452610223051368,-0.15809665496899805,-0.0
8300.0,2.3055555555555554,-0.17633557568774266,-0.19330763105112506,-0.0
8310.0,2.308333333333333,-0.20536413177860555,-0.2703261820409259,-0.0
8320.0,2.311111111111111,-0.23115397283273706,-0.38224998661153164,-0.0
8330.0,2.313888888888889,-0.25329837765060575,-0.4520847010144497,-0.0
8340.0,2.316666666666667,-0.2714481157398059,-0.40030164327759654,-0.0
8350.0,2.3194444444444446,-0.2853169548885467,-0.5923652673720786,-1.0
8360.0,2.3222222222222224,-0.2946861752186065,-0.5841599014497256,-1.0
8370.0,2.325,-0.29940801852848153,-0.46769525120681393,-0.0
8380.0,2.327777777777778,-0.29940801852848153,-0.5018058807410837,-1.0
8390.0,2.3305555555555557,-0.29468617521860635,-0.4675201947383065,-0.0
8400.0,2.3333333333333335,-0.28531695488854647,-0.5511271767469981,-1.0
8410.0,2.3361111111111112,-0.27144811573980554,-0.5923326849960893,-1.0
8420.0,2.338888888888889,-0.2532983776506031,-0.5173380761864589,-1.0
8430.0,2.341666666666667,-0.2311539728327366,-0.648110946764595,-1.0
8440.0,2.3444444444444446,-0.20536413177860502,-0.5302422973854218,-1.0
8450.0,2.3472222222222223,-0.17633557568774208,-0.5545192043026138,-1.0
8460.0,2.35,-0.14452610223051304,-0.6128424331552118,-1.0
8470.0,2.352777777777778,-0.11043736580540393,-0.5562671756527153,-1.0
8480.0,2.3555555555555556,-0.07460696614945517,-0.4800254157489598,-0.0
8490.0,2.3583333333333334,-0.0375999700692923,-0.31305512392359913,-0.0
8500.0,2.361111111111111,8.824884721500002e-16,-0.1947993532247241,-0.0
8510.0,2.363888888888889,0.037599970069294046,-0.1779196776849442,-0.0
8520.0,2.3666666666666667,0.07460696614945687,0.12205279005157897,0.0
8530.0,2.3694444444444445,0.11043736580540559,0.10456362956339701,0.0
8540.0,2.3722222222222222,0.1445261022305146,0.14550230334760184,0.0
8550.0,2.375,0.1763355756877435,0.10222903841811565,0.0
8560.0,2.3777777777777778,0.20536413177860632,0.07332043658672777,0.0
8570.0,2.3805555555555555,0.23115397283273773,0.05376608502770029,0.0
8580.0,2.3833333333333333,0.2532983776506041,0.03143904617619948,0.0
8590.0,2.386111111111111,0.2714481157398063,0.09402612978922477,0.0
8600.0,2.388888888888889,0.2853169548885457,0.07597111095804569,0.0
8610.0,2.3916666666666666,0.2946861752186067,0.1512676171511384,0.0
8620.0,2.3944444444444444,0.29940801852848165,0.061687446708820204,0.0
8630.0,2.397222222222222,0.2994080185284815,0.08693015015666247,0.0
8640.0,2.4,0.2946861752186062,0.2738781147968279,0.0
8650.0,2.4027777777777777,0.28531695488854614,0.4379784904374671,0.0
8660.0,2.4055555555555554,0.27144811573980515,0.4199664016706212,0.0
8670.0,2.408333333333333,0.25329837765060487,0.3359735376511896,0.0
8680.0,2.411111111111111,0.23115397283273592,0.2763959625151305,0.0
8690.0,2.4138888888888888,0.20536413177860738,0.33897093446337684,0.0
8700.0,2.4166666666666665,0.17633557568774125,-0.001659074281846726,-0.0
8710.0,2.4194444444444443,0.14452610223051215,0.06197850383126754,0.0
8720.0,2.422222222222222,0.11043736580540299,-0.07209603723858413,-0.0
8730.0,2.425,0.07460696614945417,-0.15018228615924395,-0.0
8740.0,2.4277777777777776,0.03759997006929128,-0.28227712815869704,-0.0
8750.0,2.4305555555555554,-1.91156317181573e-15,-0.2814724723439541,-0.0
8760.0,2.433333333333333,-0.03759997006929084,-0.20625472542191586,-0.0
8770.0,2.436111111111111,-0.07460696614945787,-0.1865885422586584,-0.0
8780.0,2.438888888888889,-0.11043736580540257,-0.20214371072017767,-0.0
8790.0,2.441666666666667,-0.1445261022305155,-0.09492257840968449,-0.0
8800.0,2.4444444444444446,-0.17633557568774091,-0.1906124759932824,-0.0
8810.0,2.4472222222222224,-0.20536413177860705,-0.16580359414876977,-0.0
8820.0,2.45,-0.2311539728327384,-0.2870440204640632,-0.0
8830.0,2.452777777777778,-0.2532983776506046,-0.2507011907121739,-0.0
8840.0,2.4555555555555557,-0.27144811573980676,-0.32384696083697195,-0.0
8850.0,2.4583333333333335,-0.28531695488854597,-0.42329427948882464,-0.0
8860.0,2.4611111111111112,-0.2946861752186069,-0.5351993586698172,-1.0
8870.0,2.463888888888889,-0.2994080185284814,-0.6374572287580438,-1.0
8880.0,2.466666666666667,-0.29940801852848137,-0.580536820312008,-1.0
8890.0,2.4694444444444446,-0.2946861752186068,-0.5475194521745715,-1.0
8900.0,2.4722222222222223,-0.2853169548885458,-0.4289461167205374,-0.0
8910.0,2.475,-0.27144811573980465,-0.3736508204051506,-0.0
8920.0,2.477777777777778,-0.2532983776506043,-0.43879109814789835,-0.0
8930.0,2.4805555555555556,-0.2311539728327353,-0.4273710956447178,-0.0
8940.0,2.4833333333333334,-0.2053641317786066,-0.449592586531185,-0.0
8950.0,2.486111111111111,-0.17633557568774041,-0.32751862918357055,-0.0
8960.0,2.488888888888889,-0.14452610223051499,-0.4564926024112087,-0.0
8970.0,2.4916666666666667,-0.11043736580540205,-0.4116412547753423,-0.0
8980.0,2.4944444444444445,-0.0746069661494573,-0.40679574433362475,-0.0
8990.0,2.4972222222222222,-0.03759997006929026,-0.2824835707469119,-0.0
9000.0,2.5,-1.3226185430791415e-15,-0.1756699102813602,-0.0
9010.0,2.5027777777777778,0.03759997006929186,-0.01831009424630302,-0.0
9020.0,2.5055555555555555,0.07460696614945887,0.14357048211764406,0.0
9030.0,2.5083333333333333,0.11043736580540355,0.3065630104851478,0.0
9040.0,2.511111111111111,0.1445261022305164,0.3245364324726338,0.0
9050.0,2.513888888888889,0.17633557568774175,0.5505538610839081,1.0
9060.0,2.5166666666666666,0.20536413177860782,0.48059040400405045,0.0
9070.0,2.5194444444444444,0.23115397283273634,0.6091659054500597,1.0
9080.0,2.522222222222222,0.2532983776506052,0.5275456488240975,1.0
9090.0,2.525,0.2714481157398054,0.5122033786233573,1.0
9100.0,2.5277777777777777,0.2853169548885463,0.42133319154197735,0.0
9110.0,2.5305555555555554,0.2946861752186071,0.3858699584833147,0.0
9120.0,2.533333333333333,0.2994080185284815,0.4212507251137832,0.0
9130.0,2.536111111111111,0.2994080185284813,0.498093260041679,0.0
9140.0,2.5388888888888888,0.2946861752186066,0.5499220795290778,1.0
9150.0,2.5416666666666665,0.28531695488854547,0.6036573065461952,1.0
9160.0,2.5444444444444443,0.27144811573980604,0.5804840783497573,1.0
9170.0,2.547222222222222,0.25329837765060376,0.6484728551989075,1.0
9180.0,2.55,0.23115397283273736,0.6149579048528419,1.0
9190.0,2.5527777777777776,0.20536413177860588,0.7408130183393034,1.0
9200.0,2.5555555555555554,0.17633557568774302,0.6338913652526903,1.0
9210.0,2.558333333333333,0.14452610223051407,0.5689044909611449,1.0
9220.0,2.561111111111111,0.11043736580540107,0.48387917178951984,0.0
9230.0,2.563888888888889,0.0746069661494563,0.43764803593723667,0.0
9240.0,2.566666666666667,0.03759997006928924,0.487983255540815,0.0
9250.0,2.5694444444444446,2.9354384341341177e-16,0.3204207974992723,0.0
9260.0,2.5722222222222224,-0.03759997006929288,0.109094332381817,0.0
9270.0,2.575,-0.07460696614945574,0.016759234942511872,0.0
9280.0,2.577777777777778,-0.11043736580540449,-0.14029930358368023,-0.0
9290.0,2.5805555555555557,-0.14452610223051357,-0.015423829924195935,-0.0
9300.0,2.5833333333333335,-0.17633557568774252,-0.0022622961684197257,-0.0
9310.0,2.5861111111111112,-0.20536413177860854,-0.2576165496680225,-0.0
9320.0,2.588888888888889,-0.23115397283273698,-0.3250455450552374,-0.0
9330.0,2.591666666666667,-0.2532983776506057,-0.4006470460171046,-0.0
9340.0,2.5944444444444446,-0.2714481157398058,-0.14944519857781366,-0.0
9350.0,2.5972222222222223,-0.28531695488854664,-0.09283876807950782,-0.0
9360.0,2.6,-0.2946861752186065,-0.10921401979104138,-0.0
9370.0,2.602777777777778,-0.29940801852848153,-0.17553019613410045,-0.0
9380.0,2.6055555555555556,-0.29940801852848153,-0.2940677495195796,-0.0
9390.0,2.6083333333333334,-0.2946861752186064,-0.3629906907254132,-0.0
9400.0,2.611111111111111,-0.2853169548885452,-0.216637719505165,-0.0
9410.0,2.613888888888889,-0.27144811573980565,-0.0801486729820451,-0.0
9420.0,2.6166666666666667,-0.2532983776506032,0.1187337593570746,0.0
9430.0,2.6194444444444445,-0.2311539728327367,-0.01792529148334603,-0.0
9440.0,2.6222222222222222,-0.2053641317786051,-0.01988223731431738,-0.0
9450.0,2.625,-0.1763355756877422,0.004723860354121645,0.0
9460.0,2.6277777777777778,-0.14452610223051318,0.12233941677596698,0.0
9470.0,2.6305555555555555,-0.11043736580540409,0.09018964369012492,0.0
9480.0,2.6333333333333333,-0.0746069661494553,0.131752148030214,0.0
9490.0,2.636111111111111,-0.03759997006929244,0.2935230761605433,0.0
9500.0,2.638888888888889,7.35530856252318e-16,0.1909728473833808,0.0
9510.0,2.6416666666666666,0.03759997006929391,-0.02233593790191331,-0.0
9520.0,2.6444444444444444,0.07460696614945672,0.05130810013393862,0.0
9530.0,2.647222222222222,0.11043736580540546,0.1569943097893221,0.0
9540.0,2.65,0.14452610223051449,0.21563920324881042,0.0
9550.0,2.6527777777777777,0.1763355756877434,0.28767401585773805,0.0
9560.0,2.6555555555555554,0.20536413177860618,0.4022942597266035,0.0
9570.0,2.658333333333333,0.23115397283273764,0.42995427054659463,0.0
9580.0,2.661111111111111,0.253298377650604,0.40077540091770386,0.0
9590.0,2.6638888888888888,0.27144811573980626,0.6365249208501423,1.0
9600.0,2.6666666666666665,0.28531695488854697,0.6794897827064067,1.0
9610.0,2.6694444444444443,0.2946861752186067,0.6131603882213966,1.0
9620.0,2.672222222222222,0.29940801852848165,0.6386760976917212,1.0
9630.0,2.675,0.2994080185284815,0.6331341326982798,1.0
9640.0,2.6777777777777776,0.2946861752186062,0.565550218704559,1.0
9650.0,2.6805555555555554,0.2853169548885462,0.4622868140130729,0.0
9660.0,2.683333333333333,0.2714481157398052,0.5363850301173451,1.0
9670.0,2.686111111111111,0.2532983776506049,0.516691695720963,1.0
9680.0,2.688888888888889,0.23115397283273603,0.3825289220882399,0.0
9690.0,2.691666666666667,0.2053641317786075,0.36809104619265054,0.0
9700.0,2.6944444444444446,0.17633557568774136,0.41515463136292924,0.0
9710.0,2.6972222222222224,0.14452610223051227,0.23573504864322686,0.0
9720.0,2.7,0.11043736580540313,0.12451950484355495,0.0
9730.0,2.702777777777778,0.0746069661494543,0.11653490593909183,0.0
9740.0,2.7055555555555557,0.03759997006929142,0.16398668351437679,0.0
9750.0,2.7083333333333335,-1.7646055559180476e-15,0.13276628038418092,0.0
9760.0,2.7111111111111112,-0.037599970069290695,0.11577732800128605,0.0
9770.0,2.713888888888889,-0.07460696614945772,0.022650204462186477,0.0
9780.0,2.716666666666667,-0.11043736580540243,0.04154887816335509,0.0
9790.0,2.7194444444444446,-0.14452610223051537,-0.07096648087891953,-0.0
9800.0,2.7222222222222223,-0.1763355756877442,-0.044450401206378984,-0.0
9810.0,2.725,-0.20536413177860693,0.06309043351438354,0.0
9820.0,2.727777777777778,-0.2311539728327383,0.07264871537249218,0.0
9830.0,2.7305555555555556,-0.25329837765060453,0.13229652990458457,0.0
9840.0,2.7333333333333334,-0.2714481157398067,-0.04793471404024538,-0.0
9850.0,2.736111111111111,-0.28531695488854597,-0.0689376816708967,-0.0
9860.0,2.738888888888889,-0.29468617521860685,-0.1250221634598603,-0.0
9870.0,2.7416666666666667,-0.29940801852848137,-0.15468903212898935,-0.0
9880.0,2.7444444444444445,-0.29940801852848137,-0.12275510459224862,-0.0
9890.0,2.7472222222222222,-0.29468617521860685,-0.20693176753218875,-0.0
9900.0,2.75,-0.28531695488854586,-0.2054675623771862,-0.0
9910.0,2.7527777777777778,-0.2714481157398047,-0.2976281477716036,-0.0
9920.0,2.7555555555555555,-0.25329837765060437,-0.39284743402781636,-0.0
9930.0,2.7583333333333333,-0.23115397283273537,-0.2737089274350825,-0.0
9940.0,2.761111111111111,-0.20536413177860674,-0.3130526960123493,-0.0
9950.0,2.763888888888889,-0.17633557568774053,-0.33743677615564827,-0.0
9960.0,2.7666666666666666,-0.1445261022305151,-0.4325892110338463,-0.0
9970.0,2.7694444444444444,-0.11043736580540217,-0.39537436272530946,-0.0
9980.0,2.772222222222222,-0.07460696614945744,-0.22432870581151235,-0.0
9990.0,2.775,-0.0375999700692904,-0.2104390376269068,-0.0
10000.0,2.7777777777777777,2.7936802555837772e-15,-0.07138371908400748,-0.0
10010.0,2.7805555555555554,0.037599970069291715,-0.04965260695885274,-0.0
10020.0,2.783333333333333,0.07460696614945872,-0.16185044804223775,-0.0
10030.0,2.786111111111111,0.1104373658054034,-0.0482602329117822,-0.0
10040.0,2.7888888888888888,0.14452610223051626,0.05458829859346803,0.0
10050.0,2.7916666666666665,0.1763355756877416,0.1498611685387267,0.0
10060.0,2.7944444444444443,0.20536413177860768,0.26959831778937154,0.0
10070.0,2.797222222222222,0.23115397283273623,0.3313714515987019,0.0
10080.0,2.8,0.2532983776506051,0.4638740528198045,0.0
10090.0,2.8027777777777776,0.2714481157398053,0.3540025245612143,0.0
10100.0,2.8055555555555554,0.28531695488854625,0.38122480389754315,0.0
10110.0,2.808333333333333,0.29468617521860707,0.5010339113891867,1.0
10120.0,2.811111111111111,0.2994080185284815,0.3427290431032897,0.0
10130.0,2.813888888888889,0.2994080185284813,0.3481405832244824,0.0
10140.0,2.816666666666667,0.2946861752186066,0.40584635242278466,0.0
10150.0,2.8194444444444446,0.2853169548885455,0.3144384495345164,0.0
10160.0,2.8222222222222224,0.27144811573980615,0.24694447538258313,0.0
10170.0,2.825,0.2532983776506038,0.043021800646556016,0.0
10180.0,2.827777777777778,0.23115397283273742,0.05506629175414367,0.0
10190.0,2.8305555555555557,0.205364131778606,0.053544007809865304,0.0
10200.0,2.8333333333333335,0.1763355756877397,-0.10891912196917816,-0.0
10210.0,2.8361111111111112,0.1445261022305105,0.027638950763464874,0.0
10220.0,2.838888888888889,0.11043736580540517,-0.015257753090314824,-0.0
10230.0,2.841666666666667,0.07460696614945644,-0.042416471410554595,-0.0
10240.0,2.8444444444444446,0.037599970069289376,-0.08187474602871508,-0.0
10250.0,2.8472222222222223,-3.822754955249507e-15,-0.030645414563866342,-0.0
10260.0,2.85,-0.03759997006928851,0.037684942231026156,0.0
10270.0,2.852777777777778,-0.0746069661494556,0.1082158791072305,0.0
10280.0,2.8555555555555556,-0.11043736580540435,0.02393882198198052,0.0
10290.0,2.8583333333333334,-0.14452610223051718,0.10526580313451582,0.0
10300.0,2.861111111111111,-0.17633557568774585,0.09278749102268265,0.0
10310.0,2.863888888888889,-0.20536413177860535,0.06451238863670954,0.0
10320.0,2.8666666666666667,-0.2311539728327369,-0.03228165285063965,-0.0
10330.0,2.8694444444444445,-0.25329837765060564,0.03583601743556324,0.0
10340.0,2.8722222222222222,-0.27144811573980754,-0.08816420153315382,-0.0
10350.0,2.875,-0.28531695488854525,-0.17029748347432758,-0.0
10360.0,2.8777777777777778,-0.29468617521860646,-0.21617128843848496,-0.0
10370.0,2.8805555555555555,-0.29940801852848153,-0.2729272000838209,-0.0
10380.0,2.8833333333333333,-0.29940801852848126,-0.2926454646888584,-0.0
10390.0,2.886111111111111,-0.29468617521860563,-0.27752167621988255,-0.0
10400.0,2.888888888888889,-0.2853169548885465,-0.29149368287686017,-0.0
10410.0,2.8916666666666666,-0.2714481157398057,-0.2637889095179852,-0.0
10420.0,2.8944444444444444,-0.25329837765060326,-0.37036617373413777,-0.0
10430.0,2.897222222222222,-0.23115397283273406,-0.3436892253020996,-0.0
10440.0,2.9,-0.20536413177860835,-0.31806131863603,-0.0
10450.0,2.9027777777777777,-0.17633557568774233,-0.2927607481813354,-0.0
10460.0,2.9055555555555554,-0.14452610223051332,-0.10042275737301998,-0.0
10470.0,2.908333333333333,-0.11043736580540026,-0.10072174510427886,-0.0
10480.0,2.911111111111111,-0.07460696614945958,-0.26292649482933916,-0.0
10490.0,2.9138888888888888,-0.03759997006929259,-0.14910328395352146,-0.0
10500.0,2.9166666666666665,5.885732403546355e-16,-0.03294400800495153,-0.0
10510.0,2.9194444444444443,0.037599970069293755,-0.09227383109011462,-0.0
10520.0,2.922222222222222,0.07460696614946072,0.03069930784569815,0.0
10530.0,2.925,0.11043736580540135,0.17361049769909365,0.0
10540.0,2.9277777777777776,0.14452610223051435,0.1739157328600782,0.0
10550.0,2.9305555555555554,0.17633557568774327,0.2674589654107486,0.0
10560.0,2.933333333333333,0.2053641317786092,0.306259633987839,0.0
10570.0,2.936111111111111,0.2311539728327348,0.43706915636705074,0.0
10580.0,2.938888888888889,0.2532983776506039,0.4131805740638124,0.0
10590.0,2.941666666666667,0.2714481157398062,0.4657940144012096,0.0
10600.0,2.9444444444444446,0.28531695488854686,0.6842425292203325,1.0
10610.0,2.9472222222222224,0.29468617521860746,0.6464612181368823,1.0
10620.0,2.95,0.2994080185284813,0.49203245997043243,0.0
10630.0,2.952777777777778,0.2994080185284815,0.463843235332152,0.0
10640.0,2.9555555555555557,0.29468617521860624,0.42531525432628214,0.0
10650.0,2.9583333333333335,0.28531695488854486,0.5235557269268126,1.0
10660.0,2.9611111111111112,0.27144811573980704,0.5217746227740354,1.0
10670.0,2.963888888888889,0.25329837765060503,0.533894012596571,1.0
10680.0,2.966666666666667,0.23115397283273614,0.5065719553132069,1.0
10690.0,2.9694444444444446,0.2053641317786045,0.3620960744114974,0.0
10700.0,2.9722222222222223,0.17633557568773803,0.2512474531060402,0.0
10710.0,2.975,0.14452610223051615,0.287669260915118,0.0
10720.0,2.977777777777778,0.11043736580540325,0.3800473949312029,0.0
10730.0,2.9805555555555556,0.07460696614945446,0.2832759290760473,0.0
10740.0,2.9833333333333334,0.037599970069287336,0.11824717897457732,0.0
10750.0,2.986111111111111,2.645608474540236e-15,0.06621030699161676,0.0
10760.0,2.988888888888889,-0.03759997006929055,-0.02210233261305587,-0.0
10770.0,2.9916666666666667,-0.07460696614945758,-0.22034762353362108,-0.0
10780.0,2.9944444444444445,-0.11043736580540627,-0.20788957102391825,-0.0
10790.0,2.9972222222222222,-0.14452610223051898,-0.15017790650474072,-0.0
10800.0,3.0,-0.17633557568774064,-0.21456304626908604,-0.0
10810.0,3.0027777777777778,-0.20536413177860685,-0.32768274235646105,-0.0
10820.0,3.0055555555555555,-0.2311539728327382,-0.30060946815171685,-0.0
10830.0,3.0083333333333333,-0.25329837765060675,-0.22598811750080966,-0.0
10840.0,3.011111111111111,-0.2714481157398048,-0.1548671943810095,-0.0
10850.0,3.013888888888889,-0.28531695488854586,-0.08817151447325627,-0.0
10860.0,3.0166666666666666,-0.29468617521860685,-0.20854299597058074,-0.0
10870.0,3.0194444444444444,-0.29940801852848165,-0.28224492541915436,-0.0
10880.0,3.022222222222222,-0.29940801852848165,-0.4345198836098694,-0.0
10890.0,3.025,-0.29468617521860685,-0.31236418471431066,-0.0
10900.0,3.0277777777777777,-0.28531695488854586,-0.30649584658815776,-0.0
10910.0,3.0305555555555554,-0.2714481157398048,-0.3139235517256322,-0.0
10920.0,3.033333333333333,-0.2532983776506022,-0.356748071134468,-0.0
10930.0,3.036111111111111,-0.2311539728327382,-0.43600145586097727,-0.0
10940.0,3.0388888888888888,-0.20536413177860685,-0.5465190465070657,-1.0
10950.0,3.0416666666666665,-0.17633557568774064,-0.3319564751309507,-0.0
10960.0,3.0444444444444443,-0.14452610223051152,-0.2768718687741567,-0.0
10970.0,3.047222222222222,-0.11043736580540627,-0.20948288974512852,-0.0
10980.0,3.05,-0.07460696614945758,-0.0917461368355142,-0.0
10990.0,3.0527777777777776,-0.03759997006929055,-0.2004078919697265,-0.0
11000.0,3.0555555555555554,2.6467226396860946e-15,-0.18383768953794272,-0.0
11010.0,3.058333333333333,0.037599970069295795,0.029483536359086675,0.0
11020.0,3.061111111111111,0.07460696614945446,-0.005407239368707271,-0.0
11030.0,3.063888888888889,0.11043736580540327,0.18442710563780537,0.0
11040.0,3.066666666666667,0.14452610223051615,0.2139852860759349,0.0
11050.0,3.0694444444444446,0.17633557568774494,0.2576911815181663,0.0
11060.0,3.0722222222222224,0.2053641317786045,0.3800368841436549,0.0
11070.0,3.075,0.23115397283273614,0.3719014398001732,0.0
11080.0,3.077777777777778,0.25329837765060503,0.535746844060686,1.0
11090.0,3.0805555555555557,0.27144811573980704,0.5365588276718736,1.0
11100.0,3.0833333333333335,0.2853169548885475,0.4807053775712474,0.0
11110.0,3.0861111111111112,0.29468617521860624,0.47824476707923247,0.0
11120.0,3.088888888888889,0.2994080185284815,0.2752924375300247,0.0
11130.0,3.091666666666667,0.2994080185284813,0.3238134192811909,0.0
11140.0,3.0944444444444446,0.29468617521860585,0.4668426411374853,0.0
11150.0,3.0972222222222223,0.28531695488854686,0.4713385735246379,0.0
11160.0,3.1,0.2714481157398062,0.32890126760595323,0.0
11170.0,3.102777777777778,0.2532983776506039,0.27536794008332083,0.0
11180.0,3.1055555555555556,0.2311539728327348,0.2538624856685304,0.0
11190.0,3.1083333333333334,0.205364131778603,0.2534952660005303,0.0
11200.0,3.111111111111111,0.17633557568774327,0.2605119263285749,0.0
11210.0,3.113888888888889,0.14452610223051435,0.49391851586234126,0.0
11220.0,3.1166666666666667,0.11043736580540135,0.3854260864716096,0.0
11230.0,3.1194444444444445,0.07460696614945246,0.26019492336711775,0.0
11240.0,3.1222222222222222,0.037599970069293755,0.2239585805657335,0.0
11250.0,3.125,5.874590752087764e-16,0.35158562891316175,0.0
11260.0,3.1277777777777778,-0.03759997006929259,0.4207624445958325,0.0
11270.0,3.1305555555555555,-0.07460696614945958,0.3030997423049002,0.0
11280.0,3.1333333333333333,-0.11043736580540818,0.1289118079355367,0.0
11290.0,3.136111111111111,-0.14452610223051332,0.23984904774782534,0.0
11300.0,3.138888888888889,-0.17633557568774233,0.16782126156581315,0.0
11310.0,3.1416666666666666,-0.20536413177860835,0.16028431119471598,0.0
11320.0,3.1444444444444444,-0.2311539728327395,0.01962740452907292,0.0
11330.0,3.147222222222222,-0.25329837765060326,-0.1739493195389718,-0.0
11340.0,3.15,-0.2714481157398057,-0.3483081227573691,-0.0
11350.0,3.1527777777777777,-0.2853169548885465,-0.3036538663087501,-0.0
11360.0,3.1555555555555554,-0.29468617521860724,-0.25248831181299775,-0.0
11370.0,3.158333333333333,-0.29940801852848126,-0.26594226375968616,-0.0
11380.0,3.161111111111111,-0.29940801852848153,-0.41866762293385934,-0.0
11390.0,3.1638888888888888,-0.29468617521860646,-0.46255830414262533,-0.0
11400.0,3.1666666666666665,-0.28531695488854525,-0.5222447918366764,-1.0
11410.0,3.1694444444444443,-0.27144811573980393,-0.426161066788187,-0.0
11420.0,3.172222222222222,-0.25329837765060564,-0.24917789575634075,-0.0
11430.0,3.175,-0.2311539728327369,-0.1486618947935592,-0.0
11440.0,3.1777777777777776,-0.20536413177860535,-0.24977834219738926,-0.0
11450.0,3.1805555555555554,-0.17633557568773897,-0.18160891241299904,-0.0
11460.0,3.183333333333333,-0.14452610223051718,-0.039847212737144186,-0.0
11470.0,3.186111111111111,-0.11043736580540435,0.0371754124911364,0.0
11480.0,3.188888888888889,-0.07460696614945558,0.0032310450913162693,0.0
11490.0,3.191666666666667,-0.0375999700692885,0.12886440162621884,0.0
11500.0,3.1944444444444446,4.704872039017555e-15,0.10235906622704637,0.0
11510.0,3.1972222222222224,0.03759997006928938,0.18968341866084035,0.0
11520.0,3.2,0.07460696614945644,0.16888708746370373,0.0
11530.0,3.202777777777778,0.11043736580540517,0.10795846620665005,0.0
11540.0,3.2055555555555557,0.14452610223051796,0.21744147133995992,0.0
11550.0,3.2083333333333335,0.1763355756877397,0.1901905450625084,0.0
11560.0,3.2111111111111112,0.205364131778606,0.2730612594776163,0.0
11570.0,3.213888888888889,0.23115397283273742,0.48314616877470457,0.0
11580.0,3.216666666666667,0.2532983776506061,0.39556003503512854,0.0
11590.0,3.2194444444444446,0.2714481157398079,0.5057611345638373,1.0
11600.0,3.2222222222222223,0.2853169548885455,0.4425113699230537,0.0
11610.0,3.225,0.2946861752186066,0.47978797176399873,0.0
11620.0,3.227777777777778,0.2994080185284816,0.49622385037842826,0.0
11630.0,3.2305555555555556,0.2994080185284812,0.33020322488872716,0.0
11640.0,3.2333333333333334,0.29468617521860707,0.3677097510417475,0.0
11650.0,3.236111111111111,0.28531695488854625,0.2677987066826615,0.0
11660.0,3.238888888888889,0.2714481157398053,0.044959147191360516,0.0
11670.0,3.2416666666666667,0.2532983776506028,0.21348424400473912,0.0
11680.0,3.2444444444444445,0.2311539728327335,0.19497054040710493,0.0
11690.0,3.2472222222222222,0.20536413177860768,0.07870781375271395,0.0
11700.0,3.25,0.1763355756877416,-0.06493070921676991,-0.0
11710.0,3.2527777777777778,0.14452610223051254,-0.015447758181633195,-0.0
11720.0,3.2555555555555555,0.11043736580539944,-0.010271676206806694,-0.0
11730.0,3.2583333333333333,0.07460696614945872,-0.1057664901905903,-0.0
11740.0,3.261111111111111,0.037599970069291715,-0.19770000194091925,-0.0
11750.0,3.263888888888889,-1.470690324122683e-15,-0.17911566399658996,-0.0
11760.0,3.2666666666666666,-0.03759997006929463,-0.3140951117117515,-0.0
11770.0,3.2694444444444444,-0.07460696614945331,-0.39705197911875995,-0.0
11780.0,3.272222222222222,-0.11043736580540217,-0.3635656825833393,-0.0
11790.0,3.275,-0.1445261022305151,-0.20292672117179242,-0.0
11800.0,3.2777777777777777,-0.17633557568774397,-0.26800937092498095,-0.0
11810.0,3.2805555555555554,-0.20536413177860985,-0.37531387851616954,-0.0
11820.0,3.283333333333333,-0.23115397283273537,-0.3957279102277583,-0.0
11830.0,3.286111111111111,-0.25329837765060437,-0.38881721000012703,-0.0
11840.0,3.2888888888888888,-0.27144811573980654,-0.3336867266069185,-0.0
11850.0,3.2916666666666665,-0.2853169548885472,-0.4173456772185757,-0.0
11860.0,3.2944444444444443,-0.294686175218606,-0.4031413063469636,-0.0
11870.0,3.297222222222222,-0.29940801852848137,-0.2868055624869458,-0.0
11880.0,3.3,-0.29940801852848137,-0.3743051483869779,-0.0
11890.0,3.3027777777777776,-0.2946861752186061,-0.2757728744773009,-0.0
11900.0,3.3055555555555554,-0.28531695488854464,-0.19293570932319062,-0.0
11910.0,3.308333333333333,-0.2714481157398067,-0.22603016255546907,-0.0
11920.0,3.311111111111111,-0.25329837765060453,-0.18167620598525208,-0.0
11930.0,3.313888888888889,-0.23115397283273556,-0.2524812214551886,-0.0
11940.0,3.316666666666667,-0.20536413177860385,-0.24935412034128074,-0.0
11950.0,3.3194444444444446,-0.1763355756877442,-0.23613238245029156,-0.0
11960.0,3.3222222222222224,-0.14452610223051537,-0.33219251986040316,-0.0
11970.0,3.325,-0.11043736580540243,-0.31592052303037815,-0.0
11980.0,3.327777777777778,-0.0746069661494536,-0.33054612116044957,-0.0
11990.0,3.3305555555555557,-0.03759997006928646,-0.2845088351886362,-0.0
12000.0,3.3333333333333335,-1.7634913907721885e-15,-0.08709875372875005,-0.0
12010.0,3.3361111111111112,0.03759997006929142,-0.004130457727168114,-0.0
12020.0,3.338888888888889,0.07460696614945844,0.06948913436025023,0.0
12030.0,3.341666666666667,0.11043736580540708,0.04921464846239062,0.0
12040.0,3.3444444444444446,0.14452610223051227,0.09052221240777507,0.0
12050.0,3.3472222222222223,0.17633557568774136,0.2334516820476085,0.0
12060.0,3.35,0.2053641317786075,0.3803381266839583,0.0
12070.0,3.352777777777778,0.23115397283273875,0.389246994475239,0.0
12080.0,3.3555555555555556,0.2532983776506072,0.4285857192038781,0.0
12090.0,3.3583333333333334,0.2714481157398052,0.3317752845865706,0.0
12100.0,3.361111111111111,0.2853169548885462,0.351241229444663,0.0
12110.0,3.363888888888889,0.294686175218607,0.28708809073161395,0.0
12120.0,3.3666666666666667,0.2994080185284817,0.5115954409213372,1.0
12130.0,3.3694444444444445,0.29940801852848165,0.5303374044997943,1.0
12140.0,3.3722222222222222,0.2946861752186067,0.42886204143703943,0.0
12150.0,3.375,0.28531695488854564,0.26438315659337397,0.0
12160.0,3.3777777777777778,0.27144811573980443,0.23060882487597237,0.0
12170.0,3.3805555555555555,0.2532983776506017,0.1767580099383799,0.0
12180.0,3.3833333333333333,0.23115397283273764,0.10230952194474746,0.0
12190.0,3.386111111111111,0.20536413177860618,0.13936808032808315,0.0
12200.0,3.388888888888889,0.17633557568773994,0.19249372668218406,0.0
12210.0,3.3916666666666666,0.14452610223051074,0.08528920444077354,0.0
12220.0,3.3944444444444444,0.11043736580540546,0.17068233256935153,0.0
12230.0,3.397222222222222,0.07460696614945672,0.05459189175738948,0.0
12240.0,3.4,0.037599970069289675,0.1010792547913731,0.0
12250.0,3.4027777777777777,-3.5288397234541423e-15,0.0564919654614409,0.0
12260.0,3.4055555555555554,-0.03759997006928821,0.08779473829961257,0.0
12270.0,3.408333333333333,-0.0746069661494553,0.10049492424310914,0.0
12280.0,3.411111111111111,-0.11043736580540409,-0.010149552357532047,-0.0
12290.0,3.4138888888888888,-0.14452610223051693,-0.036119340900988055,-0.0
12300.0,3.4166666666666665,-0.17633557568774563,-0.0636847370655624,-0.0
12310.0,3.4194444444444443,-0.2053641317786051,-0.16565115299082397,-0.0
12320.0,3.422222222222222,-0.2311539728327367,-0.061954849598691894,-0.0
12330.0,3.425,-0.2532983776506055,-0.12712067267935068,-0.0
12340.0,3.4277777777777776,-0.2714481157398074,-0.29122244989658674,-0.0
12350.0,3.4305555555555554,-0.2853169548885452,-0.3618986238990533,-0.0
12360.0,3.433333333333333,-0.2946861752186064,-0.33415473181222866,-0.0
12370.0,3.436111111111111,-0.29940801852848153,-0.430923520936325,-0.0
12380.0,3.438888888888889,-0.2994080185284813,-0.5405680930251265,-1.0
12390.0,3.441666666666667,-0.2946861752186057,-0.4856879056236192,-0.0
12400.0,3.4444444444444446,-0.28531695488854664,-0.49689359839975583,-0.0
12410.0,3.4472222222222224,-0.2714481157398058,-0.49140585463672193,-0.0
12420.0,3.45,-0.2532983776506034,-0.4781289197685422,-0.0
12430.0,3.452777777777778,-0.23115397283273426,-0.2758338365296436,-0.0
12440.0,3.4555555555555557,-0.20536413177860854,-0.3399004985033276,-0.0
12450.0,3.4583333333333335,-0.17633557568774252,-0.2502697501146853,-0.0
12460.0,3.4611111111111112,-0.14452610223051357,-0.19889865351966243,-0.0
12470.0,3.463888888888889,-0.11043736580540052,-0.18604900605661523,-0.0
12480.0,3.466666666666667,-0.0746069661494516,-0.2526188526615677,-0.0
12490.0,3.4694444444444446,-0.03759997006929288,-0.2916115886937553,-0.0
12500.0,3.4722222222222223,2.946580085592708e-16,-0.403806131438699,-0.0
12510.0,3.475,0.03759997006929346,-0.30785472741779357,-0.0
12520.0,3.477777777777778,0.07460696614946043,-0.38641933375846543,-0.0
12530.0,3.4805555555555556,0.11043736580540107,-0.22523250169994619,-0.0
12540.0,3.4833333333333334,0.1445261022305141,-0.35626642713606493,-0.0
12550.0,3.486111111111111,0.17633557568774302,-0.27974912620602954,-0.0
12560.0,3.488888888888889,0.205364131778609,-0.125546046142135,-0.0
12570.0,3.4916666666666667,0.23115397283274006,-0.06266319198115462,-0.0
12580.0,3.4944444444444445,0.25329837765060376,0.004556976652602018,0.0
12590.0,3.4972222222222222,0.27144811573980604,0.18859355937778355,0.0
12600.0,3.5,0.2853169548885468,0.1829040766921528,0.0
12610.0,3.5027777777777778,0.2946861752186074,0.35179385354662257,0.0
12620.0,3.5055555555555555,0.2994080185284813,0.29223989214487744,0.0
12630.0,3.5083333333333333,0.2994080185284815,0.34466413524999606,0.0
12640.0,3.511111111111111,0.2946861752186063,0.2419104282034264,0.0
12650.0,3.513888888888889,0.28531695488854497,0.10888598812679567,0.0
12660.0,3.5166666666666666,0.2714481157398072,0.08617356688454918,0.0
12670.0,3.5194444444444444,0.2532983776506052,0.057501153246866527,0.0
12680.0,3.522222222222222,0.23115397283273634,-0.016104410900701954,-0.0
12690.0,3.525,0.20536413177860469,-0.0038014697526603924,-0.0
12700.0,3.5277777777777777,0.17633557568773828,-0.12119317840926984,-0.0
12710.0,3.5305555555555554,0.1445261022305164,-0.01861189676879053,-0.0
12720.0,3.533333333333333,0.11043736580540355,0.0023959816420534514,0.0
12730.0,3.536111111111111,0.07460696614945474,0.23818835825858653,0.0
12740.0,3.5388888888888888,0.03759997006928763,0.31586795858577826,0.0
12750.0,3.5416666666666665,2.9395237063356005e-15,0.2711196251010427,0.0
12760.0,3.5444444444444443,-0.03759997006929026,0.12259684131575484,0.0
12770.0,3.547222222222222,-0.0746069661494573,0.1569361873064551,0.0
12780.0,3.55,-0.110437365805406,-0.004311887256440568,-0.0
12790.0,3.5527777777777776,-0.14452610223051873,0.14680866629083503,0.0
12800.0,3.5555555555555554,-0.17633557568774041,0.06157448148088039,0.0
12810.0,3.558333333333333,-0.2053641317786066,0.04555359825710319,0.0
12820.0,3.561111111111111,-0.231153972832738,-0.1322146353444195,-0.0
12830.0,3.563888888888889,-0.2532983776506066,-0.20418751449223776,-0.0
12840.0,3.566666666666667,-0.2714481157398047,-0.06125269757044879,-0.0
12850.0,3.5694444444444446,-0.2853169548885458,-0.05778140671384208,-0.0
12860.0,3.5722222222222224,-0.2946861752186068,-0.027718432838245093,-0.0
12870.0,3.575,-0.29940801852848165,0.05410788696962354,0.0
12880.0,3.577777777777778,-0.29940801852848115,-0.09680899990865327,-0.0
12890.0,3.5805555555555557,-0.2946861752186069,-0.04924871177162552,-0.0
12900.0,3.5833333333333335,-0.28531695488854597,-0.03804367011104846,-0.0
12910.0,3.5861111111111112,-0.27144811573980493,0.029909818289744396,0.0
12920.0,3.588888888888889,-0.2532983776506023,0.16474227251878193,0.0
12930.0,3.591666666666667,-0.2311539728327384,0.027311055938113542,0.0
12940.0,3.5944444444444446,-0.20536413177860705,0.16743639966345703,0.0
12950.0,3.5972222222222223,-0.17633557568774091,0.013692937643058727,0.0
12960.0,3.6,-0.14452610223051177,-0.08516312586534502,-0.0
12970.0,3.602777777777778,-0.1104373658053986,-0.023158747409635694,-0.0
12980.0,3.6055555555555556,-0.07460696614945787,-0.07347497152127763,-0.0
12990.0,3.6083333333333334,-0.03759997006929084,-0.03918841366693635,-0.0
13000.0,3.611111111111111,2.35280740789073e-15,-0.18119081895685352,-0.0
13010.0,3.613888888888889,0.0375999700692955,-0.17290256205806553,-0.0
13020.0,3.6166666666666667,0.07460696614945417,-0.156792627127409,-0.0
13030.0,3.6194444444444445,0.11043736580540299,-0.18634486190884494,-0.0
13040.0,3.6222222222222222,0.1445261022305159,0.04015850793190401,0.0
13050.0,3.625,0.1763355756877447,0.23289789526363636,0.0
13060.0,3.6277777777777778,0.2053641317786105,0.19224062435616573,0.0
13070.0,3.6305555555555555,0.23115397283273592,0.08523414146324278,0.0
13080.0,3.6333333333333333,0.25329837765060487,-0.018240177486455997,-0.0
13090.0,3.636111111111111,0.27144811573980693,0.20931864722012922,0.0
13100.0,3.638888888888889,0.28531695488854747,0.12771066967378336,0.0
13110.0,3.6416666666666666,0.2946861752186062,0.3474530485455169,0.0
13120.0,3.6444444444444444,0.2994080185284815,0.2422872233076966,0.0
13130.0,3.647222222222222,0.29940801852848137,0.08873257884000524,0.0
13140.0,3.65,0.2946861752186059,0.0067386616357965005,0.0
13150.0,3.6527777777777777,0.28531695488854697,0.03881018513658301,0.0
13160.0,3.6555555555555554,0.2714481157398063,0.2254054262727411,0.0
13170.0,3.658333333333333,0.2532983776506041,0.2765424988890943,0.0
13180.0,3.661111111111111,0.231153972832735,0.09958120499340171,0.0
13190.0,3.6638888888888888,0.20536413177860321,0.18383908125383414,0.0
13200.0,3.6666666666666665,0.1763355756877435,0.07451051807288335,0.0
13210.0,3.6694444444444443,0.1445261022305146,0.07442739703473697,0.0
13220.0,3.672222222222222,0.11043736580540163,0.16231830714757153,0.0
13230.0,3.675,0.07460696614945274,0.14035543125355493,0.0
13240.0,3.6777777777777776,0.037599970069294046,0.07745663264158913,0.0
13250.0,3.6805555555555554,8.813743070041412e-16,0.06438322501433971,0.0
13260.0,3.683333333333333,-0.0375999700692923,0.054483540522623615,0.0
13270.0,3.686111111111111,-0.07460696614945929,0.1061477424539064,0.0
13280.0,3.688888888888889,-0.11043736580540792,-0.09511034487082513,-0.0
13290.0,3.691666666666667,-0.14452610223051307,-0.1673112674012936,-0.0
13300.0,3.6944444444444446,-0.17633557568774208,-0.01925513232908721,-0.0
13310.0,3.6972222222222224,-0.2053641317786081,-0.16151288972299718,-0.0
13320.0,3.7,-0.23115397283273934,-0.2878273204259073,-0.0
13330.0,3.702777777777778,-0.2532983776506031,-0.2565127821171243,-0.0
13340.0,3.7055555555555557,-0.27144811573980554,-0.4019142816338454,-0.0
13350.0,3.7083333333333335,-0.28531695488854647,-0.42887393143607755,-0.0
13360.0,3.7111111111111112,-0.2946861752186072,-0.4751572171447545,-0.0
13370.0,3.713888888888889,-0.2994080185284818,-0.3963299482902828,-0.0
13380.0,3.716666666666667,-0.29940801852848153,-0.5543742840701498,-1.0
13390.0,3.7194444444444446,-0.2946861752186065,-0.6390696147163544,-1.0
13400.0,3.7222222222222223,-0.28531695488854536,-0.637341387283443,-1.0
13410.0,3.725,-0.27144811573980404,-0.5146225991424683,-1.0
13420.0,3.727777777777778,-0.25329837765060575,-0.514546993950491,-1.0
13430.0,3.7305555555555556,-0.23115397283273706,-0.40526560015586743,-0.0
13440.0,3.7333333333333334,-0.20536413177860555,-0.39152669687257435,-0.0
13450.0,3.736111111111111,-0.1763355756877392,-0.3043798289512534,-0.0
13460.0,3.738888888888889,-0.14452610223050996,-0.27872875162751026,-0.0
13470.0,3.7416666666666667,-0.11043736580540464,-0.28932192997415157,-0.0
13480.0,3.7444444444444445,-0.07460696614945588,-0.26458050143215583,-0.0
13490.0,3.7472222222222222,-0.03759997006928879,-0.11175752744701639,-0.0
13500.0,3.75,4.4109568072221896e-15,-0.09716895734957737,-0.0
13510.0,3.7527777777777778,0.03759997006928909,-0.026527005542677777,-0.0
13520.0,3.7555555555555555,0.07460696614945617,-0.08327581358955904,-0.0
13530.0,3.7583333333333333,0.1104373658054049,-0.04930146388482129,-0.0
13540.0,3.761111111111111,0.14452610223051768,-0.1451535789872149,-0.0
13550.0,3.763888888888889,0.17633557568773947,-0.12031070901769371,-0.0
13560.0,3.7666666666666666,0.20536413177860577,0.1485692319721021,0.0
13570.0,3.7694444444444444,0.23115397283273725,0.19100314924220757,0.0
13580.0,3.772222222222222,0.2532983776506059,0.09916729407836862,0.0
13590.0,3.775,0.2714481157398078,0.16908181077976026,0.0
13600.0,3.7777777777777777,0.28531695488854547,0.0357906875008745,0.0
13610.0,3.7805555555555554,0.29468617521860657,0.1522916818935964,0.0
13620.0,3.783333333333333,0.29940801852848153,0.2310298101497295,0.0
13630.0,3.786111111111111,0.2994080185284812,0.3076387008326943,0.0
13640.0,3.7888888888888888,0.2946861752186071,0.3303174277454939,0.0
13650.0,3.7916666666666665,0.28531695488854636,0.2185593539411915,0.0
13660.0,3.7944444444444443,0.27144811573980543,0.19546183810819115,0.0
13670.0,3.797222222222222,0.2532983776506029,0.18572578939960976,0.0
13680.0,3.8,0.2311539728327337,0.14556390152438536,0.0
13690.0,3.8027777777777776,0.2053641317786079,0.21501655085321228,0.0
13700.0,3.8055555555555554,0.17633557568774183,0.21386519461096834,0.0
13710.0,3.808333333333333,0.1445261022305128,0.17492035030982633,0.0
13720.0,3.811111111111111,0.11043736580539971,0.22364252963053963,0.0
13730.0,3.813888888888889,0.07460696614945901,0.09380605071162258,0.0
13740.0,3.816666666666667,0.037599970069292006,0.04323653426743366,0.0
13750.0,3.8194444444444446,-1.176775092327318e-15,-0.058367349331590795,-0.0
13760.0,3.8222222222222224,-0.03759997006929434,0.07562492336416625,0.0
13770.0,3.825,-0.07460696614946129,0.04034941043240005,0.0
13780.0,3.827777777777778,-0.1104373658054019,0.00727026753746481,0.0
13790.0,3.8305555555555557,-0.14452610223051485,-0.03566430841461096,-0.0
13800.0,3.8333333333333335,-0.17633557568774375,-0.07819203573867799,-0.0
13810.0,3.8361111111111112,-0.2053641317786096,-0.21845873436674268,-0.0
13820.0,3.838888888888889,-0.2311539728327352,-0.16611581217482038,-0.0
13830.0,3.841666666666667,-0.2532983776506042,-0.21524129744080842,-0.0
13840.0,3.8444444444444446,-0.27144811573980643,-0.0859527260764462,-0.0
13850.0,3.8472222222222223,-0.2853169548885471,-0.3065655423040146,-0.0
13860.0,3.85,-0.29468617521860757,-0.4265508545588841,-0.0
13870.0,3.852777777777778,-0.29940801852848137,-0.3878710618059637,-0.0
13880.0,3.8555555555555556,-0.2994080185284814,-0.5611562418715776,-1.0
13890.0,3.8583333333333334,-0.29468617521860613,-0.5193465315701756,-1.0
13900.0,3.861111111111111,-0.2853169548885447,-0.4533162415539651,-0.0
13910.0,3.863888888888889,-0.2714481157398068,-0.4061296004348432,-0.0
13920.0,3.8666666666666667,-0.2532983776506047,-0.2320633844832741,-0.0
13930.0,3.8694444444444445,-0.23115397283273575,-0.3141481892392578,-0.0
13940.0,3.8722222222222222,-0.20536413177860405,-0.24814700298524694,-0.0
13950.0,3.875,-0.17633557568774447,-0.2655735046773424,-0.0
13960.0,3.8777777777777778,-0.14452610223051562,-0.2647285966970512,-0.0
13970.0,3.8805555555555555,-0.11043736580540273,-0.2298118247348358,-0.0
13980.0,3.8833333333333333,-0.07460696614945388,-0.2757205730760985,-0.0
13990.0,3.886111111111111,-0.03759997006928675,-0.30664250410228966,-0.0
14000.0,3.888888888888889,-2.057406622567553e-15,-0.2721483940287659,-0.0
14010.0,3.8916666666666666,0.03759997006929113,-0.2998443647805466,-0.0
14020.0,3.8944444444444444,0.07460696614945815,-0.16198763570635544,-0.0
14030.0,3.897222222222222,0.11043736580540682,-0.05609569300585174,-0.0
14040.0,3.9,0.14452610223051202,0.12464699181767783,0.0
14050.0,3.9027777777777777,0.17633557568774114,0.14071002337363678,0.0
14060.0,3.9055555555555554,0.20536413177860727,0.18864439963609636,0.0
14070.0,3.908333333333333,0.23115397283273856,0.25590807939203003,0.0
14080.0,3.911111111111111,0.25329837765060703,0.31501461272972764,0.0
14090.0,3.9138888888888888,0.27144811573980504,0.37261986216543697,0.0
14100.0,3.9166666666666665,0.2853169548885461,0.35823610369194775,0.0
14110.0,3.9194444444444443,0.29468617521860696,0.2550781226263057,0.0
14120.0,3.922222222222222,0.2994080185284817,0.2615763755555788,0.0
14130.0,3.925,0.29940801852848165,0.2366962506743928,0.0
14140.0,3.9277777777777776,0.29468617521860674,0.18686699777740354,0.0
14150.0,3.9305555555555554,0.2853169548885457,0.2296998065653315,0.0
14160.0,3.933333333333333,0.27144811573980454,0.06583486550395332,0.0
14170.0,3.936111111111111,0.25329837765060187,0.14209006929553128,0.0
14180.0,3.938888888888889,0.23115397283273784,0.07071845947858241,0.0
14190.0,3.941666666666667,0.2053641317786064,0.07989959699637726,0.0
14200.0,3.9444444444444446,0.17633557568774016,0.20058785111445518,0.0
14210.0,3.9472222222222224,0.144526102230511,0.1175618997831779,0.0
14220.0,3.95,0.11043736580540572,-0.022851697975299363,-0.0
14230.0,3.952777777777778,0.07460696614945701,-0.11096270079696849,-0.0
14240.0,3.9555555555555557,0.037599970069289966,-0.228744910118751,-0.0
14250.0,3.9583333333333335,-3.2349244916587774e-15,-0.14150010939916546,-0.0
14260.0,3.9611111111111112,-0.03759997006929638,-0.22616516896200434,-0.0
14270.0,3.963888888888889,-0.07460696614945501,-0.33075698735325765,-0.0
14280.0,3.966666666666667,-0.11043736580540381,-0.3842545328148448,-0.0
14290.0,3.9694444444444446,-0.14452610223051665,-0.4871435246623602,-0.0
14300.0,3.9722222222222223,-0.1763355756877454,-0.4992668519703889,-0.0
14310.0,3.975,-0.2053641317786049,-0.5214547794674037,-1.0
14320.0,3.977777777777778,-0.2311539728327365,-0.32338130704025,-0.0
14330.0,3.9805555555555556,-0.25329837765060537,-0.26396284499971273,-0.0
14340.0,3.9833333333333334,-0.2714481157398073,-0.2501652377751522,-0.0
14350.0,3.986111111111111,-0.2853169548885477,-0.30029576956710813,-0.0
14360.0,3.988888888888889,-0.29468617521860635,-0.2685027683482151,-0.0
14370.0,3.9916666666666667,-0.2994080185284815,-0.43459219302489444,-0.0
14380.0,3.9944444444444445,-0.2994080185284813,-0.4713045774470841,-0.0
14390.0,3.9972222222222222,-0.29468617521860574,-0.42158072748392644,-0.0
14400.0,4.0,-0.2853169548885467,-0.4155849131531385,-0.0
14410.0,4.002777777777778,-0.27144811573980593,-0.4760866542441123,-0.0
14420.0,4.0055555555555555,-0.2532983776506036,-0.4501142956745637,-0.0
14430.0,4.008333333333334,-0.23115397283273442,-0.49014185847686853,-0.0
14440.0,4.011111111111111,-0.20536413177860877,-0.35010436527275357,-0.0
14450.0,4.013888888888889,-0.1763355756877428,-0.254208701165792,-0.0
14460.0,4.016666666666667,-0.14452610223051382,-0.09639567682795806,-0.0
14470.0,4.019444444444445,-0.11043736580540081,-0.06879984470757111,-0.0
14480.0,4.022222222222222,-0.07460696614945189,-0.13764631615625977,-0.0
14490.0,4.025,-0.03759997006929317,0.18248851001598135,0.0
14500.0,4.027777777777778,7.427767639060292e-19,0.15174121167835417,0.0
14510.0,4.030555555555556,0.03759997006929317,0.3293674626863969,0.0
14520.0,4.033333333333333,0.07460696614946015,0.42425757929019947,0.0
14530.0,4.036111111111111,0.11043736580540081,0.27812777813788514,0.0
14540.0,4.038888888888889,0.14452610223051382,0.23262188253756846,0.0
14550.0,4.041666666666667,0.1763355756877428,0.19465439106477334,0.0
14560.0,4.044444444444444,0.20536413177860877,0.26004138056151155,0.0
14570.0,4.0472222222222225,0.23115397283273986,0.3419302800427416,0.0
14580.0,4.05,0.2532983776506036,0.2156214010987803,0.0
14590.0,4.052777777777778,0.27144811573980593,0.17145783641530957,0.0
14600.0,4.055555555555555,0.2853169548885467,0.05120821012344735,0.0
14610.0,4.058333333333334,0.29468617521860735,0.15969938733506062,0.0
14620.0,4.061111111111111,0.2994080185284813,0.2309908373031807,0.0
14630.0,4.063888888888889,0.2994080185284815,0.23646784647405472,0.0
14640.0,4.066666666666666,0.29468617521860635,0.3965742034392626,0.0
14650.0,4.069444444444445,0.2853169548885451,0.2720476068181126,0.0
14660.0,4.072222222222222,0.27144811573980365,0.3118399464928653,0.0
14670.0,4.075,0.25329837765060537,0.31137780906218493,0.0
14680.0,4.0777777777777775,0.2311539728327365,0.3458869858021838,0.0
14690.0,4.080555555555556,0.2053641317786049,0.23938298823890303,0.0
14700.0,4.083333333333333,0.1763355756877385,5.340213428730836e-05,0.0
14710.0,4.086111111111111,0.14452610223051665,0.09192048270330994,0.0
14720.0,4.088888888888889,0.11043736580540381,0.10259542790119204,0.0
14730.0,4.091666666666667,0.07460696614945501,-0.010432117361780865,-0.0
14740.0,4.094444444444444,0.03759997006928792,-0.011213214146395386,-0.0
14750.0,4.097222222222222,-5.2930738909902365e-15,-0.04626507265971368,-0.0
14760.0,4.1,-0.037599970069289966,-0.07475172960187913,-0.0
14770.0,4.102777777777778,-0.07460696614945701,-0.15124750885152688,-0.0
14780.0,4.105555555555555,-0.11043736580540572,-0.14584889665824766,-0.0
14790.0,4.108333333333333,-0.14452610223051846,-0.12462848394847326,-0.0
14800.0,4.111111111111111,-0.17633557568774016,-0.215042748144815,-0.0
14810.0,4.113888888888889,-0.2053641317786064,-0.2610093845996234,-0.0
14820.0,4.116666666666666,-0.23115397283273784,-0.23379638263981498,-0.0
14830.0,4.1194444444444445,-0.2532983776506064,-0.13346019753521932,-0.0
14840.0,4.122222222222222,-0.27144811573980454,-0.2166237173656343,-0.0
14850.0,4.125,-0.2853169548885457,-0.3166479741655975,-0.0
14860.0,4.127777777777778,-0.29468617521860674,-0.27521143296797107,-0.0
14870.0,4.1305555555555555,-0.29940801852848165,-0.2540095892859959,-0.0
14880.0,4.133333333333334,-0.29940801852848115,-0.1944510834710454,-0.0
14890.0,4.136111111111111,-0.29468617521860696,-0.2914189702859245,-0.0
14900.0,4.138888888888889,-0.2853169548885461,-0.32365066409021515,-0.0
14910.0,4.141666666666667,-0.27144811573980504,-0.32097225391033124,-0.0
14920.0,4.144444444444445,-0.2532983776506025,-0.36246666261515964,-0.0
14930.0,4.147222222222222,-0.23115397283273856,-0.22659588766553476,-0.0
14940.0,4.15,-0.20536413177860727,-0.011856951090884978,-0.0
14950.0,4.152777777777778,-0.17633557568774114,0.08392054065142568,0.0
14960.0,4.155555555555556,-0.14452610223051202,0.25691257751676055,0.0
14970.0,4.158333333333333,-0.1104373658053989,0.23654325803373474,0.0
14980.0,4.161111111111111,-0.07460696614945815,0.31147598583079533,0.0
14990.0,4.163888888888889,-0.03759997006929113,0.31141823512717287,0.0
15000.0,4.166666666666667,2.058892176095365e-15,0.32716485807381107,0.0
15010.0,4.169444444444444,0.03759997006929521,0.2579799751886374,0.0
15020.0,4.1722222222222225,0.07460696614945388,0.16319789086780542,0.0
15030.0,4.175,0.11043736580540273,0.02101599242837174,0.0
15040.0,4.177777777777778,0.14452610223051562,-0.010596356573871923,-0.0
15050.0,4.180555555555555,0.17633557568774447,-0.12754412088800338,-0.0
15060.0,4.183333333333334,0.20536413177861026,-0.17485042661693379,-0.0
15070.0,4.186111111111111,0.23115397283273575,-0.10228645149756493,-0.0
15080.0,4.188888888888889,0.2532983776506047,0.01872635796388046,0.0
15090.0,4.191666666666666,0.2714481157398068,0.09164050836326126,0.0
15100.0,4.194444444444445,0.28531695488854736,0.18573865476015441,0.0
15110.0,4.197222222222222,0.29468617521860613,0.14603093719184101,0.0
15120.0,4.2,0.2994080185284814,0.2335591930437939,0.0
15130.0,4.2027777777777775,0.29940801852848137,0.3457698945101255,0.0
15140.0,4.205555555555556,0.29468617521860596,0.34686671939570046,0.0
15150.0,4.208333333333333,0.28531695488854447,0.4838582204251309,0.0
15160.0,4.211111111111111,0.27144811573980643,0.4320065234733627,0.0
15170.0,4.213888888888889,0.2532983776506042,0.24356317934776733,0.0
15180.0,4.216666666666667,0.2311539728327352,0.10925708901801448,0.0
15190.0,4.219444444444444,0.2053641317786034,0.13030555931221374,0.0
15200.0,4.222222222222222,0.17633557568774375,0.15041139841497334,0.0
15210.0,4.225,0.14452610223051485,-0.011121730818313616,-0.0
15220.0,4.227777777777778,0.1104373658054019,-0.2039488588721922,-0.0
15230.0,4.230555555555555,0.07460696614945303,-0.2208547189868474,-0.0
15240.0,4.233333333333333,0.03759997006928588,-0.19913733028971986,-0.0
15250.0,4.236111111111111,1.175289538799506e-15,-0.19379407100760518,-0.0
15260.0,4.238888888888889,-0.037599970069292006,-0.12462003496001499,-0.0
15270.0,4.241666666666666,-0.07460696614945901,-0.12113867570986499,-0.0
15280.0,4.2444444444444445,-0.11043736580540764,-0.1598249163029569,-0.0
15290.0,4.247222222222222,-0.1445261022305128,-0.30915509706311356,-0.0
15300.0,4.25,-0.17633557568774183,-0.23172785842512866,-0.0
15310.0,4.252777777777778,-0.2053641317786079,-0.2523195412762135,-0.0
15320.0,4.2555555555555555,-0.23115397283273914,-0.2916933029496059,-0.0
15330.0,4.258333333333334,-0.2532983776506029,-0.435095146613041,-0.0
15340.0,4.261111111111111,-0.27144811573980543,-0.5060465700801932,-1.0
15350.0,4.263888888888889,-0.28531695488854636,-0.3974153834751901,-0.0
15360.0,4.266666666666667,-0.2946861752186071,-0.4851243487647346,-0.0
15370.0,4.269444444444445,-0.29940801852848176,-0.597305494972324,-1.0
15380.0,4.272222222222222,-0.29940801852848153,-0.42377138302453976,-0.0
15390.0,4.275,-0.29468617521860657,-0.35017732136040947,-0.0
15400.0,4.277777777777778,-0.28531695488854547,-0.23871392306803102,-0.0
15410.0,4.280555555555556,-0.2714481157398042,-0.24834570480504572,-0.0
15420.0,4.283333333333333,-0.2532983776506059,-0.13632770469232255,-0.0
15430.0,4.286111111111111,-0.23115397283273725,-0.24966404041215334,-0.0
15440.0,4.288888888888889,-0.20536413177860577,-0.2574116822496166,-0.0
15450.0,4.291666666666667,-0.17633557568773947,-0.12312614663084835,-0.0
15460.0,4.294444444444444,-0.14452610223051024,-0.07943551330309846,-0.0
15470.0,4.2972222222222225,-0.1104373658054049,-0.10962783474314458,-0.0
15480.0,4.3,-0.07460696614945617,-0.11922726438561135,-0.0
15490.0,4.302777777777778,-0.037599970069289085,-0.15056176028743629,-0.0
15500.0,4.305555555555555,4.117041575426824e-15,-0.1497867516082986,-0.0
15510.0,4.308333333333334,0.0375999700692888,-0.12943286274863533,-0.0
15520.0,4.311111111111111,0.07460696614945588,-0.005280476528320495,-0.0
15530.0,4.313888888888889,0.11043736580540464,-0.03814516269825176,-0.0
15540.0,4.316666666666666,0.14452610223051743,-0.07176423049633003,-0.0
15550.0,4.319444444444445,0.17633557568774613,-0.014186618474534998,-0.0
15560.0,4.322222222222222,0.20536413177860555,0.08057812596853789,0.0
15570.0,4.325,0.23115397283273706,-0.04394035565590262,-0.0
15580.0,4.3277777777777775,0.2532983776506058,-0.07002441048617464,-0.0
15590.0,4.330555555555556,0.2714481157398077,0.016817205636500094,0.0
15600.0,4.333333333333333,0.28531695488854536,0.03430971258028516,0.0
15610.0,4.336111111111111,0.2946861752186065,0.1942409562001539,0.0
15620.0,4.338888888888889,0.29940801852848153,0.25116810501378367,0.0
15630.0,4.341666666666667,0.29940801852848126,0.22918611872480815,0.0
15640.0,4.344444444444444,0.2946861752186056,0.22672524343847092,0.0
15650.0,4.347222222222222,0.28531695488854647,0.22582501661394522,0.0
15660.0,4.35,0.27144811573980554,0.2675610267601256,0.0
15670.0,4.352777777777778,0.2532983776506031,0.27943584389406645,0.0
15680.0,4.355555555555555,0.23115397283273387,0.33126809839295757,0.0
15690.0,4.358333333333333,0.20536413177860816,0.26243114658633887,0.0
15700.0,4.361111111111111,0.17633557568774208,0.20740167090024741,0.0
15710.0,4.363888888888889,0.14452610223051307,0.16154305448331907,0.0
15720.0,4.366666666666666,0.11043736580539998,0.11899771319409419,0.0
15730.0,4.3694444444444445,0.07460696614945929,0.03836163996049133,0.0
15740.0,4.372222222222222,0.0375999700692923,-0.11643190455332292,-0.0
15750.0,4.375,-8.828598605319533e-16,0.12210034436589196,0.0
15760.0,4.377777777777778,-0.037599970069294046,0.2113091109156945,0.0
15770.0,4.3805555555555555,-0.074606966149461,0.2771945357543922,0.0
15780.0,4.383333333333334,-0.11043736580540163,0.28477483553145955,0.0
15790.0,4.386111111111111,-0.1445261022305146,0.10203408793199989,0.0
15800.0,4.388888888888889,-0.1763355756877435,0.12213460600544154,0.0
15810.0,4.391666666666667,-0.2053641317786094,0.12972570125676863,0.0
15820.0,4.394444444444445,-0.231153972832735,0.2709082738972736,0.0
15830.0,4.397222222222222,-0.2532983776506041,0.3744661834272526,0.0
15840.0,4.4,-0.2714481157398063,0.17678928841272404,0.0
15850.0,4.402777777777778,-0.28531695488854697,0.08747461559965333,0.0
15860.0,4.405555555555556,-0.2946861752186075,-0.11989107738748858,-0.0
15870.0,4.408333333333333,-0.29940801852848137,-0.2304860467956732,-0.0
15880.0,4.411111111111111,-0.2994080185284815,-0.19235128951395988,-0.0
15890.0,4.413888888888889,-0.2946861752186062,-0.18103279069090583,-0.0
15900.0,4.416666666666667,-0.2853169548885448,-0.11991511721859577,-0.0
15910.0,4.419444444444444,-0.27144811573980693,-0.22648810942811093,-0.0
15920.0,4.4222222222222225,-0.25329837765060487,-0.18376763297536025,-0.0
15930.0,4.425,-0.23115397283273592,-0.06892352413242546,-0.0
15940.0,4.427777777777778,-0.20536413177860424,0.03596671204260352,0.0
15950.0,4.430555555555555,-0.1763355756877378,0.09789637858830263,0.0
15960.0,4.433333333333334,-0.1445261022305159,0.1893761809260597,0.0
15970.0,4.436111111111111,-0.11043736580540299,0.12915172591639504,0.0
15980.0,4.438888888888889,-0.07460696614945417,0.1619073926848107,0.0
15990.0,4.441666666666666,-0.037599970069287045,0.16332990641346343,0.0
16000.0,4.444444444444445,-2.351321854362918e-15,0.2705020109488765,0.0
16010.0,4.447222222222222,0.03759997006929084,0.2667351836078696,0.0
16020.0,4.45,0.07460696614945787,0.20227086657271798,0.0
16030.0,4.4527777777777775,0.11043736580540654,0.002346263389383004,0.0
16040.0,4.455555555555556,0.14452610223051923,-0.023006946669271448,-0.0
16050.0,4.458333333333333,0.17633557568774091,-0.09856419063768339,-0.0
16060.0,4.461111111111111,0.20536413177860705,0.04989968095068815,0.0
16070.0,4.463888888888889,0.2311539728327384,0.130908135414458,0.0
16080.0,4.466666666666667,0.2532983776506069,0.1589486636999777,0.0
16090.0,4.469444444444444,0.27144811573980493,0.21304055930849997,0.0
16100.0,4.472222222222222,0.28531695488854597,0.17504252452350863,0.0
16110.0,4.475,0.2946861752186069,0.15135630020231217,0.0
16120.0,4.477777777777778,0.2994080185284817,0.19450242112809285,0.0
16130.0,4.480555555555555,0.29940801852848115,0.22464897275229656,0.0
16140.0,4.483333333333333,0.2946861752186068,0.2303337981105481,0.0
16150.0,4.486111111111111,0.2853169548885458,0.34839498751050146,0.0
16160.0,4.488888888888889,0.27144811573980465,0.11893639161915168,0.0
16170.0,4.491666666666666,0.25329837765060204,0.1321364398939439,0.0
16180.0,4.4944444444444445,0.231153972832738,0.0654524198360131,0.0
16190.0,4.497222222222222,0.2053641317786066,0.142520099084662,0.0
16200.0,4.5,0.17633557568774041,-0.020922220096357566,-0.0
16210.0,4.502777777777778,0.14452610223051124,0.005076117666759004,0.0
16220.0,4.5055555555555555,0.110437365805406,0.17359028398762014,0.0
16230.0,4.508333333333334,0.0746069661494573,0.1966968417324187,0.0
16240.0,4.511111111111111,0.03759997006929026,0.07682300623550224,0.0
16250.0,4.513888888888889,-2.9410092598634125e-15,0.013049674465047753,0.0
16260.0,4.516666666666667,-0.037599970069296086,-0.0501784299996492,-0.0
16270.0,4.519444444444445,-0.07460696614945474,-0.11583354878787573,-0.0
16280.0,4.522222222222222,-0.11043736580540355,-0.2536641046081423,-0.0
16290.0,4.525,-0.1445261022305164,-0.25522881194759617,-0.0
16300.0,4.527777777777778,-0.17633557568774516,-0.2920204583708304,-0.0
16310.0,4.530555555555556,-0.20536413177860469,-0.441925646877102,-0.0
16320.0,4.533333333333333,-0.23115397283273634,-0.5209944589676491,-1.0
16330.0,4.536111111111111,-0.2532983776506052,-0.5728987323055202,-1.0
16340.0,4.538888888888889,-0.2714481157398072,-0.428304121686309,-0.0
16350.0,4.541666666666667,-0.28531695488854764,-0.42650541954247184,-0.0
16360.0,4.544444444444444,-0.2946861752186063,-0.47959586750297706,-0.0
16370.0,4.5472222222222225,-0.2994080185284815,-0.4924373614877534,-0.0
16380.0,4.55,-0.2994080185284813,-0.400534957256539,-0.0
16390.0,4.552777777777778,-0.2946861752186058,-0.29732437034044074,-0.0
16400.0,4.555555555555555,-0.2853169548885468,-0.3083464288329816,-0.0
16410.0,4.558333333333334,-0.27144811573980604,-0.15372152421199006,-0.0
16420.0,4.561111111111111,-0.25329837765060376,-0.17635762569236485,-0.0
16430.0,4.563888888888889,-0.23115397283273464,-0.21974820090073313,-0.0
16440.0,4.566666666666666,-0.20536413177860274,-0.18777808728035905,-0.0
16450.0,4.569444444444445,-0.17633557568774302,-0.1435844042135119,-0.0
16460.0,4.572222222222222,-0.14452610223051407,-0.13059619331512212,-0.0
16470.0,4.575,-0.11043736580540107,-0.12343329650711625,-0.0
16480.0,4.5777777777777775,-0.07460696614945217,-0.24430411215679865,-0.0
16490.0,4.580555555555556,-0.03759997006929346,-0.20610020321815428,-0.0
16500.0,4.583333333333333,-2.9317245503145873e-16,-0.31726731184170337,-0.0
16510.0,4.586111111111111,0.03759997006929288,-0.16068396691118528,-0.0
16520.0,4.588888888888889,0.07460696614945987,-0.20563936062480798,-0.0
16530.0,4.591666666666667,0.11043736580540846,-0.22755440933287893,-0.0
16540.0,4.594444444444444,0.14452610223051357,-0.05999755263751129,-0.0
16550.0,4.597222222222222,0.17633557568774258,0.05112728112626011,0.0
16560.0,4.6,0.20536413177860854,0.15113632708137625,0.0
16570.0,4.602777777777778,0.2311539728327397,0.24938860459162696,0.0
16580.0,4.605555555555555,0.2532983776506034,0.2801974842858945,0.0
16590.0,4.608333333333333,0.2714481157398058,0.3256065116028839,0.0
16600.0,4.611111111111111,0.28531695488854664,0.24093227310185986,0.0
16610.0,4.613888888888889,0.2946861752186073,0.2806444808758123,0.0
16620.0,4.616666666666666,0.2994080185284813,0.3109487305116437,0.0
16630.0,4.6194444444444445,0.29940801852848153,0.19210333369614951,0.0
16640.0,4.622222222222222,0.2946861752186064,0.20037784999332084,0.0
16650.0,4.625,0.2853169548885452,0.2374385033790435,0.0
16660.0,4.627777777777778,0.2714481157398038,0.3597576101076674,0.0
16670.0,4.6305555555555555,0.2532983776506055,0.2857453707861273,0.0
16680.0,4.633333333333334,0.2311539728327367,0.3006511214434455,0.0
16690.0,4.636111111111111,0.2053641317786051,0.45045510947296297,0.0
16700.0,4.638888888888889,0.17633557568773875,0.4140309571750522,0.0
16710.0,4.641666666666667,0.14452610223051693,0.29799496778669554,0.0
16720.0,4.644444444444445,0.11043736580540409,0.33461088818099877,0.0
16730.0,4.647222222222222,0.0746069661494553,0.22900182614153644,0.0
16740.0,4.65,0.03759997006928821,0.10049225675529633,0.0
16750.0,4.652777777777778,-4.999158659194871e-15,-0.0946297147083856,-0.0
16760.0,4.655555555555556,-0.037599970069289675,-0.031805084965043154,-0.0
16770.0,4.658333333333333,-0.07460696614945672,-0.03360739414352102,-0.0
16780.0,4.661111111111111,-0.11043736580540546,-0.25140077339901556,-0.0
16790.0,4.663888888888889,-0.1445261022305182,-0.2928561189341095,-0.0
16800.0,4.666666666666667,-0.17633557568773994,-0.2782911098449105,-0.0
16810.0,4.669444444444444,-0.20536413177860618,-0.3477021979880693,-0.0
16820.0,4.6722222222222225,-0.23115397283273764,-0.3782356602637831,-0.0
16830.0,4.675,-0.25329837765060625,-0.4436879272931314,-0.0
16840.0,4.677777777777778,-0.27144811573980804,-0.4236939543875174,-0.0
16850.0,4.680555555555555,-0.28531695488854564,-0.4536738589740276,-0.0
16860.0,4.683333333333334,-0.2946861752186067,-0.3524410473750754,-0.0
16870.0,4.686111111111111,-0.29940801852848165,-0.3311747243912445,-0.0
16880.0,4.688888888888889,-0.2994080185284812,-0.25165791670174614,-0.0
16890.0,4.691666666666666,-0.294686175218607,-0.12325026026811958,-0.0
16900.0,4.694444444444445,-0.2853169548885462,0.012719850677539557,0.0
16910.0,4.697222222222222,-0.2714481157398052,0.02643498757906824,0.0
16920.0,4.7,-0.25329837765060265,0.07354297426212958,0.0
16930.0,4.7027777777777775,-0.2311539728327333,0.09159100779273527,0.0
16940.0,4.705555555555556,-0.2053641317786075,0.08420507770344177,0.0
16950.0,4.708333333333333,-0.17633557568774136,0.05134336251503784,0.0
16960.0,4.711111111111111,-0.14452610223051227,0.06724530829032244,0.0
16970.0,4.713888888888889,-0.11043736580539916,0.0747572466334043,0.0
16980.0,4.716666666666667,-0.07460696614945843,-0.048666889711815306,-0.0
16990.0,4.719444444444444,-0.03759997006929142,-0.15865468675031422,-0.0
17000.0,4.722222222222222,1.7649769443000004e-15,-0.1591047347086672,-0.0
17010.0,4.725,0.03759997006929492,-0.17908404252059712,-0.0
17020.0,4.727777777777778,0.07460696614946186,-0.10531954013865007,-0.0
17030.0,4.730555555555555,0.11043736580540243,-0.10491164199104464,-0.0
17040.0,4.733333333333333,0.14452610223051537,-0.1778773579092402,-0.0
17050.0,4.736111111111111,0.1763355756877442,-0.2848832602293785,-0.0
17060.0,4.738888888888889,0.20536413177861004,-0.2660240866914047,-0.0
17070.0,4.741666666666666,0.23115397283273556,-0.06066310195124997,-0.0
17080.0,4.7444444444444445,0.25329837765060453,-0.017611870001987932,-0.0
17090.0,4.747222222222222,0.2714481157398067,0.10070859860705458,0.0
17100.0,4.75,0.28531695488854725,0.31171478681836673,0.0
17110.0,4.752777777777778,0.2946861752186061,0.34234982253346957,0.0
17120.0,4.7555555555555555,0.2994080185284814,0.3147247266248852,0.0
17130.0,4.758333333333334,0.29940801852848137,0.40851344721020666,0.0
17140.0,4.761111111111111,0.294686175218606,0.5621782914198001,1.0
17150.0,4.763888888888889,0.2853169548885445,0.4961431389247715,0.0
17160.0,4.766666666666667,0.27144811573980654,0.38194786256851465,0.0
17170.0,4.769444444444445,0.25329837765060437,0.3313991209171915,0.0
17180.0,4.772222222222222,0.23115397283273537,0.33169552776137995,0.0
17190.0,4.775,0.2053641317786036,0.24917635318563194,0.0
17200.0,4.777777777777778,0.17633557568774397,0.11234810193273519,0.0
17210.0,4.780555555555556,0.1445261022305151,0.08325411076438126,0.0
17220.0,4.783333333333333,0.11043736580540217,0.08248101981720289,0.0
17230.0,4.786111111111111,0.07460696614945331,0.10719106054829128,0.0
17240.0,4.788888888888889,0.03759997006928617,0.025351207330002797,0.0
17250.0,4.791666666666667,1.4692047705948708e-15,-0.058215958047792844,-0.0
17260.0,4.794444444444444,-0.037599970069291715,-0.1033656445727677,-0.0
17270.0,4.7972222222222225,-0.07460696614945872,-0.25677112285384385,-0.0
17280.0,4.8,-0.11043736580540738,-0.39931934495199983,-0.0
17290.0,4.802777777777778,-0.14452610223051254,-0.3241077608498663,-0.0
17300.0,4.805555555555555,-0.1763355756877416,-0.3403561270808891,-0.0
17310.0,4.808333333333334,-0.20536413177860768,-0.39278172067890477,-0.0
17320.0,4.811111111111111,-0.23115397283273892,-0.42911393709385065,-0.0
17330.0,4.813888888888889,-0.25329837765060736,-0.27460352573811786,-0.0
17340.0,4.816666666666666,-0.2714481157398053,-0.15538421552943502,-0.0
17350.0,4.819444444444445,-0.28531695488854625,-0.09943098309233556,-0.0
17360.0,4.822222222222222,-0.29468617521860707,-0.07451500908176498,-0.0
17370.0,4.825,-0.2994080185284817,-0.00935988114760369,-0.0
17380.0,4.8277777777777775,-0.2994080185284816,-0.020414085077880242,-0.0
17390.0,4.830555555555556,-0.2946861752186066,-0.0275643231208737,-0.0
17400.0,4.833333333333333,-0.2853169548885455,-0.013598593631498,-0.0
17410.0,4.836111111111111,-0.2714481157398043,0.048577612064154896,0.0
17420.0,4.838888888888889,-0.25329837765060154,0.043330251850749665,0.0
17430.0,4.841666666666667,-0.23115397283273742,0.024990252792440135,0.0
17440.0,4.844444444444444,-0.205364131778606,0.05401349804185998,0.0
17450.0,4.847222222222222,-0.1763355756877397,0.126569187896004,0.0
17460.0,4.85,-0.1445261022305105,0.18899349432019288,0.0
17470.0,4.852777777777778,-0.11043736580540517,0.2291180049008657,0.0
17480.0,4.855555555555555,-0.07460696614945644,0.28325812365710834,0.0
17490.0,4.858333333333333,-0.037599970069289376,0.20739436246279905,0.0
17500.0,4.861111111111111,3.82312634363146e-15,0.1756036584544911,0.0
17510.0,4.863888888888889,0.03759997006928851,0.29865490882623813,0.0
17520.0,4.866666666666666,0.0746069661494556,0.17967357759801114,0.0
17530.0,4.8694444444444445,0.11043736580540435,0.1676978849041031,0.0
17540.0,4.872222222222222,0.14452610223051718,0.1922773490049035,0.0
17550.0,4.875,0.17633557568774585,0.20171190928513075,0.0
17560.0,4.877777777777778,0.20536413177860535,0.18759158022420472,0.0
17570.0,4.8805555555555555,0.2311539728327369,0.2645480568247798,0.0
17580.0,4.883333333333334,0.25329837765060564,0.31527701446994855,0.0
17590.0,4.886111111111111,0.27144811573980754,0.27158384160545185,0.0
17600.0,4.888888888888889,0.28531695488854525,0.16099600169161424,0.0
17610.0,4.891666666666667,0.29468617521860646,0.28272268743415263,0.0
17620.0,4.894444444444445,0.29940801852848153,0.3136929199346683,0.0
17630.0,4.897222222222222,0.29940801852848126,0.27451463678075344,0.0
17640.0,4.9,0.29468617521860563,0.2694316042034061,0.0
17650.0,4.902777777777778,0.2853169548885465,0.19996843887923388,0.0
17660.0,4.905555555555556,0.2714481157398057,0.0442727474222377,0.0
17670.0,4.908333333333333,0.25329837765060326,0.030934319344543975,0.0
17680.0,4.911111111111111,0.23115397283273406,0.03181892922769611,0.0
17690.0,4.913888888888889,0.20536413177860835,-0.00018671646094927988,-0.0
17700.0,4.916666666666667,0.17633557568774233,0.0451118374332859,0.0
17710.0,4.919444444444444,0.14452610223051332,-0.16711314734488616,-0.0
17720.0,4.9222222222222225,0.11043736580540026,-0.23302458907219867,-0.0
17730.0,4.925,0.07460696614945131,-0.2437974537161767,-0.0
17740.0,4.927777777777778,0.03759997006929259,-0.2096525106467258,-0.0
17750.0,4.930555555555555,-5.889446287365885e-16,-0.1779039453420611,-0.0
17760.0,4.933333333333334,-0.037599970069293755,-0.2638505366886322,-0.0
17770.0,4.936111111111111,-0.07460696614946072,-0.17559104846927365,-0.0
17780.0,4.938888888888889,-0.11043736580540135,-0.22843904531638415,-0.0
17790.0,4.941666666666666,-0.14452610223051435,-0.3946949412606488,-0.0
17800.0,4.944444444444445,-0.17633557568774327,-0.2863814414871575,-0.0
17810.0,4.947222222222222,-0.2053641317786092,-0.2694295840366393,-0.0
17820.0,4.95,-0.23115397283274025,-0.47081134021304966,-0.0
17830.0,4.9527777777777775,-0.2532983776506039,-0.5906368645576562,-1.0
17840.0,4.955555555555556,-0.2714481157398062,-0.5532924089489772,-1.0
17850.0,4.958333333333333,-0.28531695488854686,-0.558175692675041,-1.0
17860.0,4.961111111111111,-0.29468617521860746,-0.5336826951507528,-1.0
17870.0,4.963888888888889,-0.2994080185284813,-0.3898481013534614,-0.0
17880.0,4.966666666666667,-0.2994080185284815,-0.23816785309201402,-0.0
17890.0,4.969444444444444,-0.29468617521860624,-0.14022250905949102,-0.0
17900.0,4.972222222222222,-0.28531695488854486,-0.046450024945276294,-0.0
17910.0,4.975,-0.27144811573980343,-0.03653413887877874,-0.0
17920.0,4.977777777777778,-0.25329837765060503,0.17047564325309644,0.0
17930.0,4.980555555555555,-0.23115397283273614,0.17868111766348854,0.0
17940.0,4.983333333333333,-0.2053641317786045,0.2583467160489221,0.0
17950.0,4.986111111111111,-0.17633557568773803,0.030736627078218486,0.0
17960.0,4.988888888888889,-0.14452610223051615,,
17970.0,4.991666666666666,-0.11043736580540325,,
17980.0,4.9944444444444445,-0.07460696614945446,,
17990.0,4.997222222222222,-0.037599970069287336,,
