time_s,time_h,signal_clean,signal_noisy,signal_noisy_resolved
0.0,0.0,0.0,,
10.0,0.002777777777777778,0.03759997006929128,,
20.0,0.005555555555555556,0.07460696614945643,,
30.0,0.008333333333333333,0.11043736580540339,,
40.0,0.011111111111111112,0.1445261022305146,0.31318202058969835,0.0
50.0,0.013888888888888888,0.17633557568774194,0.34163542995381896,0.0
60.0,0.016666666666666666,0.2053641317786066,0.3371913056052559,0.0
70.0,0.019444444444444445,0.23115397283273675,0.36014613712150784,0.0
80.0,0.022222222222222223,0.25329837765060453,0.3848791187377242,0.0
90.0,0.025,0.2714481157398059,0.4775936974589244,0.0
100.0,0.027777777777777776,0.285316954888546,0.520558354557817,1.0
110.0,0.030555555555555555,0.2946861752186066,0.4882460441158668,0.0
120.0,0.03333333333333333,0.2994080185284815,0.3893243084529861,0.0
130.0,0.03611111111111111,0.2994080185284815,0.40413161335726444,0.0
140.0,0.03888888888888889,0.2946861752186066,0.3989359651460616,0.0
150.0,0.041666666666666664,0.285316954888546,0.3922598446326733,0.0
160.0,0.044444444444444446,0.2714481157398058,0.18004144112119916,0.0
170.0,0.04722222222222222,0.25329837765060453,0.19026369956970068,0.0
180.0,0.05,0.23115397283273675,0.26845332296603464,0.0
190.0,0.05277777777777778,0.20536413177860655,0.33388109320053316,0.0
200.0,0.05555555555555555,0.17633557568774197,0.30777659760023784,0.0
210.0,0.058333333333333334,0.14452610223051457,0.36781300347040224,0.0
220.0,0.06111111111111111,0.11043736580540332,0.4095899245876839,0.0
230.0,0.06388888888888888,0.07460696614945644,0.286255653355455,0.0
240.0,0.06666666666666667,0.03759997006929123,0.20178873494633212,0.0
250.0,0.06944444444444445,3.6739403974420595e-17,0.25447426352658387,0.0
260.0,0.07222222222222222,-0.037599970069291284,0.09743843662164481,0.0
270.0,0.075,-0.0746069661494565,-0.016879806213945234,-0.0
280.0,0.07777777777777778,-0.11043736580540338,-0.062266995766041805,-0.0
290.0,0.08055555555555556,-0.1445261022305146,-0.2077693035171043,-0.0
300.0,0.08333333333333333,-0.176335575687742,-0.26041275945161385,-0.0
310.0,0.08611111111111111,-0.2053641317786066,-0.32968905939196896,-0.0
320.0,0.08888888888888889,-0.2311539728327368,-0.2561504635325495,-0.0
330.0,0.09166666666666666,-0.2532983776506046,-0.3245840847336326,-0.0
340.0,0.09444444444444444,-0.2714481157398058,-0.37228345566849746,-0.0
350.0,0.09722222222222222,-0.285316954888546,-0.4257709544579619,-0.0
360.0,0.1,-0.2946861752186066,-0.45997546249293375,-0.0
370.0,0.10277777777777777,-0.2994080185284815,-0.5784186400237626,-1.0
380.0,0.10555555555555556,-0.2994080185284815,-0.36135787216674625,-0.0
390.0,0.10833333333333334,-0.29468617521860657,-0.4685593859686009,-0.0
400.0,0.1111111111111111,-0.2853169548885461,-0.5879959467766537,-1.0
410.0,0.11388888888888889,-0.2714481157398059,-0.49704347390206455,-0.0
420.0,0.11666666666666667,-0.2532983776506045,-0.36570593853215105,-0.0
430.0,0.11944444444444445,-0.2311539728327367,-0.21948628766847306,-0.0
440.0,0.12222222222222222,-0.2053641317786065,-0.17840136453611122,-0.0
450.0,0.125,-0.176335575687742,-0.18649646472002127,-0.0
460.0,0.12777777777777777,-0.1445261022305146,-0.04457997581679471,-0.0
470.0,0.13055555555555556,-0.11043736580540335,-0.01931481510324108,-0.0
480.0,0.13333333333333333,-0.07460696614945635,0.11133622162175695,0.0
490.0,0.1361111111111111,-0.03759997006929113,0.28246901440910066,0.0
500.0,0.1388888888888889,-7.347880794884119e-17,0.2901957161399215,0.0
510.0,0.14166666666666666,0.03759997006929125,0.3081982414921727,0.0
520.0,0.14444444444444443,0.07460696614945646,0.35718986488281207,0.0
530.0,0.14722222222222223,0.11043736580540346,0.5172268915932915,1.0
540.0,0.15,0.14452610223051468,0.5009373749314787,1.0
550.0,0.1527777777777778,0.17633557568774186,0.507317634146643,1.0
560.0,0.15555555555555556,0.20536413177860657,0.37318835072585405,0.0
570.0,0.15833333333333333,0.23115397283273675,0.43274094587552897,0.0
580.0,0.16111111111111112,0.25329837765060453,0.46151862620114414,0.0
590.0,0.1638888888888889,0.2714481157398059,0.41732987432248814,0.0
600.0,0.16666666666666666,0.28531695488854614,0.4426417889981805,0.0
610.0,0.16944444444444445,0.29468617521860657,0.29393075353336545,0.0
620.0,0.17222222222222222,0.2994080185284815,0.17837327556360424,0.0
630.0,0.175,0.2994080185284815,0.3076894756641638,0.0
640.0,0.17777777777777778,0.29468617521860657,0.25081612574122414,0.0
650.0,0.18055555555555555,0.2853169548885461,0.22468673516866577,0.0
660.0,0.18333333333333332,0.27144811573980576,0.1530174725144979,0.0
670.0,0.18611111111111112,0.25329837765060453,0.06633458673709348,0.0
680.0,0.18888888888888888,0.2311539728327369,-0.004757935285874081,-0.0
690.0,0.19166666666666668,0.20536413177860652,-0.04716132637553611,-0.0
700.0,0.19444444444444445,0.176335575687742,-0.039655501755631026,-0.0
710.0,0.19722222222222222,0.1445261022305144,-0.1055651637916751,-0.0
720.0,0.2,0.11043736580540339,-0.25192934716556487,-0.0
730.0,0.20277777777777778,0.07460696614945612,-0.2760568907138058,-0.0
740.0,0.20555555555555555,0.037599970069291166,-0.18636440469422616,-0.0
750.0,0.20833333333333334,1.1021821192326178e-16,-0.14331272301878864,-0.0
760.0,0.2111111111111111,-0.03759997006929148,-0.12411307586393311,-0.0
770.0,0.21388888888888888,-0.07460696614945643,-0.034922129696127166,-0.0
780.0,0.21666666666666667,-0.11043736580540367,0.0529738337119534,0.0
790.0,0.21944444444444444,-0.14452610223051465,0.08058985609200715,0.0
800.0,0.2222222222222222,-0.17633557568774183,0.06867289856047039,0.0
810.0,0.225,-0.20536413177860674,0.12012230101152523,0.0
820.0,0.22777777777777777,-0.23115397283273675,0.13538720935004442,0.0
830.0,0.23055555555555557,-0.2532983776506047,-0.003247265667794319,-0.0
840.0,0.23333333333333334,-0.2714481157398059,-0.05033798523945507,-0.0
850.0,0.2361111111111111,-0.285316954888546,-0.05506014784605954,-0.0
860.0,0.2388888888888889,-0.2946861752186066,-0.22193597315489083,-0.0
870.0,0.24166666666666667,-0.2994080185284815,-0.2857715354837745,-0.0
880.0,0.24444444444444444,-0.2994080185284814,-0.4977623999762763,-0.0
890.0,0.24722222222222223,-0.29468617521860657,-0.4120723597546639,-0.0
900.0,0.25,-0.28531695488854614,-0.32428821322397716,-0.0
910.0,0.25277777777777777,-0.27144811573980576,-0.3633494437856044,-0.0
920.0,0.25555555555555554,-0.25329837765060453,-0.3494793472112591,-0.0
930.0,0.25833333333333336,-0.23115397283273656,-0.2929064076496741,-0.0
940.0,0.2611111111111111,-0.20536413177860655,-0.34570474265354034,-0.0
950.0,0.2638888888888889,-0.17633557568774202,-0.297888799705085,-0.0
960.0,0.26666666666666666,-0.14452610223051443,-0.33044364211225696,-0.0
970.0,0.26944444444444443,-0.11043736580540342,-0.12784758521761386,-0.0
980.0,0.2722222222222222,-0.07460696614945617,-0.14353529820748495,-0.0
990.0,0.275,-0.0375999700692912,-0.1894031667395132,-0.0
1000.0,0.2777777777777778,-1.4695761589768238e-16,-0.07984762091363692,-0.0
1010.0,0.28055555555555556,0.037599970069291444,0.005638800644723123,0.0
1020.0,0.2833333333333333,0.07460696614945639,-0.07771494210301268,-0.0
1030.0,0.2861111111111111,0.11043736580540364,-0.15735475903086685,-0.0
1040.0,0.28888888888888886,0.14452610223051462,0.003009305808297046,0.0
1050.0,0.2916666666666667,0.1763355756877418,-0.07510275927952323,-0.0
1060.0,0.29444444444444445,0.2053641317786067,-0.0314477741897681,-0.0
1070.0,0.2972222222222222,0.23115397283273673,-0.018973576127240984,-0.0
1080.0,0.3,0.25329837765060464,-0.1267842262007043,-0.0
1090.0,0.30277777777777776,0.2714481157398059,-0.13058110613808627,-0.0
1100.0,0.3055555555555556,0.285316954888546,-0.06194798088879638,-0.0
1110.0,0.30833333333333335,0.2946861752186066,0.008078300892231846,0.0
1120.0,0.3111111111111111,0.2994080185284815,0.10758594859429887,0.0
1130.0,0.3138888888888889,0.2994080185284815,0.058175700843843964,0.0
1140.0,0.31666666666666665,0.29468617521860657,0.11749985591713176,0.0
1150.0,0.3194444444444444,0.28531695488854614,0.1348945929507839,0.0
1160.0,0.32222222222222224,0.2714481157398058,0.1323672147185973,0.0
1170.0,0.325,0.25329837765060453,0.22713876336809427,0.0
1180.0,0.3277777777777778,0.2311539728327366,0.1565679068731439,0.0
1190.0,0.33055555555555555,0.20536413177860655,0.023583562422980438,0.0
1200.0,0.3333333333333333,0.17633557568774164,-0.06422839957873377,-0.0
1210.0,0.33611111111111114,0.14452610223051446,-0.15427251672373143,-0.0
1220.0,0.3388888888888889,0.11043736580540346,-0.25622014093587564,-0.0
1230.0,0.3416666666666667,0.0746069661494562,-0.22864216621005248,-0.0
1240.0,0.34444444444444444,0.03759997006929124,-0.369350361795785,-0.0
1250.0,0.3472222222222222,-3.4921003194797215e-16,-0.4455690100265992,-0.0
1260.0,0.35,-0.03759997006929141,-0.3776577176217481,-0.0
1270.0,0.3527777777777778,-0.07460696614945635,-0.39533687478826235,-0.0
1280.0,0.35555555555555557,-0.1104373658054036,-0.4925614400146618,-0.0
1290.0,0.35833333333333334,-0.1445261022305146,-0.36343707678582465,-0.0
1300.0,0.3611111111111111,-0.17633557568774177,-0.3175369553471289,-0.0
1310.0,0.3638888888888889,-0.20536413177860632,-0.34947942750093297,-0.0
1320.0,0.36666666666666664,-0.23115397283273703,-0.34090738818527533,-0.0
1330.0,0.36944444444444446,-0.25329837765060464,-0.2821963110337102,-0.0
1340.0,0.37222222222222223,-0.2714481157398059,-0.24017773850855775,-0.0
1350.0,0.375,-0.285316954888546,-0.40988283350789223,-0.0
1360.0,0.37777777777777777,-0.2946861752186065,-0.524566305075139,-1.0
1370.0,0.38055555555555554,-0.2994080185284815,-0.5018773085982833,-1.0
1380.0,0.38333333333333336,-0.2994080185284815,-0.6584007019650477,-1.0
1390.0,0.3861111111111111,-0.2946861752186066,-0.5841134113339462,-1.0
1400.0,0.3888888888888889,-0.28531695488854614,-0.4510840189522982,-0.0
1410.0,0.39166666666666666,-0.27144811573980554,-0.3761656292960484,-0.0
1420.0,0.39444444444444443,-0.25329837765060426,-0.30837096300993455,-0.0
1430.0,0.3972222222222222,-0.23115397283273664,-0.2672913175701056,-0.0
1440.0,0.4,-0.2053641317786066,-0.209947598937709,-0.0
1450.0,0.4027777777777778,-0.1763355756877421,-0.18623018046338505,-0.0
1460.0,0.40555555555555556,-0.14452610223051401,0.01905552253459735,0.0
1470.0,0.4083333333333333,-0.11043736580540299,0.1765572486037893,0.0
1480.0,0.4111111111111111,-0.07460696614945622,0.13455810214709826,0.0
1490.0,0.41388888888888886,-0.03759997006929128,0.06516100428932066,0.0
1500.0,0.4166666666666667,-2.2043642384652356e-16,-0.07376829036647618,-0.0
1510.0,0.41944444444444445,0.0375999700692919,-0.1643486813917644,-0.0
1520.0,0.4222222222222222,0.07460696614945683,-0.1502613595661336,-0.0
1530.0,0.425,0.11043736580540357,0.03210922150363829,0.0
1540.0,0.42777777777777776,0.14452610223051457,0.19880683173033967,0.0
1550.0,0.4305555555555556,0.17633557568774175,0.19319423069574088,0.0
1560.0,0.43333333333333335,0.20536413177860705,0.24217178061239497,0.0
1570.0,0.4361111111111111,0.23115397283273703,0.3354751050825954,0.0
1580.0,0.4388888888888889,0.2532983776506046,0.39223923400019034,0.0
1590.0,0.44166666666666665,0.2714481157398058,0.3848101741273736,0.0
1600.0,0.4444444444444444,0.28531695488854597,0.5069876153289758,1.0
1610.0,0.44722222222222224,0.2946861752186067,0.45204253752432727,0.0
1620.0,0.45,0.2994080185284815,0.367481902834486,0.0
1630.0,0.4527777777777778,0.2994080185284815,0.3016955216332226,0.0
1640.0,0.45555555555555555,0.2946861752186066,0.3293040089762333,0.0
1650.0,0.4583333333333333,0.28531695488854614,0.2569509591676849,0.0
1660.0,0.46111111111111114,0.2714481157398056,0.32875469071970326,0.0
1670.0,0.4638888888888889,0.2532983776506043,0.36413236781843517,0.0
1680.0,0.4666666666666667,0.23115397283273664,0.33801133798512667,0.0
1690.0,0.46944444444444444,0.2053641317786066,0.2652198068561686,0.0
1700.0,0.4722222222222222,0.17633557568774214,0.32432584968630035,0.0
1710.0,0.475,0.14452610223051407,0.30070783386073185,0.0
1720.0,0.4777777777777778,0.11043736580540302,0.41607961881550654,0.0
1730.0,0.48055555555555557,0.07460696614945626,0.35492066216458956,0.0
1740.0,0.48333333333333334,0.03759997006929132,0.41495728098793155,0.0
1750.0,0.4861111111111111,2.5717582782094415e-16,0.27526239472501945,0.0
1760.0,0.4888888888888889,-0.03759997006929186,0.11696721225795066,0.0
1770.0,0.49166666666666664,-0.0746069661494568,0.23651350092953852,0.0
1780.0,0.49444444444444446,-0.11043736580540355,0.2628017491963169,0.0
1790.0,0.49722222222222223,-0.14452610223051454,0.3541493927651308,0.0
1800.0,0.5,-0.17633557568774175,0.19677466259828014,0.0
1810.0,0.5027777777777778,-0.20536413177860702,0.1012203648632634,0.0
1820.0,0.5055555555555555,-0.231153972832737,0.03958703425862911,0.0
1830.0,0.5083333333333333,-0.2532983776506046,-0.10235241187408856,-0.0
1840.0,0.5111111111111111,-0.2714481157398058,-0.1772636387483844,-0.0
1850.0,0.5138888888888888,-0.28531695488854597,-0.029717387219669114,-0.0
1860.0,0.5166666666666667,-0.2946861752186067,0.03241894117906785,0.0
1870.0,0.5194444444444445,-0.2994080185284815,-0.09541836706203197,-0.0
1880.0,0.5222222222222223,-0.2994080185284815,-0.24024317846764726,-0.0
1890.0,0.525,-0.2946861752186066,-0.23818370699608998,-0.0
1900.0,0.5277777777777778,-0.28531695488854614,-0.09218965005582572,-0.0
1910.0,0.5305555555555556,-0.2714481157398056,-0.1284603356314646,-0.0
1920.0,0.5333333333333333,-0.2532983776506043,-0.07280494668815518,-0.0
1930.0,0.5361111111111111,-0.23115397283273667,0.06011936093628832,0.0
1940.0,0.5388888888888889,-0.20536413177860666,0.03701068952250645,0.0
1950.0,0.5416666666666666,-0.17633557568774216,-0.054570595902991674,-0.0
1960.0,0.5444444444444444,-0.14452610223051407,0.03101704757796591,0.0
1970.0,0.5472222222222223,-0.11043736580540306,0.06967884895506238,0.0
1980.0,0.55,-0.0746069661494563,0.2182443680531724,0.0
1990.0,0.5527777777777778,-0.037599970069291354,0.05840877679427852,0.0
2000.0,0.5555555555555556,-2.9391523179536476e-16,0.19902774158024616,0.0
2010.0,0.5583333333333333,0.037599970069291826,0.15985726555913066,0.0
2020.0,0.5611111111111111,0.07460696614945676,0.13681855274859006,0.0
2030.0,0.5638888888888889,0.1104373658054035,0.06635757449888763,0.0
2040.0,0.5666666666666667,0.1445261022305145,0.1125399687524373,0.0
2050.0,0.5694444444444444,0.1763355756877417,0.23339001477913401,0.0
2060.0,0.5722222222222222,0.20536413177860702,0.19231013176033265,0.0
2070.0,0.575,0.23115397283273698,0.31249409301843034,0.0
2080.0,0.5777777777777777,0.2532983776506046,0.42593633507445133,0.0
2090.0,0.5805555555555556,0.2714481157398058,0.18957724096702663,0.0
2100.0,0.5833333333333334,0.28531695488854597,0.2545394638994398,0.0
2110.0,0.5861111111111111,0.2946861752186067,0.10863000321278725,0.0
2120.0,0.5888888888888889,0.2994080185284815,0.26769212565291106,0.0
2130.0,0.5916666666666667,0.2994080185284815,0.25164502913043596,0.0
2140.0,0.5944444444444444,0.2946861752186066,0.08779217697347169,0.0
2150.0,0.5972222222222222,0.28531695488854614,0.19100704297001295,0.0
2160.0,0.6,0.27144811573980565,-0.06448111066019066,-0.0
2170.0,0.6027777777777777,0.25329837765060437,-0.15810364220297524,-0.0
2180.0,0.6055555555555555,0.2311539728327367,0.049504199547933836,0.0
2190.0,0.6083333333333333,0.20536413177860668,0.0020327006066687445,0.0
2200.0,0.6111111111111112,0.1763355756877422,0.1895707869925226,0.0
2210.0,0.6138888888888889,0.1445261022305141,0.14185158727361374,0.0
2220.0,0.6166666666666667,0.11043736580540309,0.1088690146275009,0.0
2230.0,0.6194444444444445,0.07460696614945633,0.13064488019384815,0.0
2240.0,0.6222222222222222,0.03759997006929138,0.03544069931432673,0.0
2250.0,0.625,3.3065463576978537e-16,0.2536641541447641,0.0
2260.0,0.6277777777777778,-0.03759997006929179,0.23542219438798537,0.0
2270.0,0.6305555555555555,-0.07460696614945672,0.17332714753088987,0.0
2280.0,0.6333333333333333,-0.11043736580540348,0.20460571758187127,0.0
2290.0,0.6361111111111111,-0.14452610223051449,0.14453646375191007,0.0
2300.0,0.6388888888888888,-0.17633557568774166,-0.0007262644142723707,-0.0
2310.0,0.6416666666666667,-0.205364131778607,0.03963140236478759,0.0
2320.0,0.6444444444444445,-0.23115397283273698,0.01238807029573024,0.0
2330.0,0.6472222222222223,-0.25329837765060453,0.02377717193266498,0.0
2340.0,0.65,-0.2714481157398058,-0.14303419510622234,-0.0
2350.0,0.6527777777777778,-0.2853169548885463,-0.1748949290938533,-0.0
2360.0,0.6555555555555556,-0.2946861752186067,-0.17127334597671087,-0.0
2370.0,0.6583333333333333,-0.2994080185284815,-0.22137308221075205,-0.0
2380.0,0.6611111111111111,-0.2994080185284815,-0.17369977906586895,-0.0
2390.0,0.6638888888888889,-0.2946861752186066,-0.09888884251355963,-0.0
2400.0,0.6666666666666666,-0.28531695488854586,-0.2952737573910611,-0.0
2410.0,0.6694444444444444,-0.27144811573980565,-0.28574707849170794,-0.0
2420.0,0.6722222222222223,-0.25329837765060437,-0.22073323553609858,-0.0
2430.0,0.675,-0.2311539728327367,-0.24563472055815813,-0.0
2440.0,0.6777777777777778,-0.2053641317786067,-0.13110537290576355,-0.0
2450.0,0.6805555555555556,-0.17633557568774136,-0.21989781329803085,-0.0
2460.0,0.6833333333333333,-0.14452610223051415,-0.07676698198872782,-0.0
2470.0,0.6861111111111111,-0.11043736580540313,-0.12199063986775863,-0.0
2480.0,0.6888888888888889,-0.07460696614945637,-0.07025584587955255,-0.0
2490.0,0.6916666666666667,-0.03759997006929142,0.016271212722028115,0.0
2500.0,0.6944444444444444,6.984200638959443e-16,0.13986186229945627,0.0
2510.0,0.6972222222222222,0.03759997006929175,0.1818094601247462,0.0
2520.0,0.7,0.0746069661494567,0.35147927075367846,0.0
2530.0,0.7027777777777777,0.11043736580540343,0.3387315871231443,0.0
2540.0,0.7055555555555556,0.14452610223051443,0.4251696280172926,0.0
2550.0,0.7083333333333334,0.1763355756877425,0.36163822897203374,0.0
2560.0,0.7111111111111111,0.20536413177860693,0.5863147744174638,1.0
2570.0,0.7138888888888889,0.23115397283273692,0.521143046809825,1.0
2580.0,0.7166666666666667,0.25329837765060453,0.6728621887236805,1.0
2590.0,0.7194444444444444,0.27144811573980576,0.6726454975119929,1.0
2600.0,0.7222222222222222,0.28531695488854597,0.6068999494452597,1.0
2610.0,0.725,0.29468617521860646,0.65663904588032,1.0
2620.0,0.7277777777777777,0.29940801852848137,0.5893829968055395,1.0
2630.0,0.7305555555555555,0.29940801852848137,0.4910814921388982,0.0
2640.0,0.7333333333333333,0.29468617521860646,0.5231280209713616,1.0
2650.0,0.7361111111111112,0.28531695488854586,0.2690388002718453,0.0
2660.0,0.7388888888888889,0.27144811573980565,0.4956700360599123,0.0
2670.0,0.7416666666666667,0.25329837765060437,0.4128366989427446,0.0
2680.0,0.7444444444444445,0.23115397283273673,0.41848762153793684,0.0
2690.0,0.7472222222222222,0.20536413177860674,0.33201513991145654,0.0
2700.0,0.75,0.17633557568774227,0.06443272142829899,0.0
2710.0,0.7527777777777778,0.1445261022305151,0.04427120663983425,0.0
2720.0,0.7555555555555555,0.11043736580540416,0.16654897756759468,0.0
2730.0,0.7583333333333333,0.07460696614945538,-0.06947234452517681,-0.0
2740.0,0.7611111111111111,0.0375999700692904,-0.06836123463187754,-0.0
2750.0,0.7638888888888888,-6.616806599215236e-16,-0.30024029200110197,-0.0
2760.0,0.7666666666666667,-0.037599970069291715,-0.48750151885802345,-0.0
2770.0,0.7694444444444445,-0.07460696614945667,-0.7105388584405017,-1.0
2780.0,0.7722222222222223,-0.1104373658054034,-0.6472322826912738,-1.0
2790.0,0.775,-0.1445261022305144,-0.4851358258116501,-0.0
2800.0,0.7777777777777778,-0.1763355756877416,-0.4873193741767379,-0.0
2810.0,0.7805555555555556,-0.20536413177860616,-0.4194140666497915,-0.0
2820.0,0.7833333333333333,-0.23115397283273756,-0.4093709841109463,-0.0
2830.0,0.7861111111111111,-0.2532983776506051,-0.36935616981938624,-0.0
2840.0,0.7888888888888889,-0.2714481157398062,-0.4489177475999903,-0.0
2850.0,0.7916666666666666,-0.28531695488854625,-0.33134141142028645,-0.0
2860.0,0.7944444444444444,-0.2946861752186067,-0.13012648850373826,-0.0
2870.0,0.7972222222222223,-0.2994080185284815,-0.08051535994971856,-0.0
2880.0,0.8,-0.2994080185284815,-0.11063495754997761,-0.0
2890.0,0.8027777777777778,-0.2946861752186066,-0.06369732131569988,-0.0
2900.0,0.8055555555555556,-0.2853169548885462,-0.22787345003331508,-0.0
2910.0,0.8083333333333333,-0.27144811573980615,-0.09919561865899601,-0.0
2920.0,0.8111111111111111,-0.2532983776506038,-0.15267132777439407,-0.0
2930.0,0.8138888888888889,-0.2311539728327361,-0.015982957986242125,-0.0
2940.0,0.8166666666666667,-0.205364131778606,0.06684806109958524,0.0
2950.0,0.8194444444444444,-0.17633557568774144,-0.021666866922906727,-0.0
2960.0,0.8222222222222222,-0.1445261022305142,-0.13676169106399572,-0.0
2970.0,0.825,-0.11043736580540318,-0.20275425427732607,-0.0
2980.0,0.8277777777777777,-0.07460696614945644,-0.3353418961487591,-0.0
2990.0,0.8305555555555556,-0.0375999700692915,-0.1316037402841205,-0.0
3000.0,0.8333333333333334,-4.408728476930471e-16,-0.12470616226914026,-0.0
3010.0,0.8361111111111111,0.03759997006929062,-0.0838402217568077,-0.0
3020.0,0.8388888888888889,0.07460696614945765,-0.1416888493444525,-0.0
3030.0,0.8416666666666667,0.11043736580540435,-0.2882691723701513,-0.0
3040.0,0.8444444444444444,0.14452610223051532,-0.15579359902990927,-0.0
3050.0,0.8472222222222222,0.17633557568774244,0.005109752530968903,0.0
3060.0,0.85,0.20536413177860688,0.048397275126167844,0.0
3070.0,0.8527777777777777,0.2311539728327369,0.2968618922390488,0.0
3080.0,0.8555555555555555,0.25329837765060453,0.25894175667551206,0.0
3090.0,0.8583333333333333,0.2714481157398057,0.2514217051846733,0.0
3100.0,0.8611111111111112,0.2853169548885459,0.34863657035633466,0.0
3110.0,0.8638888888888889,0.29468617521860646,0.44434870726396125,0.0
3120.0,0.8666666666666667,0.29940801852848153,0.6357896571977243,1.0
3130.0,0.8694444444444445,0.29940801852848137,0.616155065530346,1.0
3140.0,0.8722222222222222,0.29468617521860646,0.5206954342149339,1.0
3150.0,0.875,0.28531695488854586,0.49100981417711026,0.0
3160.0,0.8777777777777778,0.2714481157398057,0.4911934392168328,0.0
3170.0,0.8805555555555555,0.2532983776506044,0.34221029072690456,0.0
3180.0,0.8833333333333333,0.23115397283273675,0.3004673451928922,0.0
3190.0,0.8861111111111111,0.20536413177860677,0.21469984204871884,0.0
3200.0,0.8888888888888888,0.17633557568774233,0.17403745403213713,0.0
3210.0,0.8916666666666667,0.14452610223051518,0.03398513146919038,0.0
3220.0,0.8944444444444445,0.11043736580540224,-0.06468577442689954,-0.0
3230.0,0.8972222222222223,0.07460696614945544,-0.10959132476389566,-0.0
3240.0,0.9,0.03759997006929048,-0.04090435525359474,-0.0
3250.0,0.9027777777777778,-5.882018519726825e-16,-0.0429775177834227,-0.0
3260.0,0.9055555555555556,-0.037599970069291645,0.04317473931345994,0.0
3270.0,0.9083333333333333,-0.07460696614945658,0.061025704587922606,0.0
3280.0,0.9111111111111111,-0.11043736580540334,-0.04061080653669588,-0.0
3290.0,0.9138888888888889,-0.14452610223051435,-0.13132469234417363,-0.0
3300.0,0.9166666666666666,-0.17633557568774152,-0.11040384954565398,-0.0
3310.0,0.9194444444444444,-0.20536413177860607,-0.20839065352055594,-0.0
3320.0,0.9222222222222223,-0.23115397283273753,-0.2559618131899858,-0.0
3330.0,0.925,-0.25329837765060503,-0.2568156905766303,-0.0
3340.0,0.9277777777777778,-0.2714481157398062,-0.3800497929739103,-0.0
3350.0,0.9305555555555556,-0.28531695488854625,-0.3030620425697134,-0.0
3360.0,0.9333333333333333,-0.2946861752186067,-0.4163533216433222,-0.0
3370.0,0.9361111111111111,-0.2994080185284815,-0.40418805624611126,-0.0
3380.0,0.9388888888888889,-0.2994080185284815,-0.30564492247055824,-0.0
3390.0,0.9416666666666667,-0.2946861752186066,-0.31012700439536633,-0.0
3400.0,0.9444444444444444,-0.2853169548885462,-0.3006992642275017,-0.0
3410.0,0.9472222222222222,-0.27144811573980615,-0.31999756431178983,-0.0
3420.0,0.95,-0.25329837765060387,-0.3863574417725487,-0.0
3430.0,0.9527777777777777,-0.23115397283273614,-0.3576021593461188,-0.0
3440.0,0.9555555555555556,-0.20536413177860605,-0.4879289297386792,-0.0
3450.0,0.9583333333333334,-0.17633557568774147,-0.35704914150986866,-0.0
3460.0,0.9611111111111111,-0.14452610223051426,-0.37091399314309687,-0.0
3470.0,0.9638888888888889,-0.11043736580540327,-0.4014364789198847,-0.0
3480.0,0.9666666666666667,-0.07460696614945651,-0.4234222297287289,-0.0
3490.0,0.9694444444444444,-0.03759997006929157,-0.2174312805370006,-0.0
3500.0,0.9722222222222222,-5.143516556418883e-16,-0.21906238251881335,-0.0
3510.0,0.975,0.03759997006929055,-0.14249568125351306,-0.0
3520.0,0.9777777777777777,0.07460696614945758,-0.08755709467226779,-0.0
3530.0,0.9805555555555555,0.1104373658054043,-0.04283619099639436,-0.0
3540.0,0.9833333333333333,0.14452610223051524,0.06367529536841571,0.0
3550.0,0.9861111111111112,0.17633557568774236,0.05593108819657713,0.0
3560.0,0.9888888888888889,0.20536413177860685,0.1447703098216824,0.0
3570.0,0.9916666666666667,0.23115397283273684,0.16631657255349408,0.0
3580.0,0.9944444444444445,0.2532983776506044,0.05110241902535796,0.0
3590.0,0.9972222222222222,0.2714481157398057,0.2296080428208859,0.0
3600.0,1.0,0.28531695488854586,0.2182003551036376,0.0
3610.0,1.0027777777777778,0.29468617521860646,0.21179715915580463,0.0
3620.0,1.0055555555555555,0.29940801852848153,0.24009917170730016,0.0
3630.0,1.0083333333333333,0.29940801852848137,0.09699203514598881,0.0
3640.0,1.011111111111111,0.29468617521860646,0.0016367118961979868,0.0
3650.0,1.0138888888888888,0.28531695488854586,-0.10542041931475536,-0.0
3660.0,1.0166666666666666,0.2714481157398057,-0.0717520513155912,-0.0
3670.0,1.0194444444444444,0.2532983776506044,-0.08415208286037948,-0.0
3680.0,1.0222222222222221,0.23115397283273684,-0.10756931312308773,-0.0
3690.0,1.025,0.20536413177860685,-0.11911248180478291,-0.0
3700.0,1.0277777777777777,0.17633557568774236,-0.045494873312231565,-0.0
3710.0,1.0305555555555554,0.14452610223051524,0.0016044502325325036,0.0
3720.0,1.0333333333333334,0.11043736580540231,0.09030341048701389,0.0
3730.0,1.0361111111111112,0.07460696614945551,0.29806354722609235,0.0
3740.0,1.038888888888889,0.03759997006929055,0.30071733450403165,0.0
3750.0,1.0416666666666667,-5.147230440238413e-16,0.22715766641037552,0.0
3760.0,1.0444444444444445,-0.03759997006929157,0.1971958522787338,0.0
3770.0,1.0472222222222223,-0.07460696614945651,0.16456912678367294,0.0
3780.0,1.05,-0.11043736580540327,0.15887882881029497,0.0
3790.0,1.0527777777777778,-0.14452610223051426,-0.096872342495735,-0.0
3800.0,1.0555555555555556,-0.17633557568774147,-0.30274137724727235,-0.0
3810.0,1.0583333333333333,-0.20536413177860757,-0.40489750952217585,-0.0
3820.0,1.0611111111111111,-0.2311539728327375,-0.41623143879531016,-0.0
3830.0,1.0638888888888889,-0.25329837765060503,-0.48723332971229005,-0.0
3840.0,1.0666666666666667,-0.27144811573980615,-0.406557451054901,-0.0
3850.0,1.0694444444444444,-0.2853169548885462,-0.38873773146519647,-0.0
3860.0,1.0722222222222222,-0.2946861752186066,-0.40623247995664324,-0.0
3870.0,1.075,-0.2994080185284815,-0.4696912522232391,-0.0
3880.0,1.0777777777777777,-0.2994080185284815,-0.24508886094856003,-0.0
3890.0,1.0805555555555555,-0.2946861752186067,-0.10481768921635307,-0.0
3900.0,1.0833333333333333,-0.28531695488854625,-0.024044958163312605,-0.0
3910.0,1.086111111111111,-0.27144811573980526,-0.11188925122324594,-0.0
3920.0,1.0888888888888888,-0.2532983776506039,-0.13279777802530687,-0.0
3930.0,1.0916666666666666,-0.23115397283273617,-0.23031406930891268,-0.0
3940.0,1.0944444444444446,-0.20536413177860607,-0.07053991633417955,-0.0
3950.0,1.0972222222222223,-0.17633557568774152,0.012189897140256077,0.0
3960.0,1.1,-0.14452610223051435,0.044986166264204624,0.0
3970.0,1.1027777777777779,-0.11043736580540334,0.009759466015019733,0.0
3980.0,1.1055555555555556,-0.07460696614945658,-0.00957935882844192,-0.0
3990.0,1.1083333333333334,-0.037599970069291645,0.04178184365396078,0.0
4000.0,1.1111111111111112,-5.878304635907295e-16,0.0892581412288323,0.0
4010.0,1.113888888888889,0.03759997006929259,0.18356407539580002,0.0
4020.0,1.1166666666666667,0.07460696614945751,0.27982072766831523,0.0
4030.0,1.1194444444444445,0.11043736580540423,0.20485952593461776,0.0
4040.0,1.1222222222222222,0.14452610223051518,0.07144312454107686,0.0
4050.0,1.125,0.17633557568774233,0.19982992448576622,0.0
4060.0,1.1277777777777778,0.20536413177860677,0.0703301702399894,0.0
4070.0,1.1305555555555555,0.23115397283273675,0.13494871143064469,0.0
4080.0,1.1333333333333333,0.2532983776506044,0.2241175325373938,0.0
4090.0,1.136111111111111,0.2714481157398057,0.23678331322448148,0.0
4100.0,1.1388888888888888,0.28531695488854586,0.2773761787927599,0.0
4110.0,1.1416666666666666,0.29468617521860685,0.3301702296819024,0.0
4120.0,1.1444444444444444,0.29940801852848153,0.3344970673491112,0.0
4130.0,1.1472222222222221,0.29940801852848137,0.3983526438574302,0.0
4140.0,1.15,0.29468617521860646,0.25231574868572065,0.0
4150.0,1.1527777777777777,0.2853169548885459,0.3246724536927623,0.0
4160.0,1.1555555555555554,0.2714481157398057,0.3466154406504992,0.0
4170.0,1.1583333333333334,0.25329837765060453,0.16536126245539956,0.0
4180.0,1.1611111111111112,0.2311539728327369,0.12106928440269188,0.0
4190.0,1.163888888888889,0.20536413177860688,0.19333349490584437,0.0
4200.0,1.1666666666666667,0.17633557568774244,0.07260304131545131,0.0
4210.0,1.1694444444444445,0.14452610223051343,-0.01755812995299409,-0.0
4220.0,1.1722222222222223,0.11043736580540238,-0.029291794820597492,-0.0
4230.0,1.175,0.07460696614945558,-0.023495874447567875,-0.0
4240.0,1.1777777777777778,0.03759997006929062,-0.04254514689134212,-0.0
4250.0,1.1805555555555556,-4.412442360750001e-16,-0.13245132725345743,-0.0
4260.0,1.1833333333333333,-0.0375999700692915,-0.004522765771872828,-0.0
4270.0,1.1861111111111111,-0.07460696614945644,-0.039862261959068744,-0.0
4280.0,1.1888888888888889,-0.11043736580540318,-0.14637337034728834,-0.0
4290.0,1.1916666666666667,-0.1445261022305142,-0.11546281298431434,-0.0
4300.0,1.1944444444444444,-0.17633557568774144,-0.13734365365921727,-0.0
4310.0,1.1972222222222222,-0.20536413177860754,-0.2517032926658963,-0.0
4320.0,1.2,-0.23115397283273742,-0.2135247842415154,-0.0
4330.0,1.2027777777777777,-0.253298377650605,-0.2429001576262707,-0.0
4340.0,1.2055555555555555,-0.27144811573980615,-0.18628617202741787,-0.0
4350.0,1.2083333333333333,-0.2853169548885462,-0.3375330129717069,-0.0
4360.0,1.211111111111111,-0.2946861752186066,-0.2581031375105574,-0.0
4370.0,1.2138888888888888,-0.2994080185284815,-0.3531246937731558,-0.0
4380.0,1.2166666666666666,-0.2994080185284815,-0.3139753679885399,-0.0
4390.0,1.2194444444444446,-0.2946861752186067,-0.371579787262882,-0.0
4400.0,1.2222222222222223,-0.28531695488854625,-0.21163464765592882,-0.0
4410.0,1.225,-0.2714481157398053,-0.23919046566525226,-0.0
4420.0,1.2277777777777779,-0.2532983776506039,-0.1772710113016013,-0.0
4430.0,1.2305555555555556,-0.23115397283273623,-0.25754164509114297,-0.0
4440.0,1.2333333333333334,-0.20536413177860616,-0.1567845525223278,-0.0
4450.0,1.2361111111111112,-0.1763355756877416,-0.16347021838781417,-0.0
4460.0,1.238888888888889,-0.1445261022305144,-0.025244928945793204,-0.0
4470.0,1.2416666666666667,-0.1104373658054034,-0.026873236547256457,-0.0
4480.0,1.2444444444444445,-0.07460696614945667,0.14560401658407535,0.0
4490.0,1.2472222222222222,-0.037599970069291715,0.1195530490716211,0.0
4500.0,1.25,-6.613092715395707e-16,0.2463756364564473,0.0
4510.0,1.2527777777777778,0.03759997006929252,0.2378751943262004,0.0
4520.0,1.2555555555555555,0.07460696614945744,0.35511482356593216,0.0
4530.0,1.2583333333333333,0.11043736580540416,0.48281485917022277,0.0
4540.0,1.261111111111111,0.1445261022305151,0.3696630758370229,0.0
4550.0,1.2638888888888888,0.17633557568774227,0.48360800785897123,0.0
4560.0,1.2666666666666666,0.20536413177860674,0.5354504455132157,1.0
4570.0,1.2694444444444444,0.23115397283273673,0.49597797387604686,0.0
4580.0,1.2722222222222221,0.25329837765060437,0.6012799829775393,1.0
4590.0,1.275,0.27144811573980565,0.6207172631232604,1.0
4600.0,1.2777777777777777,0.28531695488854586,0.5952066593546703,1.0
4610.0,1.2805555555555554,0.29468617521860685,0.5182006308066491,1.0
4620.0,1.2833333333333334,0.29940801852848153,0.35720218817044097,0.0
4630.0,1.2861111111111112,0.29940801852848137,0.5276096426773855,1.0
4640.0,1.288888888888889,0.29468617521860646,0.4237332818476769,0.0
4650.0,1.2916666666666667,0.28531695488854597,0.4867595307195198,0.0
4660.0,1.2944444444444445,0.27144811573980576,0.5242202679405844,1.0
4670.0,1.2972222222222223,0.25329837765060453,0.31002172524734994,0.0
4680.0,1.3,0.23115397283273692,0.25353189258483666,0.0
4690.0,1.3027777777777778,0.20536413177860693,0.17474650057800697,0.0
4700.0,1.3055555555555556,0.17633557568774078,0.17609629615970673,0.0
4710.0,1.3083333333333333,0.14452610223051351,0.1441005032165953,0.0
4720.0,1.3111111111111111,0.11043736580540243,0.15777652342772105,0.0
4730.0,1.3138888888888889,0.07460696614945567,0.1841801565658833,0.0
4740.0,1.3166666666666667,0.037599970069290695,0.08262043910087889,0.0
4750.0,1.3194444444444444,-3.67765428126159e-16,0.0653183898113782,0.0
4760.0,1.3222222222222222,-0.03759997006929142,0.17995181437397922,0.0
4770.0,1.325,-0.07460696614945637,0.003860821047761186,0.0
4780.0,1.3277777777777777,-0.11043736580540313,0.007377345375555295,0.0
4790.0,1.3305555555555555,-0.14452610223051415,-0.03565139396952274,-0.0
4800.0,1.3333333333333333,-0.1763355756877431,0.023035454245664912,0.0
4810.0,1.336111111111111,-0.2053641317786075,0.011409103884175986,0.0
4820.0,1.3388888888888888,-0.2311539728327374,-0.06408874248456782,-0.0
4830.0,1.3416666666666666,-0.2532983776506049,-0.1478986480342822,-0.0
4840.0,1.3444444444444446,-0.2714481157398061,-0.08103422857338537,-0.0
4850.0,1.3472222222222223,-0.2853169548885462,-0.15631815913258615,-0.0
4860.0,1.35,-0.2946861752186066,-0.0940548955028489,-0.0
4870.0,1.3527777777777779,-0.2994080185284815,-0.2043054832410967,-0.0
4880.0,1.3555555555555556,-0.2994080185284815,-0.24846670523497316,-0.0
4890.0,1.3583333333333334,-0.2946861752186067,-0.3994047217581339,-0.0
4900.0,1.3611111111111112,-0.28531695488854564,-0.5144475468950429,-1.0
4910.0,1.363888888888889,-0.2714481157398053,-0.6397856411566798,-1.0
4920.0,1.3666666666666667,-0.253298377650604,-0.6055574445745231,-1.0
4930.0,1.3694444444444445,-0.23115397283273625,-0.6803653360433463,-1.0
4940.0,1.3722222222222222,-0.20536413177860618,-0.5593827871733589,-1.0
4950.0,1.375,-0.17633557568774166,-0.6090498959541207,-1.0
4960.0,1.3777777777777778,-0.14452610223051449,-0.3642973554697935,-0.0
4970.0,1.3805555555555555,-0.11043736580540348,-0.2934782441591287,-0.0
4980.0,1.3833333333333333,-0.07460696614945672,-0.22119519808458088,-0.0
4990.0,1.386111111111111,-0.03759997006929179,-0.05897485329956314,-0.0
5000.0,1.3888888888888888,1.3968401277918886e-15,0.1411655449028273,0.0
5010.0,1.3916666666666666,0.03759997006929244,0.11425980495818308,0.0
5020.0,1.3944444444444444,0.07460696614945737,0.05221215811665212,0.0
5030.0,1.3972222222222221,0.11043736580540409,0.06356119928569114,0.0
5040.0,1.4,0.14452610223051507,0.1822492014706675,0.0
5050.0,1.4027777777777777,0.1763355756877422,0.17236028544504203,0.0
5060.0,1.4055555555555554,0.20536413177860668,0.17560465646416282,0.0
5070.0,1.4083333333333334,0.2311539728327367,0.3510140141411405,0.0
5080.0,1.4111111111111112,0.25329837765060437,0.3667967309145704,0.0
5090.0,1.413888888888889,0.27144811573980565,0.23751002019397896,0.0
5100.0,1.4166666666666667,0.28531695488854647,0.440179227506732,0.0
5110.0,1.4194444444444445,0.2946861752186064,0.5480816900208735,1.0
5120.0,1.4222222222222223,0.29940801852848153,0.45780959958868006,0.0
5130.0,1.425,0.29940801852848153,0.5505376428724826,1.0
5140.0,1.4277777777777778,0.2946861752186065,0.5042627752501505,1.0
5150.0,1.4305555555555556,0.2853169548885453,0.4344186787931585,0.0
5160.0,1.4333333333333333,0.2714481157398058,0.36368019844008886,0.0
5170.0,1.4361111111111111,0.2532983776506034,0.2847483437146419,0.0
5180.0,1.4388888888888889,0.23115397283273698,0.3982925509786576,0.0
5190.0,1.4416666666666667,0.20536413177860544,0.3120590650837637,0.0
5200.0,1.4444444444444444,0.17633557568774252,0.32851884605197385,0.0
5210.0,1.4472222222222222,0.14452610223051357,0.30734070381046263,0.0
5220.0,1.45,0.11043736580540449,0.18360635648528867,0.0
5230.0,1.4527777777777777,0.07460696614945574,0.09127506131636544,0.0
5240.0,1.4555555555555555,0.03759997006929288,0.2439516084355479,0.0
5250.0,1.4583333333333333,-2.9428662017731775e-16,0.1710604733568853,0.0
5260.0,1.461111111111111,-0.03759997006929346,0.1637489357143881,0.0
5270.0,1.4638888888888888,-0.0746069661494563,0.10386365776077217,0.0
5280.0,1.4666666666666666,-0.11043736580540504,0.09791061532813898,0.0
5290.0,1.4694444444444446,-0.14452610223051407,0.028374827632321034,0.0
5300.0,1.4722222222222223,-0.17633557568774302,-0.019573216101313358,-0.0
5310.0,1.475,-0.20536413177860588,-0.061169778794126946,-0.0
5320.0,1.4777777777777779,-0.23115397283273736,-0.03400717515749607,-0.0
5330.0,1.4805555555555556,-0.25329837765060376,-0.21785095799064888,-0.0
5340.0,1.4833333333333334,-0.27144811573980604,-0.2866829112638789,-0.0
5350.0,1.4861111111111112,-0.2853169548885468,-0.3589785487737148,-0.0
5360.0,1.488888888888889,-0.2946861752186066,-0.3635405112432519,-0.0
5370.0,1.4916666666666667,-0.2994080185284816,-0.4968433249400596,-0.0
5380.0,1.4944444444444445,-0.2994080185284815,-0.46627782099246967,-0.0
5390.0,1.4972222222222222,-0.2946861752186063,-0.43047502014119526,-0.0
5400.0,1.5,-0.2853169548885463,-0.29569963884971734,-0.0
5410.0,1.5027777777777778,-0.2714481157398054,-0.14669959890839251,-0.0
5420.0,1.5055555555555555,-0.2532983776506052,0.011387146460713878,0.0
5430.0,1.5083333333333333,-0.23115397283273634,0.01936466012833772,0.0
5440.0,1.511111111111111,-0.20536413177860782,-0.04180903675842577,-0.0
5450.0,1.5138888888888888,-0.17633557568774175,-0.05087543186115383,-0.0
5460.0,1.5166666666666666,-0.14452610223051265,0.05082690489206976,0.0
5470.0,1.5194444444444444,-0.11043736580540355,0.02741828482191448,0.0
5480.0,1.5222222222222221,-0.07460696614945474,0.09385317508802755,0.0
5490.0,1.525,-0.03759997006929186,0.05884349866034814,0.0
5500.0,1.5277777777777777,1.3233613198430473e-15,-0.002550835519187062,-0.0
5510.0,1.5305555555555554,0.03759997006929026,-0.12321820858869634,-0.0
5520.0,1.5333333333333334,0.0746069661494573,-0.03363112949546421,-0.0
5530.0,1.5361111111111112,0.11043736580540205,0.038440996808090405,0.0
5540.0,1.538888888888889,0.14452610223051499,0.04732158315722126,0.0
5550.0,1.5416666666666667,0.17633557568774386,0.0978401331638474,0.0
5560.0,1.5444444444444445,0.2053641317786066,0.08459215655115306,0.0
5570.0,1.5472222222222223,0.231153972832738,0.013933746678393323,0.0
5580.0,1.55,0.2532983776506043,-0.0035079769064925836,-0.0
5590.0,1.5527777777777778,0.2714481157398065,0.006744874671320887,0.0
5600.0,1.5555555555555556,0.2853169548885458,0.1006808234992315,0.0
5610.0,1.5583333333333333,0.2946861752186068,0.1113408116210064,0.0
5620.0,1.5611111111111111,0.29940801852848137,0.27413274450632485,0.0
5630.0,1.5638888888888889,0.2994080185284814,0.3223202232993096,0.0
5640.0,1.5666666666666667,0.29468617521860613,0.2448954828909261,0.0
5650.0,1.5694444444444444,0.28531695488854597,0.3541579601357166,0.0
5660.0,1.5722222222222222,0.27144811573980493,0.3685261965423208,0.0
5670.0,1.575,0.2532983776506046,0.4677813373454451,0.0
5680.0,1.5777777777777777,0.23115397283273567,0.42218977208131825,0.0
5690.0,1.5805555555555555,0.20536413177860705,0.3553546869283738,0.0
5700.0,1.5833333333333333,0.17633557568774091,0.29403860409989524,0.0
5710.0,1.586111111111111,0.1445261022305155,0.11067479015832377,0.0
5720.0,1.5888888888888888,0.11043736580540257,0.1363684404931439,0.0
5730.0,1.5916666666666666,0.07460696614945787,0.09443110021876756,0.0
5740.0,1.5944444444444446,0.03759997006929084,-0.008654511267068201,-0.0
5750.0,1.5972222222222223,-2.3524360195087774e-15,0.010058739664643816,0.0
5760.0,1.6,-0.03759997006929128,-0.07721184501149324,-0.0
5770.0,1.6027777777777779,-0.07460696614945829,-0.07578995580211906,-0.0
5780.0,1.6055555555555556,-0.11043736580540299,-0.08734053394174178,-0.0
5790.0,1.6083333333333334,-0.1445261022305159,-0.020010151407980584,-0.0
5800.0,1.6111111111111112,-0.17633557568774125,-0.03940109304156996,-0.0
5810.0,1.613888888888889,-0.20536413177860738,-0.12234867860302903,-0.0
5820.0,1.6166666666666667,-0.23115397283273592,-0.16299043147499723,-0.0
5830.0,1.6194444444444445,-0.25329837765060487,-0.16579615667369266,-0.0
5840.0,1.6222222222222222,-0.27144811573980693,-0.0840326524577182,-0.0
5850.0,1.625,-0.28531695488854614,-0.1345413614845981,-0.0
5860.0,1.6277777777777778,-0.294686175218607,-0.3623262973052749,-0.0
5870.0,1.6305555555555555,-0.2994080185284815,-0.2651657275342536,-0.0
5880.0,1.6333333333333333,-0.29940801852848137,-0.33531715114499294,-0.0
5890.0,1.636111111111111,-0.2946861752186067,-0.11135541453082826,-0.0
5900.0,1.6388888888888888,-0.2853169548885457,-0.23682917606294535,-0.0
5910.0,1.6416666666666666,-0.2714481157398063,-0.1216664568512365,-0.0
5920.0,1.6444444444444444,-0.2532983776506041,-0.15850513678073466,-0.0
5930.0,1.6472222222222221,-0.23115397283273773,-0.12642278667777168,-0.0
5940.0,1.65,-0.20536413177860632,-0.09610490769129469,-0.0
5950.0,1.6527777777777777,-0.17633557568774008,0.09938935156587286,0.0
5960.0,1.6555555555555554,-0.1445261022305146,0.039003816773909884,0.0
5970.0,1.6583333333333334,-0.11043736580540163,0.21600496243567213,0.0
5980.0,1.6611111111111112,-0.07460696614945687,0.10851724435047203,0.0
5990.0,1.663888888888889,-0.03759997006928982,0.25968919900449666,0.0
6000.0,1.6666666666666667,-8.817456953860942e-16,0.26448058498357574,0.0
6010.0,1.6694444444444445,0.0375999700692923,0.2994432860361823,0.0
6020.0,1.6722222222222223,0.07460696614945517,0.15888521602754888,0.0
6030.0,1.675,0.11043736580540396,0.1437532246168709,0.0
6040.0,1.6777777777777778,0.1445261022305168,0.12096229113310736,0.0
6050.0,1.6805555555555556,0.17633557568774208,0.17230959670606152,0.0
6060.0,1.6833333333333333,0.2053641317786081,0.13212697350236852,0.0
6070.0,1.6861111111111111,0.2311539728327366,0.0786586785817744,0.0
6080.0,1.6888888888888889,0.2532983776506054,0.25943213447531505,0.0
6090.0,1.6916666666666667,0.27144811573980554,0.36763279883973526,0.0
6100.0,1.6944444444444444,0.28531695488854647,0.3749471553332499,0.0
6110.0,1.6972222222222222,0.29468617521860635,0.4336840137561306,0.0
6120.0,1.7,0.29940801852848153,0.4765476109183581,0.0
6130.0,1.7027777777777777,0.29940801852848153,0.635110391172798,1.0
6140.0,1.7055555555555555,0.2946861752186065,0.4807622866390831,0.0
6150.0,1.7083333333333333,0.28531695488854536,0.4404773218848159,0.0
6160.0,1.711111111111111,0.2714481157398059,0.4699431626406942,0.0
6170.0,1.7138888888888888,0.25329837765060353,0.20502777705380754,0.0
6180.0,1.7166666666666666,0.23115397283273706,0.08329614480149089,0.0
6190.0,1.7194444444444446,0.20536413177860555,0.14650301768732613,0.0
6200.0,1.7222222222222223,0.17633557568774266,0.20607495817431654,0.0
6210.0,1.725,0.14452610223051368,0.23583744246976077,0.0
6220.0,1.7277777777777779,0.11043736580540464,0.00626093847551459,0.0
6230.0,1.7305555555555556,0.07460696614945588,0.02094869482658373,0.0
6240.0,1.7333333333333334,0.03759997006928879,-0.0695348194239544,-0.0
6250.0,1.7361111111111112,-1.473290042796354e-16,0.022854600856411653,0.0
6260.0,1.738888888888889,-0.037599970069293324,0.06967825534321079,0.0
6270.0,1.7416666666666667,-0.07460696614945617,0.007843511543035135,0.0
6280.0,1.7444444444444445,-0.1104373658054049,-0.06629334530934852,-0.0
6290.0,1.7472222222222222,-0.14452610223051396,-0.3423262849433973,-0.0
6300.0,1.75,-0.1763355756877429,-0.5433573704037049,-1.0
6310.0,1.7527777777777778,-0.20536413177860577,-0.42199425893061754,-0.0
6320.0,1.7555555555555555,-0.23115397283273725,-0.19583199232724247,-0.0
6330.0,1.7583333333333333,-0.2532983776506037,-0.20042600432326083,-0.0
6340.0,1.761111111111111,-0.271448115739806,-0.45444476552177016,-0.0
6350.0,1.7638888888888888,-0.28531695488854675,-0.34005341269546036,-0.0
6360.0,1.7666666666666666,-0.29468617521860657,-0.11318407540255634,-0.0
6370.0,1.7694444444444444,-0.29940801852848153,-0.14140728399959226,-0.0
6380.0,1.7722222222222221,-0.2994080185284815,-0.06900229788304799,-0.0
6390.0,1.775,-0.29468617521860635,0.0019724221370155145,0.0
6400.0,1.7777777777777777,-0.28531695488854636,0.05838310567878878,0.0
6410.0,1.7805555555555554,-0.27144811573980543,-0.19951888356145175,-0.0
6420.0,1.7833333333333334,-0.25329837765060526,-0.2595890142907591,-0.0
6430.0,1.7861111111111112,-0.2311539728327364,-0.1527568844584811,-0.0
6440.0,1.788888888888889,-0.20536413177860482,-0.40437095411539276,-0.0
6450.0,1.7916666666666667,-0.17633557568774183,-0.4314037894138446,-0.0
6460.0,1.7944444444444445,-0.1445261022305128,-0.4469129076624184,-0.0
6470.0,1.7972222222222223,-0.11043736580540367,-0.3802557880232346,-0.0
6480.0,1.8,-0.07460696614945488,-0.241151528971857,-0.0
6490.0,1.8027777777777778,-0.037599970069292006,-0.3460061380888649,-0.0
6500.0,1.8055555555555556,1.176403703945365e-15,-0.14627147030124937,-0.0
6510.0,1.8083333333333333,0.03759997006929011,0.023705701571005797,0.0
6520.0,1.8111111111111111,0.07460696614945717,0.1383647088610746,0.0
6530.0,1.8138888888888889,0.11043736580540585,0.4462985360286578,0.0
6540.0,1.8166666666666667,0.14452610223051485,0.33594899727685174,0.0
6550.0,1.8194444444444444,0.17633557568774375,0.3518405006986196,0.0
6560.0,1.8222222222222222,0.20536413177860652,0.4529523085455998,0.0
6570.0,1.825,0.2311539728327379,0.4321163013904844,0.0
6580.0,1.8277777777777777,0.2532983776506042,0.48810895964357404,0.0
6590.0,1.8305555555555555,0.27144811573980643,0.3217186742037377,0.0
6600.0,1.8333333333333333,0.28531695488854575,0.2387896193714391,0.0
6610.0,1.836111111111111,0.2946861752186068,0.15188129068806558,0.0
6620.0,1.8388888888888888,0.29940801852848137,0.04600585743647485,0.0
6630.0,1.8416666666666666,0.2994080185284814,-0.08983077485971341,-0.0
6640.0,1.8444444444444446,0.29468617521860613,-0.11250939302904753,-0.0
6650.0,1.8472222222222223,0.285316954888546,-0.07259988248884218,-0.0
6660.0,1.85,0.271448115739805,-0.08751206806800775,-0.0
6670.0,1.8527777777777779,0.2532983776506047,-0.02046535844855034,-0.0
6680.0,1.8555555555555556,0.23115397283273575,0.037047088615617105,0.0
6690.0,1.8583333333333334,0.20536413177860716,0.08419221454198206,0.0
6700.0,1.8611111111111112,0.176335575687741,0.1265737265795778,0.0
6710.0,1.863888888888889,0.14452610223051562,0.1048078162607397,0.0
6720.0,1.8666666666666667,0.11043736580540273,0.20938051077304298,0.0
6730.0,1.8694444444444445,0.07460696614945388,0.2530011022987188,0.0
6740.0,1.8722222222222222,0.037599970069290986,0.15014447401283304,0.0
6750.0,1.875,-2.2054784036110948e-15,-0.08800634667744527,-0.0
6760.0,1.8777777777777778,-0.03759997006929113,-0.26856770626297194,-0.0
6770.0,1.8805555555555555,-0.07460696614945815,-0.23473039990120695,-0.0
6780.0,1.8833333333333333,-0.11043736580540285,-0.14793864951653918,-0.0
6790.0,1.886111111111111,-0.14452610223051576,-0.2246968046848121,-0.0
6800.0,1.8888888888888888,-0.17633557568774114,-0.2582331312337777,-0.0
6810.0,1.8916666666666666,-0.20536413177860727,-0.3713243732509006,-0.0
6820.0,1.8944444444444444,-0.23115397283273584,-0.40967442497623796,-0.0
6830.0,1.8972222222222221,-0.25329837765060476,-0.5138087842050019,-1.0
6840.0,1.9,-0.2714481157398069,-0.43776420505782254,-0.0
6850.0,1.9027777777777777,-0.2853169548885461,-0.2933670933354809,-0.0
6860.0,1.9055555555555554,-0.29468617521860696,-0.23522401957986253,-0.0
6870.0,1.9083333333333334,-0.2994080185284814,-0.2989309889526618,-0.0
6880.0,1.9111111111111112,-0.29940801852848137,-0.32872864844350375,-0.0
6890.0,1.913888888888889,-0.29468617521860674,-0.3021197385812667,-0.0
6900.0,1.9166666666666667,-0.2853169548885457,-0.1825767306420967,-0.0
6910.0,1.9194444444444445,-0.2714481157398064,-0.07475070484481348,-0.0
6920.0,1.9222222222222223,-0.25329837765060415,-0.0772876111688098,-0.0
6930.0,1.925,-0.2311539728327351,0.09604271337211788,0.0
6940.0,1.9277777777777778,-0.2053641317786064,0.061441788777186174,0.0
6950.0,1.9305555555555556,-0.17633557568774016,0.004996392357519345,0.0
6960.0,1.9333333333333333,-0.14452610223051474,-0.07583434954984342,-0.0
6970.0,1.9361111111111111,-0.11043736580540175,0.138482533470231,0.0
6980.0,1.9388888888888889,-0.07460696614945701,0.06131766651721858,0.0
6990.0,1.9416666666666667,-0.037599970069289966,0.006795542460632341,0.0
7000.0,1.9444444444444444,-1.0287033112837766e-15,-0.12411834889837253,-0.0
7010.0,1.9472222222222222,0.03759997006929215,0.19053805857418737,0.0
7020.0,1.95,0.07460696614945501,0.07062070612865329,0.0
7030.0,1.9527777777777777,0.11043736580540381,0.27934382019130416,0.0
7040.0,1.9555555555555555,0.14452610223051665,0.2678114765151341,0.0
7050.0,1.9583333333333333,0.17633557568774197,0.2724031577321886,0.0
7060.0,1.961111111111111,0.20536413177860802,0.1600268366381754,0.0
7070.0,1.9638888888888888,0.2311539728327365,0.2259958618888083,0.0
7080.0,1.9666666666666666,0.25329837765060537,0.2537461474285618,0.0
7090.0,1.9694444444444446,0.2714481157398055,0.3212794973463463,0.0
7100.0,1.9722222222222223,0.28531695488854636,0.1742007512190472,0.0
7110.0,1.975,0.29468617521860635,0.3157636915751535,0.0
7120.0,1.9777777777777779,0.2994080185284815,0.14719624239592763,0.0
7130.0,1.9805555555555556,0.2994080185284813,0.09041539914130134,0.0
7140.0,1.9833333333333334,0.2946861752186065,0.05986647436356655,0.0
7150.0,1.9861111111111112,0.28531695488854536,-0.027936324707487952,-0.0
7160.0,1.988888888888889,0.27144811573980593,-0.10568270209412622,-0.0
7170.0,1.9916666666666667,0.2532983776506036,-0.08983081587905745,-0.0
7180.0,1.9944444444444445,0.23115397283273717,-0.15890077931208896,-0.0
7190.0,1.9972222222222222,0.20536413177860566,-0.19282791389947906,-0.0
7200.0,2.0,0.1763355756877428,-0.253181005735295,-0.0
7210.0,2.0027777777777778,0.14452610223051382,-0.32135741126551026,-0.0
7220.0,2.0055555555555555,0.11043736580540477,-0.2918991697521086,-0.0
7230.0,2.0083333333333333,0.07460696614945601,-0.2948280187320672,-0.0
7240.0,2.011111111111111,0.037599970069288946,-0.2251453784509172,-0.0
7250.0,2.013888888888889,-3.713883819530146e-19,-0.09378273852036424,-0.0
7260.0,2.0166666666666666,-0.03759997006929317,-0.0841251523182037,-0.0
7270.0,2.0194444444444444,-0.07460696614945601,-0.031260343816824146,-0.0
7280.0,2.022222222222222,-0.11043736580540477,-0.10657428580557132,-0.0
7290.0,2.025,-0.14452610223051382,-0.14316738764420656,-0.0
7300.0,2.0277777777777777,-0.1763355756877428,-0.20969342267517485,-0.0
7310.0,2.0305555555555554,-0.20536413177860566,-0.17866732558877388,-0.0
7320.0,2.033333333333333,-0.23115397283273717,-0.13506706899883938,-0.0
7330.0,2.036111111111111,-0.25329837765060587,-0.09921299228514319,-0.0
7340.0,2.0388888888888888,-0.27144811573980593,-0.2966960776514245,-0.0
7350.0,2.0416666666666665,-0.2853169548885467,-0.42455970056552783,-0.0
7360.0,2.0444444444444443,-0.2946861752186065,-0.43696141845055947,-0.0
7370.0,2.047222222222222,-0.29940801852848153,-0.43170968588408765,-0.0
7380.0,2.05,-0.2994080185284815,-0.4229041566193774,-0.0
7390.0,2.0527777777777776,-0.29468617521860635,-0.32688425535997934,-0.0
7400.0,2.0555555555555554,-0.28531695488854636,-0.39853449626140924,-0.0
7410.0,2.058333333333333,-0.2714481157398055,-0.5359310961104877,-1.0
7420.0,2.061111111111111,-0.25329837765060537,-0.6806208644651482,-1.0
7430.0,2.063888888888889,-0.2311539728327365,-0.4907050329555502,-0.0
7440.0,2.066666666666667,-0.2053641317786049,-0.3291724410024874,-0.0
7450.0,2.0694444444444446,-0.17633557568774197,-0.40526847632845986,-0.0
7460.0,2.0722222222222224,-0.14452610223051293,-0.3014343179786556,-0.0
7470.0,2.075,-0.11043736580540381,-0.21611722395131291,-0.0
7480.0,2.077777777777778,-0.07460696614945501,-0.20138511670414808,-0.0
7490.0,2.0805555555555557,-0.03759997006929215,-0.09235843589881929,-0.0
7500.0,2.0833333333333335,1.0294460880476826e-15,0.08067508824047326,0.0
7510.0,2.0861111111111112,0.037599970069289966,0.12006972068426863,0.0
7520.0,2.088888888888889,0.07460696614945701,0.08264273080732264,0.0
7530.0,2.091666666666667,0.11043736580540572,0.0437244004531756,0.0
7540.0,2.0944444444444446,0.14452610223051474,0.20607376405675915,0.0
7550.0,2.0972222222222223,0.17633557568774363,0.14366020364610202,0.0
7560.0,2.1,0.2053641317786064,0.12470285412560712,0.0
7570.0,2.102777777777778,0.23115397283273784,0.12420138188778923,0.0
7580.0,2.1055555555555556,0.25329837765060415,-0.00848605690798855,-0.0
7590.0,2.1083333333333334,0.2714481157398064,0.16380417868426628,0.0
7600.0,2.111111111111111,0.2853169548885457,0.05633053884616864,0.0
7610.0,2.113888888888889,0.29468617521860674,0.043125622271822046,0.0
7620.0,2.1166666666666667,0.29940801852848165,-0.09771959162680985,-0.0
7630.0,2.1194444444444445,0.2994080185284814,-0.11736822498488148,-0.0
7640.0,2.1222222222222222,0.2946861752186062,-0.037729597107543165,-0.0
7650.0,2.125,0.2853169548885461,-0.019413717172511353,-0.0
7660.0,2.1277777777777778,0.27144811573980504,0.06675422770049473,0.0
7670.0,2.1305555555555555,0.25329837765060476,0.11503745812954147,0.0
7680.0,2.1333333333333333,0.23115397283273584,-0.010514609994370408,-0.0
7690.0,2.136111111111111,0.20536413177860727,0.1919127567045233,0.0
7700.0,2.138888888888889,0.17633557568774114,0.23331982461543946,0.0
7710.0,2.1416666666666666,0.14452610223051576,0.39941639181444605,0.0
7720.0,2.1444444444444444,0.11043736580540285,0.5098653422822719,1.0
7730.0,2.147222222222222,0.07460696614945402,0.4710005521106623,0.0
7740.0,2.15,0.03759997006929113,0.46125879616258086,0.0
7750.0,2.1527777777777777,-2.058520787713412e-15,0.34888748902698796,0.0
7760.0,2.1555555555555554,-0.037599970069290986,0.4402451209649424,0.0
7770.0,2.158333333333333,-0.07460696614945801,0.3730895167234932,0.0
7780.0,2.161111111111111,-0.11043736580540273,0.3124383518153738,0.0
7790.0,2.1638888888888888,-0.14452610223051562,0.32482320589139924,0.0
7800.0,2.1666666666666665,-0.176335575687741,0.3231495643149488,0.0
7810.0,2.1694444444444443,-0.20536413177860716,0.19693089636728014,0.0
7820.0,2.172222222222222,-0.23115397283273847,0.14022000946948815,0.0
7830.0,2.175,-0.2532983776506047,0.08195874018565341,0.0
7840.0,2.1777777777777776,-0.2714481157398068,-0.03825024476512884,-0.0
7850.0,2.1805555555555554,-0.285316954888546,-0.136064266956808,-0.0
7860.0,2.183333333333333,-0.29468617521860696,-0.08792881495971416,-0.0
7870.0,2.186111111111111,-0.2994080185284814,-0.08803081047931266,-0.0
7880.0,2.188888888888889,-0.29940801852848137,-0.14147427409257515,-0.0
7890.0,2.191666666666667,-0.2946861752186068,-0.3202624263596381,-0.0
7900.0,2.1944444444444446,-0.28531695488854575,-0.23393574595080194,-0.0
7910.0,2.1972222222222224,-0.27144811573980643,-0.17462222284222859,-0.0
7920.0,2.2,-0.2532983776506042,-0.1996617822368437,-0.0
7930.0,2.202777777777778,-0.2311539728327352,-0.08440014588535262,-0.0
7940.0,2.2055555555555557,-0.20536413177860652,0.015405587490545622,0.0
7950.0,2.2083333333333335,-0.1763355756877403,0.025044857837386605,0.0
7960.0,2.2111111111111112,-0.14452610223051485,0.055743280706738035,0.0
7970.0,2.213888888888889,-0.1104373658054019,0.14780392721076235,0.0
7980.0,2.216666666666667,-0.07460696614945717,0.29947049695936934,0.0
7990.0,2.2194444444444446,-0.03759997006929011,0.244966485839363,0.0
8000.0,2.2222222222222223,-1.175660927181459e-15,0.19666489199499906,0.0
8010.0,2.225,0.037599970069292006,0.13704397837225848,0.0
8020.0,2.227777777777778,0.07460696614945901,0.2968405132157914,0.0
8030.0,2.2305555555555556,0.11043736580540367,0.14370560739914354,0.0
8040.0,2.2333333333333334,0.1445261022305165,0.18654345512052922,0.0
8050.0,2.236111111111111,0.17633557568774183,0.23737392443118452,0.0
8060.0,2.238888888888889,0.2053641317786079,0.07251935558221417,0.0
8070.0,2.2416666666666667,0.2311539728327364,0.038684943093121066,0.0
8080.0,2.2444444444444445,0.25329837765060526,-0.0072399066347492574,-0.0
8090.0,2.2472222222222222,0.27144811573980543,0.10248544490481239,0.0
8100.0,2.25,0.28531695488854636,0.15508004925525137,0.0
8110.0,2.2527777777777778,0.29468617521860635,-0.007775436528686813,-0.0
8120.0,2.2555555555555555,0.2994080185284815,0.06231406276750833,0.0
8130.0,2.2583333333333333,0.2994080185284813,-0.01388728054813688,-0.0
8140.0,2.261111111111111,0.29468617521860657,0.037310848115051504,0.0
8150.0,2.263888888888889,0.28531695488854547,0.19525381881721213,0.0
8160.0,2.2666666666666666,0.271448115739806,0.24414470485880205,0.0
8170.0,2.2694444444444444,0.2532983776506037,0.1960035771330744,0.0
8180.0,2.272222222222222,0.23115397283273725,0.12446714429188953,0.0
8190.0,2.275,0.20536413177860577,0.2085004646965355,0.0
8200.0,2.2777777777777777,0.1763355756877429,0.14065408010022631,0.0
8210.0,2.2805555555555554,0.14452610223051396,0.3172647493012987,0.0
8220.0,2.283333333333333,0.11043736580540094,0.27954267664550336,0.0
8230.0,2.286111111111111,0.07460696614945617,0.183303427363023,0.0
8240.0,2.2888888888888888,0.037599970069289085,0.14026553255543403,0.0
8250.0,2.2916666666666665,1.4658622751572936e-16,0.220447703487286,0.0
8260.0,2.2944444444444443,-0.037599970069293026,0.3066776468845749,0.0
8270.0,2.297222222222222,-0.07460696614945588,0.11497195797815335,0.0
8280.0,2.3,-0.11043736580540464,-0.07826724626439631,-0.0
8290.0,2.3027777777777776,-0.14452610223051368,-0.16797283732695567,-0.0
8300.0,2.3055555555555554,-0.17633557568774266,-0.35315007086678935,-0.0
8310.0,2.308333333333333,-0.20536413177860555,-0.504853765208967,-1.0
8320.0,2.311111111111111,-0.23115397283273706,-0.5607790908007102,-1.0
8330.0,2.313888888888889,-0.25329837765060575,-0.6247689526434747,-1.0
8340.0,2.316666666666667,-0.2714481157398059,-0.682175404432248,-1.0
8350.0,2.3194444444444446,-0.2853169548885467,-0.7120342946194138,-1.0
8360.0,2.3222222222222224,-0.2946861752186065,-0.5510780920098667,-1.0
8370.0,2.325,-0.29940801852848153,-0.5030066746998353,-1.0
8380.0,2.327777777777778,-0.29940801852848153,-0.37254827958883013,-0.0
8390.0,2.3305555555555557,-0.29468617521860635,-0.3981668438029342,-0.0
8400.0,2.3333333333333335,-0.28531695488854647,-0.13984597515583802,-0.0
8410.0,2.3361111111111112,-0.27144811573980554,-0.19372766842703049,-0.0
8420.0,2.338888888888889,-0.2532983776506031,-0.18863418364331014,-0.0
8430.0,2.341666666666667,-0.2311539728327366,-0.24919333970018723,-0.0
8440.0,2.3444444444444446,-0.20536413177860502,-0.19360147492700655,-0.0
8450.0,2.3472222222222223,-0.17633557568774208,-0.18953983151465514,-0.0
8460.0,2.35,-0.14452610223051304,-0.11787635924954709,-0.0
8470.0,2.352777777777778,-0.11043736580540393,-0.03379904076413039,-0.0
8480.0,2.3555555555555556,-0.07460696614945517,0.09683097907040378,0.0
8490.0,2.3583333333333334,-0.0375999700692923,0.06829165128097384,0.0
8500.0,2.361111111111111,8.824884721500002e-16,0.18435429159688332,0.0
8510.0,2.363888888888889,0.037599970069294046,0.1959462283595476,0.0
8520.0,2.3666666666666667,0.07460696614945687,0.26958044987348334,0.0
8530.0,2.3694444444444445,0.11043736580540559,0.19193637462013846,0.0
8540.0,2.3722222222222222,0.1445261022305146,0.3301931243127044,0.0
8550.0,2.375,0.1763355756877435,0.3839855534607606,0.0
8560.0,2.3777777777777778,0.20536413177860632,0.3781549641553059,0.0
8570.0,2.3805555555555555,0.23115397283273773,0.27881010259396705,0.0
8580.0,2.3833333333333333,0.2532983776506041,0.15571945033162102,0.0
8590.0,2.386111111111111,0.2714481157398063,0.24492362174789045,0.0
8600.0,2.388888888888889,0.2853169548885457,0.13180668508988463,0.0
8610.0,2.3916666666666666,0.2946861752186067,0.100188785087935,0.0
8620.0,2.3944444444444444,0.29940801852848165,0.10382701180131435,0.0
8630.0,2.397222222222222,0.2994080185284815,-0.03932785826876126,-0.0
8640.0,2.4,0.2946861752186062,-0.16679471346775998,-0.0
8650.0,2.4027777777777777,0.28531695488854614,-0.20668351606273297,-0.0
8660.0,2.4055555555555554,0.27144811573980515,-0.1652490034829982,-0.0
8670.0,2.408333333333333,0.25329837765060487,-0.30709519172754074,-0.0
8680.0,2.411111111111111,0.23115397283273592,-0.5042512787719446,-1.0
8690.0,2.4138888888888888,0.20536413177860738,-0.37150580670470146,-0.0
8700.0,2.4166666666666665,0.17633557568774125,-0.4710267982896164,-0.0
8710.0,2.4194444444444443,0.14452610223051215,-0.49609869291963776,-0.0
8720.0,2.422222222222222,0.11043736580540299,-0.5156307792138056,-1.0
8730.0,2.425,0.07460696614945417,-0.36109221821075216,-0.0
8740.0,2.4277777777777776,0.03759997006929128,-0.3703927972987332,-0.0
8750.0,2.4305555555555554,-1.91156317181573e-15,-0.48162521312594936,-0.0
8760.0,2.433333333333333,-0.03759997006929084,-0.36813986083458017,-0.0
8770.0,2.436111111111111,-0.07460696614945787,-0.2798135572708802,-0.0
8780.0,2.438888888888889,-0.11043736580540257,-0.3654673384001824,-0.0
8790.0,2.441666666666667,-0.1445261022305155,-0.191961993505402,-0.0
8800.0,2.4444444444444446,-0.17633557568774091,-0.23066523716118315,-0.0
8810.0,2.4472222222222224,-0.20536413177860705,-0.40284190636545764,-0.0
8820.0,2.45,-0.2311539728327384,-0.636435235001285,-1.0
8830.0,2.452777777777778,-0.2532983776506046,-0.6477872319223827,-1.0
8840.0,2.4555555555555557,-0.27144811573980676,-0.4188264487974194,-0.0
8850.0,2.4583333333333335,-0.28531695488854597,-0.42602613353764024,-0.0
8860.0,2.4611111111111112,-0.2946861752186069,-0.4468555841167541,-0.0
8870.0,2.463888888888889,-0.2994080185284814,-0.472133842391045,-0.0
8880.0,2.466666666666667,-0.29940801852848137,-0.5599672460035924,-1.0
8890.0,2.4694444444444446,-0.2946861752186068,-0.46598831938484786,-0.0
8900.0,2.4722222222222223,-0.2853169548885458,-0.23069849311679733,-0.0
8910.0,2.475,-0.27144811573980465,-0.1094171000234054,-0.0
8920.0,2.477777777777778,-0.2532983776506043,0.02545762778646908,0.0
8930.0,2.4805555555555556,-0.2311539728327353,-0.06064260413948966,-0.0
8940.0,2.4833333333333334,-0.2053641317786066,0.15028562653501937,0.0
8950.0,2.486111111111111,-0.17633557568774041,0.16651310830110783,0.0
8960.0,2.488888888888889,-0.14452610223051499,0.18427682371409848,0.0
8970.0,2.4916666666666667,-0.11043736580540205,0.11270565197736913,0.0
8980.0,2.4944444444444445,-0.0746069661494573,0.131906175208237,0.0
8990.0,2.4972222222222222,-0.03759997006929026,0.17238562968204424,0.0
9000.0,2.5,-1.3226185430791415e-15,0.20617403771006698,0.0
9010.0,2.5027777777777778,0.03759997006929186,0.13547951028476277,0.0
9020.0,2.5055555555555555,0.07460696614945887,0.13468883293532452,0.0
9030.0,2.5083333333333333,0.11043736580540355,0.02137126490553846,0.0
9040.0,2.511111111111111,0.1445261022305164,-0.03711801074851173,-0.0
9050.0,2.513888888888889,0.17633557568774175,0.18735961198932338,0.0
9060.0,2.5166666666666666,0.20536413177860782,0.4127872476902366,0.0
9070.0,2.5194444444444444,0.23115397283273634,0.5959072847055761,1.0
9080.0,2.522222222222222,0.2532983776506052,0.6213747260198139,1.0
9090.0,2.525,0.2714481157398054,0.6941350636760121,1.0
9100.0,2.5277777777777777,0.2853169548885463,0.6683369545057155,1.0
9110.0,2.5305555555555554,0.2946861752186071,0.6338715787693867,1.0
9120.0,2.533333333333333,0.2994080185284815,0.6451595626649064,1.0
9130.0,2.536111111111111,0.2994080185284813,0.7550699223957174,1.0
9140.0,2.5388888888888888,0.2946861752186066,0.6000346614285688,1.0
9150.0,2.5416666666666665,0.28531695488854547,0.35416909660370316,0.0
9160.0,2.5444444444444443,0.27144811573980604,0.19149253344638595,0.0
9170.0,2.547222222222222,0.25329837765060376,0.020789592077509203,0.0
9180.0,2.55,0.23115397283273736,-0.03668008765372028,-0.0
9190.0,2.5527777777777776,0.20536413177860588,-0.06409817020769507,-0.0
9200.0,2.5555555555555554,0.17633557568774302,-0.2792160292789474,-0.0
9210.0,2.558333333333333,0.14452610223051407,-0.28874133258671886,-0.0
9220.0,2.561111111111111,0.11043736580540107,-0.3888174248895518,-0.0
9230.0,2.563888888888889,0.0746069661494563,-0.28962635168621675,-0.0
9240.0,2.566666666666667,0.03759997006928924,-0.2263971487025188,-0.0
9250.0,2.5694444444444446,2.9354384341341177e-16,-0.2567346229017341,-0.0
9260.0,2.5722222222222224,-0.03759997006929288,-0.24399173190296175,-0.0
9270.0,2.575,-0.07460696614945574,-0.17257663297484777,-0.0
9280.0,2.577777777777778,-0.11043736580540449,-0.06758977437632524,-0.0
9290.0,2.5805555555555557,-0.14452610223051357,0.11458793147477594,0.0
9300.0,2.5833333333333335,-0.17633557568774252,0.10560692240065277,0.0
9310.0,2.5861111111111112,-0.20536413177860854,0.17184729011725916,0.0
9320.0,2.588888888888889,-0.23115397283273698,-0.018668479157929734,-0.0
9330.0,2.591666666666667,-0.2532983776506057,-0.09958049670894978,-0.0
9340.0,2.5944444444444446,-0.2714481157398058,-0.04719027755822511,-0.0
9350.0,2.5972222222222223,-0.28531695488854664,0.07479993322006939,0.0
9360.0,2.6,-0.2946861752186065,0.029240442068724226,0.0
9370.0,2.602777777777778,-0.29940801852848153,0.019321564503260627,0.0
9380.0,2.6055555555555556,-0.29940801852848153,0.13604041649483006,0.0
9390.0,2.6083333333333334,-0.2946861752186064,0.15582616169196906,0.0
9400.0,2.611111111111111,-0.2853169548885452,0.14160818894634808,0.0
9410.0,2.613888888888889,-0.27144811573980565,0.2590012640650902,0.0
9420.0,2.6166666666666667,-0.2532983776506032,0.2821040227523184,0.0
9430.0,2.6194444444444445,-0.2311539728327367,0.13410295637788777,0.0
9440.0,2.6222222222222222,-0.2053641317786051,0.059224840759715694,0.0
9450.0,2.625,-0.1763355756877422,0.01319567413479338,0.0
9460.0,2.6277777777777778,-0.14452610223051318,-0.14349436856744335,-0.0
9470.0,2.6305555555555555,-0.11043736580540409,-0.11162500860564917,-0.0
9480.0,2.6333333333333333,-0.0746069661494553,-0.16803040753898513,-0.0
9490.0,2.636111111111111,-0.03759997006929244,-0.09345156381050507,-0.0
9500.0,2.638888888888889,7.35530856252318e-16,-0.05124524070340828,-0.0
9510.0,2.6416666666666666,0.03759997006929391,0.10297446557749391,0.0
9520.0,2.6444444444444444,0.07460696614945672,0.10674572728279326,0.0
9530.0,2.647222222222222,0.11043736580540546,0.10881728534623775,0.0
9540.0,2.65,0.14452610223051449,0.18338196549952823,0.0
9550.0,2.6527777777777777,0.1763355756877434,0.2786740603938143,0.0
9560.0,2.6555555555555554,0.20536413177860618,0.16279006177471078,0.0
9570.0,2.658333333333333,0.23115397283273764,0.17020350779050253,0.0
9580.0,2.661111111111111,0.253298377650604,0.13767126583909872,0.0
9590.0,2.6638888888888888,0.27144811573980626,-0.07499170629516076,-0.0
9600.0,2.6666666666666665,0.28531695488854697,-0.20102366827887808,-0.0
9610.0,2.6694444444444443,0.2946861752186067,-0.1589372859693072,-0.0
9620.0,2.672222222222222,0.29940801852848165,-0.03074596848033642,-0.0
9630.0,2.675,0.2994080185284815,-0.06549323120812724,-0.0
9640.0,2.6777777777777776,0.2946861752186062,-0.05156453327429568,-0.0
9650.0,2.6805555555555554,0.2853169548885462,-0.15494166922636765,-0.0
9660.0,2.683333333333333,0.2714481157398052,-0.039474518711892476,-0.0
9670.0,2.686111111111111,0.2532983776506049,0.06779091024686634,0.0
9680.0,2.688888888888889,0.23115397283273603,0.33053768794702587,0.0
9690.0,2.691666666666667,0.2053641317786075,0.25373978353722815,0.0
9700.0,2.6944444444444446,0.17633557568774136,0.2609903608687191,0.0
9710.0,2.6972222222222224,0.14452610223051227,0.21402035317831267,0.0
9720.0,2.7,0.11043736580540313,0.29136265029699693,0.0
9730.0,2.702777777777778,0.0746069661494543,0.11805488920559257,0.0
9740.0,2.7055555555555557,0.03759997006929142,0.21806137710025608,0.0
9750.0,2.7083333333333335,-1.7646055559180476e-15,0.1631794380862449,0.0
9760.0,2.7111111111111112,-0.037599970069290695,-0.011715976128173619,-0.0
9770.0,2.713888888888889,-0.07460696614945772,-0.1922255764725959,-0.0
9780.0,2.716666666666667,-0.11043736580540243,0.014170923555968792,0.0
9790.0,2.7194444444444446,-0.14452610223051537,-0.09772077544074753,-0.0
9800.0,2.7222222222222223,-0.1763355756877442,-0.14070037911728484,-0.0
9810.0,2.725,-0.20536413177860693,-0.3657720078000979,-0.0
9820.0,2.727777777777778,-0.2311539728327383,-0.25871102948026503,-0.0
9830.0,2.7305555555555556,-0.25329837765060453,-0.33898396963056027,-0.0
9840.0,2.7333333333333334,-0.2714481157398067,-0.35152128042823677,-0.0
9850.0,2.736111111111111,-0.28531695488854597,-0.45221109031978585,-0.0
9860.0,2.738888888888889,-0.29468617521860685,-0.376336769212862,-0.0
9870.0,2.7416666666666667,-0.29940801852848137,-0.4876825074085384,-0.0
9880.0,2.7444444444444445,-0.29940801852848137,-0.3984559961854113,-0.0
9890.0,2.7472222222222222,-0.29468617521860685,-0.4863566989460073,-0.0
9900.0,2.75,-0.28531695488854586,-0.38508550774089706,-0.0
9910.0,2.7527777777777778,-0.2714481157398047,-0.4176361280583245,-0.0
9920.0,2.7555555555555555,-0.25329837765060437,-0.4080882373818712,-0.0
9930.0,2.7583333333333333,-0.23115397283273537,-0.48362432938928634,-0.0
9940.0,2.761111111111111,-0.20536413177860674,-0.2776669158309144,-0.0
9950.0,2.763888888888889,-0.17633557568774053,-0.259412541436027,-0.0
9960.0,2.7666666666666666,-0.1445261022305151,-0.27711269553637075,-0.0
9970.0,2.7694444444444444,-0.11043736580540217,-0.2824035194192056,-0.0
9980.0,2.772222222222222,-0.07460696614945744,-0.2533445763219381,-0.0
9990.0,2.775,-0.0375999700692904,-0.1583347520091468,-0.0
10000.0,2.7777777777777777,2.7936802555837772e-15,-0.018021711001960507,-0.0
10010.0,2.7805555555555554,0.037599970069291715,0.04060426369679779,0.0
10020.0,2.783333333333333,0.07460696614945872,0.10040145765641417,0.0
10030.0,2.786111111111111,0.1104373658054034,-0.07739341664573665,-0.0
10040.0,2.7888888888888888,0.14452610223051626,-0.12505774939959277,-0.0
10050.0,2.7916666666666665,0.1763355756877416,-0.0621619659120668,-0.0
10060.0,2.7944444444444443,0.20536413177860768,-0.05444550542177752,-0.0
10070.0,2.797222222222222,0.23115397283273623,0.05157575895069769,0.0
10080.0,2.8,0.2532983776506051,0.0643895747452513,0.0
10090.0,2.8027777777777776,0.2714481157398053,0.003464588851664253,0.0
10100.0,2.8055555555555554,0.28531695488854625,-0.03233494398418921,-0.0
10110.0,2.808333333333333,0.29468617521860707,0.09588154540938305,0.0
10120.0,2.811111111111111,0.2994080185284815,0.2023835273314608,0.0
10130.0,2.813888888888889,0.2994080185284813,0.28747967681657144,0.0
10140.0,2.816666666666667,0.2946861752186066,0.3177662239604783,0.0
10150.0,2.8194444444444446,0.2853169548885455,0.35954999319059455,0.0
10160.0,2.8222222222222224,0.27144811573980615,0.2812496767680717,0.0
10170.0,2.825,0.2532983776506038,0.21771247070282637,0.0
10180.0,2.827777777777778,0.23115397283273742,0.2877426336854335,0.0
10190.0,2.8305555555555557,0.205364131778606,0.3335703548161259,0.0
10200.0,2.8333333333333335,0.1763355756877397,0.19461125924822126,0.0
10210.0,2.8361111111111112,0.1445261022305105,0.2099285782599586,0.0
10220.0,2.838888888888889,0.11043736580540517,0.09030590772089879,0.0
10230.0,2.841666666666667,0.07460696614945644,-0.09739019675651887,-0.0
10240.0,2.8444444444444446,0.037599970069289376,-0.14520573488704136,-0.0
10250.0,2.8472222222222223,-3.822754955249507e-15,-0.10613363987999906,-0.0
10260.0,2.85,-0.03759997006928851,-0.16559723610810642,-0.0
10270.0,2.852777777777778,-0.0746069661494556,-0.3291340736937422,-0.0
10280.0,2.8555555555555556,-0.11043736580540435,-0.298028599024865,-0.0
10290.0,2.8583333333333334,-0.14452610223051718,-0.15170112224278098,-0.0
10300.0,2.861111111111111,-0.17633557568774585,-0.252061131317317,-0.0
10310.0,2.863888888888889,-0.20536413177860535,-0.19630733230560882,-0.0
10320.0,2.8666666666666667,-0.2311539728327369,-0.06003609608195748,-0.0
10330.0,2.8694444444444445,-0.25329837765060564,0.0006765563952981532,0.0
10340.0,2.8722222222222222,-0.27144811573980754,-0.03971129432347551,-0.0
10350.0,2.875,-0.28531695488854525,-0.07867020406836334,-0.0
10360.0,2.8777777777777778,-0.29468617521860646,0.014536226346431048,0.0
10370.0,2.8805555555555555,-0.29940801852848153,-0.025373109258600878,-0.0
10380.0,2.8833333333333333,-0.29940801852848126,-0.2524448929473221,-0.0
10390.0,2.886111111111111,-0.29468617521860563,-0.12539493529348078,-0.0
10400.0,2.888888888888889,-0.2853169548885465,-0.12338530079857907,-0.0
10410.0,2.8916666666666666,-0.2714481157398057,-0.08727258135292132,-0.0
10420.0,2.8944444444444444,-0.25329837765060326,-0.18419079799101262,-0.0
10430.0,2.897222222222222,-0.23115397283273406,-0.11537610917056113,-0.0
10440.0,2.9,-0.20536413177860835,-0.03515074308164209,-0.0
10450.0,2.9027777777777777,-0.17633557568774233,0.024895764561987402,0.0
10460.0,2.9055555555555554,-0.14452610223051332,0.04332641451732254,0.0
10470.0,2.908333333333333,-0.11043736580540026,0.2457124369434903,0.0
10480.0,2.911111111111111,-0.07460696614945958,0.1018240814838903,0.0
10490.0,2.9138888888888888,-0.03759997006929259,0.12082883599696793,0.0
10500.0,2.9166666666666665,5.885732403546355e-16,0.1440434034077703,0.0
10510.0,2.9194444444444443,0.037599970069293755,0.19994127146514434,0.0
10520.0,2.922222222222222,0.07460696614946072,0.1115305245759272,0.0
10530.0,2.925,0.11043736580540135,0.05300537486160038,0.0
10540.0,2.9277777777777776,0.14452610223051435,0.038025983416534175,0.0
10550.0,2.9305555555555554,0.17633557568774327,0.01025865227281025,0.0
10560.0,2.933333333333333,0.2053641317786092,-0.006053084994312156,-0.0
10570.0,2.936111111111111,0.2311539728327348,0.1356519830955886,0.0
10580.0,2.938888888888889,0.2532983776506039,0.21095689131932624,0.0
10590.0,2.941666666666667,0.2714481157398062,0.04388173561431029,0.0
10600.0,2.9444444444444446,0.28531695488854686,0.12096000438934211,0.0
10610.0,2.9472222222222224,0.29468617521860746,0.1373806475466637,0.0
10620.0,2.95,0.2994080185284813,0.30776560606895637,0.0
10630.0,2.952777777777778,0.2994080185284815,0.2896224559443986,0.0
10640.0,2.9555555555555557,0.29468617521860624,0.403257893830945,0.0
10650.0,2.9583333333333335,0.28531695488854486,0.3461842232136385,0.0
10660.0,2.9611111111111112,0.27144811573980704,0.29675246110998105,0.0
10670.0,2.963888888888889,0.25329837765060503,0.18247612488259302,0.0
10680.0,2.966666666666667,0.23115397283273614,0.3160245673757604,0.0
10690.0,2.9694444444444446,0.2053641317786045,0.3077271682459435,0.0
10700.0,2.9722222222222223,0.17633557568773803,0.30719312129218307,0.0
10710.0,2.975,0.14452610223051615,0.1163986559166909,0.0
10720.0,2.977777777777778,0.11043736580540325,0.08790333517180676,0.0
10730.0,2.9805555555555556,0.07460696614945446,-0.07451064965463643,-0.0
10740.0,2.9833333333333334,0.037599970069287336,-0.2380997005733326,-0.0
10750.0,2.986111111111111,2.645608474540236e-15,-0.2211184955720289,-0.0
10760.0,2.988888888888889,-0.03759997006929055,-0.1531450252853883,-0.0
10770.0,2.9916666666666667,-0.07460696614945758,-0.17334220250977242,-0.0
10780.0,2.9944444444444445,-0.11043736580540627,-0.35518160913317853,-0.0
10790.0,2.9972222222222222,-0.14452610223051898,-0.36902755129670944,-0.0
10800.0,3.0,-0.17633557568774064,-0.2205194139878608,-0.0
10810.0,3.0027777777777778,-0.20536413177860685,-0.2783953747864338,-0.0
10820.0,3.0055555555555555,-0.2311539728327382,-0.28676944366516827,-0.0
10830.0,3.0083333333333333,-0.25329837765060675,-0.07936142424287261,-0.0
10840.0,3.011111111111111,-0.2714481157398048,-0.13352157162601566,-0.0
10850.0,3.013888888888889,-0.28531695488854586,-0.27765999371420835,-0.0
10860.0,3.0166666666666666,-0.29468617521860685,-0.3431748504789599,-0.0
10870.0,3.0194444444444444,-0.29940801852848165,-0.2731060779965649,-0.0
10880.0,3.022222222222222,-0.29940801852848165,-0.21478308923870898,-0.0
10890.0,3.025,-0.29468617521860685,-0.3000261165929675,-0.0
10900.0,3.0277777777777777,-0.28531695488854586,-0.44932824233721164,-0.0
10910.0,3.0305555555555554,-0.2714481157398048,-0.3174507956656827,-0.0
10920.0,3.033333333333333,-0.2532983776506022,-0.4448058159978683,-0.0
10930.0,3.036111111111111,-0.2311539728327382,-0.5000268235994105,-1.0
10940.0,3.0388888888888888,-0.20536413177860685,-0.4974005948966805,-0.0
10950.0,3.0416666666666665,-0.17633557568774064,-0.3060561841519421,-0.0
10960.0,3.0444444444444443,-0.14452610223051152,-0.2568933352093624,-0.0
10970.0,3.047222222222222,-0.11043736580540627,-0.2783878061568809,-0.0
10980.0,3.05,-0.07460696614945758,-0.20502192601600358,-0.0
10990.0,3.0527777777777776,-0.03759997006929055,-0.08072099167292959,-0.0
11000.0,3.0555555555555554,2.6467226396860946e-15,-0.17251540162382448,-0.0
11010.0,3.058333333333333,0.037599970069295795,-0.25059529036886524,-0.0
11020.0,3.061111111111111,0.07460696614945446,-0.1166010407500077,-0.0
11030.0,3.063888888888889,0.11043736580540327,-0.050673311969097565,-0.0
11040.0,3.066666666666667,0.14452610223051615,-0.19998810942058712,-0.0
11050.0,3.0694444444444446,0.17633557568774494,-0.23485870983255344,-0.0
11060.0,3.0722222222222224,0.2053641317786045,-0.13745845264084317,-0.0
11070.0,3.075,0.23115397283273614,-0.09211158132910043,-0.0
11080.0,3.077777777777778,0.25329837765060503,0.0035931771720747125,0.0
11090.0,3.0805555555555557,0.27144811573980704,0.15013777498258804,0.0
11100.0,3.0833333333333335,0.2853169548885475,0.28435378835798847,0.0
11110.0,3.0861111111111112,0.29468617521860624,0.3706968106059169,0.0
11120.0,3.088888888888889,0.2994080185284815,0.4654727098982585,0.0
11130.0,3.091666666666667,0.2994080185284813,0.5327260082071246,1.0
11140.0,3.0944444444444446,0.29468617521860585,0.6337546854871783,1.0
11150.0,3.0972222222222223,0.28531695488854686,0.4904893425694989,0.0
11160.0,3.1,0.2714481157398062,0.44438671967567556,0.0
11170.0,3.102777777777778,0.2532983776506039,0.2895514295697567,0.0
11180.0,3.1055555555555556,0.2311539728327348,0.07680165398324518,0.0
11190.0,3.1083333333333334,0.205364131778603,0.07675101993279414,0.0
11200.0,3.111111111111111,0.17633557568774327,-0.03288804710625518,-0.0
11210.0,3.113888888888889,0.14452610223051435,0.03166349378230149,0.0
11220.0,3.1166666666666667,0.11043736580540135,-0.07572644236281435,-0.0
11230.0,3.1194444444444445,0.07460696614945246,-0.11939592516043833,-0.0
11240.0,3.1222222222222222,0.037599970069293755,-0.04550373975373859,-0.0
11250.0,3.125,5.874590752087764e-16,-0.25467572054185594,-0.0
11260.0,3.1277777777777778,-0.03759997006929259,-0.20615201680430675,-0.0
11270.0,3.1305555555555555,-0.07460696614945958,-0.16674978207499283,-0.0
11280.0,3.1333333333333333,-0.11043736580540818,-0.09623779768289747,-0.0
11290.0,3.136111111111111,-0.14452610223051332,-0.10224070358874798,-0.0
11300.0,3.138888888888889,-0.17633557568774233,-0.20739642635270966,-0.0
11310.0,3.1416666666666666,-0.20536413177860835,-0.10522477032154358,-0.0
11320.0,3.1444444444444444,-0.2311539728327395,-0.11627963244748798,-0.0
11330.0,3.147222222222222,-0.25329837765060326,-0.10436239589766287,-0.0
11340.0,3.15,-0.2714481157398057,-0.015033566891156635,-0.0
11350.0,3.1527777777777777,-0.2853169548885465,-0.005601404557184152,-0.0
11360.0,3.1555555555555554,-0.29468617521860724,0.11508632630453668,0.0
11370.0,3.158333333333333,-0.29940801852848126,0.05475030734437892,0.0
11380.0,3.161111111111111,-0.29940801852848153,0.007640627796168124,0.0
11390.0,3.1638888888888888,-0.29468617521860646,-0.11837943698105138,-0.0
11400.0,3.1666666666666665,-0.28531695488854525,-0.1642578564422442,-0.0
11410.0,3.1694444444444443,-0.27144811573980393,-0.09143190880920012,-0.0
11420.0,3.172222222222222,-0.25329837765060564,-0.09899969697646498,-0.0
11430.0,3.175,-0.2311539728327369,0.016940399250858065,0.0
11440.0,3.1777777777777776,-0.20536413177860535,0.07141411026689483,0.0
11450.0,3.1805555555555554,-0.17633557568773897,0.0912689646298463,0.0
11460.0,3.183333333333333,-0.14452610223051718,0.10342547297699019,0.0
11470.0,3.186111111111111,-0.11043736580540435,0.19993661214945013,0.0
11480.0,3.188888888888889,-0.07460696614945558,0.1770544523915801,0.0
11490.0,3.191666666666667,-0.0375999700692885,0.22793568057273264,0.0
11500.0,3.1944444444444446,4.704872039017555e-15,0.12993483409612006,0.0
11510.0,3.1972222222222224,0.03759997006928938,0.09802869544481245,0.0
11520.0,3.2,0.07460696614945644,0.06904593206541924,0.0
11530.0,3.202777777777778,0.11043736580540517,0.055292711978793575,0.0
11540.0,3.2055555555555557,0.14452610223051796,0.009807785529346663,0.0
11550.0,3.2083333333333335,0.1763355756877397,-0.09881837795949447,-0.0
11560.0,3.2111111111111112,0.205364131778606,-0.06310759462127201,-0.0
11570.0,3.213888888888889,0.23115397283273742,0.05479368942318227,0.0
11580.0,3.216666666666667,0.2532983776506061,0.04722260471550794,0.0
11590.0,3.2194444444444446,0.2714481157398079,0.11666691191174788,0.0
11600.0,3.2222222222222223,0.2853169548885455,0.11195781212867201,0.0
11610.0,3.225,0.2946861752186066,0.10124585389504157,0.0
11620.0,3.227777777777778,0.2994080185284816,0.1337201083364893,0.0
11630.0,3.2305555555555556,0.2994080185284812,0.08723984420740018,0.0
11640.0,3.2333333333333334,0.29468617521860707,0.2382257802704859,0.0
11650.0,3.236111111111111,0.28531695488854625,0.15046629239294876,0.0
11660.0,3.238888888888889,0.2714481157398053,0.17312364854946172,0.0
11670.0,3.2416666666666667,0.2532983776506028,0.12071723966872569,0.0
11680.0,3.2444444444444445,0.2311539728327335,0.050533126594923504,0.0
11690.0,3.2472222222222222,0.20536413177860768,0.1344858172851105,0.0
11700.0,3.25,0.1763355756877416,0.11889022264632734,0.0
11710.0,3.2527777777777778,0.14452610223051254,0.19770838575721777,0.0
11720.0,3.2555555555555555,0.11043736580539944,0.2861067850141623,0.0
11730.0,3.2583333333333333,0.07460696614945872,0.1913370269076344,0.0
11740.0,3.261111111111111,0.037599970069291715,0.2386919568056367,0.0
11750.0,3.263888888888889,-1.470690324122683e-15,0.17616324768115627,0.0
11760.0,3.2666666666666666,-0.03759997006929463,0.18783665617559928,0.0
11770.0,3.2694444444444444,-0.07460696614945331,0.19977747046606617,0.0
11780.0,3.272222222222222,-0.11043736580540217,-0.008373431464371849,-0.0
11790.0,3.275,-0.1445261022305151,-0.21255508598243222,-0.0
11800.0,3.2777777777777777,-0.17633557568774397,-0.2408252493331463,-0.0
11810.0,3.2805555555555554,-0.20536413177860985,-0.34825396149795607,-0.0
11820.0,3.283333333333333,-0.23115397283273537,-0.32981749221379403,-0.0
11830.0,3.286111111111111,-0.25329837765060437,-0.4853640427913961,-0.0
11840.0,3.2888888888888888,-0.27144811573980654,-0.4435981111986167,-0.0
11850.0,3.2916666666666665,-0.2853169548885472,-0.4437325968531878,-0.0
11860.0,3.2944444444444443,-0.294686175218606,-0.44512966045723157,-0.0
11870.0,3.297222222222222,-0.29940801852848137,-0.2859850379090339,-0.0
11880.0,3.3,-0.29940801852848137,-0.12248126687150476,-0.0
11890.0,3.3027777777777776,-0.2946861752186061,-0.22055000416492623,-0.0
11900.0,3.3055555555555554,-0.28531695488854464,-0.15439781156142246,-0.0
11910.0,3.308333333333333,-0.2714481157398067,-0.16645496345994434,-0.0
11920.0,3.311111111111111,-0.25329837765060453,-0.02356103730531452,-0.0
11930.0,3.313888888888889,-0.23115397283273556,0.02999700430657645,0.0
11940.0,3.316666666666667,-0.20536413177860385,0.04751994272287784,0.0
11950.0,3.3194444444444446,-0.1763355756877442,0.16084490840694662,0.0
11960.0,3.3222222222222224,-0.14452610223051537,0.1546059522308119,0.0
11970.0,3.325,-0.11043736580540243,0.13241245736367172,0.0
11980.0,3.327777777777778,-0.0746069661494536,0.22249898724083078,0.0
11990.0,3.3305555555555557,-0.03759997006928646,0.12461061222434615,0.0
12000.0,3.3333333333333335,-1.7634913907721885e-15,0.05931289371178589,0.0
12010.0,3.3361111111111112,0.03759997006929142,0.07210642095053356,0.0
12020.0,3.338888888888889,0.07460696614945844,-0.05567369465935536,-0.0
12030.0,3.341666666666667,0.11043736580540708,-0.03501047921069567,-0.0
12040.0,3.3444444444444446,0.14452610223051227,-0.09940709927137575,-0.0
12050.0,3.3472222222222223,0.17633557568774136,-0.05444034030731556,-0.0
12060.0,3.35,0.2053641317786075,-0.0331552617427649,-0.0
12070.0,3.352777777777778,0.23115397283273875,-0.15019626245987583,-0.0
12080.0,3.3555555555555556,0.2532983776506072,-0.1307571098616762,-0.0
12090.0,3.3583333333333334,0.2714481157398052,-0.1471464735590069,-0.0
12100.0,3.361111111111111,0.2853169548885462,-0.09387639372904169,-0.0
12110.0,3.363888888888889,0.294686175218607,0.1263284554296461,0.0
12120.0,3.3666666666666667,0.2994080185284817,0.16526253653603787,0.0
12130.0,3.3694444444444445,0.29940801852848165,0.1743611681484531,0.0
12140.0,3.3722222222222222,0.2946861752186067,0.05197004933897218,0.0
12150.0,3.375,0.28531695488854564,0.054276633684267994,0.0
12160.0,3.3777777777777778,0.27144811573980443,0.10019860006312337,0.0
12170.0,3.3805555555555555,0.2532983776506017,0.1093987344305336,0.0
12180.0,3.3833333333333333,0.23115397283273764,0.19161469397142694,0.0
12190.0,3.386111111111111,0.20536413177860618,0.12385884267101105,0.0
12200.0,3.388888888888889,0.17633557568773994,-0.0859291138139434,-0.0
12210.0,3.3916666666666666,0.14452610223051074,-0.07332287750084185,-0.0
12220.0,3.3944444444444444,0.11043736580540546,-0.14647694258752197,-0.0
12230.0,3.397222222222222,0.07460696614945672,-0.04533997459971248,-0.0
12240.0,3.4,0.037599970069289675,0.1217768522863367,0.0
12250.0,3.4027777777777777,-3.5288397234541423e-15,0.11979436316930538,0.0
12260.0,3.4055555555555554,-0.03759997006928821,0.2074886853378045,0.0
12270.0,3.408333333333333,-0.0746069661494553,0.10493305007563736,0.0
12280.0,3.411111111111111,-0.11043736580540409,0.050818130327735106,0.0
12290.0,3.4138888888888888,-0.14452610223051693,0.2255401001243862,0.0
12300.0,3.4166666666666665,-0.17633557568774563,0.1177039221199983,0.0
12310.0,3.4194444444444443,-0.2053641317786051,0.25480916752353505,0.0
12320.0,3.422222222222222,-0.2311539728327367,0.1356419981536969,0.0
12330.0,3.425,-0.2532983776506055,-0.08924240059856155,-0.0
12340.0,3.4277777777777776,-0.2714481157398074,-0.10420009321068194,-0.0
12350.0,3.4305555555555554,-0.2853169548885452,-0.1705000307875881,-0.0
12360.0,3.433333333333333,-0.2946861752186064,0.08188534035570529,0.0
12370.0,3.436111111111111,-0.29940801852848153,-0.06702037572958033,-0.0
12380.0,3.438888888888889,-0.2994080185284813,-0.15738240213967716,-0.0
12390.0,3.441666666666667,-0.2946861752186057,-0.027325597325530266,-0.0
12400.0,3.4444444444444446,-0.28531695488854664,-0.28724152516731505,-0.0
12410.0,3.4472222222222224,-0.2714481157398058,-0.3160210138729698,-0.0
12420.0,3.45,-0.2532983776506034,-0.2474725216010717,-0.0
12430.0,3.452777777777778,-0.23115397283273426,-0.1679734025104229,-0.0
12440.0,3.4555555555555557,-0.20536413177860854,-0.20041465855518623,-0.0
12450.0,3.4583333333333335,-0.17633557568774252,-0.43391454707837457,-0.0
12460.0,3.4611111111111112,-0.14452610223051357,-0.29015756622994515,-0.0
12470.0,3.463888888888889,-0.11043736580540052,-0.37319029135619847,-0.0
12480.0,3.466666666666667,-0.0746069661494516,-0.40590558980050945,-0.0
12490.0,3.4694444444444446,-0.03759997006929288,-0.1568817311870758,-0.0
12500.0,3.4722222222222223,2.946580085592708e-16,0.03172863000322094,0.0
12510.0,3.475,0.03759997006929346,0.13292877031784467,0.0
12520.0,3.477777777777778,0.07460696614946043,0.19504723938727628,0.0
12530.0,3.4805555555555556,0.11043736580540107,0.21302040868086394,0.0
12540.0,3.4833333333333334,0.1445261022305141,0.2871497868227737,0.0
12550.0,3.486111111111111,0.17633557568774302,0.4072278078528653,0.0
12560.0,3.488888888888889,0.205364131778609,0.5012298585435582,1.0
12570.0,3.4916666666666667,0.23115397283274006,0.35533696267075204,0.0
12580.0,3.4944444444444445,0.25329837765060376,0.18025079804175814,0.0
12590.0,3.4972222222222222,0.27144811573980604,0.0532782792559883,0.0
12600.0,3.5,0.2853169548885468,-0.06697719564808402,-0.0
12610.0,3.5027777777777778,0.2946861752186074,-0.12617680921934996,-0.0
12620.0,3.5055555555555555,0.2994080185284813,-0.07447120697178448,-0.0
12630.0,3.5083333333333333,0.2994080185284815,-0.015778314357883492,-0.0
12640.0,3.511111111111111,0.2946861752186063,-0.0334522425141878,-0.0
12650.0,3.513888888888889,0.28531695488854497,-0.0386983468364128,-0.0
12660.0,3.5166666666666666,0.2714481157398072,0.15091832621437995,0.0
12670.0,3.5194444444444444,0.2532983776506052,0.31150684279121443,0.0
12680.0,3.522222222222222,0.23115397283273634,0.3334827609403497,0.0
12690.0,3.525,0.20536413177860469,0.42148209393161973,0.0
12700.0,3.5277777777777777,0.17633557568773828,0.4115905046212418,0.0
12710.0,3.5305555555555554,0.1445261022305164,0.34389970656064084,0.0
12720.0,3.533333333333333,0.11043736580540355,0.24271995123856105,0.0
12730.0,3.536111111111111,0.07460696614945474,0.09801365663071177,0.0
12740.0,3.5388888888888888,0.03759997006928763,0.05245804171960649,0.0
12750.0,3.5416666666666665,2.9395237063356005e-15,-0.18820857977863906,-0.0
12760.0,3.5444444444444443,-0.03759997006929026,-0.32901394385613963,-0.0
12770.0,3.547222222222222,-0.0746069661494573,-0.3397294992067818,-0.0
12780.0,3.55,-0.110437365805406,-0.41458210124581,-0.0
12790.0,3.5527777777777776,-0.14452610223051873,-0.45845487085872516,-0.0
12800.0,3.5555555555555554,-0.17633557568774041,-0.34737688068938843,-0.0
12810.0,3.558333333333333,-0.2053641317786066,-0.2626369614963414,-0.0
12820.0,3.561111111111111,-0.231153972832738,-0.17260832336053525,-0.0
12830.0,3.563888888888889,-0.2532983776506066,-0.20664454014419695,-0.0
12840.0,3.566666666666667,-0.2714481157398047,-0.08713488795467929,-0.0
12850.0,3.5694444444444446,-0.2853169548885458,0.0007808469925660742,0.0
12860.0,3.5722222222222224,-0.2946861752186068,0.013919858005705395,0.0
12870.0,3.575,-0.29940801852848165,0.019127077612453445,0.0
12880.0,3.577777777777778,-0.29940801852848115,0.01671538810163954,0.0
12890.0,3.5805555555555557,-0.2946861752186069,-0.04061677186734362,-0.0
12900.0,3.5833333333333335,-0.28531695488854597,-0.13325967550953813,-0.0
12910.0,3.5861111111111112,-0.27144811573980493,-0.14391606819185204,-0.0
12920.0,3.588888888888889,-0.2532983776506023,-0.14513911023973225,-0.0
12930.0,3.591666666666667,-0.2311539728327384,-0.025820999975717764,-0.0
12940.0,3.5944444444444446,-0.20536413177860705,-0.08549793554354408,-0.0
12950.0,3.5972222222222223,-0.17633557568774091,-0.09816734955808523,-0.0
12960.0,3.6,-0.14452610223051177,-0.05236847493973383,-0.0
12970.0,3.602777777777778,-0.1104373658053986,-0.1436269492008619,-0.0
12980.0,3.6055555555555556,-0.07460696614945787,-0.21616469507569203,-0.0
12990.0,3.6083333333333334,-0.03759997006929084,-0.06202257520595684,-0.0
13000.0,3.611111111111111,2.35280740789073e-15,0.012362485485259879,0.0
13010.0,3.613888888888889,0.0375999700692955,0.13556895037845287,0.0
13020.0,3.6166666666666667,0.07460696614945417,-0.0004387841621704876,-0.0
13030.0,3.6194444444444445,0.11043736580540299,0.01949729983059359,0.0
13040.0,3.6222222222222222,0.1445261022305159,0.11834137531280023,0.0
13050.0,3.625,0.1763355756877447,0.06979942244718822,0.0
13060.0,3.6277777777777778,0.2053641317786105,0.12381133506113133,0.0
13070.0,3.6305555555555555,0.23115397283273592,0.20459943234947023,0.0
13080.0,3.6333333333333333,0.25329837765060487,0.044484670389931154,0.0
13090.0,3.636111111111111,0.27144811573980693,-0.04321106887730276,-0.0
13100.0,3.638888888888889,0.28531695488854747,-0.08298391691612249,-0.0
13110.0,3.6416666666666666,0.2946861752186062,-0.047767831558706675,-0.0
13120.0,3.6444444444444444,0.2994080185284815,-0.13792372559418148,-0.0
13130.0,3.647222222222222,0.29940801852848137,-0.2473206550532285,-0.0
13140.0,3.65,0.2946861752186059,-0.30665190180208385,-0.0
13150.0,3.6527777777777777,0.28531695488854697,-0.18048345141171657,-0.0
13160.0,3.6555555555555554,0.2714481157398063,-0.21183208596357433,-0.0
13170.0,3.658333333333333,0.2532983776506041,-0.12099152311571187,-0.0
13180.0,3.661111111111111,0.231153972832735,-0.034187624148549096,-0.0
13190.0,3.6638888888888888,0.20536413177860321,-0.2586060298411073,-0.0
13200.0,3.6666666666666665,0.1763355756877435,-0.23968216698450442,-0.0
13210.0,3.6694444444444443,0.1445261022305146,-0.18326872935996483,-0.0
13220.0,3.672222222222222,0.11043736580540163,-0.1944681787220917,-0.0
13230.0,3.675,0.07460696614945274,-0.08648198259070036,-0.0
13240.0,3.6777777777777776,0.037599970069294046,-0.17817235668373774,-0.0
13250.0,3.6805555555555554,8.813743070041412e-16,-0.2688788104295624,-0.0
13260.0,3.683333333333333,-0.0375999700692923,-0.27866266964819014,-0.0
13270.0,3.686111111111111,-0.07460696614945929,-0.3471818374130564,-0.0
13280.0,3.688888888888889,-0.11043736580540792,-0.2070473664420265,-0.0
13290.0,3.691666666666667,-0.14452610223051307,-0.29902682701447314,-0.0
13300.0,3.6944444444444446,-0.17633557568774208,-0.37173646804775795,-0.0
13310.0,3.6972222222222224,-0.2053641317786081,-0.5085248766782551,-1.0
13320.0,3.7,-0.23115397283273934,-0.5477295267728871,-1.0
13330.0,3.702777777777778,-0.2532983776506031,-0.6478861092904986,-1.0
13340.0,3.7055555555555557,-0.27144811573980554,-0.6676815600399524,-1.0
13350.0,3.7083333333333335,-0.28531695488854647,-0.8067829007015198,-1.0
13360.0,3.7111111111111112,-0.2946861752186072,-0.8451019825567343,-1.0
13370.0,3.713888888888889,-0.2994080185284818,-0.9191020679622357,-1.0
13380.0,3.716666666666667,-0.29940801852848153,-0.8943383820784105,-1.0
13390.0,3.7194444444444446,-0.2946861752186065,-0.6955108699180231,-1.0
13400.0,3.7222222222222223,-0.28531695488854536,-0.5785703281192052,-1.0
13410.0,3.725,-0.27144811573980404,-0.7024878682267036,-1.0
13420.0,3.727777777777778,-0.25329837765060575,-0.4432899077737091,-0.0
13430.0,3.7305555555555556,-0.23115397283273706,-0.3544346620922885,-0.0
13440.0,3.7333333333333334,-0.20536413177860555,-0.21921074947785874,-0.0
13450.0,3.736111111111111,-0.1763355756877392,-0.14193666360354046,-0.0
13460.0,3.738888888888889,-0.14452610223050996,0.00039425166761104764,0.0
13470.0,3.7416666666666667,-0.11043736580540464,-0.05273127667702982,-0.0
13480.0,3.7444444444444445,-0.07460696614945588,-0.14756199006837903,-0.0
13490.0,3.7472222222222222,-0.03759997006928879,-0.09838571511230176,-0.0
13500.0,3.75,4.4109568072221896e-15,0.033050957858218134,0.0
13510.0,3.7527777777777778,0.03759997006928909,-0.05798739676007736,-0.0
13520.0,3.7555555555555555,0.07460696614945617,-0.018542121480318856,-0.0
13530.0,3.7583333333333333,0.1104373658054049,-0.08040685710881638,-0.0
13540.0,3.761111111111111,0.14452610223051768,-0.12632117983835917,-0.0
13550.0,3.763888888888889,0.17633557568773947,-0.05663266376661239,-0.0
13560.0,3.7666666666666666,0.20536413177860577,0.04317466356745202,0.0
13570.0,3.7694444444444444,0.23115397283273725,0.06277842010526707,0.0
13580.0,3.772222222222222,0.2532983776506059,0.06621424040515557,0.0
13590.0,3.775,0.2714481157398078,0.1247865359981262,0.0
13600.0,3.7777777777777777,0.28531695488854547,0.11110968347879117,0.0
13610.0,3.7805555555555554,0.29468617521860657,0.15285145358932453,0.0
13620.0,3.783333333333333,0.29940801852848153,0.3377459216757781,0.0
13630.0,3.786111111111111,0.2994080185284812,0.27085420698217,0.0
13640.0,3.7888888888888888,0.2946861752186071,0.23540789791088393,0.0
13650.0,3.7916666666666665,0.28531695488854636,0.16377027695447305,0.0
13660.0,3.7944444444444443,0.27144811573980543,0.19180672895470846,0.0
13670.0,3.797222222222222,0.2532983776506029,0.14120457656971883,0.0
13680.0,3.8,0.2311539728327337,0.16726032658474788,0.0
13690.0,3.8027777777777776,0.2053641317786079,0.03871264018298889,0.0
13700.0,3.8055555555555554,0.17633557568774183,0.0011248870101742121,0.0
13710.0,3.808333333333333,0.1445261022305128,-0.2983151301598272,-0.0
13720.0,3.811111111111111,0.11043736580539971,-0.16076167244630613,-0.0
13730.0,3.813888888888889,0.07460696614945901,-0.17657565726327226,-0.0
13740.0,3.816666666666667,0.037599970069292006,-0.0866133499152108,-0.0
13750.0,3.8194444444444446,-1.176775092327318e-15,-0.07175879020395128,-0.0
13760.0,3.8222222222222224,-0.03759997006929434,-0.0875029716625418,-0.0
13770.0,3.825,-0.07460696614946129,-0.11719422832228374,-0.0
13780.0,3.827777777777778,-0.1104373658054019,-0.030784949237973275,-0.0
13790.0,3.8305555555555557,-0.14452610223051485,-0.16580818745982373,-0.0
13800.0,3.8333333333333335,-0.17633557568774375,-0.06811989875821368,-0.0
13810.0,3.8361111111111112,-0.2053641317786096,-0.06291922401153645,-0.0
13820.0,3.838888888888889,-0.2311539728327352,-0.1892262183015112,-0.0
13830.0,3.841666666666667,-0.2532983776506042,-0.256953457326816,-0.0
13840.0,3.8444444444444446,-0.27144811573980643,-0.31321034290881455,-0.0
13850.0,3.8472222222222223,-0.2853169548885471,-0.2887053408018294,-0.0
13860.0,3.85,-0.29468617521860757,-0.35832728842626616,-0.0
13870.0,3.852777777777778,-0.29940801852848137,-0.383288758772778,-0.0
13880.0,3.8555555555555556,-0.2994080185284814,-0.26161697746220436,-0.0
13890.0,3.8583333333333334,-0.29468617521860613,-0.2738783900783546,-0.0
13900.0,3.861111111111111,-0.2853169548885447,-0.3951411231912035,-0.0
13910.0,3.863888888888889,-0.2714481157398068,-0.24288653579592878,-0.0
13920.0,3.8666666666666667,-0.2532983776506047,-0.1462562656719844,-0.0
13930.0,3.8694444444444445,-0.23115397283273575,-0.0968554627723372,-0.0
13940.0,3.8722222222222222,-0.20536413177860405,-0.046325435520012524,-0.0
13950.0,3.875,-0.17633557568774447,-0.08322393439926981,-0.0
13960.0,3.8777777777777778,-0.14452610223051562,0.019559318197646575,0.0
13970.0,3.8805555555555555,-0.11043736580540273,-0.015060186451369608,-0.0
13980.0,3.8833333333333333,-0.07460696614945388,0.23131593646362347,0.0
13990.0,3.886111111111111,-0.03759997006928675,0.2656884068249652,0.0
14000.0,3.888888888888889,-2.057406622567553e-15,0.12195544069863579,0.0
14010.0,3.8916666666666666,0.03759997006929113,0.21517024352101746,0.0
14020.0,3.8944444444444444,0.07460696614945815,0.2199768284799184,0.0
14030.0,3.897222222222222,0.11043736580540682,0.2879643518794815,0.0
14040.0,3.9,0.14452610223051202,0.43424422523250533,0.0
14050.0,3.9027777777777777,0.17633557568774114,0.30345515138529916,0.0
14060.0,3.9055555555555554,0.20536413177860727,0.4204560584046644,0.0
14070.0,3.908333333333333,0.23115397283273856,0.3000993647221699,0.0
14080.0,3.911111111111111,0.25329837765060703,0.2979151649597375,0.0
14090.0,3.9138888888888888,0.27144811573980504,0.4030084037492819,0.0
14100.0,3.9166666666666665,0.2853169548885461,0.23194660391048424,0.0
14110.0,3.9194444444444443,0.29468617521860696,0.2721658216127503,0.0
14120.0,3.922222222222222,0.2994080185284817,0.20496627585691088,0.0
14130.0,3.925,0.29940801852848165,0.052418375791357046,0.0
14140.0,3.9277777777777776,0.29468617521860674,0.11833349320586274,0.0
14150.0,3.9305555555555554,0.2853169548885457,0.03446600825244043,0.0
14160.0,3.933333333333333,0.27144811573980454,-0.08136290665138018,-0.0
14170.0,3.936111111111111,0.25329837765060187,-0.05518812086936223,-0.0
14180.0,3.938888888888889,0.23115397283273784,-0.022674897077399288,-0.0
14190.0,3.941666666666667,0.2053641317786064,-0.10150109167667737,-0.0
14200.0,3.9444444444444446,0.17633557568774016,-0.13935432825700433,-0.0
14210.0,3.9472222222222224,0.144526102230511,-0.13447540091184776,-0.0
14220.0,3.95,0.11043736580540572,-0.12126859252333017,-0.0
14230.0,3.952777777777778,0.07460696614945701,-0.0855261124727971,-0.0
14240.0,3.9555555555555557,0.037599970069289966,-0.09403601784184724,-0.0
14250.0,3.9583333333333335,-3.2349244916587774e-15,0.020961407942901134,0.0
14260.0,3.9611111111111112,-0.03759997006929638,0.043367480307786616,0.0
14270.0,3.963888888888889,-0.07460696614945501,0.07256617747630999,0.0
14280.0,3.966666666666667,-0.11043736580540381,0.07355634119386163,0.0
14290.0,3.9694444444444446,-0.14452610223051665,-0.13999181101700167,-0.0
14300.0,3.9722222222222223,-0.1763355756877454,-0.16580763952753116,-0.0
14310.0,3.975,-0.2053641317786049,-0.1431812659799314,-0.0
14320.0,3.977777777777778,-0.2311539728327365,-0.23756326325868699,-0.0
14330.0,3.9805555555555556,-0.25329837765060537,-0.23611681078793229,-0.0
14340.0,3.9833333333333334,-0.2714481157398073,-0.3090049022607195,-0.0
14350.0,3.986111111111111,-0.2853169548885477,-0.4803800175947433,-0.0
14360.0,3.988888888888889,-0.29468617521860635,-0.6052922552190725,-1.0
14370.0,3.9916666666666667,-0.2994080185284815,-0.5461969868635218,-1.0
14380.0,3.9944444444444445,-0.2994080185284813,-0.4261186796554102,-0.0
14390.0,3.9972222222222222,-0.29468617521860574,-0.5646122220477495,-1.0
14400.0,4.0,-0.2853169548885467,-0.4322420755228915,-0.0
14410.0,4.002777777777778,-0.27144811573980593,-0.43161573967707995,-0.0
14420.0,4.0055555555555555,-0.2532983776506036,-0.4835299626731543,-0.0
14430.0,4.008333333333334,-0.23115397283273442,-0.4956555142453325,-0.0
14440.0,4.011111111111111,-0.20536413177860877,-0.44747660187037613,-0.0
14450.0,4.013888888888889,-0.1763355756877428,-0.3241245235689436,-0.0
14460.0,4.016666666666667,-0.14452610223051382,-0.30329175571568756,-0.0
14470.0,4.019444444444445,-0.11043736580540081,-0.22218902338473848,-0.0
14480.0,4.022222222222222,-0.07460696614945189,-0.09208516984034128,-0.0
14490.0,4.025,-0.03759997006929317,-0.0658114354348367,-0.0
14500.0,4.027777777777778,7.427767639060292e-19,0.014836315332047906,0.0
14510.0,4.030555555555556,0.03759997006929317,-0.018931102422745563,-0.0
14520.0,4.033333333333333,0.07460696614946015,0.09991092515345953,0.0
14530.0,4.036111111111111,0.11043736580540081,0.14887096855411053,0.0
14540.0,4.038888888888889,0.14452610223051382,0.1389384626630734,0.0
14550.0,4.041666666666667,0.1763355756877428,0.13352294450726865,0.0
14560.0,4.044444444444444,0.20536413177860877,-0.0009517164616664742,-0.0
14570.0,4.0472222222222225,0.23115397283273986,0.057056403342628105,0.0
14580.0,4.05,0.2532983776506036,-0.11629478821297716,-0.0
14590.0,4.052777777777778,0.27144811573980593,-0.10856578961202337,-0.0
14600.0,4.055555555555555,0.2853169548885467,0.14797103924415494,0.0
14610.0,4.058333333333334,0.29468617521860735,0.10015004443566203,0.0
14620.0,4.061111111111111,0.2994080185284813,0.21102789115000725,0.0
14630.0,4.063888888888889,0.2994080185284815,0.12801712682635247,0.0
14640.0,4.066666666666666,0.29468617521860635,0.08407261941615035,0.0
14650.0,4.069444444444445,0.2853169548885451,0.20478576399146758,0.0
14660.0,4.072222222222222,0.27144811573980365,0.14774558683340452,0.0
14670.0,4.075,0.25329837765060537,0.2979188187682454,0.0
14680.0,4.0777777777777775,0.2311539728327365,0.33384082028055834,0.0
14690.0,4.080555555555556,0.2053641317786049,0.22081456020352122,0.0
14700.0,4.083333333333333,0.1763355756877385,0.15635726277632667,0.0
14710.0,4.086111111111111,0.14452610223051665,0.0038384382426227917,0.0
14720.0,4.088888888888889,0.11043736580540381,0.008167426757613117,0.0
14730.0,4.091666666666667,0.07460696614945501,0.10027447517837629,0.0
14740.0,4.094444444444444,0.03759997006928792,0.003010106301341896,0.0
14750.0,4.097222222222222,-5.2930738909902365e-15,-0.08065769317185661,-0.0
14760.0,4.1,-0.037599970069289966,-0.02073360694715455,-0.0
14770.0,4.102777777777778,-0.07460696614945701,-0.1961758344021652,-0.0
14780.0,4.105555555555555,-0.11043736580540572,-0.2570559542666141,-0.0
14790.0,4.108333333333333,-0.14452610223051846,-0.2726823008873388,-0.0
14800.0,4.111111111111111,-0.17633557568774016,-0.1327999467949155,-0.0
14810.0,4.113888888888889,-0.2053641317786064,-0.2723120979587358,-0.0
14820.0,4.116666666666666,-0.23115397283273784,-0.3851151533052274,-0.0
14830.0,4.1194444444444445,-0.2532983776506064,-0.40051699803259255,-0.0
14840.0,4.122222222222222,-0.27144811573980454,-0.31024618463262105,-0.0
14850.0,4.125,-0.2853169548885457,-0.39948521328508924,-0.0
14860.0,4.127777777777778,-0.29468617521860674,-0.2574838658821007,-0.0
14870.0,4.1305555555555555,-0.29940801852848165,-0.23481144644987736,-0.0
14880.0,4.133333333333334,-0.29940801852848115,-0.28515882980159496,-0.0
14890.0,4.136111111111111,-0.29468617521860696,-0.40778656378883,-0.0
14900.0,4.138888888888889,-0.2853169548885461,-0.3720945998748705,-0.0
14910.0,4.141666666666667,-0.27144811573980504,-0.21302642704600416,-0.0
14920.0,4.144444444444445,-0.2532983776506025,-0.24314332705815703,-0.0
14930.0,4.147222222222222,-0.23115397283273856,-0.3172826319686145,-0.0
14940.0,4.15,-0.20536413177860727,-0.37954653103900693,-0.0
14950.0,4.152777777777778,-0.17633557568774114,-0.5154626266765652,-1.0
14960.0,4.155555555555556,-0.14452610223051202,-0.5207874152272517,-1.0
14970.0,4.158333333333333,-0.1104373658053989,-0.43460741987196494,-0.0
14980.0,4.161111111111111,-0.07460696614945815,-0.3554185310395559,-0.0
14990.0,4.163888888888889,-0.03759997006929113,-0.16578393964741686,-0.0
15000.0,4.166666666666667,2.058892176095365e-15,-0.17735210403282115,-0.0
15010.0,4.169444444444444,0.03759997006929521,0.028042915668227215,0.0
15020.0,4.1722222222222225,0.07460696614945388,0.07098963351138789,0.0
15030.0,4.175,0.11043736580540273,0.08531200870850685,0.0
15040.0,4.177777777777778,0.14452610223051562,0.21482146619951822,0.0
15050.0,4.180555555555555,0.17633557568774447,0.28090832541839955,0.0
15060.0,4.183333333333334,0.20536413177861026,0.2797578873564127,0.0
15070.0,4.186111111111111,0.23115397283273575,0.3200806789983495,0.0
15080.0,4.188888888888889,0.2532983776506047,0.312174838751558,0.0
15090.0,4.191666666666666,0.2714481157398068,0.28213278652444834,0.0
15100.0,4.194444444444445,0.28531695488854736,0.16095500440525176,0.0
15110.0,4.197222222222222,0.29468617521860613,0.2831780014540104,0.0
15120.0,4.2,0.2994080185284814,0.3526534412576183,0.0
15130.0,4.2027777777777775,0.29940801852848137,0.3277660016705586,0.0
15140.0,4.205555555555556,0.29468617521860596,0.20779225584688119,0.0
15150.0,4.208333333333333,0.28531695488854447,0.20485668834733342,0.0
15160.0,4.211111111111111,0.27144811573980643,0.22563493560679385,0.0
15170.0,4.213888888888889,0.2532983776506042,0.11468832719775489,0.0
15180.0,4.216666666666667,0.2311539728327352,0.057396091933237664,0.0
15190.0,4.219444444444444,0.2053641317786034,0.11485702671155575,0.0
15200.0,4.222222222222222,0.17633557568774375,-0.03789158092538501,-0.0
15210.0,4.225,0.14452610223051485,-0.10604670644847142,-0.0
15220.0,4.227777777777778,0.1104373658054019,-0.10202794203065435,-0.0
15230.0,4.230555555555555,0.07460696614945303,-0.11051348176734829,-0.0
15240.0,4.233333333333333,0.03759997006928588,-0.05227203953071083,-0.0
15250.0,4.236111111111111,1.175289538799506e-15,-0.11095235248287853,-0.0
15260.0,4.238888888888889,-0.037599970069292006,-0.12131109131662339,-0.0
15270.0,4.241666666666666,-0.07460696614945901,-0.09071907210508307,-0.0
15280.0,4.2444444444444445,-0.11043736580540764,-0.18029755621429353,-0.0
15290.0,4.247222222222222,-0.1445261022305128,-0.17063060055987528,-0.0
15300.0,4.25,-0.17633557568774183,-0.27069910972560574,-0.0
15310.0,4.252777777777778,-0.2053641317786079,-0.42728844894732365,-0.0
15320.0,4.2555555555555555,-0.23115397283273914,-0.36607711287141886,-0.0
15330.0,4.258333333333334,-0.2532983776506029,-0.41237683917828116,-0.0
15340.0,4.261111111111111,-0.27144811573980543,-0.5385664894468963,-1.0
15350.0,4.263888888888889,-0.28531695488854636,-0.47115549933667034,-0.0
15360.0,4.266666666666667,-0.2946861752186071,-0.6152975269748152,-1.0
15370.0,4.269444444444445,-0.29940801852848176,-0.6411840346598062,-1.0
15380.0,4.272222222222222,-0.29940801852848153,-0.5425034223153754,-1.0
15390.0,4.275,-0.29468617521860657,-0.5461649730246687,-1.0
15400.0,4.277777777777778,-0.28531695488854547,-0.35233134815686784,-0.0
15410.0,4.280555555555556,-0.2714481157398042,-0.29861684987612935,-0.0
15420.0,4.283333333333333,-0.2532983776506059,-0.4107241084547406,-0.0
15430.0,4.286111111111111,-0.23115397283273725,-0.3289014021764841,-0.0
15440.0,4.288888888888889,-0.20536413177860577,-0.3073084607012057,-0.0
15450.0,4.291666666666667,-0.17633557568773947,-0.19931685384806672,-0.0
15460.0,4.294444444444444,-0.14452610223051024,-0.06422956023720758,-0.0
15470.0,4.2972222222222225,-0.1104373658054049,-0.06283655189689569,-0.0
15480.0,4.3,-0.07460696614945617,-0.08105706167425746,-0.0
15490.0,4.302777777777778,-0.037599970069289085,-0.1739714011223722,-0.0
15500.0,4.305555555555555,4.117041575426824e-15,-0.16239950041197232,-0.0
15510.0,4.308333333333334,0.0375999700692888,0.023623196787657428,0.0
15520.0,4.311111111111111,0.07460696614945588,0.01021511545549781,0.0
15530.0,4.313888888888889,0.11043736580540464,-0.003016758390173587,-0.0
15540.0,4.316666666666666,0.14452610223051743,0.04734275106065095,0.0
15550.0,4.319444444444445,0.17633557568774613,-0.08392923972654162,-0.0
15560.0,4.322222222222222,0.20536413177860555,0.02778722828441972,0.0
15570.0,4.325,0.23115397283273706,0.26086910154468446,0.0
15580.0,4.3277777777777775,0.2532983776506058,0.2980991638619331,0.0
15590.0,4.330555555555556,0.2714481157398077,0.36882541493363985,0.0
15600.0,4.333333333333333,0.28531695488854536,0.26143185394767465,0.0
15610.0,4.336111111111111,0.2946861752186065,0.4437949836000995,0.0
15620.0,4.338888888888889,0.29940801852848153,0.4745368651228893,0.0
15630.0,4.341666666666667,0.29940801852848126,0.3547629489523244,0.0
15640.0,4.344444444444444,0.2946861752186056,0.4340164301061057,0.0
15650.0,4.347222222222222,0.28531695488854647,0.3768444616267177,0.0
15660.0,4.35,0.27144811573980554,0.3386644324612909,0.0
15670.0,4.352777777777778,0.2532983776506031,0.3091622141000903,0.0
15680.0,4.355555555555555,0.23115397283273387,0.17570562900786113,0.0
15690.0,4.358333333333333,0.20536413177860816,0.26628015570562025,0.0
15700.0,4.361111111111111,0.17633557568774208,0.07427085713615421,0.0
15710.0,4.363888888888889,0.14452610223051307,0.04704169585222185,0.0
15720.0,4.366666666666666,0.11043736580539998,0.13706962476093623,0.0
15730.0,4.3694444444444445,0.07460696614945929,0.17663074365273598,0.0
15740.0,4.372222222222222,0.0375999700692923,0.10803527958913348,0.0
15750.0,4.375,-8.828598605319533e-16,-0.0633226419879838,-0.0
15760.0,4.377777777777778,-0.037599970069294046,0.11270947402225634,0.0
15770.0,4.3805555555555555,-0.074606966149461,0.08698242388472877,0.0
15780.0,4.383333333333334,-0.11043736580540163,0.017633957633184292,0.0
15790.0,4.386111111111111,-0.1445261022305146,0.10523570920315715,0.0
15800.0,4.388888888888889,-0.1763355756877435,-0.0038550660324941305,-0.0
15810.0,4.391666666666667,-0.2053641317786094,0.0661324355266114,0.0
15820.0,4.394444444444445,-0.231153972832735,-0.028129589926492646,-0.0
15830.0,4.397222222222222,-0.2532983776506041,-0.04657471311222498,-0.0
15840.0,4.4,-0.2714481157398063,-0.11306979481843797,-0.0
15850.0,4.402777777777778,-0.28531695488854697,-0.27860092811309106,-0.0
15860.0,4.405555555555556,-0.2946861752186075,-0.315961037803672,-0.0
15870.0,4.408333333333333,-0.29940801852848137,-0.33193628582175716,-0.0
15880.0,4.411111111111111,-0.2994080185284815,-0.5003650188188771,-1.0
15890.0,4.413888888888889,-0.2946861752186062,-0.5406504587646881,-1.0
15900.0,4.416666666666667,-0.2853169548885448,-0.6666488845580012,-1.0
15910.0,4.419444444444444,-0.27144811573980693,-0.7122949564189003,-1.0
15920.0,4.4222222222222225,-0.25329837765060487,-0.7694029430619614,-1.0
15930.0,4.425,-0.23115397283273592,-0.6329159396032522,-1.0
15940.0,4.427777777777778,-0.20536413177860424,-0.46354161418443307,-0.0
15950.0,4.430555555555555,-0.1763355756877378,-0.3569634812659805,-0.0
15960.0,4.433333333333334,-0.1445261022305159,-0.26842462716596227,-0.0
15970.0,4.436111111111111,-0.11043736580540299,-0.05201375111920332,-0.0
15980.0,4.438888888888889,-0.07460696614945417,0.21429509684920003,0.0
15990.0,4.441666666666666,-0.037599970069287045,0.3108772074479491,0.0
16000.0,4.444444444444445,-2.351321854362918e-15,0.45802152954887465,0.0
16010.0,4.447222222222222,0.03759997006929084,0.5446594941951325,1.0
16020.0,4.45,0.07460696614945787,0.6204396283671686,1.0
16030.0,4.4527777777777775,0.11043736580540654,0.5478201790443464,1.0
16040.0,4.455555555555556,0.14452610223051923,0.5507703597905674,1.0
16050.0,4.458333333333333,0.17633557568774091,0.5652068847740682,1.0
16060.0,4.461111111111111,0.20536413177860705,0.45726884003614643,0.0
16070.0,4.463888888888889,0.2311539728327384,0.37141617055906667,0.0
16080.0,4.466666666666667,0.2532983776506069,0.4597680041597116,0.0
16090.0,4.469444444444444,0.27144811573980493,0.4476126157524093,0.0
16100.0,4.472222222222222,0.28531695488854597,0.47847219346175596,0.0
16110.0,4.475,0.2946861752186069,0.5010880036625501,1.0
16120.0,4.477777777777778,0.2994080185284817,0.46620732023651473,0.0
16130.0,4.480555555555555,0.29940801852848115,0.5046957426339967,1.0
16140.0,4.483333333333333,0.2946861752186068,0.4800942152852985,0.0
16150.0,4.486111111111111,0.2853169548885458,0.6032137515678305,1.0
16160.0,4.488888888888889,0.27144811573980465,0.5659858758428782,1.0
16170.0,4.491666666666666,0.25329837765060204,0.4183411883991965,0.0
16180.0,4.4944444444444445,0.231153972832738,0.38864893497496517,0.0
16190.0,4.497222222222222,0.2053641317786066,0.4173687441473507,0.0
16200.0,4.5,0.17633557568774041,0.43632250292838176,0.0
16210.0,4.502777777777778,0.14452610223051124,0.4195540191589703,0.0
16220.0,4.5055555555555555,0.110437365805406,0.42115697100037697,0.0
16230.0,4.508333333333334,0.0746069661494573,0.4039465221371424,0.0
16240.0,4.511111111111111,0.03759997006929026,0.2128135282627527,0.0
16250.0,4.513888888888889,-2.9410092598634125e-15,0.22760961360399254,0.0
16260.0,4.516666666666667,-0.037599970069296086,0.18021139026857058,0.0
16270.0,4.519444444444445,-0.07460696614945474,0.18080820326136715,0.0
16280.0,4.522222222222222,-0.11043736580540355,0.13551365155728354,0.0
16290.0,4.525,-0.1445261022305164,0.1104604837498974,0.0
16300.0,4.527777777777778,-0.17633557568774516,-0.04752018899352828,-0.0
16310.0,4.530555555555556,-0.20536413177860469,-0.12691521565900615,-0.0
16320.0,4.533333333333333,-0.23115397283273634,-0.26800329863139805,-0.0
16330.0,4.536111111111111,-0.2532983776506052,-0.2516594548761967,-0.0
16340.0,4.538888888888889,-0.2714481157398072,-0.2762033730086388,-0.0
16350.0,4.541666666666667,-0.28531695488854764,-0.23668917007070409,-0.0
16360.0,4.544444444444444,-0.2946861752186063,-0.22572839658704127,-0.0
16370.0,4.5472222222222225,-0.2994080185284815,-0.32776545738312435,-0.0
16380.0,4.55,-0.2994080185284813,-0.4184720434955358,-0.0
16390.0,4.552777777777778,-0.2946861752186058,-0.278525965413922,-0.0
16400.0,4.555555555555555,-0.2853169548885468,-0.3061685238536864,-0.0
16410.0,4.558333333333334,-0.27144811573980604,-0.10178770376611318,-0.0
16420.0,4.561111111111111,-0.25329837765060376,-0.015544511362343758,-0.0
16430.0,4.563888888888889,-0.23115397283273464,0.03802545175255509,0.0
16440.0,4.566666666666666,-0.20536413177860274,0.11341998115052737,0.0
16450.0,4.569444444444445,-0.17633557568774302,0.13348447609825145,0.0
16460.0,4.572222222222222,-0.14452610223051407,0.2651539471396352,0.0
16470.0,4.575,-0.11043736580540107,0.29475084467677176,0.0
16480.0,4.5777777777777775,-0.07460696614945217,0.1981980591056007,0.0
16490.0,4.580555555555556,-0.03759997006929346,0.25243323337344215,0.0
16500.0,4.583333333333333,-2.9317245503145873e-16,0.09917247283368402,0.0
16510.0,4.586111111111111,0.03759997006929288,0.12269929671466784,0.0
16520.0,4.588888888888889,0.07460696614945987,0.1274312912692115,0.0
16530.0,4.591666666666667,0.11043736580540846,0.12537176328392372,0.0
16540.0,4.594444444444444,0.14452610223051357,0.1351501007365553,0.0
16550.0,4.597222222222222,0.17633557568774258,0.08359111334506834,0.0
16560.0,4.6,0.20536413177860854,0.19842342611048305,0.0
16570.0,4.602777777777778,0.2311539728327397,0.3878161115504277,0.0
16580.0,4.605555555555555,0.2532983776506034,0.5802798530476804,1.0
16590.0,4.608333333333333,0.2714481157398058,0.7156032156462552,1.0
16600.0,4.611111111111111,0.28531695488854664,0.7278363881095458,1.0
16610.0,4.613888888888889,0.2946861752186073,0.7137258071685518,1.0
16620.0,4.616666666666666,0.2994080185284813,0.7676910702011543,1.0
16630.0,4.6194444444444445,0.29940801852848153,0.6913027587500243,1.0
16640.0,4.622222222222222,0.2946861752186064,0.6838354001502142,1.0
16650.0,4.625,0.2853169548885452,0.502610821833807,1.0
16660.0,4.627777777777778,0.2714481157398038,0.5316922464759336,1.0
16670.0,4.6305555555555555,0.2532983776506055,0.4218862185565579,0.0
16680.0,4.633333333333334,0.2311539728327367,0.34143827152415,0.0
16690.0,4.636111111111111,0.2053641317786051,0.1295391737078118,0.0
16700.0,4.638888888888889,0.17633557568773875,0.08844904799624942,0.0
16710.0,4.641666666666667,0.14452610223051693,0.10860001776519751,0.0
16720.0,4.644444444444445,0.11043736580540409,0.08119388721890458,0.0
16730.0,4.647222222222222,0.0746069661494553,0.05564157368795808,0.0
16740.0,4.65,0.03759997006928821,0.007382860687825948,0.0
16750.0,4.652777777777778,-4.999158659194871e-15,-0.2779358621470603,-0.0
16760.0,4.655555555555556,-0.037599970069289675,-0.41418718794512244,-0.0
16770.0,4.658333333333333,-0.07460696614945672,-0.5661431849081296,-1.0
16780.0,4.661111111111111,-0.11043736580540546,-0.37173178751433006,-0.0
16790.0,4.663888888888889,-0.1445261022305182,-0.445958572860925,-0.0
16800.0,4.666666666666667,-0.17633557568773994,-0.5519475856474969,-1.0
16810.0,4.669444444444444,-0.20536413177860618,-0.4936642565257708,-0.0
16820.0,4.6722222222222225,-0.23115397283273764,-0.488983560460777,-0.0
16830.0,4.675,-0.25329837765060625,-0.4569715951479758,-0.0
16840.0,4.677777777777778,-0.27144811573980804,-0.3020597806148979,-0.0
16850.0,4.680555555555555,-0.28531695488854564,-0.24634469044884325,-0.0
16860.0,4.683333333333334,-0.2946861752186067,-0.0672637136175504,-0.0
16870.0,4.686111111111111,-0.29940801852848165,0.04484562012318497,0.0
16880.0,4.688888888888889,-0.2994080185284812,0.03682298316202148,0.0
16890.0,4.691666666666666,-0.294686175218607,0.0349919550520553,0.0
16900.0,4.694444444444445,-0.2853169548885462,0.02352779738120249,0.0
16910.0,4.697222222222222,-0.2714481157398052,-0.032015935037268975,-0.0
16920.0,4.7,-0.25329837765060265,0.0035304772389398906,0.0
16930.0,4.7027777777777775,-0.2311539728327333,-0.05941383304280717,-0.0
16940.0,4.705555555555556,-0.2053641317786075,-0.0002699324934158056,-0.0
16950.0,4.708333333333333,-0.17633557568774136,-0.0064741410531077214,-0.0
16960.0,4.711111111111111,-0.14452610223051227,-0.17994252367052319,-0.0
16970.0,4.713888888888889,-0.11043736580539916,-0.0971068786414206,-0.0
16980.0,4.716666666666667,-0.07460696614945843,0.05814912273997581,0.0
16990.0,4.719444444444444,-0.03759997006929142,0.3294855205808201,0.0
17000.0,4.722222222222222,1.7649769443000004e-15,0.3793661009972732,0.0
17010.0,4.725,0.03759997006929492,0.47816705420786054,0.0
17020.0,4.727777777777778,0.07460696614946186,0.5627215962081971,1.0
17030.0,4.730555555555555,0.11043736580540243,0.3925987115368003,0.0
17040.0,4.733333333333333,0.14452610223051537,0.36564611841978933,0.0
17050.0,4.736111111111111,0.1763355756877442,0.3893493916571077,0.0
17060.0,4.738888888888889,0.20536413177861004,0.3924840196110737,0.0
17070.0,4.741666666666666,0.23115397283273556,0.31608850071673655,0.0
17080.0,4.7444444444444445,0.25329837765060453,0.05566182772387036,0.0
17090.0,4.747222222222222,0.2714481157398067,0.08258670983126308,0.0
17100.0,4.75,0.28531695488854725,0.06602900568847783,0.0
17110.0,4.752777777777778,0.2946861752186061,0.07374627864368967,0.0
17120.0,4.7555555555555555,0.2994080185284814,0.17918861201771122,0.0
17130.0,4.758333333333334,0.29940801852848137,0.30995017617440057,0.0
17140.0,4.761111111111111,0.294686175218606,0.3923747227663214,0.0
17150.0,4.763888888888889,0.2853169548885445,0.35534542732708224,0.0
17160.0,4.766666666666667,0.27144811573980654,0.4303005400315466,0.0
17170.0,4.769444444444445,0.25329837765060437,0.47912020688830637,0.0
17180.0,4.772222222222222,0.23115397283273537,0.45720118548017896,0.0
17190.0,4.775,0.2053641317786036,0.47723462918776094,0.0
17200.0,4.777777777777778,0.17633557568774397,0.466649611222502,0.0
17210.0,4.780555555555556,0.1445261022305151,0.5092904944150901,1.0
17220.0,4.783333333333333,0.11043736580540217,0.4247916032594872,0.0
17230.0,4.786111111111111,0.07460696614945331,0.330010432897738,0.0
17240.0,4.788888888888889,0.03759997006928617,0.3201778968264679,0.0
17250.0,4.791666666666667,1.4692047705948708e-15,0.2358467236856744,0.0
17260.0,4.794444444444444,-0.037599970069291715,0.07227734345355187,0.0
17270.0,4.7972222222222225,-0.07460696614945872,-0.011654489515524514,-0.0
17280.0,4.8,-0.11043736580540738,-0.1956730748634899,-0.0
17290.0,4.802777777777778,-0.14452610223051254,-0.19519014913853056,-0.0
17300.0,4.805555555555555,-0.1763355756877416,-0.28879295581086073,-0.0
17310.0,4.808333333333334,-0.20536413177860768,-0.364226647356926,-0.0
17320.0,4.811111111111111,-0.23115397283273892,-0.4018086254522301,-0.0
17330.0,4.813888888888889,-0.25329837765060736,-0.3023737855402924,-0.0
17340.0,4.816666666666666,-0.2714481157398053,-0.38201104940418573,-0.0
17350.0,4.819444444444445,-0.28531695488854625,-0.3960554826196587,-0.0
17360.0,4.822222222222222,-0.29468617521860707,-0.39931277423344547,-0.0
17370.0,4.825,-0.2994080185284817,-0.31486844036260764,-0.0
17380.0,4.8277777777777775,-0.2994080185284816,-0.407282912021902,-0.0
17390.0,4.830555555555556,-0.2946861752186066,-0.344147558380145,-0.0
17400.0,4.833333333333333,-0.2853169548885455,-0.3209072762926965,-0.0
17410.0,4.836111111111111,-0.2714481157398043,-0.375257609734058,-0.0
17420.0,4.838888888888889,-0.25329837765060154,-0.4081616522634195,-0.0
17430.0,4.841666666666667,-0.23115397283273742,-0.4342622019619412,-0.0
17440.0,4.844444444444444,-0.205364131778606,-0.25584524997109676,-0.0
17450.0,4.847222222222222,-0.1763355756877397,-0.26562736233026396,-0.0
17460.0,4.85,-0.1445261022305105,-0.32868018187630405,-0.0
17470.0,4.852777777777778,-0.11043736580540517,-0.21246292069990677,-0.0
17480.0,4.855555555555555,-0.07460696614945644,-0.2527605515390011,-0.0
17490.0,4.858333333333333,-0.037599970069289376,-0.15654604879693235,-0.0
17500.0,4.861111111111111,3.82312634363146e-15,-0.09232535739158279,-0.0
17510.0,4.863888888888889,0.03759997006928851,-0.14728608607194998,-0.0
17520.0,4.866666666666666,0.0746069661494556,-0.010535489953718483,-0.0
17530.0,4.8694444444444445,0.11043736580540435,0.20130033747486317,0.0
17540.0,4.872222222222222,0.14452610223051718,0.2340024596790544,0.0
17550.0,4.875,0.17633557568774585,0.4184509665331213,0.0
17560.0,4.877777777777778,0.20536413177860535,0.3427156118773675,0.0
17570.0,4.8805555555555555,0.2311539728327369,0.3492313860957129,0.0
17580.0,4.883333333333334,0.25329837765060564,0.3088238783366726,0.0
17590.0,4.886111111111111,0.27144811573980754,0.3863922861414298,0.0
17600.0,4.888888888888889,0.28531695488854525,0.6550589316553364,1.0
17610.0,4.891666666666667,0.29468617521860646,0.4876343099505143,0.0
17620.0,4.894444444444445,0.29940801852848153,0.30240897219693275,0.0
17630.0,4.897222222222222,0.29940801852848126,0.38763937319595304,0.0
17640.0,4.9,0.29468617521860563,0.3297173105484226,0.0
17650.0,4.902777777777778,0.2853169548885465,0.3958485017224007,0.0
17660.0,4.905555555555556,0.2714481157398057,0.3212901138692318,0.0
17670.0,4.908333333333333,0.25329837765060326,0.34893213207338114,0.0
17680.0,4.911111111111111,0.23115397283273406,0.29534548580318754,0.0
17690.0,4.913888888888889,0.20536413177860835,0.08958431161310994,0.0
17700.0,4.916666666666667,0.17633557568774233,0.17711825494529834,0.0
17710.0,4.919444444444444,0.14452610223051332,0.05046301235241171,0.0
17720.0,4.9222222222222225,0.11043736580540026,0.03356684586053267,0.0
17730.0,4.925,0.07460696614945131,0.005038128198400706,0.0
17740.0,4.927777777777778,0.03759997006929259,-0.09427317756757794,-0.0
17750.0,4.930555555555555,-5.889446287365885e-16,0.024484261260748295,0.0
17760.0,4.933333333333334,-0.037599970069293755,-0.030747179000020206,-0.0
17770.0,4.936111111111111,-0.07460696614946072,-0.06840066604529842,-0.0
17780.0,4.938888888888889,-0.11043736580540135,-0.20094971438682405,-0.0
17790.0,4.941666666666666,-0.14452610223051435,-0.18245394772784504,-0.0
17800.0,4.944444444444445,-0.17633557568774327,-0.2581545125920648,-0.0
17810.0,4.947222222222222,-0.2053641317786092,-0.29703009980670836,-0.0
17820.0,4.95,-0.23115397283274025,-0.47096286574396007,-0.0
17830.0,4.9527777777777775,-0.2532983776506039,-0.4877430185785593,-0.0
17840.0,4.955555555555556,-0.2714481157398062,-0.5490366655502668,-1.0
17850.0,4.958333333333333,-0.28531695488854686,-0.5534030435414794,-1.0
17860.0,4.961111111111111,-0.29468617521860746,-0.5695964490161923,-1.0
17870.0,4.963888888888889,-0.2994080185284813,-0.48732985759225794,-0.0
17880.0,4.966666666666667,-0.2994080185284815,-0.6791320973017149,-1.0
17890.0,4.969444444444444,-0.29468617521860624,-0.6384432536054002,-1.0
17900.0,4.972222222222222,-0.28531695488854486,-0.5049077683950909,-1.0
17910.0,4.975,-0.27144811573980343,-0.42562820276985464,-0.0
17920.0,4.977777777777778,-0.25329837765060503,-0.3995100696853322,-0.0
17930.0,4.980555555555555,-0.23115397283273614,-0.4110903979699532,-0.0
17940.0,4.983333333333333,-0.2053641317786045,-0.5201465204553795,-1.0
17950.0,4.986111111111111,-0.17633557568773803,-0.4142265943049017,-0.0
17960.0,4.988888888888889,-0.14452610223051615,,
17970.0,4.991666666666666,-0.11043736580540325,,
17980.0,4.9944444444444445,-0.07460696614945446,,
17990.0,4.997222222222222,-0.037599970069287336,,
