time,value,time [s],norm_data
2026-06-24 13:58:00.227852+02:00,25.403,0.0,-0.04973584443173351
2026-06-24 13:58:00.526169+02:00,25.403,0.298317,-0.04973584443173351
2026-06-24 13:58:00.822636+02:00,25.403,0.594784,-0.04973584443173351
2026-06-24 13:58:01.113077+02:00,25.403,0.885225,-0.04973584443173351
2026-06-24 13:58:01.405652+02:00,25.397,1.1778,-0.05573584443173374
2026-06-24 13:58:01.693868+02:00,25.397,1.466016,-0.05573584443173374
2026-06-24 13:58:01.996608+02:00,25.4,1.768756,-0.052735844431733625
2026-06-24 13:58:02.287993+02:00,25.399,2.060141,-0.053735844431731294
2026-06-24 13:58:02.579219+02:00,25.397,2.351367,-0.05573584443173374
2026-06-24 13:58:02.874797+02:00,25.396,2.646945,-0.05673584443173141
2026-06-24 13:58:03.169550+02:00,25.394,2.941698,-0.05873584443173385
2026-06-24 13:58:03.465520+02:00,25.395,3.237668,-0.05773584443173263
2026-06-24 13:58:03.756876+02:00,25.397,3.529024,-0.05573584443173374
2026-06-24 13:58:04.052997+02:00,25.395,3.825145,-0.05773584443173263
2026-06-24 13:58:04.352369+02:00,25.395,4.124517,-0.05773584443173263
2026-06-24 13:58:04.649821+02:00,25.397,4.421969,-0.05573584443173374
2026-06-24 13:58:04.948888+02:00,25.391,4.721036,-0.061735844431733966
2026-06-24 13:58:05.243640+02:00,25.394,5.015788,-0.05873584443173385
2026-06-24 13:58:05.536919+02:00,25.391,5.309067,-0.061735844431733966
2026-06-24 13:58:05.832159+02:00,25.392,5.604307,-0.060735844431732744
2026-06-24 13:58:06.123053+02:00,25.395,5.895201,-0.05773584443173263
2026-06-24 13:58:06.422364+02:00,25.391,6.194512,-0.061735844431733966
2026-06-24 13:58:06.714669+02:00,25.393,6.486817,-0.05973584443173152
2026-06-24 13:58:07.006509+02:00,25.393,6.778657,-0.05973584443173152
2026-06-24 13:58:07.302420+02:00,25.391,7.074568,-0.061735844431733966
2026-06-24 13:58:07.601975+02:00,25.39,7.374123,-0.06273584443173164
2026-06-24 13:58:07.901319+02:00,25.391,7.673467,-0.061735844431733966
2026-06-24 13:58:08.201330+02:00,25.391,7.973478,-0.061735844431733966
2026-06-24 13:58:08.499390+02:00,25.391,8.271538,-0.061735844431733966
2026-06-24 13:58:08.790284+02:00,25.389,8.562432,-0.06373584443173286
2026-06-24 13:58:09.084110+02:00,25.387,8.856258,-0.06573584443173175
2026-06-24 13:58:09.378713+02:00,25.388,9.150861,-0.06473584443173053
2026-06-24 13:58:09.671782+02:00,25.387,9.44393,-0.06573584443173175
2026-06-24 13:58:09.964263+02:00,25.386,9.736411,-0.06673584443173297
2026-06-24 13:58:10.257463+02:00,25.387,10.029611,-0.06573584443173175
2026-06-24 13:58:10.556891+02:00,25.385,10.329039,-0.06773584443173064
2026-06-24 13:58:10.850689+02:00,25.386,10.622837,-0.06673584443173297
2026-06-24 13:58:11.147641+02:00,25.386,10.919789,-0.06673584443173297
2026-06-24 13:58:11.443233+02:00,25.386,11.215381,-0.06673584443173297
2026-06-24 13:58:11.740523+02:00,25.386,11.512671,-0.06673584443173297
2026-06-24 13:58:12.046469+02:00,25.384,11.818617,-0.06873584443173186
2026-06-24 13:58:12.339657+02:00,25.386,12.111805,-0.06673584443173297
2026-06-24 13:58:12.636454+02:00,25.385,12.408602,-0.06773584443173064
2026-06-24 13:58:12.929976+02:00,25.383,12.702124,-0.06973584443173309
2026-06-24 13:58:13.224725+02:00,25.382,12.996873,-0.07073584443173075
2026-06-24 13:58:13.514928+02:00,25.381,13.287076,-0.07173584443173198
2026-06-24 13:58:13.807657+02:00,25.379,13.579805,-0.07373584443173087
2026-06-24 13:58:14.103764+02:00,25.381,13.875912,-0.07173584443173198
2026-06-24 13:58:14.397957+02:00,25.381,14.170105,-0.07173584443173198
2026-06-24 13:58:14.691521+02:00,25.38,14.463669,-0.0727358444317332
2026-06-24 13:58:14.986718+02:00,25.38,14.758866,-0.0727358444317332
2026-06-24 13:58:15.276855+02:00,25.378,15.049003,-0.07473584443173209
2026-06-24 13:58:15.569346+02:00,25.377,15.341494,-0.07573584443173331
2026-06-24 13:58:15.864707+02:00,25.377,15.636855,-0.07573584443173331
2026-06-24 13:58:16.158540+02:00,25.378,15.930688,-0.07473584443173209
2026-06-24 13:58:16.456860+02:00,25.374,16.229008,-0.07873584443173343
2026-06-24 13:58:16.753422+02:00,25.372,16.52557,-0.08073584443173232
2026-06-24 13:58:17.051678+02:00,25.376,16.823826,-0.07673584443173098
2026-06-24 13:58:17.342354+02:00,25.373,17.114502,-0.0797358444317311
2026-06-24 13:58:17.636484+02:00,25.374,17.408632,-0.07873584443173343
2026-06-24 13:58:17.931084+02:00,25.373,17.703232,-0.0797358444317311
2026-06-24 13:58:18.224125+02:00,25.372,17.996273,-0.08073584443173232
2026-06-24 13:58:18.519837+02:00,25.369,18.291985,-0.08373584443173243
2026-06-24 13:58:18.818171+02:00,25.371,18.590319,-0.08173584443173354
2026-06-24 13:58:19.119905+02:00,25.371,18.892053,-0.08173584443173354
2026-06-24 13:58:19.425293+02:00,25.372,19.197441,-0.08073584443173232
2026-06-24 13:58:19.719396+02:00,25.373,19.491544,-0.0797358444317311
2026-06-24 13:58:20.016451+02:00,25.369,19.788599,-0.08373584443173243
2026-06-24 13:58:20.310113+02:00,25.369,20.082261,-0.08373584443173243
2026-06-24 13:58:20.604113+02:00,25.365,20.376261,-0.08773584443173377
2026-06-24 13:58:20.894289+02:00,25.367,20.666437,-0.08573584443173132
2026-06-24 13:58:21.189482+02:00,25.365,20.96163,-0.08773584443173377
2026-06-24 13:58:21.481692+02:00,25.368,21.25384,-0.08473584443173365
2026-06-24 13:58:21.779799+02:00,25.367,21.551947,-0.08573584443173132
2026-06-24 13:58:22.074809+02:00,25.363,21.846957,-0.08973584443173266
2026-06-24 13:58:22.364921+02:00,25.365,22.137069,-0.08773584443173377
2026-06-24 13:58:22.656934+02:00,25.365,22.429082,-0.08773584443173377
2026-06-24 13:58:22.948685+02:00,25.367,22.720833,-0.08573584443173132
2026-06-24 13:58:23.239908+02:00,25.364,23.012056,-0.08873584443173144
2026-06-24 13:58:23.530726+02:00,25.363,23.302874,-0.08973584443173266
2026-06-24 13:58:23.822895+02:00,25.363,23.595043,-0.08973584443173266
2026-06-24 13:58:24.113842+02:00,25.363,23.88599,-0.08973584443173266
2026-06-24 13:58:24.405583+02:00,25.363,24.177731,-0.08973584443173266
2026-06-24 13:58:24.698933+02:00,25.365,24.471081,-0.08773584443173377
2026-06-24 13:58:24.995680+02:00,25.362,24.767828,-0.09073584443173388
2026-06-24 13:58:25.286287+02:00,25.362,25.058435,-0.09073584443173388
2026-06-24 13:58:25.582215+02:00,25.362,25.354363,-0.09073584443173388
2026-06-24 13:58:25.874861+02:00,25.361,25.647009,-0.09173584443173155
2026-06-24 13:58:26.167673+02:00,25.358,25.939821,-0.09473584443173166
2026-06-24 13:58:26.457897+02:00,25.356,26.230045,-0.09673584443173056
2026-06-24 13:58:26.753431+02:00,25.356,26.525579,-0.09673584443173056
2026-06-24 13:58:27.044250+02:00,25.356,26.816398,-0.09673584443173056
2026-06-24 13:58:27.335743+02:00,25.357,27.107891,-0.09573584443173289
2026-06-24 13:58:27.629478+02:00,25.354,27.401626,-0.098735844431733
2026-06-24 13:58:27.922441+02:00,25.355,27.694589,-0.09773584443173178
2026-06-24 13:58:28.215739+02:00,25.353,27.987887,-0.09973584443173067
2026-06-24 13:58:28.507066+02:00,25.353,28.279214,-0.09973584443173067
2026-06-24 13:58:28.799471+02:00,25.351,28.571619,-0.10173584443173311
2026-06-24 13:58:29.093406+02:00,25.351,28.865554,-0.10173584443173311
2026-06-24 13:58:29.389267+02:00,25.35,29.161415,-0.10273584443173078
2026-06-24 13:58:29.684993+02:00,25.351,29.457141,-0.10173584443173311
2026-06-24 13:58:29.979480+02:00,25.349,29.751628,-0.103735844431732
2026-06-24 13:58:30.271663+02:00,25.347,30.043811,-0.1057358444317309
2026-06-24 13:58:30.565719+02:00,25.348,30.337867,-0.10473584443173323
2026-06-24 13:58:30.857458+02:00,25.349,30.629606,-0.103735844431732
2026-06-24 13:58:31.147705+02:00,25.348,30.919853,-0.10473584443173323
2026-06-24 13:58:31.439048+02:00,25.347,31.211196,-0.1057358444317309
2026-06-24 13:58:31.732876+02:00,25.346,31.505024,-0.10673584443173212
2026-06-24 13:58:32.025923+02:00,25.347,31.798071,-0.1057358444317309
2026-06-24 13:58:32.317889+02:00,25.345,32.090037,-0.10773584443173334
2026-06-24 13:58:32.608273+02:00,25.346,32.380421,-0.10673584443173212
2026-06-24 13:58:32.902390+02:00,25.345,32.674538,-0.10773584443173334
2026-06-24 13:58:33.204657+02:00,25.345,32.976805,-0.10773584443173334
2026-06-24 13:58:33.507023+02:00,25.345,33.279171,-0.10773584443173334
2026-06-24 13:58:33.806542+02:00,25.343,33.57869,-0.10973584443173223
2026-06-24 13:58:34.106850+02:00,25.343,33.878998,-0.10973584443173223
2026-06-24 13:58:34.409477+02:00,25.341,34.181625,-0.11173584443173112
2026-06-24 13:58:34.710075+02:00,25.343,34.482223,-0.10973584443173223
2026-06-24 13:58:35.011767+02:00,25.343,34.783915,-0.10973584443173223
2026-06-24 13:58:35.308578+02:00,25.342,35.080726,-0.11073584443173345
2026-06-24 13:58:35.605312+02:00,25.341,35.37746,-0.11173584443173112
2026-06-24 13:58:35.904104+02:00,25.34,35.676252,-0.11273584443173235
2026-06-24 13:58:36.198492+02:00,25.338,35.97064,-0.11473584443173124
2026-06-24 13:58:36.493147+02:00,25.339,36.265295,-0.11373584443173357
2026-06-24 13:58:36.783422+02:00,25.337,36.55557,-0.11573584443173246
2026-06-24 13:58:37.076682+02:00,25.337,36.84883,-0.11573584443173246
2026-06-24 13:58:37.368464+02:00,25.337,37.140612,-0.11573584443173246
2026-06-24 13:58:37.661291+02:00,25.337,37.433439,-0.11573584443173246
2026-06-24 13:58:37.953598+02:00,25.335,37.725746,-0.11773584443173135
2026-06-24 13:58:38.244707+02:00,25.335,38.016855,-0.11773584443173135
2026-06-24 13:58:38.535144+02:00,25.335,38.307292,-0.11773584443173135
2026-06-24 13:58:38.825974+02:00,25.336,38.598122,-0.11673584443173368
2026-06-24 13:58:39.119291+02:00,25.335,38.891439,-0.11773584443173135
2026-06-24 13:58:39.410148+02:00,25.335,39.182296,-0.11773584443173135
2026-06-24 13:58:39.702491+02:00,25.333,39.474639,-0.1197358444317338
2026-06-24 13:58:39.994629+02:00,25.335,39.766777,-0.11773584443173135
2026-06-24 13:58:40.289818+02:00,25.334,40.061966,-0.11873584443173257
2026-06-24 13:58:40.586764+02:00,25.333,40.358912,-0.1197358444317338
2026-06-24 13:58:40.879776+02:00,25.333,40.651924,-0.1197358444317338
2026-06-24 13:58:41.171506+02:00,25.333,40.943654,-0.1197358444317338
2026-06-24 13:58:41.465019+02:00,25.333,41.237167,-0.1197358444317338
2026-06-24 13:58:41.756287+02:00,25.332,41.528435,-0.12073584443173146
2026-06-24 13:58:42.046459+02:00,25.329,41.818607,-0.12373584443173158
2026-06-24 13:58:42.341499+02:00,25.327,42.113647,-0.12573584443173047
2026-06-24 13:58:42.631691+02:00,25.326,42.403839,-0.1267358444317317
2026-06-24 13:58:42.925150+02:00,25.327,42.697298,-0.12573584443173047
2026-06-24 13:58:43.224020+02:00,25.327,42.996168,-0.12573584443173047
2026-06-24 13:58:43.513894+02:00,25.326,43.286042,-0.1267358444317317
2026-06-24 13:58:43.811601+02:00,25.323,43.583749,-0.1297358444317318
2026-06-24 13:58:44.103983+02:00,25.322,43.876131,-0.13073584443173303
2026-06-24 13:58:44.397442+02:00,25.324,44.16959,-0.12873584443173058
2026-06-24 13:58:44.695313+02:00,25.326,44.467461,-0.1267358444317317
2026-06-24 13:58:44.986463+02:00,25.321,44.758611,-0.1317358444317307
2026-06-24 13:58:45.277583+02:00,25.323,45.049731,-0.1297358444317318
2026-06-24 13:58:45.568673+02:00,25.322,45.340821,-0.13073584443173303
2026-06-24 13:58:45.861022+02:00,25.321,45.63317,-0.1317358444317307
2026-06-24 13:58:46.168475+02:00,25.321,45.940623,-0.1317358444317307
2026-06-24 13:58:46.458725+02:00,25.319,46.230873,-0.13373584443173314
2026-06-24 13:58:46.755914+02:00,25.318,46.528062,-0.1347358444317308
2026-06-24 13:58:47.052572+02:00,25.316,46.82472,-0.13673584443173326
2026-06-24 13:58:47.341654+02:00,25.314,47.113802,-0.13873584443173215
2026-06-24 13:58:47.636103+02:00,25.312,47.408251,-0.14073584443173104
2026-06-24 13:58:47.933480+02:00,25.314,47.705628,-0.13873584443173215
2026-06-24 13:58:48.225822+02:00,25.315,47.99797,-0.13773584443173092
2026-06-24 13:58:48.515909+02:00,25.315,48.288057,-0.13773584443173092
2026-06-24 13:58:48.808589+02:00,25.315,48.580737,-0.13773584443173092
2026-06-24 13:58:49.100700+02:00,25.313,48.872848,-0.13973584443173337
2026-06-24 13:58:49.390326+02:00,25.312,49.162474,-0.14073584443173104
2026-06-24 13:58:49.682922+02:00,25.31,49.45507,-0.14273584443173348
2026-06-24 13:58:49.983706+02:00,25.309,49.755854,-0.14373584443173115
2026-06-24 13:58:50.275624+02:00,25.309,50.047772,-0.14373584443173115
2026-06-24 13:58:50.566102+02:00,25.308,50.33825,-0.14473584443173237
2026-06-24 13:58:50.857677+02:00,25.306,50.629825,-0.14673584443173127
2026-06-24 13:58:51.149094+02:00,25.307,50.921242,-0.1457358444317336
2026-06-24 13:58:51.451525+02:00,25.309,51.223673,-0.14373584443173115
2026-06-24 13:58:51.750377+02:00,25.306,51.522525,-0.14673584443173127
2026-06-24 13:58:52.047427+02:00,25.305,51.819575,-0.1477358444317325
2026-06-24 13:58:52.349614+02:00,25.304,52.121762,-0.1487358444317337
2026-06-24 13:58:52.644125+02:00,25.303,52.416273,-0.14973584443173138
2026-06-24 13:58:52.935513+02:00,25.301,52.707661,-0.15173584443173382
2026-06-24 13:58:53.233585+02:00,25.303,53.005733,-0.14973584443173138
2026-06-24 13:58:53.529367+02:00,25.302,53.301515,-0.1507358444317326
2026-06-24 13:58:53.820883+02:00,25.302,53.593031,-0.1507358444317326
2026-06-24 13:58:54.116122+02:00,25.298,53.88827,-0.15473584443173394
2026-06-24 13:58:54.412015+02:00,25.298,54.184163,-0.15473584443173394
2026-06-24 13:58:54.704051+02:00,25.3,54.476199,-0.1527358444317315
2026-06-24 13:58:54.995151+02:00,25.298,54.767299,-0.15473584443173394
2026-06-24 13:58:55.291842+02:00,25.296,55.06399,-0.15673584443173283
2026-06-24 13:58:55.584710+02:00,25.299,55.356858,-0.15373584443173272
2026-06-24 13:58:55.876935+02:00,25.296,55.649083,-0.15673584443173283
2026-06-24 13:58:56.170542+02:00,25.296,55.94269,-0.15673584443173283
2026-06-24 13:58:56.462261+02:00,25.294,56.234409,-0.15873584443173172
2026-06-24 13:58:56.753199+02:00,25.293,56.525347,-0.15973584443173294
2026-06-24 13:58:57.046656+02:00,25.293,56.818804,-0.15973584443173294
2026-06-24 13:58:57.339201+02:00,25.294,57.111349,-0.15873584443173172
2026-06-24 13:58:57.633575+02:00,25.294,57.405723,-0.15873584443173172
2026-06-24 13:58:57.923283+02:00,25.292,57.695431,-0.1607358444317306
2026-06-24 13:58:58.222671+02:00,25.291,57.994819,-0.16173584443173183
2026-06-24 13:58:58.514459+02:00,25.291,58.286607,-0.16173584443173183
2026-06-24 13:58:58.807829+02:00,25.288,58.579977,-0.16473584443173195
2026-06-24 13:58:59.100923+02:00,25.288,58.873071,-0.16473584443173195
2026-06-24 13:58:59.392440+02:00,25.289,59.164588,-0.16373584443173073
2026-06-24 13:58:59.690403+02:00,25.287,59.462551,-0.16573584443173317
2026-06-24 13:58:59.987616+02:00,25.283,59.759764,-0.16973584443173095
2026-06-24 13:59:00.281342+02:00,25.285,60.05349,-0.16773584443173206
2026-06-24 13:59:00.571425+02:00,25.286,60.343573,-0.16673584443173084
2026-06-24 13:59:00.862298+02:00,25.281,60.634446,-0.1717358444317334
2026-06-24 13:59:01.156479+02:00,25.282,60.928627,-0.17073584443173218
2026-06-24 13:59:01.446342+02:00,25.282,61.21849,-0.17073584443173218
2026-06-24 13:59:01.738907+02:00,25.278,61.511055,-0.1747358444317335
2026-06-24 13:59:02.036558+02:00,25.281,61.808706,-0.1717358444317334
2026-06-24 13:59:02.330110+02:00,25.282,62.102258,-0.17073584443173218
2026-06-24 13:59:02.622775+02:00,25.278,62.394923,-0.1747358444317335
2026-06-24 13:59:02.912538+02:00,25.277,62.684686,-0.17573584443173118
2026-06-24 13:59:03.204532+02:00,25.278,62.97668,-0.1747358444317335
2026-06-24 13:59:03.495532+02:00,25.278,63.26768,-0.1747358444317335
2026-06-24 13:59:03.788551+02:00,25.274,63.560699,-0.1787358444317313
2026-06-24 13:59:04.088369+02:00,25.274,63.860517,-0.1787358444317313
2026-06-24 13:59:04.386521+02:00,25.276,64.158669,-0.1767358444317324
2026-06-24 13:59:04.677025+02:00,25.273,64.449173,-0.17973584443173252
2026-06-24 13:59:04.971281+02:00,25.269,64.743429,-0.18373584443173385
2026-06-24 13:59:05.267687+02:00,25.27,65.039835,-0.18273584443173263
2026-06-24 13:59:05.569338+02:00,25.271,65.341486,-0.1817358444317314
2026-06-24 13:59:05.868424+02:00,25.272,65.640572,-0.18073584443173374
2026-06-24 13:59:06.158671+02:00,25.271,65.930819,-0.1817358444317314
2026-06-24 13:59:06.452261+02:00,25.268,66.224409,-0.18473584443173152
2026-06-24 13:59:06.746434+02:00,25.269,66.518582,-0.18373584443173385
2026-06-24 13:59:07.036359+02:00,25.268,66.808507,-0.18473584443173152
2026-06-24 13:59:07.326365+02:00,25.266,67.098513,-0.18673584443173397
2026-06-24 13:59:07.618076+02:00,25.264,67.390224,-0.18873584443173286
2026-06-24 13:59:07.911241+02:00,25.262,67.683389,-0.19073584443173175
2026-06-24 13:59:08.201469+02:00,25.263,67.973617,-0.18973584443173053
2026-06-24 13:59:08.501096+02:00,25.259,68.273244,-0.19373584443173186
2026-06-24 13:59:08.801236+02:00,25.262,68.573384,-0.19073584443173175
2026-06-24 13:59:09.098003+02:00,25.261,68.870151,-0.19173584443173297
2026-06-24 13:59:09.388844+02:00,25.262,69.160992,-0.19073584443173175
2026-06-24 13:59:09.681956+02:00,25.262,69.454104,-0.19073584443173175
2026-06-24 13:59:09.972982+02:00,25.261,69.74513,-0.19173584443173297
2026-06-24 13:59:10.273090+02:00,25.258,70.045238,-0.19473584443173309
2026-06-24 13:59:10.564108+02:00,25.258,70.336256,-0.19473584443173309
2026-06-24 13:59:10.861895+02:00,25.258,70.634043,-0.19473584443173309
2026-06-24 13:59:11.155322+02:00,25.258,70.92747,-0.19473584443173309
2026-06-24 13:59:11.449320+02:00,25.258,71.221468,-0.19473584443173309
2026-06-24 13:59:11.739339+02:00,25.255,71.511487,-0.1977358444317332
2026-06-24 13:59:12.029679+02:00,25.253,71.801827,-0.1997358444317321
2026-06-24 13:59:12.321829+02:00,25.254,72.093977,-0.19873584443173087
2026-06-24 13:59:12.619077+02:00,25.253,72.391225,-0.1997358444317321
2026-06-24 13:59:12.912176+02:00,25.251,72.684324,-0.20173584443173098
2026-06-24 13:59:13.202438+02:00,25.25,72.974586,-0.2027358444317322
2026-06-24 13:59:13.492364+02:00,25.251,73.264512,-0.20173584443173098
2026-06-24 13:59:13.786290+02:00,25.25,73.558438,-0.2027358444317322
2026-06-24 13:59:14.077119+02:00,25.25,73.849267,-0.2027358444317322
2026-06-24 13:59:14.372095+02:00,25.249,74.144243,-0.20373584443173343
2026-06-24 13:59:14.662296+02:00,25.251,74.434444,-0.20173584443173098
2026-06-24 13:59:14.963926+02:00,25.25,74.736074,-0.2027358444317322
2026-06-24 13:59:15.254303+02:00,25.247,75.026451,-0.20573584443173232
2026-06-24 13:59:15.550055+02:00,25.245,75.322203,-0.2077358444317312
2026-06-24 13:59:15.840926+02:00,25.244,75.613074,-0.20873584443173243
2026-06-24 13:59:16.132396+02:00,25.246,75.904544,-0.20673584443173354
2026-06-24 13:59:16.427670+02:00,25.243,76.199818,-0.20973584443173365
2026-06-24 13:59:16.722505+02:00,25.242,76.494653,-0.21073584443173132
2026-06-24 13:59:17.013812+02:00,25.241,76.78596,-0.21173584443173254
2026-06-24 13:59:17.310019+02:00,25.242,77.082167,-0.21073584443173132
2026-06-24 13:59:17.601574+02:00,25.241,77.373722,-0.21173584443173254
2026-06-24 13:59:17.900856+02:00,25.241,77.673004,-0.21173584443173254
2026-06-24 13:59:18.200942+02:00,25.239,77.97309,-0.21373584443173144
2026-06-24 13:59:18.502060+02:00,25.239,78.274208,-0.21373584443173144
2026-06-24 13:59:18.800786+02:00,25.236,78.572934,-0.21673584443173155
2026-06-24 13:59:19.095141+02:00,25.238,78.867289,-0.21473584443173266
2026-06-24 13:59:19.386443+02:00,25.237,79.158591,-0.21573584443173388
2026-06-24 13:59:19.677412+02:00,25.234,79.44956,-0.21873584443173044
2026-06-24 13:59:19.973745+02:00,25.234,79.745893,-0.21873584443173044
2026-06-24 13:59:20.267178+02:00,25.233,80.039326,-0.21973584443173166
2026-06-24 13:59:20.558975+02:00,25.233,80.331123,-0.21973584443173166
2026-06-24 13:59:20.861100+02:00,25.231,80.633248,-0.22173584443173056
2026-06-24 13:59:21.163429+02:00,25.234,80.935577,-0.21873584443173044
2026-06-24 13:59:21.460834+02:00,25.23,81.232982,-0.22273584443173178
2026-06-24 13:59:21.756907+02:00,25.231,81.529055,-0.22173584443173056
2026-06-24 13:59:22.047837+02:00,25.229,81.819985,-0.223735844431733
2026-06-24 13:59:22.338265+02:00,25.227,82.110413,-0.2257358444317319
2026-06-24 13:59:22.628598+02:00,25.227,82.400746,-0.2257358444317319
2026-06-24 13:59:22.919837+02:00,25.224,82.691985,-0.228735844431732
2026-06-24 13:59:23.210767+02:00,25.226,82.982915,-0.2267358444317331
2026-06-24 13:59:23.508259+02:00,25.224,83.280407,-0.228735844431732
2026-06-24 13:59:23.811197+02:00,25.223,83.583345,-0.22973584443173323
2026-06-24 13:59:24.110494+02:00,25.223,83.882642,-0.22973584443173323
2026-06-24 13:59:24.401050+02:00,25.219,84.173198,-0.233735844431731
2026-06-24 13:59:24.696142+02:00,25.222,84.46829,-0.2307358444317309
2026-06-24 13:59:24.993753+02:00,25.219,84.765901,-0.233735844431731
2026-06-24 13:59:25.283938+02:00,25.219,85.056086,-0.233735844431731
2026-06-24 13:59:25.574980+02:00,25.218,85.347128,-0.23473584443173223
2026-06-24 13:59:25.866561+02:00,25.217,85.638709,-0.23573584443173345
2026-06-24 13:59:26.158607+02:00,25.217,85.930755,-0.23573584443173345
2026-06-24 13:59:26.452383+02:00,25.217,86.224531,-0.23573584443173345
2026-06-24 13:59:26.741659+02:00,25.216,86.513807,-0.23673584443173112
2026-06-24 13:59:27.033917+02:00,25.213,86.806065,-0.23973584443173124
2026-06-24 13:59:27.326504+02:00,25.21,87.098652,-0.24273584443173135
2026-06-24 13:59:27.620274+02:00,25.21,87.392422,-0.24273584443173135
2026-06-24 13:59:27.912390+02:00,25.208,87.684538,-0.2447358444317338
2026-06-24 13:59:28.209509+02:00,25.209,87.981657,-0.24373584443173257
2026-06-24 13:59:28.502172+02:00,25.207,88.27432,-0.24573584443173146
2026-06-24 13:59:28.794199+02:00,25.21,88.566347,-0.24273584443173135
2026-06-24 13:59:29.090927+02:00,25.207,88.863075,-0.24573584443173146
2026-06-24 13:59:29.385015+02:00,25.206,89.157163,-0.2467358444317327
2026-06-24 13:59:29.682953+02:00,25.203,89.455101,-0.2497358444317328
2026-06-24 13:59:29.972483+02:00,25.202,89.744631,-0.25073584443173047
2026-06-24 13:59:30.265221+02:00,25.202,90.037369,-0.25073584443173047
2026-06-24 13:59:30.560314+02:00,25.204,90.332462,-0.24873584443173158
2026-06-24 13:59:30.863041+02:00,25.202,90.635189,-0.25073584443173047
2026-06-24 13:59:31.153917+02:00,25.2,90.926065,-0.2527358444317329
2026-06-24 13:59:31.447290+02:00,25.2,91.219438,-0.2527358444317329
2026-06-24 13:59:31.740149+02:00,25.199,91.512297,-0.2537358444317306
2026-06-24 13:59:32.031694+02:00,25.2,91.803842,-0.2527358444317329
2026-06-24 13:59:32.323005+02:00,25.198,92.095153,-0.2547358444317318
2026-06-24 13:59:32.615576+02:00,25.195,92.387724,-0.2577358444317319
2026-06-24 13:59:32.909947+02:00,25.197,92.682095,-0.25573584443173303
2026-06-24 13:59:33.210159+02:00,25.196,92.982307,-0.2567358444317307
2026-06-24 13:59:33.500488+02:00,25.194,93.272636,-0.25873584443173314
2026-06-24 13:59:33.791657+02:00,25.193,93.563805,-0.2597358444317308
2026-06-24 13:59:34.084527+02:00,25.194,93.856675,-0.25873584443173314
2026-06-24 13:59:34.373337+02:00,25.19,94.145485,-0.2627358444317309
2026-06-24 13:59:34.665728+02:00,25.188,94.437876,-0.26473584443173337
2026-06-24 13:59:34.958445+02:00,25.186,94.730593,-0.26673584443173226
2026-06-24 13:59:35.253555+02:00,25.186,95.025703,-0.26673584443173226
2026-06-24 13:59:35.549043+02:00,25.189,95.321191,-0.26373584443173215
2026-06-24 13:59:35.847763+02:00,25.187,95.619911,-0.26573584443173104
2026-06-24 13:59:36.143316+02:00,25.187,95.915464,-0.26573584443173104
2026-06-24 13:59:36.439769+02:00,25.188,96.211917,-0.26473584443173337
2026-06-24 13:59:36.730963+02:00,25.183,96.503111,-0.2697358444317324
2026-06-24 13:59:37.023021+02:00,25.184,96.795169,-0.26873584443173115
2026-06-24 13:59:37.314806+02:00,25.182,97.086954,-0.2707358444317336
2026-06-24 13:59:37.604556+02:00,25.182,97.376704,-0.2707358444317336
2026-06-24 13:59:37.898699+02:00,25.178,97.670847,-0.2747358444317314
2026-06-24 13:59:38.190750+02:00,25.179,97.962898,-0.2737358444317337
2026-06-24 13:59:38.483205+02:00,25.178,98.255353,-0.2747358444317314
2026-06-24 13:59:38.784018+02:00,25.177,98.556166,-0.2757358444317326
2026-06-24 13:59:39.079475+02:00,25.175,98.851623,-0.2777358444317315
2026-06-24 13:59:39.370992+02:00,25.174,99.14314,-0.2787358444317327
2026-06-24 13:59:39.661272+02:00,25.172,99.43342,-0.2807358444317316
2026-06-24 13:59:39.952397+02:00,25.172,99.724545,-0.2807358444317316
2026-06-24 13:59:40.244692+02:00,25.174,100.01684,-0.2787358444317327
2026-06-24 13:59:40.535093+02:00,25.172,100.307241,-0.2807358444317316
2026-06-24 13:59:40.830044+02:00,25.173,100.602192,-0.27973584443173394
2026-06-24 13:59:41.126431+02:00,25.171,100.898579,-0.28173584443173283
2026-06-24 13:59:41.425778+02:00,25.169,101.197926,-0.2837358444317317
2026-06-24 13:59:41.722753+02:00,25.169,101.494901,-0.2837358444317317
2026-06-24 13:59:42.014546+02:00,25.168,101.786694,-0.28473584443173294
2026-06-24 13:59:42.306279+02:00,25.166,102.078427,-0.28673584443173183
2026-06-24 13:59:42.597439+02:00,25.166,102.369587,-0.28673584443173183
2026-06-24 13:59:42.891416+02:00,25.163,102.663564,-0.28973584443173195
2026-06-24 13:59:43.181572+02:00,25.163,102.95372,-0.28973584443173195
2026-06-24 13:59:43.474798+02:00,25.161,103.246946,-0.29173584443173084
2026-06-24 13:59:43.766854+02:00,25.163,103.539002,-0.28973584443173195
2026-06-24 13:59:44.066632+02:00,25.158,103.83878,-0.29473584443173095
2026-06-24 13:59:44.357473+02:00,25.157,104.129621,-0.2957358444317322
2026-06-24 13:59:44.650861+02:00,25.16,104.423009,-0.29273584443173206
2026-06-24 13:59:44.941386+02:00,25.157,104.713534,-0.2957358444317322
2026-06-24 13:59:45.234675+02:00,25.155,105.006823,-0.29773584443173107
2026-06-24 13:59:45.525206+02:00,25.157,105.297354,-0.2957358444317322
2026-06-24 13:59:45.816847+02:00,25.155,105.588995,-0.29773584443173107
2026-06-24 13:59:46.113423+02:00,25.155,105.885571,-0.29773584443173107
2026-06-24 13:59:46.404184+02:00,25.156,106.176332,-0.2967358444317334
2026-06-24 13:59:46.696090+02:00,25.155,106.468238,-0.29773584443173107
2026-06-24 13:59:46.985634+02:00,25.153,106.757782,-0.2997358444317335
2026-06-24 13:59:47.284401+02:00,25.151,107.056549,-0.3017358444317324
2026-06-24 13:59:47.576207+02:00,25.149,107.348355,-0.3037358444317313
2026-06-24 13:59:47.873580+02:00,25.151,107.645728,-0.3017358444317324
2026-06-24 13:59:48.165690+02:00,25.148,107.937838,-0.3047358444317325
2026-06-24 13:59:48.458940+02:00,25.146,108.231088,-0.3067358444317314
2026-06-24 13:59:48.751284+02:00,25.147,108.523432,-0.30573584443173374
2026-06-24 13:59:49.044670+02:00,25.147,108.816818,-0.30573584443173374
2026-06-24 13:59:49.334670+02:00,25.145,109.106818,-0.30773584443173263
2026-06-24 13:59:49.628316+02:00,25.14,109.400464,-0.31273584443173164
2026-06-24 13:59:49.919671+02:00,25.143,109.691819,-0.3097358444317315
2026-06-24 13:59:50.210792+02:00,25.141,109.98294,-0.31173584443173397
2026-06-24 13:59:50.505138+02:00,25.141,110.277286,-0.31173584443173397
2026-06-24 13:59:50.798112+02:00,25.139,110.57026,-0.31373584443173286
2026-06-24 13:59:51.095900+02:00,25.141,110.868048,-0.31173584443173397
2026-06-24 13:59:51.390263+02:00,25.138,111.162411,-0.3147358444317305
2026-06-24 13:59:51.684236+02:00,25.138,111.456384,-0.3147358444317305
2026-06-24 13:59:51.979443+02:00,25.135,111.751591,-0.31773584443173064
2026-06-24 13:59:52.270999+02:00,25.137,112.043147,-0.31573584443173175
2026-06-24 13:59:52.568367+02:00,25.134,112.340515,-0.31873584443173186
2026-06-24 13:59:52.859512+02:00,25.136,112.63166,-0.31673584443173297
2026-06-24 13:59:53.150240+02:00,25.133,112.922388,-0.3197358444317331
2026-06-24 13:59:53.444280+02:00,25.132,113.216428,-0.32073584443173075
2026-06-24 13:59:53.743707+02:00,25.135,113.515855,-0.31773584443173064
2026-06-24 13:59:54.044313+02:00,25.133,113.816461,-0.3197358444317331
2026-06-24 13:59:54.338167+02:00,25.129,114.110315,-0.32373584443173087
2026-06-24 13:59:54.632897+02:00,25.129,114.405045,-0.32373584443173087
2026-06-24 13:59:54.925627+02:00,25.129,114.697775,-0.32373584443173087
2026-06-24 13:59:55.220049+02:00,25.128,114.992197,-0.3247358444317321
2026-06-24 13:59:55.512481+02:00,25.126,115.284629,-0.326735844431731
2026-06-24 13:59:55.804901+02:00,25.127,115.577049,-0.3257358444317333
2026-06-24 13:59:56.096777+02:00,25.125,115.868925,-0.3277358444317322
2026-06-24 13:59:56.388119+02:00,25.123,116.160267,-0.3297358444317311
2026-06-24 13:59:56.690544+02:00,25.125,116.462692,-0.3277358444317322
2026-06-24 13:59:56.992132+02:00,25.125,116.76428,-0.3277358444317322
2026-06-24 13:59:57.285836+02:00,25.125,117.057984,-0.3277358444317322
2026-06-24 13:59:57.586930+02:00,25.126,117.359078,-0.326735844431731
2026-06-24 13:59:57.883033+02:00,25.123,117.655181,-0.3297358444317311
2026-06-24 13:59:58.176973+02:00,25.121,117.949121,-0.33173584443173354
2026-06-24 13:59:58.483538+02:00,25.119,118.255686,-0.33373584443173243
2026-06-24 13:59:58.776409+02:00,25.121,118.548557,-0.33173584443173354
2026-06-24 13:59:59.067042+02:00,25.118,118.83919,-0.33473584443173365
2026-06-24 13:59:59.358544+02:00,25.116,119.130692,-0.33673584443173254
2026-06-24 13:59:59.651976+02:00,25.118,119.424124,-0.33473584443173365
2026-06-24 13:59:59.943952+02:00,25.118,119.7161,-0.33473584443173365
2026-06-24 14:00:00.233480+02:00,25.118,120.005628,-0.33473584443173365
2026-06-24 14:00:00.526061+02:00,25.115,120.298209,-0.33773584443173377
2026-06-24 14:00:00.819790+02:00,25.116,120.591938,-0.33673584443173254
2026-06-24 14:00:01.113802+02:00,25.113,120.88595,-0.33973584443173266
2026-06-24 14:00:01.402771+02:00,25.115,121.174919,-0.33773584443173377
2026-06-24 14:00:01.694942+02:00,25.112,121.46709,-0.3407358444317339
2026-06-24 14:00:01.992137+02:00,25.113,121.764285,-0.33973584443173266
2026-06-24 14:00:02.282156+02:00,25.112,122.054304,-0.3407358444317339
2026-06-24 14:00:02.582813+02:00,25.113,122.354961,-0.33973584443173266
2026-06-24 14:00:02.875026+02:00,25.112,122.647174,-0.3407358444317339
2026-06-24 14:00:03.167505+02:00,25.108,122.939653,-0.34473584443173166
2026-06-24 14:00:03.461543+02:00,25.109,123.233691,-0.34373584443173044
2026-06-24 14:00:03.754844+02:00,25.107,123.526992,-0.3457358444317329
2026-06-24 14:00:04.046786+02:00,25.107,123.818934,-0.3457358444317329
2026-06-24 14:00:04.348098+02:00,25.106,124.120246,-0.34673584443173056
2026-06-24 14:00:04.647041+02:00,25.103,124.419189,-0.34973584443173067
2026-06-24 14:00:04.936987+02:00,25.103,124.709135,-0.34973584443173067
2026-06-24 14:00:05.228786+02:00,25.102,125.000934,-0.3507358444317319
2026-06-24 14:00:05.525081+02:00,25.1,125.297229,-0.3527358444317308
2026-06-24 14:00:05.816973+02:00,25.1,125.589121,-0.3527358444317308
2026-06-24 14:00:06.110254+02:00,25.099,125.882402,-0.353735844431732
2026-06-24 14:00:06.405574+02:00,25.099,126.177722,-0.353735844431732
2026-06-24 14:00:06.698509+02:00,25.097,126.470657,-0.3557358444317309
2026-06-24 14:00:06.992062+02:00,25.096,126.76421,-0.3567358444317321
2026-06-24 14:00:07.284359+02:00,25.093,127.056507,-0.35973584443173223
2026-06-24 14:00:07.575069+02:00,25.094,127.347217,-0.358735844431731
2026-06-24 14:00:07.865008+02:00,25.091,127.637156,-0.3617358444317311
2026-06-24 14:00:08.157451+02:00,25.092,127.929599,-0.36073584443173345
2026-06-24 14:00:08.451608+02:00,25.091,128.223756,-0.3617358444317311
2026-06-24 14:00:08.745490+02:00,25.092,128.517638,-0.36073584443173345
2026-06-24 14:00:09.036802+02:00,25.089,128.80895,-0.36373584443173357
2026-06-24 14:00:09.329605+02:00,25.087,129.101753,-0.36573584443173246
2026-06-24 14:00:09.620895+02:00,25.088,129.393043,-0.36473584443173124
2026-06-24 14:00:09.913116+02:00,25.089,129.685264,-0.36373584443173357
2026-06-24 14:00:10.206452+02:00,25.087,129.9786,-0.36573584443173246
2026-06-24 14:00:10.499236+02:00,25.087,130.271384,-0.36573584443173246
2026-06-24 14:00:10.797165+02:00,25.084,130.569313,-0.3687358444317326
2026-06-24 14:00:11.093641+02:00,25.083,130.865789,-0.3697358444317338
2026-06-24 14:00:11.383338+02:00,25.085,131.155486,-0.36773584443173135
2026-06-24 14:00:11.675866+02:00,25.085,131.448014,-0.36773584443173135
2026-06-24 14:00:11.970257+02:00,25.084,131.742405,-0.3687358444317326
2026-06-24 14:00:12.259447+02:00,25.081,132.031595,-0.3717358444317327
2026-06-24 14:00:12.551998+02:00,25.083,132.324146,-0.3697358444317338
2026-06-24 14:00:12.852433+02:00,25.083,132.624581,-0.3697358444317338
2026-06-24 14:00:13.146054+02:00,25.082,132.918202,-0.37073584443173146
2026-06-24 14:00:13.440172+02:00,25.083,133.21232,-0.3697358444317338
2026-06-24 14:00:13.737565+02:00,25.081,133.509713,-0.3717358444317327
2026-06-24 14:00:14.029692+02:00,25.08,133.80184,-0.3727358444317339
2026-06-24 14:00:14.321948+02:00,25.078,134.094096,-0.3747358444317328
2026-06-24 14:00:14.614986+02:00,25.077,134.387134,-0.37573584443173047
2026-06-24 14:00:14.905992+02:00,25.076,134.67814,-0.3767358444317317
2026-06-24 14:00:15.198509+02:00,25.076,134.970657,-0.3767358444317317
2026-06-24 14:00:15.489405+02:00,25.073,135.261553,-0.3797358444317318
2026-06-24 14:00:15.782658+02:00,25.073,135.554806,-0.3797358444317318
2026-06-24 14:00:16.077123+02:00,25.071,135.849271,-0.3817358444317307
2026-06-24 14:00:16.369140+02:00,25.07,136.141288,-0.3827358444317319
2026-06-24 14:00:16.661098+02:00,25.071,136.433246,-0.3817358444317307
2026-06-24 14:00:16.954762+02:00,25.071,136.72691,-0.3817358444317307
2026-06-24 14:00:17.244563+02:00,25.072,137.016711,-0.38073584443173303
2026-06-24 14:00:17.534726+02:00,25.064,137.306874,-0.38873584443173215
2026-06-24 14:00:17.826845+02:00,25.063,137.598993,-0.38973584443173337
2026-06-24 14:00:18.120518+02:00,25.069,137.892666,-0.38373584443173314
2026-06-24 14:00:18.413728+02:00,25.066,138.185876,-0.38673584443173326
2026-06-24 14:00:18.710037+02:00,25.065,138.482185,-0.3877358444317309
2026-06-24 14:00:19.002998+02:00,25.066,138.775146,-0.38673584443173326
2026-06-24 14:00:19.301382+02:00,25.065,139.07353,-0.3877358444317309
2026-06-24 14:00:19.592652+02:00,25.062,139.3648,-0.39073584443173104
2026-06-24 14:00:19.886700+02:00,25.062,139.658848,-0.39073584443173104
2026-06-24 14:00:20.177800+02:00,25.06,139.949948,-0.3927358444317335
2026-06-24 14:00:20.468726+02:00,25.06,140.240874,-0.3927358444317335
2026-06-24 14:00:20.759498+02:00,25.057,140.531646,-0.3957358444317336
2026-06-24 14:00:21.052209+02:00,25.059,140.824357,-0.39373584443173115
2026-06-24 14:00:21.342709+02:00,25.055,141.114857,-0.3977358444317325
2026-06-24 14:00:21.640523+02:00,25.052,141.412671,-0.4007358444317326
2026-06-24 14:00:21.932499+02:00,25.054,141.704647,-0.3987358444317337
2026-06-24 14:00:22.223664+02:00,25.052,141.995812,-0.4007358444317326
2026-06-24 14:00:22.519864+02:00,25.053,142.292012,-0.3997358444317314
2026-06-24 14:00:22.818808+02:00,25.051,142.590956,-0.4017358444317338
2026-06-24 14:00:23.116897+02:00,25.051,142.889045,-0.4017358444317338
2026-06-24 14:00:23.407467+02:00,25.052,143.179615,-0.4007358444317326
2026-06-24 14:00:23.699879+02:00,25.052,143.472027,-0.4007358444317326
2026-06-24 14:00:23.992499+02:00,25.047,143.764647,-0.4057358444317316
2026-06-24 14:00:24.283107+02:00,25.048,144.055255,-0.40473584443173394
2026-06-24 14:00:24.573712+02:00,25.047,144.34586,-0.4057358444317316
2026-06-24 14:00:24.865909+02:00,25.046,144.638057,-0.40673584443173283
2026-06-24 14:00:25.161726+02:00,25.045,144.933874,-0.4077358444317305
2026-06-24 14:00:25.451941+02:00,25.044,145.224089,-0.4087358444317317
2026-06-24 14:00:25.743234+02:00,25.044,145.515382,-0.4087358444317317
2026-06-24 14:00:26.033812+02:00,25.044,145.80596,-0.4087358444317317
2026-06-24 14:00:26.326432+02:00,25.043,146.09858,-0.40973584443173294
2026-06-24 14:00:26.615472+02:00,25.043,146.38762,-0.40973584443173294
2026-06-24 14:00:26.907597+02:00,25.042,146.679745,-0.4107358444317306
2026-06-24 14:00:27.200892+02:00,25.04,146.97304,-0.41273584443173306
2026-06-24 14:00:27.494839+02:00,25.04,147.266987,-0.41273584443173306
2026-06-24 14:00:27.785522+02:00,25.039,147.55767,-0.4137358444317307
2026-06-24 14:00:28.078120+02:00,25.038,147.850268,-0.41473584443173195
2026-06-24 14:00:28.372934+02:00,25.036,148.145082,-0.41673584443173084
2026-06-24 14:00:28.669982+02:00,25.037,148.44213,-0.41573584443173317
2026-06-24 14:00:28.959364+02:00,25.036,148.731512,-0.41673584443173084
2026-06-24 14:00:29.250962+02:00,25.036,149.02311,-0.41673584443173084
2026-06-24 14:00:29.545318+02:00,25.036,149.317466,-0.41673584443173084
2026-06-24 14:00:29.849230+02:00,25.035,149.621378,-0.41773584443173206
2026-06-24 14:00:30.139849+02:00,25.032,149.911997,-0.4207358444317322
2026-06-24 14:00:30.441067+02:00,25.033,150.213215,-0.41973584443173095
2026-06-24 14:00:30.732036+02:00,25.03,150.504184,-0.42273584443173107
2026-06-24 14:00:31.023778+02:00,25.03,150.795926,-0.42273584443173107
2026-06-24 14:00:31.314424+02:00,25.026,151.086572,-0.4267358444317324
2026-06-24 14:00:31.604531+02:00,25.027,151.376679,-0.4257358444317312
2026-06-24 14:00:31.896022+02:00,25.027,151.66817,-0.4257358444317312
2026-06-24 14:00:32.187043+02:00,25.026,151.959191,-0.4267358444317324
2026-06-24 14:00:32.486969+02:00,25.026,152.259117,-0.4267358444317324
2026-06-24 14:00:32.780376+02:00,25.026,152.552524,-0.4267358444317324
2026-06-24 14:00:33.080558+02:00,25.025,152.852706,-0.4277358444317336
2026-06-24 14:00:33.370316+02:00,25.024,153.142464,-0.4287358444317313
2026-06-24 14:00:33.661596+02:00,25.02,153.433744,-0.43273584443173263
2026-06-24 14:00:33.953349+02:00,25.019,153.725497,-0.43373584443173385
2026-06-24 14:00:34.245934+02:00,25.018,154.018082,-0.4347358444317315
2026-06-24 14:00:34.540049+02:00,25.018,154.312197,-0.4347358444317315
2026-06-24 14:00:34.830793+02:00,25.016,154.602941,-0.43673584443173397
2026-06-24 14:00:35.128707+02:00,25.018,154.900855,-0.4347358444317315
2026-06-24 14:00:35.416753+02:00,25.015,155.188901,-0.43773584443173164
2026-06-24 14:00:35.711020+02:00,25.011,155.483168,-0.44173584443173297
2026-06-24 14:00:36.007309+02:00,25.012,155.779457,-0.44073584443173175
2026-06-24 14:00:36.300279+02:00,25.01,156.072427,-0.44273584443173064
2026-06-24 14:00:36.600235+02:00,25.01,156.372383,-0.44273584443173064
2026-06-24 14:00:36.894099+02:00,25.008,156.666247,-0.4447358444317331
2026-06-24 14:00:37.187656+02:00,25.008,156.959804,-0.4447358444317331
2026-06-24 14:00:37.476520+02:00,25.006,157.248668,-0.446735844431732
2026-06-24 14:00:37.767176+02:00,25.005,157.539324,-0.4477358444317332
2026-06-24 14:00:38.060648+02:00,25.004,157.832796,-0.44873584443173087
2026-06-24 14:00:38.354928+02:00,25.004,158.127076,-0.44873584443173087
2026-06-24 14:00:38.655062+02:00,25.005,158.42721,-0.4477358444317332
2026-06-24 14:00:38.949307+02:00,25.003,158.721455,-0.4497358444317321
2026-06-24 14:00:39.254122+02:00,25.002,159.02627,-0.4507358444317333
2026-06-24 14:00:39.555755+02:00,25.001,159.327903,-0.451735844431731
2026-06-24 14:00:39.849142+02:00,25.001,159.62129,-0.451735844431731
2026-06-24 14:00:40.142530+02:00,25.002,159.914678,-0.4507358444317333
2026-06-24 14:00:40.439681+02:00,25.002,160.211829,-0.4507358444317333
2026-06-24 14:00:40.729166+02:00,24.999,160.501314,-0.4537358444317334
2026-06-24 14:00:41.030701+02:00,24.999,160.802849,-0.4537358444317334
2026-06-24 14:00:41.327601+02:00,25.0,161.099749,-0.4527358444317322
2026-06-24 14:00:41.618877+02:00,24.999,161.391025,-0.4537358444317334
2026-06-24 14:00:41.910175+02:00,24.998,161.682323,-0.4547358444317311
2026-06-24 14:00:42.205865+02:00,24.996,161.978013,-0.45673584443173354
2026-06-24 14:00:42.499625+02:00,24.996,162.271773,-0.45673584443173354
2026-06-24 14:00:42.799404+02:00,24.993,162.571552,-0.45973584443173365
2026-06-24 14:00:43.102134+02:00,24.993,162.874282,-0.45973584443173365
2026-06-24 14:00:43.405389+02:00,24.993,163.177537,-0.45973584443173365
2026-06-24 14:00:43.705954+02:00,24.992,163.478102,-0.4607358444317313
2026-06-24 14:00:43.998978+02:00,24.992,163.771126,-0.4607358444317313
2026-06-24 14:00:44.288672+02:00,24.992,164.06082,-0.4607358444317313
2026-06-24 14:00:44.581363+02:00,24.99,164.353511,-0.46273584443173377
2026-06-24 14:00:44.873015+02:00,24.988,164.645163,-0.46473584443173266
2026-06-24 14:00:45.164525+02:00,24.986,164.936673,-0.46673584443173155
2026-06-24 14:00:45.467861+02:00,24.988,165.240009,-0.46473584443173266
2026-06-24 14:00:45.756772+02:00,24.986,165.52892,-0.46673584443173155
2026-06-24 14:00:46.053028+02:00,24.986,165.825176,-0.46673584443173155
2026-06-24 14:00:46.351718+02:00,24.983,166.123866,-0.46973584443173166
2026-06-24 14:00:46.642483+02:00,24.987,166.414631,-0.4657358444317339
2026-06-24 14:00:46.934056+02:00,24.982,166.706204,-0.4707358444317329
2026-06-24 14:00:47.224369+02:00,24.982,166.996517,-0.4707358444317329
2026-06-24 14:00:47.524063+02:00,24.984,167.296211,-0.46873584443173044
2026-06-24 14:00:47.825319+02:00,24.982,167.597467,-0.4707358444317329
2026-06-24 14:00:48.120772+02:00,24.981,167.89292,-0.47173584443173056
2026-06-24 14:00:48.411964+02:00,24.98,168.184112,-0.4727358444317318
2026-06-24 14:00:48.703800+02:00,24.976,168.475948,-0.4767358444317331
2026-06-24 14:00:48.998494+02:00,24.976,168.770642,-0.4767358444317331
2026-06-24 14:00:49.293906+02:00,24.972,169.066054,-0.4807358444317309
2026-06-24 14:00:49.585055+02:00,24.969,169.357203,-0.483735844431731
2026-06-24 14:00:49.876181+02:00,24.973,169.648329,-0.4797358444317332
2026-06-24 14:00:50.169009+02:00,24.972,169.941157,-0.4807358444317309
2026-06-24 14:00:50.464530+02:00,24.973,170.236678,-0.4797358444317332
2026-06-24 14:00:50.755050+02:00,24.97,170.527198,-0.48273584443173334
2026-06-24 14:00:51.049912+02:00,24.971,170.82206,-0.4817358444317321
2026-06-24 14:00:51.347323+02:00,24.969,171.119471,-0.483735844431731
2026-06-24 14:00:51.638704+02:00,24.97,171.410852,-0.48273584443173334
2026-06-24 14:00:51.928264+02:00,24.966,171.700412,-0.4867358444317311
2026-06-24 14:00:52.219604+02:00,24.968,171.991752,-0.48473584443173223
2026-06-24 14:00:52.518290+02:00,24.966,172.290438,-0.4867358444317311
2026-06-24 14:00:52.814259+02:00,24.966,172.586407,-0.4867358444317311
2026-06-24 14:00:53.102915+02:00,24.962,172.875063,-0.49073584443173246
2026-06-24 14:00:53.403040+02:00,24.961,173.175188,-0.4917358444317337
2026-06-24 14:00:53.696119+02:00,24.962,173.468267,-0.49073584443173246
2026-06-24 14:00:53.989928+02:00,24.96,173.762076,-0.49273584443173135
2026-06-24 14:00:54.280004+02:00,24.961,174.052152,-0.4917358444317337
2026-06-24 14:00:54.575981+02:00,24.96,174.348129,-0.49273584443173135
2026-06-24 14:00:54.867267+02:00,24.96,174.639415,-0.49273584443173135
2026-06-24 14:00:55.160882+02:00,24.958,174.93303,-0.4947358444317338
2026-06-24 14:00:55.460876+02:00,24.957,175.233024,-0.49573584443173146
2026-06-24 14:00:55.751591+02:00,24.955,175.523739,-0.4977358444317339
2026-06-24 14:00:56.049708+02:00,24.955,175.821856,-0.4977358444317339
2026-06-24 14:00:56.343584+02:00,24.953,176.115732,-0.4997358444317328
2026-06-24 14:00:56.635764+02:00,24.954,176.407912,-0.4987358444317316
2026-06-24 14:00:56.939030+02:00,24.952,176.711178,-0.5007358444317305
2026-06-24 14:00:57.235207+02:00,24.953,177.007355,-0.4997358444317328
2026-06-24 14:00:57.535400+02:00,24.95,177.307548,-0.5027358444317329
2026-06-24 14:00:57.825563+02:00,24.953,177.597711,-0.4997358444317328
2026-06-24 14:00:58.118445+02:00,24.95,177.890593,-0.5027358444317329
2026-06-24 14:00:58.408998+02:00,24.948,178.181146,-0.5047358444317318
2026-06-24 14:00:58.701977+02:00,24.949,178.474125,-0.5037358444317306
2026-06-24 14:00:58.995534+02:00,24.946,178.767682,-0.5067358444317307
2026-06-24 14:00:59.290890+02:00,24.944,179.063038,-0.5087358444317331
2026-06-24 14:00:59.580774+02:00,24.947,179.352922,-0.505735844431733
2026-06-24 14:00:59.874257+02:00,24.945,179.646405,-0.5077358444317319
2026-06-24 14:01:00.168977+02:00,24.944,179.941125,-0.5087358444317331
2026-06-24 14:01:00.460284+02:00,24.942,180.232432,-0.510735844431732
2026-06-24 14:01:00.755811+02:00,24.944,180.527959,-0.5087358444317331
2026-06-24 14:01:01.048510+02:00,24.941,180.820658,-0.5117358444317333
2026-06-24 14:01:01.340115+02:00,24.944,181.112263,-0.5087358444317331
2026-06-24 14:01:01.632073+02:00,24.941,181.404221,-0.5117358444317333
2026-06-24 14:01:01.921972+02:00,24.939,181.69412,-0.5137358444317321
2026-06-24 14:01:02.221483+02:00,24.939,181.993631,-0.5137358444317321
2026-06-24 14:01:02.519811+02:00,24.941,182.291959,-0.5117358444317333
2026-06-24 14:01:02.816375+02:00,24.938,182.588523,-0.5147358444317334
2026-06-24 14:01:03.109694+02:00,24.937,182.881842,-0.515735844431731
2026-06-24 14:01:03.400934+02:00,24.937,183.173082,-0.515735844431731
2026-06-24 14:01:03.688995+02:00,24.935,183.461143,-0.5177358444317335
2026-06-24 14:01:03.984499+02:00,24.934,183.756647,-0.5187358444317312
2026-06-24 14:01:04.273439+02:00,24.932,184.045587,-0.5207358444317336
2026-06-24 14:01:04.566952+02:00,24.934,184.3391,-0.5187358444317312
2026-06-24 14:01:04.867678+02:00,24.931,184.639826,-0.5217358444317313
2026-06-24 14:01:05.161956+02:00,24.93,184.934104,-0.5227358444317325
2026-06-24 14:01:05.458374+02:00,24.929,185.230522,-0.5237358444317337
2026-06-24 14:01:05.749456+02:00,24.93,185.521604,-0.5227358444317325
2026-06-24 14:01:06.042233+02:00,24.93,185.814381,-0.5227358444317325
2026-06-24 14:01:06.333567+02:00,24.929,186.105715,-0.5237358444317337
2026-06-24 14:01:06.635617+02:00,24.929,186.407765,-0.5237358444317337
2026-06-24 14:01:06.930606+02:00,24.925,186.702754,-0.5277358444317315
2026-06-24 14:01:07.228294+02:00,24.926,187.000442,-0.5267358444317338
2026-06-24 14:01:07.526138+02:00,24.923,187.298286,-0.5297358444317339
2026-06-24 14:01:07.817118+02:00,24.925,187.589266,-0.5277358444317315
2026-06-24 14:01:08.109624+02:00,24.923,187.881772,-0.5297358444317339
2026-06-24 14:01:08.412275+02:00,24.924,188.184423,-0.5287358444317327
2026-06-24 14:01:08.707748+02:00,24.921,188.479896,-0.5317358444317328
2026-06-24 14:01:09.008197+02:00,24.921,188.780345,-0.5317358444317328
2026-06-24 14:01:09.304656+02:00,24.92,189.076804,-0.5327358444317305
2026-06-24 14:01:09.596833+02:00,24.919,189.368981,-0.5337358444317317
2026-06-24 14:01:09.890857+02:00,24.92,189.663005,-0.5327358444317305
2026-06-24 14:01:10.183875+02:00,24.917,189.956023,-0.5357358444317306
2026-06-24 14:01:10.474534+02:00,24.917,190.246682,-0.5357358444317306
2026-06-24 14:01:10.766006+02:00,24.916,190.538154,-0.5367358444317318
2026-06-24 14:01:11.062074+02:00,24.916,190.834222,-0.5367358444317318
2026-06-24 14:01:11.362358+02:00,24.915,191.134506,-0.5377358444317331
2026-06-24 14:01:11.653593+02:00,24.913,191.425741,-0.539735844431732
2026-06-24 14:01:11.944538+02:00,24.911,191.716686,-0.5417358444317308
2026-06-24 14:01:12.236434+02:00,24.913,192.008582,-0.539735844431732
2026-06-24 14:01:12.529273+02:00,24.911,192.301421,-0.5417358444317308
2026-06-24 14:01:12.829544+02:00,24.91,192.601692,-0.5427358444317321
2026-06-24 14:01:13.118511+02:00,24.909,192.890659,-0.5437358444317333
2026-06-24 14:01:13.413456+02:00,24.911,193.185604,-0.5417358444317308
2026-06-24 14:01:13.703502+02:00,24.909,193.47565,-0.5437358444317333
2026-06-24 14:01:13.996169+02:00,24.91,193.768317,-0.5427358444317321
2026-06-24 14:01:14.293591+02:00,24.908,194.065739,-0.544735844431731
2026-06-24 14:01:14.586167+02:00,24.907,194.358315,-0.5457358444317322
2026-06-24 14:01:14.876085+02:00,24.909,194.648233,-0.5437358444317333
2026-06-24 14:01:15.168722+02:00,24.907,194.94087,-0.5457358444317322
2026-06-24 14:01:15.458111+02:00,24.905,195.230259,-0.5477358444317311
2026-06-24 14:01:15.750895+02:00,24.905,195.523043,-0.5477358444317311
2026-06-24 14:01:16.044604+02:00,24.904,195.816752,-0.5487358444317323
2026-06-24 14:01:16.340884+02:00,24.905,196.113032,-0.5477358444317311
2026-06-24 14:01:16.630095+02:00,24.905,196.402243,-0.5477358444317311
2026-06-24 14:01:16.923162+02:00,24.905,196.69531,-0.5477358444317311
2026-06-24 14:01:17.213902+02:00,24.905,196.98605,-0.5477358444317311
2026-06-24 14:01:17.506986+02:00,24.901,197.279134,-0.5517358444317324
2026-06-24 14:01:17.799924+02:00,24.902,197.572072,-0.5507358444317312
2026-06-24 14:01:18.091056+02:00,24.902,197.863204,-0.5507358444317312
2026-06-24 14:01:18.385521+02:00,24.903,198.157669,-0.5497358444317335
2026-06-24 14:01:18.686872+02:00,24.9,198.45902,-0.5527358444317336
2026-06-24 14:01:18.982344+02:00,24.9,198.754492,-0.5527358444317336
2026-06-24 14:01:19.285032+02:00,24.9,199.05718,-0.5527358444317336
2026-06-24 14:01:19.586023+02:00,24.901,199.358171,-0.5517358444317324
2026-06-24 14:01:19.887468+02:00,24.899,199.659616,-0.5537358444317313
2026-06-24 14:01:20.181609+02:00,24.899,199.953757,-0.5537358444317313
2026-06-24 14:01:20.476758+02:00,24.897,200.248906,-0.5557358444317337
2026-06-24 14:01:20.769197+02:00,24.898,200.541345,-0.5547358444317325
2026-06-24 14:01:21.060988+02:00,24.894,200.833136,-0.5587358444317339
2026-06-24 14:01:21.356208+02:00,24.898,201.128356,-0.5547358444317325
2026-06-24 14:01:21.647175+02:00,24.895,201.419323,-0.5577358444317326
2026-06-24 14:01:21.940675+02:00,24.896,201.712823,-0.5567358444317314
2026-06-24 14:01:22.231980+02:00,24.897,202.004128,-0.5557358444317337
2026-06-24 14:01:22.526129+02:00,24.894,202.298277,-0.5587358444317339
2026-06-24 14:01:22.821001+02:00,24.894,202.593149,-0.5587358444317339
2026-06-24 14:01:23.111677+02:00,24.893,202.883825,-0.5597358444317315
2026-06-24 14:01:23.406026+02:00,24.893,203.178174,-0.5597358444317315
2026-06-24 14:01:23.702290+02:00,24.89,203.474438,-0.5627358444317316
2026-06-24 14:01:23.994804+02:00,24.892,203.766952,-0.5607358444317327
2026-06-24 14:01:24.286192+02:00,24.894,204.05834,-0.5587358444317339
2026-06-24 14:01:24.577061+02:00,24.895,204.349209,-0.5577358444317326
2026-06-24 14:01:24.866193+02:00,24.894,204.638341,-0.5587358444317339
2026-06-24 14:01:25.167179+02:00,24.892,204.939327,-0.5607358444317327
2026-06-24 14:01:25.460043+02:00,24.894,205.232191,-0.5587358444317339
2026-06-24 14:01:25.749475+02:00,24.891,205.521623,-0.561735844431734
2026-06-24 14:01:26.044413+02:00,24.89,205.816561,-0.5627358444317316
2026-06-24 14:01:26.338084+02:00,24.892,206.110232,-0.5607358444317327
2026-06-24 14:01:26.628714+02:00,24.889,206.400862,-0.5637358444317329
2026-06-24 14:01:26.918322+02:00,24.891,206.69047,-0.561735844431734
2026-06-24 14:01:27.208844+02:00,24.892,206.980992,-0.5607358444317327
2026-06-24 14:01:27.501759+02:00,24.888,207.273907,-0.5647358444317305
2026-06-24 14:01:27.806678+02:00,24.891,207.578826,-0.561735844431734
2026-06-24 14:01:28.109427+02:00,24.887,207.881575,-0.5657358444317317
2026-06-24 14:01:28.401961+02:00,24.887,208.174109,-0.5657358444317317
2026-06-24 14:01:28.692738+02:00,24.887,208.464886,-0.5657358444317317
2026-06-24 14:01:28.985571+02:00,24.888,208.757719,-0.5647358444317305
2026-06-24 14:01:29.283704+02:00,24.887,209.055852,-0.5657358444317317
2026-06-24 14:01:29.573862+02:00,24.885,209.34601,-0.5677358444317306
2026-06-24 14:01:29.869963+02:00,24.887,209.642111,-0.5657358444317317
2026-06-24 14:01:30.164989+02:00,24.884,209.937137,-0.5687358444317319
2026-06-24 14:01:30.464418+02:00,24.883,210.236566,-0.5697358444317331
2026-06-24 14:01:30.758332+02:00,24.886,210.53048,-0.566735844431733
2026-06-24 14:01:31.058898+02:00,24.883,210.831046,-0.5697358444317331
2026-06-24 14:01:31.351285+02:00,24.881,211.123433,-0.571735844431732
2026-06-24 14:01:31.644670+02:00,24.881,211.416818,-0.571735844431732
2026-06-24 14:01:31.936769+02:00,24.882,211.708917,-0.5707358444317308
2026-06-24 14:01:32.228488+02:00,24.88,212.000636,-0.5727358444317332
2026-06-24 14:01:32.520743+02:00,24.883,212.292891,-0.5697358444317331
2026-06-24 14:01:32.809913+02:00,24.882,212.582061,-0.5707358444317308
2026-06-24 14:01:33.106423+02:00,24.882,212.878571,-0.5707358444317308
2026-06-24 14:01:33.406087+02:00,24.881,213.178235,-0.571735844431732
2026-06-24 14:01:33.701881+02:00,24.881,213.474029,-0.571735844431732
2026-06-24 14:01:33.994233+02:00,24.88,213.766381,-0.5727358444317332
2026-06-24 14:01:34.289236+02:00,24.881,214.061384,-0.571735844431732
2026-06-24 14:01:34.581486+02:00,24.88,214.353634,-0.5727358444317332
2026-06-24 14:01:34.879079+02:00,24.88,214.651227,-0.5727358444317332
2026-06-24 14:01:35.174945+02:00,24.879,214.947093,-0.5737358444317309
2026-06-24 14:01:35.467708+02:00,24.88,215.239856,-0.5727358444317332
2026-06-24 14:01:35.760203+02:00,24.879,215.532351,-0.5737358444317309
2026-06-24 14:01:36.054459+02:00,24.883,215.826607,-0.5697358444317331
2026-06-24 14:01:36.354744+02:00,24.883,216.126892,-0.5697358444317331
2026-06-24 14:01:36.650445+02:00,24.878,216.422593,-0.5747358444317321
2026-06-24 14:01:36.943101+02:00,24.878,216.715249,-0.5747358444317321
2026-06-24 14:01:37.240068+02:00,24.879,217.012216,-0.5737358444317309
2026-06-24 14:01:37.529064+02:00,24.88,217.301212,-0.5727358444317332
2026-06-24 14:01:37.824544+02:00,24.88,217.596692,-0.5727358444317332
2026-06-24 14:01:38.122091+02:00,24.879,217.894239,-0.5737358444317309
2026-06-24 14:01:38.413025+02:00,24.879,218.185173,-0.5737358444317309
2026-06-24 14:01:38.711080+02:00,24.88,218.483228,-0.5727358444317332
2026-06-24 14:01:39.001147+02:00,24.877,218.773295,-0.5757358444317333
2026-06-24 14:01:39.294132+02:00,24.878,219.06628,-0.5747358444317321
2026-06-24 14:01:39.590091+02:00,24.877,219.362239,-0.5757358444317333
2026-06-24 14:01:39.883377+02:00,24.877,219.655525,-0.5757358444317333
2026-06-24 14:01:40.174303+02:00,24.875,219.946451,-0.5777358444317322
2026-06-24 14:01:40.468165+02:00,24.876,220.240313,-0.576735844431731
2026-06-24 14:01:40.762247+02:00,24.876,220.534395,-0.576735844431731
2026-06-24 14:01:41.055312+02:00,24.875,220.82746,-0.5777358444317322
2026-06-24 14:01:41.346135+02:00,24.875,221.118283,-0.5777358444317322
2026-06-24 14:01:41.637928+02:00,24.878,221.410076,-0.5747358444317321
2026-06-24 14:01:41.933252+02:00,24.876,221.7054,-0.576735844431731
2026-06-24 14:01:42.226280+02:00,24.875,221.998428,-0.5777358444317322
2026-06-24 14:01:42.519939+02:00,24.877,222.292087,-0.5757358444317333
2026-06-24 14:01:42.815731+02:00,24.876,222.587879,-0.576735844431731
2026-06-24 14:01:43.107826+02:00,24.877,222.879974,-0.5757358444317333
2026-06-24 14:01:43.402738+02:00,24.875,223.174886,-0.5777358444317322
2026-06-24 14:01:43.694270+02:00,24.876,223.466418,-0.576735844431731
2026-06-24 14:01:43.990142+02:00,24.875,223.76229,-0.5777358444317322
2026-06-24 14:01:44.282429+02:00,24.875,224.054577,-0.5777358444317322
2026-06-24 14:01:44.572923+02:00,24.877,224.345071,-0.5757358444317333
2026-06-24 14:01:44.864538+02:00,24.874,224.636686,-0.5787358444317334
2026-06-24 14:01:45.157773+02:00,24.875,224.929921,-0.5777358444317322
2026-06-24 14:01:45.455945+02:00,24.877,225.228093,-0.5757358444317333
2026-06-24 14:01:45.750743+02:00,24.874,225.522891,-0.5787358444317334
2026-06-24 14:01:46.043072+02:00,24.876,225.81522,-0.576735844431731
2026-06-24 14:01:46.336770+02:00,24.873,226.108918,-0.5797358444317311
2026-06-24 14:01:46.631078+02:00,24.875,226.403226,-0.5777358444317322
2026-06-24 14:01:46.922962+02:00,24.875,226.69511,-0.5777358444317322
2026-06-24 14:01:47.215501+02:00,24.873,226.987649,-0.5797358444317311
2026-06-24 14:01:47.505948+02:00,24.874,227.278096,-0.5787358444317334
2026-06-24 14:01:47.798631+02:00,24.875,227.570779,-0.5777358444317322
2026-06-24 14:01:48.091173+02:00,24.876,227.863321,-0.576735844431731
2026-06-24 14:01:48.382349+02:00,24.874,228.154497,-0.5787358444317334
2026-06-24 14:01:48.674442+02:00,24.874,228.44659,-0.5787358444317334
2026-06-24 14:01:48.965856+02:00,24.875,228.738004,-0.5777358444317322
2026-06-24 14:01:49.265407+02:00,24.873,229.037555,-0.5797358444317311
2026-06-24 14:01:49.565619+02:00,24.873,229.337767,-0.5797358444317311
2026-06-24 14:01:49.857403+02:00,24.874,229.629551,-0.5787358444317334
2026-06-24 14:01:50.147648+02:00,24.874,229.919796,-0.5787358444317334
2026-06-24 14:01:50.445764+02:00,24.874,230.217912,-0.5787358444317334
2026-06-24 14:01:50.734783+02:00,24.876,230.506931,-0.576735844431731
2026-06-24 14:01:51.025213+02:00,24.875,230.797361,-0.5777358444317322
2026-06-24 14:01:51.325199+02:00,24.874,231.097347,-0.5787358444317334
2026-06-24 14:01:51.620122+02:00,24.877,231.39227,-0.5757358444317333
2026-06-24 14:01:51.912999+02:00,24.876,231.685147,-0.576735844431731
2026-06-24 14:01:52.206089+02:00,24.873,231.978237,-0.5797358444317311
2026-06-24 14:01:52.500844+02:00,24.875,232.272992,-0.5777358444317322
2026-06-24 14:01:52.798294+02:00,24.876,232.570442,-0.576735844431731
2026-06-24 14:01:53.093240+02:00,24.878,232.865388,-0.5747358444317321
2026-06-24 14:01:53.385504+02:00,24.877,233.157652,-0.5757358444317333
2026-06-24 14:01:53.680641+02:00,24.876,233.452789,-0.576735844431731
2026-06-24 14:01:53.977398+02:00,24.878,233.749546,-0.5747358444317321
2026-06-24 14:01:54.267963+02:00,24.877,234.040111,-0.5757358444317333
2026-06-24 14:01:54.559455+02:00,24.878,234.331603,-0.5747358444317321
2026-06-24 14:01:54.855004+02:00,24.876,234.627152,-0.576735844431731
2026-06-24 14:01:55.147386+02:00,24.878,234.919534,-0.5747358444317321
2026-06-24 14:01:55.435102+02:00,24.88,235.20725,-0.5727358444317332
2026-06-24 14:01:55.734384+02:00,24.879,235.506532,-0.5737358444317309
2026-06-24 14:01:56.033462+02:00,24.88,235.80561,-0.5727358444317332
2026-06-24 14:01:56.334733+02:00,24.881,236.106881,-0.571735844431732
2026-06-24 14:01:56.637364+02:00,24.881,236.409512,-0.571735844431732
2026-06-24 14:01:56.932694+02:00,24.877,236.704842,-0.5757358444317333
2026-06-24 14:01:57.226664+02:00,24.879,236.998812,-0.5737358444317309
2026-06-24 14:01:57.522839+02:00,24.881,237.294987,-0.571735844431732
2026-06-24 14:01:57.814509+02:00,24.88,237.586657,-0.5727358444317332
2026-06-24 14:01:58.109489+02:00,24.88,237.881637,-0.5727358444317332
2026-06-24 14:01:58.403246+02:00,24.883,238.175394,-0.5697358444317331
2026-06-24 14:01:58.692719+02:00,24.882,238.464867,-0.5707358444317308
2026-06-24 14:01:58.987296+02:00,24.881,238.759444,-0.571735844431732
2026-06-24 14:01:59.282309+02:00,24.884,239.054457,-0.5687358444317319
2026-06-24 14:01:59.580572+02:00,24.882,239.35272,-0.5707358444317308
2026-06-24 14:01:59.871723+02:00,24.882,239.643871,-0.5707358444317308
2026-06-24 14:02:00.163820+02:00,24.885,239.935968,-0.5677358444317306
2026-06-24 14:02:00.455755+02:00,24.882,240.227903,-0.5707358444317308
2026-06-24 14:02:00.745724+02:00,24.885,240.517872,-0.5677358444317306
2026-06-24 14:02:01.041269+02:00,24.883,240.813417,-0.5697358444317331
2026-06-24 14:02:01.333260+02:00,24.886,241.105408,-0.566735844431733
2026-06-24 14:02:01.625699+02:00,24.887,241.397847,-0.5657358444317317
2026-06-24 14:02:01.917299+02:00,24.886,241.689447,-0.566735844431733
2026-06-24 14:02:02.214819+02:00,24.887,241.986967,-0.5657358444317317
2026-06-24 14:02:02.507113+02:00,24.885,242.279261,-0.5677358444317306
2026-06-24 14:02:02.798098+02:00,24.888,242.570246,-0.5647358444317305
2026-06-24 14:02:03.091613+02:00,24.89,242.863761,-0.5627358444317316
2026-06-24 14:02:03.383267+02:00,24.891,243.155415,-0.561735844431734
2026-06-24 14:02:03.676627+02:00,24.89,243.448775,-0.5627358444317316
2026-06-24 14:02:03.971063+02:00,24.892,243.743211,-0.5607358444317327
2026-06-24 14:02:04.275181+02:00,24.893,244.047329,-0.5597358444317315
2026-06-24 14:02:04.566892+02:00,24.892,244.33904,-0.5607358444317327
2026-06-24 14:02:04.867145+02:00,24.895,244.639293,-0.5577358444317326
2026-06-24 14:02:05.166874+02:00,24.89,244.939022,-0.5627358444317316
2026-06-24 14:02:05.466401+02:00,24.894,245.238549,-0.5587358444317339
2026-06-24 14:02:05.756828+02:00,24.894,245.528976,-0.5587358444317339
2026-06-24 14:02:06.046555+02:00,24.894,245.818703,-0.5587358444317339
2026-06-24 14:02:06.344340+02:00,24.894,246.116488,-0.5587358444317339
2026-06-24 14:02:06.642759+02:00,24.896,246.414907,-0.5567358444317314
2026-06-24 14:02:06.934319+02:00,24.894,246.706467,-0.5587358444317339
2026-06-24 14:02:07.227179+02:00,24.899,246.999327,-0.5537358444317313
2026-06-24 14:02:07.519495+02:00,24.896,247.291643,-0.5567358444317314
2026-06-24 14:02:07.812415+02:00,24.898,247.584563,-0.5547358444317325
2026-06-24 14:02:08.103334+02:00,24.896,247.875482,-0.5567358444317314
2026-06-24 14:02:08.395718+02:00,24.901,248.167866,-0.5517358444317324
2026-06-24 14:02:08.690665+02:00,24.899,248.462813,-0.5537358444317313
2026-06-24 14:02:08.982128+02:00,24.901,248.754276,-0.5517358444317324
2026-06-24 14:02:09.276024+02:00,24.902,249.048172,-0.5507358444317312
2026-06-24 14:02:09.571570+02:00,24.902,249.343718,-0.5507358444317312
2026-06-24 14:02:09.865264+02:00,24.903,249.637412,-0.5497358444317335
2026-06-24 14:02:10.162364+02:00,24.902,249.934512,-0.5507358444317312
2026-06-24 14:02:10.455444+02:00,24.906,250.227592,-0.5467358444317334
2026-06-24 14:02:10.749110+02:00,24.907,250.521258,-0.5457358444317322
2026-06-24 14:02:11.040538+02:00,24.907,250.812686,-0.5457358444317322
2026-06-24 14:02:11.336366+02:00,24.908,251.108514,-0.544735844431731
2026-06-24 14:02:11.630055+02:00,24.907,251.402203,-0.5457358444317322
2026-06-24 14:02:11.925253+02:00,24.909,251.697401,-0.5437358444317333
2026-06-24 14:02:12.216170+02:00,24.908,251.988318,-0.544735844431731
2026-06-24 14:02:12.508738+02:00,24.911,252.280886,-0.5417358444317308
2026-06-24 14:02:12.801434+02:00,24.912,252.573582,-0.5407358444317332
2026-06-24 14:02:13.093830+02:00,24.913,252.865978,-0.539735844431732
2026-06-24 14:02:13.389856+02:00,24.911,253.162004,-0.5417358444317308
2026-06-24 14:02:13.684626+02:00,24.916,253.456774,-0.5367358444317318
2026-06-24 14:02:13.985943+02:00,24.912,253.758091,-0.5407358444317332
2026-06-24 14:02:14.281044+02:00,24.916,254.053192,-0.5367358444317318
2026-06-24 14:02:14.573185+02:00,24.916,254.345333,-0.5367358444317318
2026-06-24 14:02:14.865085+02:00,24.921,254.637233,-0.5317358444317328
2026-06-24 14:02:15.165132+02:00,24.919,254.93728,-0.5337358444317317
2026-06-24 14:02:15.468318+02:00,24.916,255.240466,-0.5367358444317318
2026-06-24 14:02:15.764051+02:00,24.917,255.536199,-0.5357358444317306
2026-06-24 14:02:16.056638+02:00,24.917,255.828786,-0.5357358444317306
2026-06-24 14:02:16.346480+02:00,24.919,256.118628,-0.5337358444317317
2026-06-24 14:02:16.641072+02:00,24.918,256.41322,-0.5347358444317329
2026-06-24 14:02:16.939684+02:00,24.92,256.711832,-0.5327358444317305
2026-06-24 14:02:17.233185+02:00,24.92,257.005333,-0.5327358444317305
2026-06-24 14:02:17.531434+02:00,24.922,257.303582,-0.5307358444317316
2026-06-24 14:02:17.836416+02:00,24.923,257.608564,-0.5297358444317339
2026-06-24 14:02:18.135783+02:00,24.927,257.907931,-0.5257358444317326
2026-06-24 14:02:18.435830+02:00,24.924,258.207978,-0.5287358444317327
2026-06-24 14:02:18.731840+02:00,24.93,258.503988,-0.5227358444317325
2026-06-24 14:02:19.025246+02:00,24.929,258.797394,-0.5237358444317337
2026-06-24 14:02:19.315923+02:00,24.931,259.088071,-0.5217358444317313
2026-06-24 14:02:19.611432+02:00,24.932,259.38358,-0.5207358444317336
2026-06-24 14:02:19.906790+02:00,24.931,259.678938,-0.5217358444317313
2026-06-24 14:02:20.196762+02:00,24.931,259.96891,-0.5217358444317313
2026-06-24 14:02:20.492158+02:00,24.932,260.264306,-0.5207358444317336
2026-06-24 14:02:20.786316+02:00,24.934,260.558464,-0.5187358444317312
2026-06-24 14:02:21.079290+02:00,24.936,260.851438,-0.5167358444317323
2026-06-24 14:02:21.373206+02:00,24.939,261.145354,-0.5137358444317321
2026-06-24 14:02:21.664995+02:00,24.938,261.437143,-0.5147358444317334
2026-06-24 14:02:21.956285+02:00,24.938,261.728433,-0.5147358444317334
2026-06-24 14:02:22.250905+02:00,24.942,262.023053,-0.510735844431732
2026-06-24 14:02:22.545750+02:00,24.942,262.317898,-0.510735844431732
2026-06-24 14:02:22.840001+02:00,24.94,262.612149,-0.5127358444317309
2026-06-24 14:02:23.133850+02:00,24.944,262.905998,-0.5087358444317331
2026-06-24 14:02:23.424824+02:00,24.943,263.196972,-0.5097358444317308
2026-06-24 14:02:23.714493+02:00,24.948,263.486641,-0.5047358444317318
2026-06-24 14:02:24.010181+02:00,24.948,263.782329,-0.5047358444317318
2026-06-24 14:02:24.300456+02:00,24.945,264.072604,-0.5077358444317319
2026-06-24 14:02:24.592111+02:00,24.949,264.364259,-0.5037358444317306
2026-06-24 14:02:24.883670+02:00,24.951,264.655818,-0.5017358444317317
2026-06-24 14:02:25.179491+02:00,24.952,264.951639,-0.5007358444317305
2026-06-24 14:02:25.472920+02:00,24.951,265.245068,-0.5017358444317317
2026-06-24 14:02:25.767967+02:00,24.955,265.540115,-0.4977358444317339
2026-06-24 14:02:26.061550+02:00,24.954,265.833698,-0.4987358444317316
2026-06-24 14:02:26.355606+02:00,24.954,266.127754,-0.4987358444317316
2026-06-24 14:02:26.645922+02:00,24.958,266.41807,-0.4947358444317338
2026-06-24 14:02:26.937071+02:00,24.957,266.709219,-0.49573584443173146
2026-06-24 14:02:27.229271+02:00,24.96,267.001419,-0.49273584443173135
2026-06-24 14:02:27.528759+02:00,24.962,267.300907,-0.49073584443173246
2026-06-24 14:02:27.818796+02:00,24.959,267.590944,-0.4937358444317326
2026-06-24 14:02:28.111977+02:00,24.964,267.884125,-0.48873584443173357
2026-06-24 14:02:28.411006+02:00,24.962,268.183154,-0.49073584443173246
2026-06-24 14:02:28.709905+02:00,24.966,268.482053,-0.4867358444317311
2026-06-24 14:02:29.001725+02:00,24.967,268.773873,-0.48573584443173345
2026-06-24 14:02:29.300327+02:00,24.967,269.072475,-0.48573584443173345
2026-06-24 14:02:29.590265+02:00,24.97,269.362413,-0.48273584443173334
2026-06-24 14:02:29.882943+02:00,24.971,269.655091,-0.4817358444317321
2026-06-24 14:02:30.176883+02:00,24.97,269.949031,-0.48273584443173334
2026-06-24 14:02:30.471857+02:00,24.97,270.244005,-0.48273584443173334
2026-06-24 14:02:30.778686+02:00,24.974,270.550834,-0.478735844431732
2026-06-24 14:02:31.073622+02:00,24.973,270.84577,-0.4797358444317332
2026-06-24 14:02:31.365950+02:00,24.978,271.138098,-0.47473584443173067
2026-06-24 14:02:31.657698+02:00,24.975,271.429846,-0.4777358444317308
2026-06-24 14:02:31.951191+02:00,24.978,271.723339,-0.47473584443173067
2026-06-24 14:02:32.244543+02:00,24.98,272.016691,-0.4727358444317318
2026-06-24 14:02:32.535073+02:00,24.982,272.307221,-0.4707358444317329
2026-06-24 14:02:32.827368+02:00,24.982,272.599516,-0.4707358444317329
2026-06-24 14:02:33.119074+02:00,24.981,272.891222,-0.47173584443173056
2026-06-24 14:02:33.417612+02:00,24.985,273.18976,-0.4677358444317328
2026-06-24 14:02:33.710409+02:00,24.987,273.482557,-0.4657358444317339
2026-06-24 14:02:34.003226+02:00,24.986,273.775374,-0.46673584443173155
2026-06-24 14:02:34.295113+02:00,24.988,274.067261,-0.46473584443173266
2026-06-24 14:02:34.590630+02:00,24.99,274.362778,-0.46273584443173377
2026-06-24 14:02:34.879411+02:00,24.992,274.651559,-0.4607358444317313
2026-06-24 14:02:35.173482+02:00,24.994,274.94563,-0.45873584443173243
2026-06-24 14:02:35.468882+02:00,24.995,275.24103,-0.4577358444317312
2026-06-24 14:02:35.759674+02:00,24.994,275.531822,-0.45873584443173243
2026-06-24 14:02:36.049593+02:00,24.996,275.821741,-0.45673584443173354
2026-06-24 14:02:36.341475+02:00,24.996,276.113623,-0.45673584443173354
2026-06-24 14:02:36.634079+02:00,24.997,276.406227,-0.4557358444317323
2026-06-24 14:02:36.925855+02:00,24.998,276.698003,-0.4547358444317311
2026-06-24 14:02:37.221956+02:00,24.998,276.994104,-0.4547358444317311
2026-06-24 14:02:37.515575+02:00,25.0,277.287723,-0.4527358444317322
2026-06-24 14:02:37.812088+02:00,24.999,277.584236,-0.4537358444317334
2026-06-24 14:02:38.110095+02:00,25.005,277.882243,-0.4477358444317332
2026-06-24 14:02:38.410448+02:00,25.006,278.182596,-0.446735844431732
2026-06-24 14:02:38.702626+02:00,25.006,278.474774,-0.446735844431732
2026-06-24 14:02:38.996500+02:00,25.008,278.768648,-0.4447358444317331
2026-06-24 14:02:39.294057+02:00,25.008,279.066205,-0.4447358444317331
2026-06-24 14:02:39.585927+02:00,25.011,279.358075,-0.44173584443173297
2026-06-24 14:02:39.876910+02:00,25.012,279.649058,-0.44073584443173175
2026-06-24 14:02:40.165797+02:00,25.013,279.937945,-0.4397358444317305
2026-06-24 14:02:40.457965+02:00,25.014,280.230113,-0.43873584443173286
2026-06-24 14:02:40.749347+02:00,25.018,280.521495,-0.4347358444317315
2026-06-24 14:02:41.050035+02:00,25.017,280.822183,-0.43573584443173274
2026-06-24 14:02:41.346143+02:00,25.019,281.118291,-0.43373584443173385
2026-06-24 14:02:41.641582+02:00,25.021,281.41373,-0.4317358444317314
2026-06-24 14:02:41.933989+02:00,25.021,281.706137,-0.4317358444317314
2026-06-24 14:02:42.231748+02:00,25.022,282.003896,-0.43073584443173374
2026-06-24 14:02:42.528605+02:00,25.024,282.300753,-0.4287358444317313
2026-06-24 14:02:42.823615+02:00,25.028,282.595763,-0.4247358444317335
2026-06-24 14:02:43.121864+02:00,25.024,282.894012,-0.4287358444317313
2026-06-24 14:02:43.411505+02:00,25.031,283.183653,-0.4217358444317334
2026-06-24 14:02:43.702686+02:00,25.028,283.474834,-0.4247358444317335
2026-06-24 14:02:44.002589+02:00,25.031,283.774737,-0.4217358444317334
2026-06-24 14:02:44.301184+02:00,25.032,284.073332,-0.4207358444317322
2026-06-24 14:02:44.595414+02:00,25.034,284.367562,-0.4187358444317333
2026-06-24 14:02:44.891222+02:00,25.034,284.66337,-0.4187358444317333
2026-06-24 14:02:45.182359+02:00,25.032,284.954507,-0.4207358444317322
2026-06-24 14:02:45.476710+02:00,25.037,285.248858,-0.41573584443173317
2026-06-24 14:02:45.769544+02:00,25.039,285.541692,-0.4137358444317307
2026-06-24 14:02:46.059240+02:00,25.042,285.831388,-0.4107358444317306
2026-06-24 14:02:46.351068+02:00,25.043,286.123216,-0.40973584443173294
2026-06-24 14:02:46.649926+02:00,25.044,286.422074,-0.4087358444317317
2026-06-24 14:02:46.942474+02:00,25.043,286.714622,-0.40973584443173294
2026-06-24 14:02:47.231728+02:00,25.042,287.003876,-0.4107358444317306
2026-06-24 14:02:47.523726+02:00,25.046,287.295874,-0.40673584443173283
2026-06-24 14:02:47.822495+02:00,25.046,287.594643,-0.40673584443173283
2026-06-24 14:02:48.120838+02:00,25.048,287.892986,-0.40473584443173394
2026-06-24 14:02:48.412255+02:00,25.046,288.184403,-0.40673584443173283
2026-06-24 14:02:48.708378+02:00,25.048,288.480526,-0.40473584443173394
2026-06-24 14:02:49.001003+02:00,25.051,288.773151,-0.4017358444317338
2026-06-24 14:02:49.294861+02:00,25.054,289.067009,-0.3987358444317337
2026-06-24 14:02:49.595403+02:00,25.055,289.367551,-0.3977358444317325
2026-06-24 14:02:49.889441+02:00,25.055,289.661589,-0.3977358444317325
2026-06-24 14:02:50.181749+02:00,25.054,289.953897,-0.3987358444317337
2026-06-24 14:02:50.473425+02:00,25.056,290.245573,-0.39673584443173127
2026-06-24 14:02:50.763881+02:00,25.06,290.536029,-0.3927358444317335
2026-06-24 14:02:51.055378+02:00,25.061,290.827526,-0.39173584443173226
2026-06-24 14:02:51.345845+02:00,25.063,291.117993,-0.38973584443173337
2026-06-24 14:02:51.639008+02:00,25.065,291.411156,-0.3877358444317309
2026-06-24 14:02:51.939236+02:00,25.066,291.711384,-0.38673584443173326
2026-06-24 14:02:52.230940+02:00,25.065,292.003088,-0.3877358444317309
2026-06-24 14:02:52.524831+02:00,25.068,292.296979,-0.3847358444317308
2026-06-24 14:02:52.820128+02:00,25.069,292.592276,-0.38373584443173314
2026-06-24 14:02:53.115798+02:00,25.07,292.887946,-0.3827358444317319
2026-06-24 14:02:53.411122+02:00,25.069,293.18327,-0.38373584443173314
2026-06-24 14:02:53.703485+02:00,25.072,293.475633,-0.38073584443173303
2026-06-24 14:02:53.993355+02:00,25.072,293.765503,-0.38073584443173303
2026-06-24 14:02:54.283801+02:00,25.076,294.055949,-0.3767358444317317
2026-06-24 14:02:54.580192+02:00,25.076,294.35234,-0.3767358444317317
2026-06-24 14:02:54.881255+02:00,25.075,294.653403,-0.3777358444317329
2026-06-24 14:02:55.172559+02:00,25.074,294.944707,-0.3787358444317306
2026-06-24 14:02:55.466947+02:00,25.078,295.239095,-0.3747358444317328
2026-06-24 14:02:55.766385+02:00,25.08,295.538533,-0.3727358444317339
2026-06-24 14:02:56.060796+02:00,25.08,295.832944,-0.3727358444317339
2026-06-24 14:02:56.363314+02:00,25.08,296.135462,-0.3727358444317339
2026-06-24 14:02:56.665131+02:00,25.081,296.437279,-0.3717358444317327
2026-06-24 14:02:56.955969+02:00,25.082,296.728117,-0.37073584443173146
2026-06-24 14:02:57.253104+02:00,25.084,297.025252,-0.3687358444317326
2026-06-24 14:02:57.544464+02:00,25.084,297.316612,-0.3687358444317326
2026-06-24 14:02:57.836770+02:00,25.085,297.608918,-0.36773584443173135
2026-06-24 14:02:58.138939+02:00,25.088,297.911087,-0.36473584443173124
2026-06-24 14:02:58.432376+02:00,25.086,298.204524,-0.3667358444317337
2026-06-24 14:02:58.734091+02:00,25.088,298.506239,-0.36473584443173124
2026-06-24 14:02:59.031228+02:00,25.089,298.803376,-0.36373584443173357
2026-06-24 14:02:59.321382+02:00,25.09,299.09353,-0.36273584443173235
2026-06-24 14:02:59.614309+02:00,25.092,299.386457,-0.36073584443173345
2026-06-24 14:02:59.904973+02:00,25.093,299.677121,-0.35973584443173223
2026-06-24 14:03:00.194406+02:00,25.095,299.966554,-0.35773584443173334
2026-06-24 14:03:00.490275+02:00,25.097,300.262423,-0.3557358444317309
2026-06-24 14:03:00.779731+02:00,25.096,300.551879,-0.3567358444317321
2026-06-24 14:03:01.076413+02:00,25.099,300.848561,-0.353735844431732
2026-06-24 14:03:01.382665+02:00,25.1,301.154813,-0.3527358444317308
2026-06-24 14:03:01.683676+02:00,25.104,301.455824,-0.348735844431733
2026-06-24 14:03:01.976903+02:00,25.102,301.749051,-0.3507358444317319
2026-06-24 14:03:02.266229+02:00,25.106,302.038377,-0.34673584443173056
2026-06-24 14:03:02.559056+02:00,25.107,302.331204,-0.3457358444317329
2026-06-24 14:03:02.850562+02:00,25.11,302.62271,-0.3427358444317328
2026-06-24 14:03:03.149254+02:00,25.112,302.921402,-0.3407358444317339
2026-06-24 14:03:03.445359+02:00,25.113,303.217507,-0.33973584443173266
2026-06-24 14:03:03.738314+02:00,25.115,303.510462,-0.33773584443173377
2026-06-24 14:03:04.029268+02:00,25.116,303.801416,-0.33673584443173254
2026-06-24 14:03:04.324775+02:00,25.118,304.096923,-0.33473584443173365
2026-06-24 14:03:04.621779+02:00,25.12,304.393927,-0.3327358444317312
2026-06-24 14:03:04.913841+02:00,25.115,304.685989,-0.33773584443173377
2026-06-24 14:03:05.204360+02:00,25.119,304.976508,-0.33373584443173243
2026-06-24 14:03:05.498096+02:00,25.119,305.270244,-0.33373584443173243
2026-06-24 14:03:05.801326+02:00,25.122,305.573474,-0.3307358444317323
2026-06-24 14:03:06.095419+02:00,25.121,305.867567,-0.33173584443173354
2026-06-24 14:03:06.386432+02:00,25.123,306.15858,-0.3297358444317311
2026-06-24 14:03:06.679585+02:00,25.124,306.451733,-0.3287358444317334
2026-06-24 14:03:06.976149+02:00,25.125,306.748297,-0.3277358444317322
2026-06-24 14:03:07.274643+02:00,25.125,307.046791,-0.3277358444317322
2026-06-24 14:03:07.578217+02:00,25.126,307.350365,-0.326735844431731
2026-06-24 14:03:07.871710+02:00,25.128,307.643858,-0.3247358444317321
2026-06-24 14:03:08.163832+02:00,25.13,307.93598,-0.3227358444317332
2026-06-24 14:03:08.454027+02:00,25.13,308.226175,-0.3227358444317332
2026-06-24 14:03:08.745432+02:00,25.132,308.51758,-0.32073584443173075
2026-06-24 14:03:09.035015+02:00,25.132,308.807163,-0.32073584443173075
2026-06-24 14:03:09.334067+02:00,25.134,309.106215,-0.31873584443173186
2026-06-24 14:03:09.627094+02:00,25.134,309.399242,-0.31873584443173186
2026-06-24 14:03:09.917825+02:00,25.135,309.689973,-0.31773584443173064
2026-06-24 14:03:10.215435+02:00,25.135,309.987583,-0.31773584443173064
2026-06-24 14:03:10.515256+02:00,25.138,310.287404,-0.3147358444317305
2026-06-24 14:03:10.809422+02:00,25.142,310.58157,-0.31073584443173274
2026-06-24 14:03:11.105290+02:00,25.139,310.877438,-0.31373584443173286
2026-06-24 14:03:11.398606+02:00,25.143,311.170754,-0.3097358444317315
2026-06-24 14:03:11.692119+02:00,25.146,311.464267,-0.3067358444317314
2026-06-24 14:03:11.988820+02:00,25.143,311.760968,-0.3097358444317315
2026-06-24 14:03:12.283633+02:00,25.147,312.055781,-0.30573584443173374
2026-06-24 14:03:12.575898+02:00,25.147,312.348046,-0.30573584443173374
2026-06-24 14:03:12.867090+02:00,25.145,312.639238,-0.30773584443173263
2026-06-24 14:03:13.160413+02:00,25.152,312.932561,-0.3007358444317312
2026-06-24 14:03:13.461680+02:00,25.154,313.233828,-0.2987358444317323
2026-06-24 14:03:13.761136+02:00,25.15,313.533284,-0.3027358444317336
2026-06-24 14:03:14.059810+02:00,25.155,313.831958,-0.29773584443173107
2026-06-24 14:03:14.350051+02:00,25.153,314.122199,-0.2997358444317335
2026-06-24 14:03:14.643195+02:00,25.155,314.415343,-0.29773584443173107
2026-06-24 14:03:14.935408+02:00,25.155,314.707556,-0.29773584443173107
2026-06-24 14:03:15.227269+02:00,25.161,314.999417,-0.29173584443173084
2026-06-24 14:03:15.518424+02:00,25.155,315.290572,-0.29773584443173107
2026-06-24 14:03:15.811200+02:00,25.16,315.583348,-0.29273584443173206
2026-06-24 14:03:16.102839+02:00,25.16,315.874987,-0.29273584443173206
2026-06-24 14:03:16.399606+02:00,25.162,316.171754,-0.29073584443173317
2026-06-24 14:03:16.691457+02:00,25.16,316.463605,-0.29273584443173206
2026-06-24 14:03:16.985195+02:00,25.16,316.757343,-0.29273584443173206
2026-06-24 14:03:17.274444+02:00,25.165,317.046592,-0.28773584443173306
2026-06-24 14:03:17.574283+02:00,25.166,317.346431,-0.28673584443173183
2026-06-24 14:03:17.863759+02:00,25.166,317.635907,-0.28673584443173183
2026-06-24 14:03:18.154609+02:00,25.165,317.926757,-0.28773584443173306
2026-06-24 14:03:18.449616+02:00,25.163,318.221764,-0.28973584443173195
2026-06-24 14:03:18.748603+02:00,25.168,318.520751,-0.28473584443173294
2026-06-24 14:03:19.050029+02:00,25.168,318.822177,-0.28473584443173294
2026-06-24 14:03:19.347823+02:00,25.169,319.119971,-0.2837358444317317
2026-06-24 14:03:19.641146+02:00,25.17,319.413294,-0.2827358444317305
2026-06-24 14:03:19.936611+02:00,25.171,319.708759,-0.28173584443173283
2026-06-24 14:03:20.232168+02:00,25.172,320.004316,-0.2807358444317316
2026-06-24 14:03:20.526736+02:00,25.173,320.298884,-0.27973584443173394
2026-06-24 14:03:20.819843+02:00,25.175,320.591991,-0.2777358444317315
2026-06-24 14:03:21.112831+02:00,25.178,320.884979,-0.2747358444317314
2026-06-24 14:03:21.405787+02:00,25.177,321.177935,-0.2757358444317326
2026-06-24 14:03:21.697293+02:00,25.177,321.469441,-0.2757358444317326
2026-06-24 14:03:21.989877+02:00,25.179,321.762025,-0.2737358444317337
2026-06-24 14:03:22.283151+02:00,25.178,322.055299,-0.2747358444317314
2026-06-24 14:03:22.575333+02:00,25.181,322.347481,-0.27173584443173127
2026-06-24 14:03:22.866932+02:00,25.181,322.63908,-0.27173584443173127
2026-06-24 14:03:23.157104+02:00,25.179,322.929252,-0.2737358444317337
2026-06-24 14:03:23.450622+02:00,25.182,323.22277,-0.2707358444317336
2026-06-24 14:03:23.742186+02:00,25.183,323.514334,-0.2697358444317324
2026-06-24 14:03:24.033461+02:00,25.185,323.805609,-0.2677358444317335
2026-06-24 14:03:24.325240+02:00,25.188,324.097388,-0.26473584443173337
2026-06-24 14:03:24.622718+02:00,25.189,324.394866,-0.26373584443173215
2026-06-24 14:03:24.914101+02:00,25.189,324.686249,-0.26373584443173215
2026-06-24 14:03:25.205490+02:00,25.191,324.977638,-0.26173584443173326
2026-06-24 14:03:25.495824+02:00,25.194,325.267972,-0.25873584443173314
2026-06-24 14:03:25.794645+02:00,25.196,325.566793,-0.2567358444317307
2026-06-24 14:03:26.088677+02:00,25.196,325.860825,-0.2567358444317307
2026-06-24 14:03:26.378527+02:00,25.197,326.150675,-0.25573584443173303
2026-06-24 14:03:26.677281+02:00,25.196,326.449429,-0.2567358444317307
2026-06-24 14:03:26.976788+02:00,25.196,326.748936,-0.2567358444317307
2026-06-24 14:03:27.279652+02:00,25.199,327.0518,-0.2537358444317306
2026-06-24 14:03:27.571670+02:00,25.199,327.343818,-0.2537358444317306
2026-06-24 14:03:27.863522+02:00,25.198,327.63567,-0.2547358444317318
2026-06-24 14:03:28.160567+02:00,25.203,327.932715,-0.2497358444317328
2026-06-24 14:03:28.453585+02:00,25.203,328.225733,-0.2497358444317328
2026-06-24 14:03:28.747873+02:00,25.202,328.520021,-0.25073584443173047
2026-06-24 14:03:29.037611+02:00,25.205,328.809759,-0.2477358444317339
2026-06-24 14:03:29.329332+02:00,25.202,329.10148,-0.25073584443173047
2026-06-24 14:03:29.623314+02:00,25.206,329.395462,-0.2467358444317327
2026-06-24 14:03:29.924364+02:00,25.205,329.696512,-0.2477358444317339
2026-06-24 14:03:30.225959+02:00,25.208,329.998107,-0.2447358444317338
2026-06-24 14:03:30.525682+02:00,25.209,330.29783,-0.24373584443173257
2026-06-24 14:03:30.820068+02:00,25.21,330.592216,-0.24273584443173135
2026-06-24 14:03:31.110813+02:00,25.209,330.882961,-0.24373584443173257
2026-06-24 14:03:31.400473+02:00,25.209,331.172621,-0.24373584443173257
2026-06-24 14:03:31.703877+02:00,25.213,331.476025,-0.23973584443173124
2026-06-24 14:03:31.996258+02:00,25.213,331.768406,-0.23973584443173124
2026-06-24 14:03:32.288703+02:00,25.213,332.060851,-0.23973584443173124
2026-06-24 14:03:32.579303+02:00,25.215,332.351451,-0.23773584443173235
2026-06-24 14:03:32.878389+02:00,25.219,332.650537,-0.233735844431731
2026-06-24 14:03:33.169488+02:00,25.218,332.941636,-0.23473584443173223
2026-06-24 14:03:33.463276+02:00,25.218,333.235424,-0.23473584443173223
2026-06-24 14:03:33.753944+02:00,25.22,333.526092,-0.23273584443173334
2026-06-24 14:03:34.044475+02:00,25.223,333.816623,-0.22973584443173323
2026-06-24 14:03:34.343124+02:00,25.219,334.115272,-0.233735844431731
2026-06-24 14:03:34.635585+02:00,25.221,334.407733,-0.23173584443173212
2026-06-24 14:03:34.926091+02:00,25.222,334.698239,-0.2307358444317309
2026-06-24 14:03:35.224993+02:00,25.226,334.997141,-0.2267358444317331
2026-06-24 14:03:35.523844+02:00,25.228,335.295992,-0.22473584443173067
2026-06-24 14:03:35.820210+02:00,25.224,335.592358,-0.228735844431732
2026-06-24 14:03:36.109298+02:00,25.227,335.881446,-0.2257358444317319
2026-06-24 14:03:36.403965+02:00,25.228,336.176113,-0.22473584443173067
2026-06-24 14:03:36.695465+02:00,25.229,336.467613,-0.223735844431733
2026-06-24 14:03:36.992446+02:00,25.228,336.764594,-0.22473584443173067
2026-06-24 14:03:37.284126+02:00,25.234,337.056274,-0.21873584443173044
2026-06-24 14:03:37.580494+02:00,25.234,337.352642,-0.21873584443173044
2026-06-24 14:03:37.871962+02:00,25.234,337.64411,-0.21873584443173044
2026-06-24 14:03:38.168453+02:00,25.234,337.940601,-0.21873584443173044
2026-06-24 14:03:38.462528+02:00,25.236,338.234676,-0.21673584443173155
2026-06-24 14:03:38.756926+02:00,25.237,338.529074,-0.21573584443173388
2026-06-24 14:03:39.058673+02:00,25.236,338.830821,-0.21673584443173155
2026-06-24 14:03:39.355708+02:00,25.239,339.127856,-0.21373584443173144
2026-06-24 14:03:39.652061+02:00,25.241,339.424209,-0.21173584443173254
2026-06-24 14:03:39.943807+02:00,25.242,339.715955,-0.21073584443173132
2026-06-24 14:03:40.244830+02:00,25.242,340.016978,-0.21073584443173132
2026-06-24 14:03:40.542585+02:00,25.242,340.314733,-0.21073584443173132
2026-06-24 14:03:40.839859+02:00,25.244,340.612007,-0.20873584443173243
2026-06-24 14:03:41.131288+02:00,25.245,340.903436,-0.2077358444317312
2026-06-24 14:03:41.429814+02:00,25.244,341.201962,-0.20873584443173243
2026-06-24 14:03:41.725509+02:00,25.246,341.497657,-0.20673584443173354
2026-06-24 14:03:42.025318+02:00,25.247,341.797466,-0.20573584443173232
2026-06-24 14:03:42.317368+02:00,25.248,342.089516,-0.2047358444317311
2026-06-24 14:03:42.615021+02:00,25.245,342.387169,-0.2077358444317312
2026-06-24 14:03:42.917667+02:00,25.248,342.689815,-0.2047358444317311
2026-06-24 14:03:43.219680+02:00,25.25,342.991828,-0.2027358444317322
2026-06-24 14:03:43.510375+02:00,25.248,343.282523,-0.2047358444317311
2026-06-24 14:03:43.801658+02:00,25.25,343.573806,-0.2027358444317322
2026-06-24 14:03:44.096374+02:00,25.251,343.868522,-0.20173584443173098
2026-06-24 14:03:44.386909+02:00,25.25,344.159057,-0.2027358444317322
2026-06-24 14:03:44.680237+02:00,25.251,344.452385,-0.20173584443173098
2026-06-24 14:03:44.975816+02:00,25.252,344.747964,-0.2007358444317333
2026-06-24 14:03:45.275143+02:00,25.252,345.047291,-0.2007358444317333
2026-06-24 14:03:45.581887+02:00,25.255,345.354035,-0.1977358444317332
2026-06-24 14:03:45.879395+02:00,25.252,345.651543,-0.2007358444317333
2026-06-24 14:03:46.181576+02:00,25.252,345.953724,-0.2007358444317333
2026-06-24 14:03:46.475904+02:00,25.253,346.248052,-0.1997358444317321
2026-06-24 14:03:46.777133+02:00,25.255,346.549281,-0.1977358444317332
2026-06-24 14:03:47.071155+02:00,25.256,346.843303,-0.19673584443173198
2026-06-24 14:03:47.362383+02:00,25.256,347.134531,-0.19673584443173198
2026-06-24 14:03:47.655266+02:00,25.258,347.427414,-0.19473584443173309
2026-06-24 14:03:47.946237+02:00,25.257,347.718385,-0.19573584443173075
2026-06-24 14:03:48.238055+02:00,25.258,348.010203,-0.19473584443173309
2026-06-24 14:03:48.531665+02:00,25.259,348.303813,-0.19373584443173186
2026-06-24 14:03:48.823507+02:00,25.257,348.595655,-0.19573584443173075
2026-06-24 14:03:49.120909+02:00,25.261,348.893057,-0.19173584443173297
2026-06-24 14:03:49.416777+02:00,25.261,349.188925,-0.19173584443173297
2026-06-24 14:03:49.712897+02:00,25.262,349.485045,-0.19073584443173175
2026-06-24 14:03:50.011212+02:00,25.263,349.78336,-0.18973584443173053
2026-06-24 14:03:50.304794+02:00,25.261,350.076942,-0.19173584443173297
2026-06-24 14:03:50.594632+02:00,25.262,350.36678,-0.19073584443173175
2026-06-24 14:03:50.889150+02:00,25.265,350.661298,-0.18773584443173164
2026-06-24 14:03:51.182047+02:00,25.263,350.954195,-0.18973584443173053
2026-06-24 14:03:51.474698+02:00,25.263,351.246846,-0.18973584443173053
2026-06-24 14:03:51.766923+02:00,25.263,351.539071,-0.18973584443173053
2026-06-24 14:03:52.059542+02:00,25.265,351.83169,-0.18773584443173164
2026-06-24 14:03:52.350619+02:00,25.266,352.122767,-0.18673584443173397
2026-06-24 14:03:52.639812+02:00,25.266,352.41196,-0.18673584443173397
2026-06-24 14:03:52.932588+02:00,25.265,352.704736,-0.18773584443173164
2026-06-24 14:03:53.226583+02:00,25.266,352.998731,-0.18673584443173397
2026-06-24 14:03:53.520017+02:00,25.267,353.292165,-0.18573584443173274
2026-06-24 14:03:53.815088+02:00,25.268,353.587236,-0.18473584443173152
2026-06-24 14:03:54.103145+02:00,25.27,353.875293,-0.18273584443173263
2026-06-24 14:03:54.404361+02:00,25.268,354.176509,-0.18473584443173152
2026-06-24 14:03:54.697608+02:00,25.271,354.469756,-0.1817358444317314
2026-06-24 14:03:54.993977+02:00,25.269,354.766125,-0.18373584443173385
2026-06-24 14:03:55.285788+02:00,25.272,355.057936,-0.18073584443173374
2026-06-24 14:03:55.582483+02:00,25.272,355.354631,-0.18073584443173374
2026-06-24 14:03:55.880446+02:00,25.272,355.652594,-0.18073584443173374
2026-06-24 14:03:56.172130+02:00,25.277,355.944278,-0.17573584443173118
2026-06-24 14:03:56.463101+02:00,25.276,356.235249,-0.1767358444317324
2026-06-24 14:03:56.756575+02:00,25.273,356.528723,-0.17973584443173252
2026-06-24 14:03:57.053342+02:00,25.275,356.82549,-0.17773584443173363
2026-06-24 14:03:57.352231+02:00,25.275,357.124379,-0.17773584443173363
2026-06-24 14:03:57.644350+02:00,25.274,357.416498,-0.1787358444317313
2026-06-24 14:03:57.936549+02:00,25.277,357.708697,-0.17573584443173118
2026-06-24 14:03:58.235731+02:00,25.278,358.007879,-0.1747358444317335
2026-06-24 14:03:58.527300+02:00,25.279,358.299448,-0.1737358444317323
2026-06-24 14:03:58.822672+02:00,25.281,358.59482,-0.1717358444317334
2026-06-24 14:03:59.114742+02:00,25.279,358.88689,-0.1737358444317323
2026-06-24 14:03:59.407390+02:00,25.278,359.179538,-0.1747358444317335
2026-06-24 14:03:59.700930+02:00,25.282,359.473078,-0.17073584443173218
2026-06-24 14:03:59.992443+02:00,25.281,359.764591,-0.1717358444317334
2026-06-24 14:04:00.285544+02:00,25.28,360.057692,-0.17273584443173107
2026-06-24 14:04:00.586589+02:00,25.282,360.358737,-0.17073584443173218
2026-06-24 14:04:00.885441+02:00,25.281,360.657589,-0.1717358444317334
2026-06-24 14:04:01.184361+02:00,25.283,360.956509,-0.16973584443173095
2026-06-24 14:04:01.484499+02:00,25.286,361.256647,-0.16673584443173084
2026-06-24 14:04:01.774570+02:00,25.286,361.546718,-0.16673584443173084
2026-06-24 14:04:02.068070+02:00,25.28,361.840218,-0.17273584443173107
2026-06-24 14:04:02.358055+02:00,25.284,362.130203,-0.16873584443173328
2026-06-24 14:04:02.651430+02:00,25.285,362.423578,-0.16773584443173206
2026-06-24 14:04:02.942168+02:00,25.284,362.714316,-0.16873584443173328
2026-06-24 14:04:03.237933+02:00,25.286,363.010081,-0.16673584443173084
2026-06-24 14:04:03.531260+02:00,25.285,363.303408,-0.16773584443173206
2026-06-24 14:04:03.831183+02:00,25.287,363.603331,-0.16573584443173317
2026-06-24 14:04:04.127398+02:00,25.286,363.899546,-0.16673584443173084
2026-06-24 14:04:04.418219+02:00,25.286,364.190367,-0.16673584443173084
2026-06-24 14:04:04.710457+02:00,25.289,364.482605,-0.16373584443173073
2026-06-24 14:04:05.000997+02:00,25.289,364.773145,-0.16373584443173073
2026-06-24 14:04:05.293709+02:00,25.29,365.065857,-0.16273584443173306
2026-06-24 14:04:05.592048+02:00,25.289,365.364196,-0.16373584443173073
2026-06-24 14:04:05.886250+02:00,25.29,365.658398,-0.16273584443173306
2026-06-24 14:04:06.186843+02:00,25.288,365.958991,-0.16473584443173195
2026-06-24 14:04:06.479730+02:00,25.289,366.251878,-0.16373584443173073
2026-06-24 14:04:06.772648+02:00,25.29,366.544796,-0.16273584443173306
2026-06-24 14:04:07.066616+02:00,25.29,366.838764,-0.16273584443173306
2026-06-24 14:04:07.356057+02:00,25.29,367.128205,-0.16273584443173306
2026-06-24 14:04:07.654193+02:00,25.29,367.426341,-0.16273584443173306
2026-06-24 14:04:07.946526+02:00,25.291,367.718674,-0.16173584443173183
2026-06-24 14:04:08.245416+02:00,25.292,368.017564,-0.1607358444317306
2026-06-24 14:04:08.537150+02:00,25.292,368.309298,-0.1607358444317306
2026-06-24 14:04:08.832970+02:00,25.294,368.605118,-0.15873584443173172
2026-06-24 14:04:09.123480+02:00,25.291,368.895628,-0.16173584443173183
2026-06-24 14:04:09.420698+02:00,25.292,369.192846,-0.1607358444317306
2026-06-24 14:04:09.711010+02:00,25.292,369.483158,-0.1607358444317306
2026-06-24 14:04:10.002619+02:00,25.292,369.774767,-0.1607358444317306
2026-06-24 14:04:10.292761+02:00,25.292,370.064909,-0.1607358444317306
2026-06-24 14:04:10.585318+02:00,25.292,370.357466,-0.1607358444317306
2026-06-24 14:04:10.882165+02:00,25.29,370.654313,-0.16273584443173306
2026-06-24 14:04:11.180537+02:00,25.295,370.952685,-0.1577358444317305
2026-06-24 14:04:11.482380+02:00,25.294,371.254528,-0.15873584443173172
2026-06-24 14:04:11.781223+02:00,25.295,371.553371,-0.1577358444317305
2026-06-24 14:04:12.083187+02:00,25.294,371.855335,-0.15873584443173172
2026-06-24 14:04:12.382086+02:00,25.293,372.154234,-0.15973584443173294
2026-06-24 14:04:12.678485+02:00,25.293,372.450633,-0.15973584443173294
2026-06-24 14:04:12.976765+02:00,25.295,372.748913,-0.1577358444317305
2026-06-24 14:04:13.272927+02:00,25.297,373.045075,-0.1557358444317316
2026-06-24 14:04:13.570915+02:00,25.297,373.343063,-0.1557358444317316
2026-06-24 14:04:13.869765+02:00,25.293,373.641913,-0.15973584443173294
2026-06-24 14:04:14.159641+02:00,25.295,373.931789,-0.1577358444317305
2026-06-24 14:04:14.455743+02:00,25.293,374.227891,-0.15973584443173294
2026-06-24 14:04:14.745444+02:00,25.295,374.517592,-0.1577358444317305
2026-06-24 14:04:15.036214+02:00,25.297,374.808362,-0.1557358444317316
2026-06-24 14:04:15.328196+02:00,25.296,375.100344,-0.15673584443173283
2026-06-24 14:04:15.621761+02:00,25.295,375.393909,-0.1577358444317305
2026-06-24 14:04:15.923025+02:00,25.295,375.695173,-0.1577358444317305
2026-06-24 14:04:16.221035+02:00,25.294,375.993183,-0.15873584443173172
2026-06-24 14:04:16.517274+02:00,25.296,376.289422,-0.15673584443173283
2026-06-24 14:04:16.810659+02:00,25.294,376.582807,-0.15873584443173172
2026-06-24 14:04:17.103229+02:00,25.298,376.875377,-0.15473584443173394
2026-06-24 14:04:17.397154+02:00,25.299,377.169302,-0.15373584443173272
2026-06-24 14:04:17.689008+02:00,25.301,377.461156,-0.15173584443173382
2026-06-24 14:04:17.980718+02:00,25.299,377.752866,-0.15373584443173272
2026-06-24 14:04:18.273977+02:00,25.298,378.046125,-0.15473584443173394
2026-06-24 14:04:18.569608+02:00,25.301,378.341756,-0.15173584443173382
2026-06-24 14:04:18.864171+02:00,25.296,378.636319,-0.15673584443173283
2026-06-24 14:04:19.164126+02:00,25.297,378.936274,-0.1557358444317316
2026-06-24 14:04:19.463134+02:00,25.298,379.235282,-0.15473584443173394
2026-06-24 14:04:19.753766+02:00,25.299,379.525914,-0.15373584443173272
2026-06-24 14:04:20.045614+02:00,25.3,379.817762,-0.1527358444317315
2026-06-24 14:04:20.336231+02:00,25.3,380.108379,-0.1527358444317315
2026-06-24 14:04:20.627638+02:00,25.298,380.399786,-0.15473584443173394
2026-06-24 14:04:20.920473+02:00,25.3,380.692621,-0.1527358444317315
2026-06-24 14:04:21.212016+02:00,25.3,380.984164,-0.1527358444317315
2026-06-24 14:04:21.505398+02:00,25.302,381.277546,-0.1507358444317326
2026-06-24 14:04:21.801582+02:00,25.3,381.57373,-0.1527358444317315
2026-06-24 14:04:22.093445+02:00,25.299,381.865593,-0.15373584443173272
2026-06-24 14:04:22.383819+02:00,25.299,382.155967,-0.15373584443173272
2026-06-24 14:04:22.675007+02:00,25.3,382.447155,-0.1527358444317315
2026-06-24 14:04:22.965658+02:00,25.301,382.737806,-0.15173584443173382
2026-06-24 14:04:23.265130+02:00,25.302,383.037278,-0.1507358444317326
2026-06-24 14:04:23.560380+02:00,25.303,383.332528,-0.14973584443173138
2026-06-24 14:04:23.852159+02:00,25.303,383.624307,-0.14973584443173138
2026-06-24 14:04:24.146235+02:00,25.302,383.918383,-0.1507358444317326
2026-06-24 14:04:24.439252+02:00,25.301,384.2114,-0.15173584443173382
2026-06-24 14:04:24.730321+02:00,25.302,384.502469,-0.1507358444317326
2026-06-24 14:04:25.019493+02:00,25.302,384.791641,-0.1507358444317326
2026-06-24 14:04:25.316260+02:00,25.304,385.088408,-0.1487358444317337
2026-06-24 14:04:25.609707+02:00,25.302,385.381855,-0.1507358444317326
2026-06-24 14:04:25.900783+02:00,25.303,385.672931,-0.14973584443173138
2026-06-24 14:04:26.192267+02:00,25.301,385.964415,-0.15173584443173382
2026-06-24 14:04:26.485654+02:00,25.302,386.257802,-0.1507358444317326
2026-06-24 14:04:26.780216+02:00,25.3,386.552364,-0.1527358444317315
2026-06-24 14:04:27.070787+02:00,25.304,386.842935,-0.1487358444317337
2026-06-24 14:04:27.361902+02:00,25.303,387.13405,-0.14973584443173138
2026-06-24 14:04:27.656645+02:00,25.305,387.428793,-0.1477358444317325
2026-06-24 14:04:27.946331+02:00,25.304,387.718479,-0.1487358444317337
2026-06-24 14:04:28.239581+02:00,25.304,388.011729,-0.1487358444317337
2026-06-24 14:04:28.533002+02:00,25.305,388.30515,-0.1477358444317325
2026-06-24 14:04:28.829547+02:00,25.303,388.601695,-0.14973584443173138
2026-06-24 14:04:29.121122+02:00,25.302,388.89327,-0.1507358444317326
2026-06-24 14:04:29.411941+02:00,25.302,389.184089,-0.1507358444317326
2026-06-24 14:04:29.712932+02:00,25.304,389.48508,-0.1487358444317337
2026-06-24 14:04:30.008188+02:00,25.306,389.780336,-0.14673584443173127
2026-06-24 14:04:30.301385+02:00,25.305,390.073533,-0.1477358444317325
2026-06-24 14:04:30.600748+02:00,25.305,390.372896,-0.1477358444317325
2026-06-24 14:04:30.895196+02:00,25.306,390.667344,-0.14673584443173127
2026-06-24 14:04:31.197533+02:00,25.305,390.969681,-0.1477358444317325
2026-06-24 14:04:31.494590+02:00,25.306,391.266738,-0.14673584443173127
2026-06-24 14:04:31.793377+02:00,25.305,391.565525,-0.1477358444317325
2026-06-24 14:04:32.083770+02:00,25.307,391.855918,-0.1457358444317336
2026-06-24 14:04:32.379341+02:00,25.307,392.151489,-0.1457358444317336
2026-06-24 14:04:32.669453+02:00,25.309,392.441601,-0.14373584443173115
2026-06-24 14:04:32.964462+02:00,25.307,392.73661,-0.1457358444317336
2026-06-24 14:04:33.254584+02:00,25.307,393.026732,-0.1457358444317336
2026-06-24 14:04:33.551044+02:00,25.309,393.323192,-0.14373584443173115
2026-06-24 14:04:33.844800+02:00,25.306,393.616948,-0.14673584443173127
2026-06-24 14:04:34.134840+02:00,25.309,393.906988,-0.14373584443173115
2026-06-24 14:04:34.426977+02:00,25.308,394.199125,-0.14473584443173237
2026-06-24 14:04:34.717499+02:00,25.309,394.489647,-0.14373584443173115
2026-06-24 14:04:35.009944+02:00,25.309,394.782092,-0.14373584443173115
2026-06-24 14:04:35.307368+02:00,25.309,395.079516,-0.14373584443173115
2026-06-24 14:04:35.597399+02:00,25.308,395.369547,-0.14473584443173237
2026-06-24 14:04:35.890981+02:00,25.308,395.663129,-0.14473584443173237
2026-06-24 14:04:36.181776+02:00,25.309,395.953924,-0.14373584443173115
2026-06-24 14:04:36.477566+02:00,25.308,396.249714,-0.14473584443173237
2026-06-24 14:04:36.768309+02:00,25.311,396.540457,-0.14173584443173226
2026-06-24 14:04:37.059627+02:00,25.31,396.831775,-0.14273584443173348
2026-06-24 14:04:37.353383+02:00,25.307,397.125531,-0.1457358444317336
2026-06-24 14:04:37.647604+02:00,25.311,397.419752,-0.14173584443173226
2026-06-24 14:04:37.939550+02:00,25.312,397.711698,-0.14073584443173104
2026-06-24 14:04:38.229524+02:00,25.311,398.001672,-0.14173584443173226
2026-06-24 14:04:38.522313+02:00,25.311,398.294461,-0.14173584443173226
2026-06-24 14:04:38.814270+02:00,25.313,398.586418,-0.13973584443173337
2026-06-24 14:04:39.106438+02:00,25.312,398.878586,-0.14073584443173104
2026-06-24 14:04:39.395692+02:00,25.313,399.16784,-0.13973584443173337
2026-06-24 14:04:39.694148+02:00,25.313,399.466296,-0.13973584443173337
2026-06-24 14:04:39.987458+02:00,25.312,399.759606,-0.14073584443173104
2026-06-24 14:04:40.292569+02:00,25.313,400.064717,-0.13973584443173337
2026-06-24 14:04:40.594968+02:00,25.312,400.367116,-0.14073584443173104
2026-06-24 14:04:40.894651+02:00,25.315,400.666799,-0.13773584443173092
2026-06-24 14:04:41.191834+02:00,25.313,400.963982,-0.13973584443173337
2026-06-24 14:04:41.496848+02:00,25.314,401.268996,-0.13873584443173215
2026-06-24 14:04:41.797082+02:00,25.312,401.56923,-0.14073584443173104
2026-06-24 14:04:42.092453+02:00,25.313,401.864601,-0.13973584443173337
2026-06-24 14:04:42.396673+02:00,25.31,402.168821,-0.14273584443173348
2026-06-24 14:04:42.688098+02:00,25.311,402.460246,-0.14173584443173226
2026-06-24 14:04:42.991671+02:00,25.311,402.763819,-0.14173584443173226
2026-06-24 14:04:43.283099+02:00,25.313,403.055247,-0.13973584443173337
2026-06-24 14:04:43.577652+02:00,25.313,403.3498,-0.13973584443173337
2026-06-24 14:04:43.869559+02:00,25.314,403.641707,-0.13873584443173215
2026-06-24 14:04:44.167645+02:00,25.312,403.939793,-0.14073584443173104
2026-06-24 14:04:44.461794+02:00,25.312,404.233942,-0.14073584443173104
2026-06-24 14:04:44.753447+02:00,25.313,404.525595,-0.13973584443173337
2026-06-24 14:04:45.044778+02:00,25.312,404.816926,-0.14073584443173104
2026-06-24 14:04:45.336594+02:00,25.315,405.108742,-0.13773584443173092
2026-06-24 14:04:45.629162+02:00,25.316,405.40131,-0.13673584443173326
2026-06-24 14:04:45.929132+02:00,25.315,405.70128,-0.13773584443173092
2026-06-24 14:04:46.218791+02:00,25.315,405.990939,-0.13773584443173092
2026-06-24 14:04:46.514674+02:00,25.315,406.286822,-0.13773584443173092
2026-06-24 14:04:46.806220+02:00,25.317,406.578368,-0.13573584443173203
2026-06-24 14:04:47.097997+02:00,25.316,406.870145,-0.13673584443173326
2026-06-24 14:04:47.390602+02:00,25.318,407.16275,-0.1347358444317308
2026-06-24 14:04:47.698045+02:00,25.316,407.470193,-0.13673584443173326
2026-06-24 14:04:47.997074+02:00,25.319,407.769222,-0.13373584443173314
2026-06-24 14:04:48.298411+02:00,25.318,408.070559,-0.1347358444317308
2026-06-24 14:04:48.599725+02:00,25.318,408.371873,-0.1347358444317308
2026-06-24 14:04:48.903735+02:00,25.319,408.675883,-0.13373584443173314
2026-06-24 14:04:49.198136+02:00,25.32,408.970284,-0.13273584443173192
2026-06-24 14:04:49.499628+02:00,25.321,409.271776,-0.1317358444317307
2026-06-24 14:04:49.790290+02:00,25.321,409.562438,-0.1317358444317307
2026-06-24 14:04:50.083006+02:00,25.319,409.855154,-0.13373584443173314
2026-06-24 14:04:50.372693+02:00,25.318,410.144841,-0.1347358444317308
2026-06-24 14:04:50.670113+02:00,25.317,410.442261,-0.13573584443173203
2026-06-24 14:04:50.961746+02:00,25.318,410.733894,-0.1347358444317308
2026-06-24 14:04:51.255729+02:00,25.319,411.027877,-0.13373584443173314
2026-06-24 14:04:51.546432+02:00,25.318,411.31858,-0.1347358444317308
2026-06-24 14:04:51.847619+02:00,25.321,411.619767,-0.1317358444317307
2026-06-24 14:04:52.142911+02:00,25.319,411.915059,-0.13373584443173314
2026-06-24 14:04:52.441303+02:00,25.32,412.213451,-0.13273584443173192
2026-06-24 14:04:52.734226+02:00,25.318,412.506374,-0.1347358444317308
2026-06-24 14:04:53.026969+02:00,25.32,412.799117,-0.13273584443173192
2026-06-24 14:04:53.316454+02:00,25.32,413.088602,-0.13273584443173192
2026-06-24 14:04:53.611421+02:00,25.322,413.383569,-0.13073584443173303
2026-06-24 14:04:53.903704+02:00,25.321,413.675852,-0.1317358444317307
2026-06-24 14:04:54.196132+02:00,25.323,413.96828,-0.1297358444317318
2026-06-24 14:04:54.488082+02:00,25.321,414.26023,-0.1317358444317307
2026-06-24 14:04:54.781340+02:00,25.32,414.553488,-0.13273584443173192
2026-06-24 14:04:55.085803+02:00,25.322,414.857951,-0.13073584443173303
2026-06-24 14:04:55.378943+02:00,25.321,415.151091,-0.1317358444317307
2026-06-24 14:04:55.679178+02:00,25.319,415.451326,-0.13373584443173314
2026-06-24 14:04:55.970192+02:00,25.32,415.74234,-0.13273584443173192
2026-06-24 14:04:56.268369+02:00,25.321,416.040517,-0.1317358444317307
2026-06-24 14:04:56.558419+02:00,25.318,416.330567,-0.1347358444317308
2026-06-24 14:04:56.847924+02:00,25.323,416.620072,-0.1297358444317318
2026-06-24 14:04:57.139889+02:00,25.323,416.912037,-0.1297358444317318
2026-06-24 14:04:57.433705+02:00,25.327,417.205853,-0.12573584443173047
2026-06-24 14:04:57.731143+02:00,25.324,417.503291,-0.12873584443173058
2026-06-24 14:04:58.031961+02:00,25.324,417.804109,-0.12873584443173058
2026-06-24 14:04:58.324003+02:00,25.324,418.096151,-0.12873584443173058
2026-06-24 14:04:58.614822+02:00,25.321,418.38697,-0.1317358444317307
2026-06-24 14:04:58.906170+02:00,25.324,418.678318,-0.12873584443173058
2026-06-24 14:04:59.200707+02:00,25.324,418.972855,-0.12873584443173058
2026-06-24 14:04:59.499586+02:00,25.322,419.271734,-0.13073584443173303
2026-06-24 14:04:59.795598+02:00,25.324,419.567746,-0.12873584443173058
2026-06-24 14:05:00.086154+02:00,25.323,419.858302,-0.1297358444317318
2026-06-24 14:05:00.375758+02:00,25.325,420.147906,-0.12773584443173291
2026-06-24 14:05:00.669608+02:00,25.324,420.441756,-0.12873584443173058
2026-06-24 14:05:00.961341+02:00,25.326,420.733489,-0.1267358444317317
2026-06-24 14:05:01.255751+02:00,25.325,421.027899,-0.12773584443173291
2026-06-24 14:05:01.552194+02:00,25.325,421.324342,-0.12773584443173291
2026-06-24 14:05:01.845231+02:00,25.327,421.617379,-0.12573584443173047
2026-06-24 14:05:02.147281+02:00,25.324,421.919429,-0.12873584443173058
2026-06-24 14:05:02.439120+02:00,25.326,422.211268,-0.1267358444317317
2026-06-24 14:05:02.735130+02:00,25.325,422.507278,-0.12773584443173291
2026-06-24 14:05:03.025051+02:00,25.324,422.797199,-0.12873584443173058
2026-06-24 14:05:03.320410+02:00,25.325,423.092558,-0.12773584443173291
2026-06-24 14:05:03.611859+02:00,25.326,423.384007,-0.1267358444317317
2026-06-24 14:05:03.909167+02:00,25.328,423.681315,-0.1247358444317328
2026-06-24 14:05:04.200132+02:00,25.327,423.97228,-0.12573584443173047
2026-06-24 14:05:04.491912+02:00,25.324,424.26406,-0.12873584443173058
2026-06-24 14:05:04.791543+02:00,25.326,424.563691,-0.1267358444317317
2026-06-24 14:05:05.084861+02:00,25.327,424.857009,-0.12573584443173047
2026-06-24 14:05:05.378215+02:00,25.326,425.150363,-0.1267358444317317
2026-06-24 14:05:05.672981+02:00,25.325,425.445129,-0.12773584443173291
2026-06-24 14:05:05.967748+02:00,25.327,425.739896,-0.12573584443173047
2026-06-24 14:05:06.257112+02:00,25.326,426.02926,-0.1267358444317317
2026-06-24 14:05:06.550127+02:00,25.325,426.322275,-0.12773584443173291
2026-06-24 14:05:06.840683+02:00,25.323,426.612831,-0.1297358444317318
2026-06-24 14:05:07.136242+02:00,25.324,426.90839,-0.12873584443173058
2026-06-24 14:05:07.433781+02:00,25.327,427.205929,-0.12573584443173047
2026-06-24 14:05:07.730205+02:00,25.325,427.502353,-0.12773584443173291
2026-06-24 14:05:08.029552+02:00,25.326,427.8017,-0.1267358444317317
2026-06-24 14:05:08.321596+02:00,25.327,428.093744,-0.12573584443173047
2026-06-24 14:05:08.623203+02:00,25.325,428.395351,-0.12773584443173291
2026-06-24 14:05:08.924608+02:00,25.324,428.696756,-0.12873584443173058
2026-06-24 14:05:09.221270+02:00,25.325,428.993418,-0.12773584443173291
2026-06-24 14:05:09.518171+02:00,25.325,429.290319,-0.12773584443173291
2026-06-24 14:05:09.809600+02:00,25.326,429.581748,-0.1267358444317317
2026-06-24 14:05:10.101767+02:00,25.327,429.873915,-0.12573584443173047
2026-06-24 14:05:10.393747+02:00,25.327,430.165895,-0.12573584443173047
2026-06-24 14:05:10.684383+02:00,25.327,430.456531,-0.12573584443173047
2026-06-24 14:05:10.981259+02:00,25.326,430.753407,-0.1267358444317317
2026-06-24 14:05:11.274803+02:00,25.326,431.046951,-0.1267358444317317
2026-06-24 14:05:11.567959+02:00,25.327,431.340107,-0.12573584443173047
2026-06-24 14:05:11.858715+02:00,25.328,431.630863,-0.1247358444317328
2026-06-24 14:05:12.150335+02:00,25.326,431.922483,-0.1267358444317317
2026-06-24 14:05:12.452038+02:00,25.329,432.224186,-0.12373584443173158
2026-06-24 14:05:12.746739+02:00,25.326,432.518887,-0.1267358444317317
2026-06-24 14:05:13.042718+02:00,25.327,432.814866,-0.12573584443173047
2026-06-24 14:05:13.337728+02:00,25.327,433.109876,-0.12573584443173047
2026-06-24 14:05:13.635380+02:00,25.326,433.407528,-0.1267358444317317
2026-06-24 14:05:13.926645+02:00,25.323,433.698793,-0.1297358444317318
2026-06-24 14:05:14.220373+02:00,25.327,433.992521,-0.12573584443173047
2026-06-24 14:05:14.513381+02:00,25.325,434.285529,-0.12773584443173291
2026-06-24 14:05:14.808083+02:00,25.326,434.580231,-0.1267358444317317
2026-06-24 14:05:15.102848+02:00,25.329,434.874996,-0.12373584443173158
2026-06-24 14:05:15.402967+02:00,25.328,435.175115,-0.1247358444317328
2026-06-24 14:05:15.703292+02:00,25.325,435.47544,-0.12773584443173291
2026-06-24 14:05:15.996674+02:00,25.328,435.768822,-0.1247358444317328
2026-06-24 14:05:16.289229+02:00,25.329,436.061377,-0.12373584443173158
2026-06-24 14:05:16.582414+02:00,25.331,436.354562,-0.12173584443173269
2026-06-24 14:05:16.874598+02:00,25.331,436.646746,-0.12173584443173269
2026-06-24 14:05:17.165292+02:00,25.331,436.93744,-0.12173584443173269
2026-06-24 14:05:17.464389+02:00,25.329,437.236537,-0.12373584443173158
2026-06-24 14:05:17.754159+02:00,25.331,437.526307,-0.12173584443173269
2026-06-24 14:05:18.057176+02:00,25.33,437.829324,-0.12273584443173391
2026-06-24 14:05:18.357469+02:00,25.329,438.129617,-0.12373584443173158
2026-06-24 14:05:18.649350+02:00,25.329,438.421498,-0.12373584443173158
2026-06-24 14:05:18.951646+02:00,25.329,438.723794,-0.12373584443173158
2026-06-24 14:05:19.242520+02:00,25.329,439.014668,-0.12373584443173158
2026-06-24 14:05:19.532059+02:00,25.329,439.304207,-0.12373584443173158
2026-06-24 14:05:19.824854+02:00,25.33,439.597002,-0.12273584443173391
2026-06-24 14:05:20.117154+02:00,25.33,439.889302,-0.12273584443173391
2026-06-24 14:05:20.408702+02:00,25.329,440.18085,-0.12373584443173158
2026-06-24 14:05:20.702054+02:00,25.331,440.474202,-0.12173584443173269
2026-06-24 14:05:20.997262+02:00,25.33,440.76941,-0.12273584443173391
2026-06-24 14:05:21.292141+02:00,25.33,441.064289,-0.12273584443173391
2026-06-24 14:05:21.581871+02:00,25.332,441.354019,-0.12073584443173146
2026-06-24 14:05:21.874779+02:00,25.333,441.646927,-0.1197358444317338
2026-06-24 14:05:22.166227+02:00,25.332,441.938375,-0.12073584443173146
2026-06-24 14:05:22.460694+02:00,25.333,442.232842,-0.1197358444317338
2026-06-24 14:05:22.751516+02:00,25.333,442.523664,-0.1197358444317338
2026-06-24 14:05:23.044420+02:00,25.333,442.816568,-0.1197358444317338
2026-06-24 14:05:23.334232+02:00,25.336,443.10638,-0.11673584443173368
2026-06-24 14:05:23.633978+02:00,25.336,443.406126,-0.11673584443173368
2026-06-24 14:05:23.926202+02:00,25.333,443.69835,-0.1197358444317338
2026-06-24 14:05:24.225927+02:00,25.334,443.998075,-0.11873584443173257
2026-06-24 14:05:24.516770+02:00,25.331,444.288918,-0.12173584443173269
2026-06-24 14:05:24.808902+02:00,25.334,444.58105,-0.11873584443173257
2026-06-24 14:05:25.099677+02:00,25.336,444.871825,-0.11673584443173368
2026-06-24 14:05:25.396176+02:00,25.335,445.168324,-0.11773584443173135
2026-06-24 14:05:25.687687+02:00,25.337,445.459835,-0.11573584443173246
2026-06-24 14:05:25.977779+02:00,25.336,445.749927,-0.11673584443173368
2026-06-24 14:05:26.275520+02:00,25.336,446.047668,-0.11673584443173368
2026-06-24 14:05:26.575847+02:00,25.335,446.347995,-0.11773584443173135
2026-06-24 14:05:26.876344+02:00,25.336,446.648492,-0.11673584443173368
2026-06-24 14:05:27.169657+02:00,25.337,446.941805,-0.11573584443173246
2026-06-24 14:05:27.463539+02:00,25.337,447.235687,-0.11573584443173246
2026-06-24 14:05:27.753052+02:00,25.337,447.5252,-0.11573584443173246
2026-06-24 14:05:28.046819+02:00,25.337,447.818967,-0.11573584443173246
2026-06-24 14:05:28.336150+02:00,25.341,448.108298,-0.11173584443173112
2026-06-24 14:05:28.628195+02:00,25.338,448.400343,-0.11473584443173124
2026-06-24 14:05:28.920534+02:00,25.339,448.692682,-0.11373584443173357
2026-06-24 14:05:29.216507+02:00,25.339,448.988655,-0.11373584443173357
2026-06-24 14:05:29.519670+02:00,25.338,449.291818,-0.11473584443173124
2026-06-24 14:05:29.813722+02:00,25.34,449.58587,-0.11273584443173235
2026-06-24 14:05:30.107422+02:00,25.34,449.87957,-0.11273584443173235
2026-06-24 14:05:30.400024+02:00,25.341,450.172172,-0.11173584443173112
2026-06-24 14:05:30.689189+02:00,25.342,450.461337,-0.11073584443173345
2026-06-24 14:05:30.984668+02:00,25.34,450.756816,-0.11273584443173235
2026-06-24 14:05:31.276088+02:00,25.341,451.048236,-0.11173584443173112
2026-06-24 14:05:31.568212+02:00,25.342,451.34036,-0.11073584443173345
2026-06-24 14:05:31.861138+02:00,25.343,451.633286,-0.10973584443173223
2026-06-24 14:05:32.162131+02:00,25.343,451.934279,-0.10973584443173223
2026-06-24 14:05:32.455881+02:00,25.346,452.228029,-0.10673584443173212
2026-06-24 14:05:32.755635+02:00,25.343,452.527783,-0.10973584443173223
2026-06-24 14:05:33.055762+02:00,25.345,452.82791,-0.10773584443173334
2026-06-24 14:05:33.355751+02:00,25.344,453.127899,-0.10873584443173101
2026-06-24 14:05:33.645463+02:00,25.345,453.417611,-0.10773584443173334
2026-06-24 14:05:33.938035+02:00,25.346,453.710183,-0.10673584443173212
2026-06-24 14:05:34.233713+02:00,25.343,454.005861,-0.10973584443173223
2026-06-24 14:05:34.523766+02:00,25.346,454.295914,-0.10673584443173212
2026-06-24 14:05:34.813347+02:00,25.345,454.585495,-0.10773584443173334
2026-06-24 14:05:35.109064+02:00,25.346,454.881212,-0.10673584443173212
2026-06-24 14:05:35.400348+02:00,25.345,455.172496,-0.10773584443173334
2026-06-24 14:05:35.700755+02:00,25.347,455.472903,-0.1057358444317309
2026-06-24 14:05:35.998184+02:00,25.347,455.770332,-0.1057358444317309
2026-06-24 14:05:36.297415+02:00,25.347,456.069563,-0.1057358444317309
2026-06-24 14:05:36.596775+02:00,25.347,456.368923,-0.1057358444317309
2026-06-24 14:05:36.898742+02:00,25.345,456.67089,-0.10773584443173334
2026-06-24 14:05:37.202204+02:00,25.349,456.974352,-0.103735844431732
2026-06-24 14:05:37.502390+02:00,25.35,457.274538,-0.10273584443173078
2026-06-24 14:05:37.801793+02:00,25.35,457.573941,-0.10273584443173078
2026-06-24 14:05:38.099886+02:00,25.351,457.872034,-0.10173584443173311
2026-06-24 14:05:38.393593+02:00,25.353,458.165741,-0.09973584443173067
2026-06-24 14:05:38.686021+02:00,25.352,458.458169,-0.10073584443173189
2026-06-24 14:05:38.978324+02:00,25.351,458.750472,-0.10173584443173311
2026-06-24 14:05:39.279475+02:00,25.353,459.051623,-0.09973584443173067
2026-06-24 14:05:39.568655+02:00,25.352,459.340803,-0.10073584443173189
2026-06-24 14:05:39.858953+02:00,25.353,459.631101,-0.09973584443173067
2026-06-24 14:05:40.151627+02:00,25.352,459.923775,-0.10073584443173189
2026-06-24 14:05:40.450685+02:00,25.352,460.222833,-0.10073584443173189
2026-06-24 14:05:40.753646+02:00,25.353,460.525794,-0.09973584443173067
2026-06-24 14:05:41.047371+02:00,25.353,460.819519,-0.09973584443173067
2026-06-24 14:05:41.351378+02:00,25.353,461.123526,-0.09973584443173067
2026-06-24 14:05:41.653495+02:00,25.354,461.425643,-0.098735844431733
2026-06-24 14:05:41.943854+02:00,25.354,461.716002,-0.098735844431733
2026-06-24 14:05:42.237376+02:00,25.355,462.009524,-0.09773584443173178
2026-06-24 14:05:42.527980+02:00,25.355,462.300128,-0.09773584443173178
2026-06-24 14:05:42.826210+02:00,25.356,462.598358,-0.09673584443173056
2026-06-24 14:05:43.120019+02:00,25.357,462.892167,-0.09573584443173289
2026-06-24 14:05:43.412300+02:00,25.356,463.184448,-0.09673584443173056
2026-06-24 14:05:43.708409+02:00,25.36,463.480557,-0.09273584443173277
2026-06-24 14:05:44.001628+02:00,25.359,463.773776,-0.09373584443173044
2026-06-24 14:05:44.302960+02:00,25.358,464.075108,-0.09473584443173166
2026-06-24 14:05:44.595212+02:00,25.356,464.36736,-0.09673584443173056
2026-06-24 14:05:44.891162+02:00,25.358,464.66331,-0.09473584443173166
2026-06-24 14:05:45.182495+02:00,25.358,464.954643,-0.09473584443173166
2026-06-24 14:05:45.473035+02:00,25.36,465.245183,-0.09273584443173277
2026-06-24 14:05:45.767117+02:00,25.358,465.539265,-0.09473584443173166
2026-06-24 14:05:46.059209+02:00,25.36,465.831357,-0.09273584443173277
2026-06-24 14:05:46.348998+02:00,25.361,466.121146,-0.09173584443173155
2026-06-24 14:05:46.649132+02:00,25.36,466.42128,-0.09273584443173277
2026-06-24 14:05:46.945442+02:00,25.36,466.71759,-0.09273584443173277
2026-06-24 14:05:47.235246+02:00,25.359,467.007394,-0.09373584443173044
2026-06-24 14:05:47.532794+02:00,25.359,467.304942,-0.09373584443173044
2026-06-24 14:05:47.826303+02:00,25.364,467.598451,-0.08873584443173144
2026-06-24 14:05:48.118162+02:00,25.36,467.89031,-0.09273584443173277
2026-06-24 14:05:48.412019+02:00,25.361,468.184167,-0.09173584443173155
2026-06-24 14:05:48.705438+02:00,25.362,468.477586,-0.09073584443173388
2026-06-24 14:05:48.998146+02:00,25.362,468.770294,-0.09073584443173388
2026-06-24 14:05:49.289220+02:00,25.362,469.061368,-0.09073584443173388
2026-06-24 14:05:49.589440+02:00,25.36,469.361588,-0.09273584443173277
2026-06-24 14:05:49.891463+02:00,25.364,469.663611,-0.08873584443173144
2026-06-24 14:05:50.190920+02:00,25.364,469.963068,-0.08873584443173144
2026-06-24 14:05:50.491273+02:00,25.363,470.263421,-0.08973584443173266
2026-06-24 14:05:50.780780+02:00,25.364,470.552928,-0.08873584443173144
2026-06-24 14:05:51.078416+02:00,25.361,470.850564,-0.09173584443173155
2026-06-24 14:05:51.377465+02:00,25.362,471.149613,-0.09073584443173388
2026-06-24 14:05:51.672087+02:00,25.364,471.444235,-0.08873584443173144
2026-06-24 14:05:51.962904+02:00,25.365,471.735052,-0.08773584443173377
2026-06-24 14:05:52.257172+02:00,25.363,472.02932,-0.08973584443173266
2026-06-24 14:05:52.551117+02:00,25.365,472.323265,-0.08773584443173377
2026-06-24 14:05:52.843395+02:00,25.366,472.615543,-0.08673584443173254
2026-06-24 14:05:53.133007+02:00,25.364,472.905155,-0.08873584443173144
2026-06-24 14:05:53.426083+02:00,25.366,473.198231,-0.08673584443173254
2026-06-24 14:05:53.719634+02:00,25.368,473.491782,-0.08473584443173365
2026-06-24 14:05:54.012937+02:00,25.368,473.785085,-0.08473584443173365
2026-06-24 14:05:54.303414+02:00,25.364,474.075562,-0.08873584443173144
2026-06-24 14:05:54.600765+02:00,25.367,474.372913,-0.08573584443173132
2026-06-24 14:05:54.893035+02:00,25.367,474.665183,-0.08573584443173132
2026-06-24 14:05:55.184900+02:00,25.368,474.957048,-0.08473584443173365
2026-06-24 14:05:55.479396+02:00,25.368,475.251544,-0.08473584443173365
2026-06-24 14:05:55.774962+02:00,25.371,475.54711,-0.08173584443173354
2026-06-24 14:05:56.073556+02:00,25.37,475.845704,-0.08273584443173121
2026-06-24 14:05:56.366783+02:00,25.367,476.138931,-0.08573584443173132
2026-06-24 14:05:56.658780+02:00,25.37,476.430928,-0.08273584443173121
2026-06-24 14:05:56.954434+02:00,25.37,476.726582,-0.08273584443173121
2026-06-24 14:05:57.247089+02:00,25.371,477.019237,-0.08173584443173354
2026-06-24 14:05:57.535600+02:00,25.371,477.307748,-0.08173584443173354
2026-06-24 14:05:57.826705+02:00,25.372,477.598853,-0.08073584443173232
2026-06-24 14:05:58.118895+02:00,25.371,477.891043,-0.08173584443173354
2026-06-24 14:05:58.413418+02:00,25.374,478.185566,-0.07873584443173343
2026-06-24 14:05:58.705559+02:00,25.373,478.477707,-0.0797358444317311
2026-06-24 14:05:59.000130+02:00,25.375,478.772278,-0.0777358444317322
2026-06-24 14:05:59.290861+02:00,25.372,479.063009,-0.08073584443173232
2026-06-24 14:05:59.584994+02:00,25.374,479.357142,-0.07873584443173343
2026-06-24 14:05:59.876269+02:00,25.373,479.648417,-0.0797358444317311
2026-06-24 14:06:00.174077+02:00,25.372,479.946225,-0.08073584443173232
2026-06-24 14:06:00.463678+02:00,25.373,480.235826,-0.0797358444317311
2026-06-24 14:06:00.756806+02:00,25.373,480.528954,-0.0797358444317311
2026-06-24 14:06:01.052389+02:00,25.372,480.824537,-0.08073584443173232
2026-06-24 14:06:01.352652+02:00,25.375,481.1248,-0.0777358444317322
2026-06-24 14:06:01.656148+02:00,25.371,481.428296,-0.08173584443173354
2026-06-24 14:06:01.949634+02:00,25.374,481.721782,-0.07873584443173343
2026-06-24 14:06:02.241291+02:00,25.374,482.013439,-0.07873584443173343
2026-06-24 14:06:02.532058+02:00,25.374,482.304206,-0.07873584443173343
2026-06-24 14:06:02.826656+02:00,25.376,482.598804,-0.07673584443173098
2026-06-24 14:06:03.125763+02:00,25.376,482.897911,-0.07673584443173098
2026-06-24 14:06:03.418094+02:00,25.377,483.190242,-0.07573584443173331
2026-06-24 14:06:03.710953+02:00,25.378,483.483101,-0.07473584443173209
2026-06-24 14:06:04.002651+02:00,25.375,483.774799,-0.0777358444317322
2026-06-24 14:06:04.301323+02:00,25.377,484.073471,-0.07573584443173331
2026-06-24 14:06:04.596232+02:00,25.378,484.36838,-0.07473584443173209
2026-06-24 14:06:04.888840+02:00,25.381,484.660988,-0.07173584443173198
2026-06-24 14:06:05.180117+02:00,25.38,484.952265,-0.0727358444317332
2026-06-24 14:06:05.470798+02:00,25.378,485.242946,-0.07473584443173209
2026-06-24 14:06:05.761494+02:00,25.379,485.533642,-0.07373584443173087
2026-06-24 14:06:06.054218+02:00,25.381,485.826366,-0.07173584443173198
2026-06-24 14:06:06.353577+02:00,25.379,486.125725,-0.07373584443173087
2026-06-24 14:06:06.649570+02:00,25.382,486.421718,-0.07073584443173075
2026-06-24 14:06:06.942815+02:00,25.383,486.714963,-0.06973584443173309
2026-06-24 14:06:07.240754+02:00,25.378,487.012902,-0.07473584443173209
2026-06-24 14:06:07.530018+02:00,25.382,487.302166,-0.07073584443173075
2026-06-24 14:06:07.822148+02:00,25.382,487.594296,-0.07073584443173075
2026-06-24 14:06:08.115774+02:00,25.382,487.887922,-0.07073584443173075
2026-06-24 14:06:08.416534+02:00,25.381,488.188682,-0.07173584443173198
2026-06-24 14:06:08.706191+02:00,25.38,488.478339,-0.0727358444317332
2026-06-24 14:06:09.001631+02:00,25.385,488.773779,-0.06773584443173064
2026-06-24 14:06:09.295262+02:00,25.382,489.06741,-0.07073584443173075
2026-06-24 14:06:09.598714+02:00,25.384,489.370862,-0.06873584443173186
2026-06-24 14:06:09.895991+02:00,25.383,489.668139,-0.06973584443173309
2026-06-24 14:06:10.186747+02:00,25.382,489.958895,-0.07073584443173075
2026-06-24 14:06:10.488831+02:00,25.384,490.260979,-0.06873584443173186
2026-06-24 14:06:10.781787+02:00,25.385,490.553935,-0.06773584443173064
2026-06-24 14:06:11.074266+02:00,25.382,490.846414,-0.07073584443173075
2026-06-24 14:06:11.367371+02:00,25.384,491.139519,-0.06873584443173186
2026-06-24 14:06:11.668376+02:00,25.384,491.440524,-0.06873584443173186
2026-06-24 14:06:11.957574+02:00,25.385,491.729722,-0.06773584443173064
2026-06-24 14:06:12.252465+02:00,25.387,492.024613,-0.06573584443173175
2026-06-24 14:06:12.545288+02:00,25.387,492.317436,-0.06573584443173175
2026-06-24 14:06:12.836141+02:00,25.387,492.608289,-0.06573584443173175
2026-06-24 14:06:13.126286+02:00,25.39,492.898434,-0.06273584443173164
2026-06-24 14:06:13.419028+02:00,25.387,493.191176,-0.06573584443173175
2026-06-24 14:06:13.710099+02:00,25.388,493.482247,-0.06473584443173053
2026-06-24 14:06:14.004386+02:00,25.389,493.776534,-0.06373584443173286
2026-06-24 14:06:14.295883+02:00,25.388,494.068031,-0.06473584443173053
2026-06-24 14:06:14.589106+02:00,25.387,494.361254,-0.06573584443173175
2026-06-24 14:06:14.879448+02:00,25.39,494.651596,-0.06273584443173164
2026-06-24 14:06:15.175680+02:00,25.389,494.947828,-0.06373584443173286
2026-06-24 14:06:15.473510+02:00,25.389,495.245658,-0.06373584443173286
2026-06-24 14:06:15.768782+02:00,25.39,495.54093,-0.06273584443173164
2026-06-24 14:06:16.062425+02:00,25.391,495.834573,-0.061735844431733966
2026-06-24 14:06:16.354894+02:00,25.388,496.127042,-0.06473584443173053
2026-06-24 14:06:16.647177+02:00,25.391,496.419325,-0.061735844431733966
2026-06-24 14:06:16.946366+02:00,25.392,496.718514,-0.060735844431732744
2026-06-24 14:06:17.237821+02:00,25.389,497.009969,-0.06373584443173286
2026-06-24 14:06:17.531120+02:00,25.389,497.303268,-0.06373584443173286
2026-06-24 14:06:17.824273+02:00,25.389,497.596421,-0.06373584443173286
2026-06-24 14:06:18.117913+02:00,25.391,497.890061,-0.061735844431733966
2026-06-24 14:06:18.408627+02:00,25.385,498.180775,-0.06773584443173064
2026-06-24 14:06:18.699040+02:00,25.389,498.471188,-0.06373584443173286
2026-06-24 14:06:18.988338+02:00,25.391,498.760486,-0.061735844431733966
2026-06-24 14:06:19.288701+02:00,25.395,499.060849,-0.05773584443173263
2026-06-24 14:06:19.579639+02:00,25.393,499.351787,-0.05973584443173152
2026-06-24 14:06:19.871543+02:00,25.395,499.643691,-0.05773584443173263
2026-06-24 14:06:20.164716+02:00,25.394,499.936864,-0.05873584443173385
2026-06-24 14:06:20.465930+02:00,25.393,500.238078,-0.05973584443173152
2026-06-24 14:06:20.755410+02:00,25.397,500.527558,-0.05573584443173374
2026-06-24 14:06:21.048366+02:00,25.396,500.820514,-0.05673584443173141
2026-06-24 14:06:21.338937+02:00,25.396,501.111085,-0.05673584443173141
2026-06-24 14:06:21.636870+02:00,25.396,501.409018,-0.05673584443173141
2026-06-24 14:06:21.929980+02:00,25.398,501.702128,-0.05473584443173252
2026-06-24 14:06:22.225024+02:00,25.399,501.997172,-0.053735844431731294
2026-06-24 14:06:22.517601+02:00,25.399,502.289749,-0.053735844431731294
2026-06-24 14:06:22.815097+02:00,25.4,502.587245,-0.052735844431733625
2026-06-24 14:06:23.112173+02:00,25.4,502.884321,-0.052735844431733625
2026-06-24 14:06:23.408313+02:00,25.4,503.180461,-0.052735844431733625
2026-06-24 14:06:23.714693+02:00,25.4,503.486841,-0.052735844431733625
2026-06-24 14:06:24.012628+02:00,25.398,503.784776,-0.05473584443173252
2026-06-24 14:06:24.305036+02:00,25.399,504.077184,-0.053735844431731294
2026-06-24 14:06:24.598397+02:00,25.401,504.370545,-0.0517358444317324
2026-06-24 14:06:24.888118+02:00,25.402,504.660266,-0.05073584443173118
2026-06-24 14:06:25.182069+02:00,25.399,504.954217,-0.053735844431731294
2026-06-24 14:06:25.474184+02:00,25.403,505.246332,-0.04973584443173351
2026-06-24 14:06:25.769096+02:00,25.4,505.541244,-0.052735844431733625
2026-06-24 14:06:26.064139+02:00,25.402,505.836287,-0.05073584443173118
2026-06-24 14:06:26.357578+02:00,25.401,506.129726,-0.0517358444317324
2026-06-24 14:06:26.651603+02:00,25.399,506.423751,-0.053735844431731294
2026-06-24 14:06:26.944587+02:00,25.399,506.716735,-0.053735844431731294
2026-06-24 14:06:27.234887+02:00,25.402,507.007035,-0.05073584443173118
2026-06-24 14:06:27.533720+02:00,25.404,507.305868,-0.04873584443173229
2026-06-24 14:06:27.830480+02:00,25.401,507.602628,-0.0517358444317324
2026-06-24 14:06:28.123149+02:00,25.402,507.895297,-0.05073584443173118
2026-06-24 14:06:28.412506+02:00,25.403,508.184654,-0.04973584443173351
2026-06-24 14:06:28.703811+02:00,25.405,508.475959,-0.04773584443173107
2026-06-24 14:06:29.002715+02:00,25.406,508.774863,-0.0467358444317334
2026-06-24 14:06:29.299441+02:00,25.404,509.071589,-0.04873584443173229
2026-06-24 14:06:29.597691+02:00,25.403,509.369839,-0.04973584443173351
2026-06-24 14:06:29.893081+02:00,25.401,509.665229,-0.0517358444317324
2026-06-24 14:06:30.181502+02:00,25.404,509.95365,-0.04873584443173229
2026-06-24 14:06:30.477714+02:00,25.409,510.249862,-0.043735844431733284
2026-06-24 14:06:30.769537+02:00,25.406,510.541685,-0.0467358444317334
2026-06-24 14:06:31.061409+02:00,25.406,510.833557,-0.0467358444317334
2026-06-24 14:06:31.352499+02:00,25.406,511.124647,-0.0467358444317334
2026-06-24 14:06:31.651268+02:00,25.406,511.423416,-0.0467358444317334
2026-06-24 14:06:31.941340+02:00,25.407,511.713488,-0.045735844431732176
2026-06-24 14:06:32.233697+02:00,25.407,512.005845,-0.045735844431732176
2026-06-24 14:06:32.522964+02:00,25.407,512.295112,-0.045735844431732176
2026-06-24 14:06:32.822382+02:00,25.41,512.59453,-0.04273584443173206
2026-06-24 14:06:33.113178+02:00,25.409,512.885326,-0.043735844431733284
2026-06-24 14:06:33.405239+02:00,25.408,513.177387,-0.04473584443173095
2026-06-24 14:06:33.698395+02:00,25.411,513.470543,-0.04173584443173084
2026-06-24 14:06:33.990712+02:00,25.41,513.76286,-0.04273584443173206
2026-06-24 14:06:34.285307+02:00,25.411,514.057455,-0.04173584443173084
2026-06-24 14:06:34.577492+02:00,25.409,514.34964,-0.043735844431733284
2026-06-24 14:06:34.869940+02:00,25.412,514.642088,-0.04073584443173317
2026-06-24 14:06:35.161448+02:00,25.411,514.933596,-0.04173584443173084
2026-06-24 14:06:35.454051+02:00,25.413,515.226199,-0.03973584443173195
2026-06-24 14:06:35.745885+02:00,25.415,515.518033,-0.03773584443173306
2026-06-24 14:06:36.043423+02:00,25.415,515.815571,-0.03773584443173306
2026-06-24 14:06:36.333908+02:00,25.413,516.106056,-0.03973584443173195
2026-06-24 14:06:36.629150+02:00,25.415,516.401298,-0.03773584443173306
2026-06-24 14:06:36.919732+02:00,25.413,516.69188,-0.03973584443173195
2026-06-24 14:06:37.213833+02:00,25.417,516.985981,-0.03573584443173061
2026-06-24 14:06:37.505320+02:00,25.418,517.277468,-0.03473584443173294
2026-06-24 14:06:37.796891+02:00,25.417,517.569039,-0.03573584443173061
2026-06-24 14:06:38.092216+02:00,25.417,517.864364,-0.03573584443173061
2026-06-24 14:06:38.393043+02:00,25.42,518.165191,-0.0327358444317305
2026-06-24 14:06:38.683817+02:00,25.42,518.455965,-0.0327358444317305
2026-06-24 14:06:38.976350+02:00,25.42,518.748498,-0.0327358444317305
2026-06-24 14:06:39.269854+02:00,25.42,519.042002,-0.0327358444317305
2026-06-24 14:06:39.563470+02:00,25.421,519.335618,-0.03173584443173283
2026-06-24 14:06:39.857998+02:00,25.422,519.630146,-0.030735844431731607
2026-06-24 14:06:40.154203+02:00,25.422,519.926351,-0.030735844431731607
2026-06-24 14:06:40.447591+02:00,25.423,520.219739,-0.029735844431733938
2026-06-24 14:06:40.747044+02:00,25.422,520.519192,-0.030735844431731607
2026-06-24 14:06:41.036441+02:00,25.422,520.808589,-0.030735844431731607
2026-06-24 14:06:41.339532+02:00,25.423,521.11168,-0.029735844431733938
2026-06-24 14:06:41.635930+02:00,25.424,521.408078,-0.028735844431732716
2026-06-24 14:06:41.932070+02:00,25.426,521.704218,-0.026735844431733824
2026-06-24 14:06:42.231244+02:00,25.427,522.003392,-0.025735844431732602
2026-06-24 14:06:42.524936+02:00,25.425,522.297084,-0.027735844431731493
2026-06-24 14:06:42.818644+02:00,25.426,522.590792,-0.026735844431733824
2026-06-24 14:06:43.110979+02:00,25.427,522.883127,-0.025735844431732602
2026-06-24 14:06:43.406363+02:00,25.427,523.178511,-0.025735844431732602
2026-06-24 14:06:43.697320+02:00,25.427,523.469468,-0.025735844431732602
2026-06-24 14:06:43.991651+02:00,25.427,523.763799,-0.025735844431732602
2026-06-24 14:06:44.282513+02:00,25.43,524.054661,-0.022735844431732488
2026-06-24 14:06:44.574947+02:00,25.429,524.347095,-0.02373584443173371
2026-06-24 14:06:44.867212+02:00,25.428,524.63936,-0.02473584443173138
2026-06-24 14:06:45.157470+02:00,25.429,524.929618,-0.02373584443173371
2026-06-24 14:06:45.450224+02:00,25.431,525.222372,-0.021735844431731266
2026-06-24 14:06:45.740637+02:00,25.432,525.512785,-0.020735844431733597
2026-06-24 14:06:46.034049+02:00,25.429,525.806197,-0.02373584443173371
2026-06-24 14:06:46.329782+02:00,25.433,526.10193,-0.019735844431732374
2026-06-24 14:06:46.622157+02:00,25.432,526.394305,-0.020735844431733597
2026-06-24 14:06:46.911922+02:00,25.434,526.68407,-0.018735844431731152
2026-06-24 14:06:47.207885+02:00,25.432,526.980033,-0.020735844431733597
2026-06-24 14:06:47.499180+02:00,25.433,527.271328,-0.019735844431732374
2026-06-24 14:06:47.790769+02:00,25.434,527.562917,-0.018735844431731152
2026-06-24 14:06:48.082912+02:00,25.436,527.85506,-0.01673584443173226
2026-06-24 14:06:48.383252+02:00,25.434,528.1554,-0.018735844431731152
2026-06-24 14:06:48.681503+02:00,25.436,528.453651,-0.01673584443173226
2026-06-24 14:06:48.985873+02:00,25.436,528.758021,-0.01673584443173226
2026-06-24 14:06:49.283762+02:00,25.439,529.05591,-0.013735844431732147
2026-06-24 14:06:49.576311+02:00,25.44,529.348459,-0.012735844431730925
2026-06-24 14:06:49.870511+02:00,25.437,529.642659,-0.01573584443173104
2026-06-24 14:06:50.163331+02:00,25.438,529.935479,-0.01473584443173337
2026-06-24 14:06:50.452489+02:00,25.438,530.224637,-0.01473584443173337
2026-06-24 14:06:50.746734+02:00,25.439,530.518882,-0.013735844431732147
2026-06-24 14:06:51.040190+02:00,25.44,530.812338,-0.012735844431730925
2026-06-24 14:06:51.336095+02:00,25.441,531.108243,-0.011735844431733256
2026-06-24 14:06:51.632886+02:00,25.441,531.405034,-0.011735844431733256
2026-06-24 14:06:51.923206+02:00,25.439,531.695354,-0.013735844431732147
2026-06-24 14:06:52.215554+02:00,25.444,531.987702,-0.008735844431733142
2026-06-24 14:06:52.513074+02:00,25.443,532.285222,-0.009735844431730811
2026-06-24 14:06:52.804924+02:00,25.441,532.577072,-0.011735844431733256
2026-06-24 14:06:53.097871+02:00,25.444,532.870019,-0.008735844431733142
2026-06-24 14:06:53.394058+02:00,25.444,533.166206,-0.008735844431733142
2026-06-24 14:06:53.687492+02:00,25.445,533.45964,-0.00773584443173192
2026-06-24 14:06:53.983968+02:00,25.443,533.756116,-0.009735844431730811
2026-06-24 14:06:54.277482+02:00,25.447,534.04963,-0.005735844431733028
2026-06-24 14:06:54.571405+02:00,25.446,534.343553,-0.006735844431730698
2026-06-24 14:06:54.866273+02:00,25.445,534.638421,-0.00773584443173192
2026-06-24 14:06:55.166092+02:00,25.448,534.93824,-0.004735844431731806
2026-06-24 14:06:55.457894+02:00,25.448,535.230042,-0.004735844431731806
2026-06-24 14:06:55.751647+02:00,25.448,535.523795,-0.004735844431731806
2026-06-24 14:06:56.044406+02:00,25.45,535.816554,-0.0027358444317329145
2026-06-24 14:06:56.343603+02:00,25.452,536.115751,-0.0007358444317304702
2026-06-24 14:06:56.642055+02:00,25.453,536.414203,0.0002641555682671992
2026-06-24 14:06:56.943538+02:00,25.454,536.715686,0.0012641555682684213
2026-06-24 14:06:57.233611+02:00,25.454,537.005759,0.0012641555682684213
2026-06-24 14:06:57.527169+02:00,25.455,537.299317,0.0022641555682660908
2026-06-24 14:06:57.823092+02:00,25.453,537.59524,0.0002641555682671992
2026-06-24 14:06:58.114759+02:00,25.453,537.886907,0.0002641555682671992
2026-06-24 14:06:58.405728+02:00,25.455,538.177876,0.0022641555682660908
2026-06-24 14:06:58.701210+02:00,25.455,538.473358,0.0022641555682660908
2026-06-24 14:06:58.999795+02:00,25.454,538.771943,0.0012641555682684213
2026-06-24 14:06:59.293207+02:00,25.458,539.065355,0.0052641555682662045
2026-06-24 14:06:59.591816+02:00,25.456,539.363964,0.003264155568267313
2026-06-24 14:06:59.885247+02:00,25.458,539.657395,0.0052641555682662045
2026-06-24 14:07:00.179177+02:00,25.458,539.951325,0.0052641555682662045
2026-06-24 14:07:00.473557+02:00,25.46,540.245705,0.007264155568268649
2026-06-24 14:07:00.772094+02:00,25.461,540.544242,0.008264155568266318
2026-06-24 14:07:01.070989+02:00,25.464,540.843137,0.011264155568266432
2026-06-24 14:07:01.361943+02:00,25.462,541.134091,0.00926415556826754
2026-06-24 14:07:01.652035+02:00,25.462,541.424183,0.00926415556826754
2026-06-24 14:07:01.947705+02:00,25.464,541.719853,0.011264155568266432
2026-06-24 14:07:02.238195+02:00,25.462,542.010343,0.00926415556826754
2026-06-24 14:07:02.530001+02:00,25.46,542.302149,0.007264155568268649
2026-06-24 14:07:02.825003+02:00,25.461,542.597151,0.008264155568266318
2026-06-24 14:07:03.121858+02:00,25.466,542.894006,0.013264155568268876
2026-06-24 14:07:03.415822+02:00,25.465,543.18797,0.012264155568267654
2026-06-24 14:07:03.708437+02:00,25.466,543.480585,0.013264155568268876
2026-06-24 14:07:04.004507+02:00,25.466,543.776655,0.013264155568268876
2026-06-24 14:07:04.299995+02:00,25.466,544.072143,0.013264155568268876
2026-06-24 14:07:04.598517+02:00,25.468,544.370665,0.015264155568267768
2026-06-24 14:07:04.897407+02:00,25.467,544.669555,0.014264155568266546
2026-06-24 14:07:05.201976+02:00,25.468,544.974124,0.015264155568267768
2026-06-24 14:07:05.495744+02:00,25.469,545.267892,0.01626415556826899
2026-06-24 14:07:05.794984+02:00,25.466,545.567132,0.013264155568268876
2026-06-24 14:07:06.086278+02:00,25.468,545.858426,0.015264155568267768
2026-06-24 14:07:06.382165+02:00,25.466,546.154313,0.013264155568268876
2026-06-24 14:07:06.673752+02:00,25.468,546.4459,0.015264155568267768
2026-06-24 14:07:06.965089+02:00,25.469,546.737237,0.01626415556826899
2026-06-24 14:07:07.265801+02:00,25.471,547.037949,0.01826415556826788
2026-06-24 14:07:07.557413+02:00,25.469,547.329561,0.01626415556826899
2026-06-24 14:07:07.849960+02:00,25.47,547.622108,0.01726415556826666
2026-06-24 14:07:08.140422+02:00,25.469,547.91257,0.01626415556826899
2026-06-24 14:07:08.440116+02:00,25.47,548.212264,0.01726415556826666
2026-06-24 14:07:08.733450+02:00,25.472,548.505598,0.019264155568269103
2026-06-24 14:07:09.029279+02:00,25.471,548.801427,0.01826415556826788
2026-06-24 14:07:09.323347+02:00,25.473,549.095495,0.020264155568266773
2026-06-24 14:07:09.617641+02:00,25.471,549.389789,0.01826415556826788
2026-06-24 14:07:09.911465+02:00,25.472,549.683613,0.019264155568269103
2026-06-24 14:07:10.211725+02:00,25.476,549.983873,0.023264155568266887
2026-06-24 14:07:10.509588+02:00,25.474,550.281736,0.021264155568267995
2026-06-24 14:07:10.809988+02:00,25.473,550.582136,0.020264155568266773
2026-06-24 14:07:11.101720+02:00,25.474,550.873868,0.021264155568267995
2026-06-24 14:07:11.394791+02:00,25.477,551.166939,0.02426415556826811
2026-06-24 14:07:11.685977+02:00,25.475,551.458125,0.022264155568269217
2026-06-24 14:07:11.981753+02:00,25.477,551.753901,0.02426415556826811
2026-06-24 14:07:12.275286+02:00,25.476,552.047434,0.023264155568266887
2026-06-24 14:07:12.569220+02:00,25.478,552.341368,0.02526415556826933
2026-06-24 14:07:12.865946+02:00,25.476,552.638094,0.023264155568266887
2026-06-24 14:07:13.163677+02:00,25.475,552.935825,0.022264155568269217
2026-06-24 14:07:13.455063+02:00,25.48,553.227211,0.027264155568268222
2026-06-24 14:07:13.749029+02:00,25.479,553.521177,0.026264155568267
2026-06-24 14:07:14.041139+02:00,25.48,553.813287,0.027264155568268222
2026-06-24 14:07:14.332279+02:00,25.483,554.104427,0.030264155568268336
2026-06-24 14:07:14.625654+02:00,25.481,554.397802,0.028264155568269445
2026-06-24 14:07:14.915534+02:00,25.48,554.687682,0.027264155568268222
2026-06-24 14:07:15.208062+02:00,25.482,554.98021,0.029264155568267114
2026-06-24 14:07:15.506198+02:00,25.483,555.278346,0.030264155568268336
2026-06-24 14:07:15.796534+02:00,25.487,555.568682,0.03426415556826612
2026-06-24 14:07:16.093964+02:00,25.486,555.866112,0.03326415556826845
2026-06-24 14:07:16.388062+02:00,25.487,556.16021,0.03426415556826612
2026-06-24 14:07:16.687582+02:00,25.486,556.45973,0.03326415556826845
2026-06-24 14:07:16.988504+02:00,25.488,556.760652,0.03526415556826734
2026-06-24 14:07:17.279164+02:00,25.487,557.051312,0.03426415556826612
2026-06-24 14:07:17.569370+02:00,25.489,557.341518,0.03626415556826856
2026-06-24 14:07:17.861785+02:00,25.489,557.633933,0.03626415556826856
2026-06-24 14:07:18.155987+02:00,25.491,557.928135,0.038264155568267455
2026-06-24 14:07:18.447995+02:00,25.49,558.220143,0.03726415556826623
2026-06-24 14:07:18.740473+02:00,25.491,558.512621,0.038264155568267455
2026-06-24 14:07:19.036220+02:00,25.492,558.808368,0.03926415556826868
2026-06-24 14:07:19.335881+02:00,25.491,559.108029,0.038264155568267455
2026-06-24 14:07:19.629451+02:00,25.493,559.401599,0.04026415556826635
2026-06-24 14:07:19.927459+02:00,25.493,559.699607,0.04026415556826635
2026-06-24 14:07:20.220290+02:00,25.492,559.992438,0.03926415556826868
2026-06-24 14:07:20.512640+02:00,25.494,560.284788,0.04126415556826757
2026-06-24 14:07:20.804202+02:00,25.496,560.57635,0.04326415556826646
2026-06-24 14:07:21.097588+02:00,25.496,560.869736,0.04326415556826646
2026-06-24 14:07:21.397868+02:00,25.496,561.170016,0.04326415556826646
2026-06-24 14:07:21.693108+02:00,25.497,561.465256,0.04426415556826768
2026-06-24 14:07:21.983996+02:00,25.496,561.756144,0.04326415556826646
2026-06-24 14:07:22.276920+02:00,25.499,562.049068,0.046264155568266574
2026-06-24 14:07:22.574029+02:00,25.5,562.346177,0.047264155568267796
2026-06-24 14:07:22.871241+02:00,25.498,562.643389,0.045264155568268905
2026-06-24 14:07:23.174271+02:00,25.501,562.946419,0.04826415556826902
2026-06-24 14:07:23.474100+02:00,25.502,563.246248,0.04926415556826669
2026-06-24 14:07:23.773623+02:00,25.501,563.545771,0.04826415556826902
2026-06-24 14:07:24.073018+02:00,25.504,563.845166,0.05126415556826913
2026-06-24 14:07:24.374764+02:00,25.504,564.146912,0.05126415556826913
2026-06-24 14:07:24.665502+02:00,25.501,564.43765,0.04826415556826902
2026-06-24 14:07:24.968460+02:00,25.503,564.740608,0.05026415556826791
2026-06-24 14:07:25.271475+02:00,25.504,565.043623,0.05126415556826913
2026-06-24 14:07:25.571330+02:00,25.507,565.343478,0.054264155568269246
2026-06-24 14:07:25.862819+02:00,25.507,565.634967,0.054264155568269246
2026-06-24 14:07:26.155128+02:00,25.506,565.927276,0.05326415556826802
2026-06-24 14:07:26.447700+02:00,25.505,566.219848,0.0522641555682668
2026-06-24 14:07:26.748289+02:00,25.508,566.520437,0.055264155568266915
2026-06-24 14:07:27.042285+02:00,25.507,566.814433,0.054264155568269246
2026-06-24 14:07:27.333004+02:00,25.508,567.105152,0.055264155568266915
2026-06-24 14:07:27.624535+02:00,25.509,567.396683,0.05626415556826814
2026-06-24 14:07:27.921556+02:00,25.509,567.693704,0.05626415556826814
2026-06-24 14:07:28.219402+02:00,25.51,567.99155,0.05726415556826936
2026-06-24 14:07:28.512583+02:00,25.508,568.284731,0.055264155568266915
2026-06-24 14:07:28.810411+02:00,25.511,568.582559,0.05826415556826703
2026-06-24 14:07:29.100648+02:00,25.512,568.872796,0.05926415556826825
2026-06-24 14:07:29.391089+02:00,25.511,569.163237,0.05826415556826703
2026-06-24 14:07:29.681459+02:00,25.512,569.453607,0.05926415556826825
2026-06-24 14:07:29.972092+02:00,25.513,569.74424,0.06026415556826947
2026-06-24 14:07:30.270031+02:00,25.512,570.042179,0.05926415556826825
2026-06-24 14:07:30.559630+02:00,25.515,570.331778,0.062264155568268365
2026-06-24 14:07:30.861532+02:00,25.514,570.63368,0.06126415556826714
2026-06-24 14:07:31.159664+02:00,25.513,570.931812,0.06026415556826947
2026-06-24 14:07:31.459241+02:00,25.516,571.231389,0.06326415556826603
2026-06-24 14:07:31.760071+02:00,25.515,571.532219,0.062264155568268365
2026-06-24 14:07:32.050116+02:00,25.516,571.822264,0.06326415556826603
2026-06-24 14:07:32.364715+02:00,25.517,572.136863,0.06426415556826726
2026-06-24 14:07:32.659252+02:00,25.519,572.4314,0.06626415556826615
2026-06-24 14:07:32.965538+02:00,25.519,572.737686,0.06626415556826615
2026-06-24 14:07:33.265612+02:00,25.519,573.03776,0.06626415556826615
2026-06-24 14:07:33.562632+02:00,25.519,573.33478,0.06626415556826615
2026-06-24 14:07:33.864605+02:00,25.521,573.636753,0.06826415556826859
2026-06-24 14:07:34.156637+02:00,25.521,573.928785,0.06826415556826859
2026-06-24 14:07:34.448676+02:00,25.521,574.220824,0.06826415556826859
2026-06-24 14:07:34.740320+02:00,25.521,574.512468,0.06826415556826859
2026-06-24 14:07:35.030910+02:00,25.521,574.803058,0.06826415556826859
2026-06-24 14:07:35.324479+02:00,25.522,575.096627,0.06926415556826626
2026-06-24 14:07:35.618267+02:00,25.522,575.390415,0.06926415556826626
2026-06-24 14:07:35.912130+02:00,25.523,575.684278,0.07026415556826748
2026-06-24 14:07:36.204196+02:00,25.523,575.976344,0.07026415556826748
2026-06-24 14:07:36.497191+02:00,25.529,576.269339,0.07626415556826771
2026-06-24 14:07:36.786483+02:00,25.528,576.558631,0.07526415556826649
2026-06-24 14:07:37.081160+02:00,25.526,576.853308,0.0732641555682676
2026-06-24 14:07:37.373856+02:00,25.529,577.146004,0.07626415556826771
2026-06-24 14:07:37.665829+02:00,25.526,577.437977,0.0732641555682676
2026-06-24 14:07:37.959304+02:00,25.527,577.731452,0.07426415556826882
2026-06-24 14:07:38.251983+02:00,25.53,578.024131,0.07726415556826893
2026-06-24 14:07:38.543351+02:00,25.527,578.315499,0.07426415556826882
2026-06-24 14:07:38.843509+02:00,25.532,578.615657,0.07926415556826782
2026-06-24 14:07:39.137136+02:00,25.529,578.909284,0.07626415556826771
2026-06-24 14:07:39.429530+02:00,25.533,579.201678,0.08026415556826905
2026-06-24 14:07:39.723057+02:00,25.531,579.495205,0.0782641555682666
2026-06-24 14:07:40.018233+02:00,25.533,579.790381,0.08026415556826905
2026-06-24 14:07:40.307520+02:00,25.53,580.079668,0.07726415556826893
2026-06-24 14:07:40.598127+02:00,25.534,580.370275,0.08126415556826672
2026-06-24 14:07:40.892299+02:00,25.534,580.664447,0.08126415556826672
2026-06-24 14:07:41.183707+02:00,25.535,580.955855,0.08226415556826794
2026-06-24 14:07:41.476143+02:00,25.538,581.248291,0.08526415556826805
2026-06-24 14:07:41.769577+02:00,25.538,581.541725,0.08526415556826805
2026-06-24 14:07:42.061428+02:00,25.538,581.833576,0.08526415556826805
2026-06-24 14:07:42.351660+02:00,25.538,582.123808,0.08526415556826805
2026-06-24 14:07:42.642493+02:00,25.54,582.414641,0.08726415556826694
2026-06-24 14:07:42.933893+02:00,25.538,582.706041,0.08526415556826805
2026-06-24 14:07:43.223843+02:00,25.542,582.995991,0.08926415556826939
2026-06-24 14:07:43.518621+02:00,25.54,583.290769,0.08726415556826694
2026-06-24 14:07:43.816257+02:00,25.541,583.588405,0.08826415556826817
2026-06-24 14:07:44.108931+02:00,25.542,583.881079,0.08926415556826939
2026-06-24 14:07:44.404486+02:00,25.541,584.176634,0.08826415556826817
2026-06-24 14:07:44.695133+02:00,25.542,584.467281,0.08926415556826939
2026-06-24 14:07:44.985036+02:00,25.541,584.757184,0.08826415556826817
2026-06-24 14:07:45.275284+02:00,25.542,585.047432,0.08926415556826939
2026-06-24 14:07:45.564909+02:00,25.545,585.337057,0.0922641555682695
2026-06-24 14:07:45.856806+02:00,25.545,585.628954,0.0922641555682695
2026-06-24 14:07:46.152478+02:00,25.546,585.924626,0.09326415556826717
2026-06-24 14:07:46.450350+02:00,25.547,586.222498,0.09426415556826839
2026-06-24 14:07:46.741574+02:00,25.548,586.513722,0.09526415556826606
2026-06-24 14:07:47.036464+02:00,25.548,586.808612,0.09526415556826606
2026-06-24 14:07:47.325993+02:00,25.55,587.098141,0.0972641555682685
2026-06-24 14:07:47.617998+02:00,25.547,587.390146,0.09426415556826839
2026-06-24 14:07:47.911618+02:00,25.548,587.683766,0.09526415556826606
2026-06-24 14:07:48.202188+02:00,25.548,587.974336,0.09526415556826606
2026-06-24 14:07:48.504563+02:00,25.551,588.276711,0.09826415556826618
2026-06-24 14:07:48.799339+02:00,25.552,588.571487,0.0992641555682674
2026-06-24 14:07:49.098453+02:00,25.553,588.870601,0.10026415556826862
2026-06-24 14:07:49.389817+02:00,25.554,589.161965,0.10126415556826629
2026-06-24 14:07:49.680995+02:00,25.551,589.453143,0.09826415556826618
2026-06-24 14:07:49.971454+02:00,25.553,589.743602,0.10026415556826862
2026-06-24 14:07:50.265266+02:00,25.556,590.037414,0.10326415556826873
2026-06-24 14:07:50.554975+02:00,25.557,590.327123,0.1042641555682664
2026-06-24 14:07:50.847121+02:00,25.556,590.619269,0.10326415556826873
2026-06-24 14:07:51.136909+02:00,25.558,590.909057,0.10526415556826763
2026-06-24 14:07:51.434888+02:00,25.558,591.207036,0.10526415556826763
2026-06-24 14:07:51.732797+02:00,25.56,591.504945,0.10726415556826652
2026-06-24 14:07:52.026695+02:00,25.561,591.798843,0.10826415556826774
2026-06-24 14:07:52.320201+02:00,25.561,592.092349,0.10826415556826774
2026-06-24 14:07:52.613268+02:00,25.561,592.385416,0.10826415556826774
2026-06-24 14:07:52.902003+02:00,25.561,592.674151,0.10826415556826774
2026-06-24 14:07:53.195442+02:00,25.561,592.96759,0.10826415556826774
2026-06-24 14:07:53.493448+02:00,25.561,593.265596,0.10826415556826774
2026-06-24 14:07:53.787211+02:00,25.563,593.559359,0.11026415556826663
2026-06-24 14:07:54.084435+02:00,25.565,593.856583,0.11226415556826908
2026-06-24 14:07:54.386185+02:00,25.562,594.158333,0.10926415556826896
2026-06-24 14:07:54.677769+02:00,25.566,594.449917,0.11326415556826674
2026-06-24 14:07:54.968300+02:00,25.565,594.740448,0.11226415556826908
2026-06-24 14:07:55.260406+02:00,25.564,595.032554,0.11126415556826785
2026-06-24 14:07:55.561592+02:00,25.566,595.33374,0.11326415556826674
2026-06-24 14:07:55.851480+02:00,25.566,595.623628,0.11326415556826674
2026-06-24 14:07:56.141448+02:00,25.566,595.913596,0.11326415556826674
2026-06-24 14:07:56.434588+02:00,25.569,596.206736,0.11626415556826686
2026-06-24 14:07:56.732613+02:00,25.567,596.504761,0.11426415556826797
2026-06-24 14:07:57.036162+02:00,25.572,596.80831,0.11926415556826697
2026-06-24 14:07:57.335168+02:00,25.57,597.107316,0.11726415556826808
2026-06-24 14:07:57.630800+02:00,25.571,597.402948,0.1182641555682693
2026-06-24 14:07:57.920208+02:00,25.572,597.692356,0.11926415556826697
2026-06-24 14:07:58.210399+02:00,25.574,597.982547,0.12126415556826942
2026-06-24 14:07:58.502312+02:00,25.575,598.27446,0.12226415556826709
2026-06-24 14:07:58.796028+02:00,25.575,598.568176,0.12226415556826709
2026-06-24 14:07:59.085976+02:00,25.574,598.858124,0.12126415556826942
2026-06-24 14:07:59.378331+02:00,25.574,599.150479,0.12126415556826942
2026-06-24 14:07:59.671856+02:00,25.577,599.444004,0.12426415556826953
2026-06-24 14:07:59.973700+02:00,25.577,599.745848,0.12426415556826953
2026-06-24 14:08:00.265797+02:00,25.582,600.037945,0.12926415556826854
2026-06-24 14:08:00.557209+02:00,25.575,600.329357,0.12226415556826709
2026-06-24 14:08:00.849769+02:00,25.579,600.621917,0.12626415556826842
2026-06-24 14:08:01.141558+02:00,25.579,600.913706,0.12626415556826842
2026-06-24 14:08:01.434830+02:00,25.58,601.206978,0.1272641555682661
2026-06-24 14:08:01.727596+02:00,25.577,601.499744,0.12426415556826953
2026-06-24 14:08:02.022777+02:00,25.578,601.794925,0.1252641555682672
2026-06-24 14:08:02.317467+02:00,25.581,602.089615,0.1282641555682673
2026-06-24 14:08:02.610850+02:00,25.581,602.382998,0.1282641555682673
2026-06-24 14:08:02.908895+02:00,25.583,602.681043,0.1302641555682662
2026-06-24 14:08:03.199288+02:00,25.583,602.971436,0.1302641555682662
2026-06-24 14:08:03.490514+02:00,25.582,603.262662,0.12926415556826854
2026-06-24 14:08:03.781046+02:00,25.582,603.553194,0.12926415556826854
2026-06-24 14:08:04.072629+02:00,25.586,603.844777,0.13326415556826632
2026-06-24 14:08:04.363996+02:00,25.583,604.136144,0.1302641555682662
2026-06-24 14:08:04.656397+02:00,25.584,604.428545,0.13126415556826743
2026-06-24 14:08:04.948852+02:00,25.588,604.721,0.13526415556826876
2026-06-24 14:08:05.240383+02:00,25.588,605.012531,0.13526415556826876
2026-06-24 14:08:05.532842+02:00,25.588,605.30499,0.13526415556826876
2026-06-24 14:08:05.821619+02:00,25.59,605.593767,0.13726415556826765
2026-06-24 14:08:06.117077+02:00,25.59,605.889225,0.13726415556826765
2026-06-24 14:08:06.412876+02:00,25.589,606.185024,0.13626415556826643
2026-06-24 14:08:06.705431+02:00,25.591,606.477579,0.13826415556826888
2026-06-24 14:08:06.997159+02:00,25.591,606.769307,0.13826415556826888
2026-06-24 14:08:07.289399+02:00,25.592,607.061547,0.13926415556826655
2026-06-24 14:08:07.580120+02:00,25.591,607.352268,0.13826415556826888
2026-06-24 14:08:07.872148+02:00,25.592,607.644296,0.13926415556826655
2026-06-24 14:08:08.166543+02:00,25.594,607.938691,0.141264155568269
2026-06-24 14:08:08.457912+02:00,25.595,608.23006,0.14226415556826666
2026-06-24 14:08:08.751963+02:00,25.594,608.524111,0.141264155568269
2026-06-24 14:08:09.040744+02:00,25.595,608.812892,0.14226415556826666
2026-06-24 14:08:09.332785+02:00,25.596,609.104933,0.14326415556826788
2026-06-24 14:08:09.630120+02:00,25.596,609.402268,0.14326415556826788
2026-06-24 14:08:09.924822+02:00,25.597,609.69697,0.1442641555682691
2026-06-24 14:08:10.215456+02:00,25.598,609.987604,0.14526415556826677
2026-06-24 14:08:10.507478+02:00,25.599,610.279626,0.146264155568268
2026-06-24 14:08:10.799951+02:00,25.598,610.572099,0.14526415556826677
2026-06-24 14:08:11.095006+02:00,25.599,610.867154,0.146264155568268
2026-06-24 14:08:11.389830+02:00,25.598,611.161978,0.14526415556826677
2026-06-24 14:08:11.682495+02:00,25.601,611.454643,0.1482641555682669
2026-06-24 14:08:11.980125+02:00,25.601,611.752273,0.1482641555682669
2026-06-24 14:08:12.271621+02:00,25.6,612.043769,0.14726415556826922
2026-06-24 14:08:12.560864+02:00,25.603,612.333012,0.15026415556826933
2026-06-24 14:08:12.852551+02:00,25.602,612.624699,0.1492641555682681
2026-06-24 14:08:13.141855+02:00,25.603,612.914003,0.15026415556826933
2026-06-24 14:08:13.434642+02:00,25.604,613.20679,0.151264155568267
2026-06-24 14:08:13.732797+02:00,25.608,613.504945,0.15526415556826834
2026-06-24 14:08:14.023817+02:00,25.605,613.795965,0.15226415556826822
2026-06-24 14:08:14.318767+02:00,25.606,614.090915,0.15326415556826944
2026-06-24 14:08:14.612270+02:00,25.609,614.384418,0.15626415556826956
2026-06-24 14:08:14.904811+02:00,25.608,614.676959,0.15526415556826834
2026-06-24 14:08:15.197798+02:00,25.61,614.969946,0.15726415556826723
2026-06-24 14:08:15.492445+02:00,25.614,615.264593,0.16126415556826856
2026-06-24 14:08:15.787294+02:00,25.613,615.559442,0.16026415556826734
2026-06-24 14:08:16.083195+02:00,25.611,615.855343,0.15826415556826845
2026-06-24 14:08:16.379192+02:00,25.615,616.15134,0.16226415556826623
2026-06-24 14:08:16.674301+02:00,25.614,616.446449,0.16126415556826856
2026-06-24 14:08:16.970658+02:00,25.617,616.742806,0.16426415556826868
2026-06-24 14:08:17.260854+02:00,25.614,617.033002,0.16126415556826856
2026-06-24 14:08:17.552508+02:00,25.618,617.324656,0.16526415556826635
2026-06-24 14:08:17.841566+02:00,25.617,617.613714,0.16426415556826868
2026-06-24 14:08:18.134413+02:00,25.616,617.906561,0.16326415556826746
2026-06-24 14:08:18.427089+02:00,25.618,618.199237,0.16526415556826635
2026-06-24 14:08:18.726009+02:00,25.615,618.498157,0.16226415556826623
2026-06-24 14:08:19.019011+02:00,25.621,618.791159,0.16826415556826646
2026-06-24 14:08:19.315203+02:00,25.624,619.087351,0.17126415556826657
2026-06-24 14:08:19.612395+02:00,25.621,619.384543,0.16826415556826646
2026-06-24 14:08:19.905332+02:00,25.623,619.67748,0.1702641555682689
2026-06-24 14:08:20.197034+02:00,25.625,619.969182,0.1722641555682678
2026-06-24 14:08:20.488593+02:00,25.626,620.260741,0.17326415556826902
2026-06-24 14:08:20.778583+02:00,25.626,620.550731,0.17326415556826902
2026-06-24 14:08:21.070344+02:00,25.629,620.842492,0.17626415556826913
2026-06-24 14:08:21.367169+02:00,25.627,621.139317,0.1742641555682667
2026-06-24 14:08:21.667111+02:00,25.629,621.439259,0.17626415556826913
2026-06-24 14:08:21.957980+02:00,25.63,621.730128,0.1772641555682668
2026-06-24 14:08:22.249304+02:00,25.629,622.021452,0.17626415556826913
2026-06-24 14:08:22.541730+02:00,25.631,622.313878,0.17826415556826802
2026-06-24 14:08:22.835684+02:00,25.632,622.607832,0.17926415556826925
2026-06-24 14:08:23.126151+02:00,25.631,622.898299,0.17826415556826802
2026-06-24 14:08:23.418367+02:00,25.632,623.190515,0.17926415556826925
2026-06-24 14:08:23.710517+02:00,25.632,623.482665,0.17926415556826925
2026-06-24 14:08:24.005280+02:00,25.634,623.777428,0.18126415556826814
2026-06-24 14:08:24.299989+02:00,25.634,624.072137,0.18126415556826814
2026-06-24 14:08:24.595383+02:00,25.636,624.367531,0.18326415556826703
2026-06-24 14:08:24.886934+02:00,25.636,624.659082,0.18326415556826703
2026-06-24 14:08:25.178975+02:00,25.636,624.951123,0.18326415556826703
2026-06-24 14:08:25.471356+02:00,25.639,625.243504,0.18626415556826714
2026-06-24 14:08:25.763724+02:00,25.638,625.535872,0.18526415556826947
2026-06-24 14:08:26.056997+02:00,25.636,625.829145,0.18326415556826703
2026-06-24 14:08:26.351653+02:00,25.636,626.123801,0.18326415556826703
2026-06-24 14:08:26.655747+02:00,25.641,626.427895,0.18826415556826603
2026-06-24 14:08:26.948203+02:00,25.639,626.720351,0.18626415556826714
2026-06-24 14:08:27.245738+02:00,25.641,627.017886,0.18826415556826603
2026-06-24 14:08:27.537078+02:00,25.639,627.309226,0.18626415556826714
2026-06-24 14:08:27.831695+02:00,25.641,627.603843,0.18826415556826603
2026-06-24 14:08:28.130732+02:00,25.641,627.90288,0.18826415556826603
2026-06-24 14:08:28.423071+02:00,25.642,628.195219,0.18926415556826726
2026-06-24 14:08:28.713177+02:00,25.644,628.485325,0.19126415556826615
2026-06-24 14:08:29.003372+02:00,25.643,628.77552,0.19026415556826848
2026-06-24 14:08:29.296470+02:00,25.644,629.068618,0.19126415556826615
2026-06-24 14:08:29.591352+02:00,25.648,629.3635,0.19526415556826748
2026-06-24 14:08:29.882594+02:00,25.645,629.654742,0.19226415556826737
2026-06-24 14:08:30.175162+02:00,25.646,629.94731,0.1932641555682686
2026-06-24 14:08:30.471518+02:00,25.646,630.243666,0.1932641555682686
2026-06-24 14:08:30.762443+02:00,25.646,630.534591,0.1932641555682686
2026-06-24 14:08:31.054234+02:00,25.647,630.826382,0.19426415556826626
2026-06-24 14:08:31.351899+02:00,25.649,631.124047,0.1962641555682687
2026-06-24 14:08:31.643633+02:00,25.65,631.415781,0.19726415556826637
2026-06-24 14:08:31.936376+02:00,25.652,631.708524,0.19926415556826882
2026-06-24 14:08:32.229664+02:00,25.65,632.001812,0.19726415556826637
2026-06-24 14:08:32.519702+02:00,25.652,632.29185,0.19926415556826882
2026-06-24 14:08:32.814351+02:00,25.653,632.586499,0.2002641555682665
2026-06-24 14:08:33.104401+02:00,25.653,632.876549,0.2002641555682665
2026-06-24 14:08:33.402760+02:00,25.653,633.174908,0.2002641555682665
2026-06-24 14:08:33.701185+02:00,25.655,633.473333,0.20226415556826893
2026-06-24 14:08:33.990874+02:00,25.656,633.763022,0.2032641555682666
2026-06-24 14:08:34.284883+02:00,25.655,634.057031,0.20226415556826893
2026-06-24 14:08:34.578277+02:00,25.657,634.350425,0.20426415556826782
2026-06-24 14:08:34.875499+02:00,25.659,634.647647,0.20626415556826672
2026-06-24 14:08:35.170259+02:00,25.66,634.942407,0.20726415556826794
2026-06-24 14:08:35.463354+02:00,25.661,635.235502,0.20826415556826916
2026-06-24 14:08:35.757158+02:00,25.66,635.529306,0.20726415556826794
2026-06-24 14:08:36.048473+02:00,25.659,635.820621,0.20626415556826672
2026-06-24 14:08:36.352530+02:00,25.662,636.124678,0.20926415556826683
2026-06-24 14:08:36.644069+02:00,25.662,636.416217,0.20926415556826683
2026-06-24 14:08:36.933939+02:00,25.661,636.706087,0.20826415556826916
2026-06-24 14:08:37.225782+02:00,25.662,636.99793,0.20926415556826683
2026-06-24 14:08:37.521144+02:00,25.664,637.293292,0.21126415556826927
2026-06-24 14:08:37.813166+02:00,25.664,637.585314,0.21126415556826927
2026-06-24 14:08:38.104600+02:00,25.666,637.876748,0.21326415556826817
2026-06-24 14:08:38.396998+02:00,25.669,638.169146,0.21626415556826828
2026-06-24 14:08:38.698805+02:00,25.667,638.470953,0.2142641555682694
2026-06-24 14:08:38.989870+02:00,25.668,638.762018,0.21526415556826706
2026-06-24 14:08:39.289672+02:00,25.667,639.06182,0.2142641555682694
2026-06-24 14:08:39.584345+02:00,25.67,639.356493,0.2172641555682695
2026-06-24 14:08:39.875915+02:00,25.669,639.648063,0.21626415556826828
2026-06-24 14:08:40.171577+02:00,25.672,639.943725,0.2192641555682684
2026-06-24 14:08:40.461906+02:00,25.668,640.234054,0.21526415556826706
2026-06-24 14:08:40.756201+02:00,25.669,640.528349,0.21626415556826828
2026-06-24 14:08:41.048274+02:00,25.67,640.820422,0.2172641555682695
2026-06-24 14:08:41.345425+02:00,25.673,641.117573,0.22026415556826606
2026-06-24 14:08:41.637034+02:00,25.672,641.409182,0.2192641555682684
2026-06-24 14:08:41.926959+02:00,25.671,641.699107,0.21826415556826717
2026-06-24 14:08:42.222618+02:00,25.673,641.994766,0.22026415556826606
2026-06-24 14:08:42.517327+02:00,25.674,642.289475,0.22126415556826728
2026-06-24 14:08:42.808777+02:00,25.676,642.580925,0.22326415556826618
2026-06-24 14:08:43.099431+02:00,25.677,642.871579,0.2242641555682674
2026-06-24 14:08:43.391960+02:00,25.679,643.164108,0.2262641555682663
2026-06-24 14:08:43.683779+02:00,25.679,643.455927,0.2262641555682663
2026-06-24 14:08:43.976572+02:00,25.679,643.74872,0.2262641555682663
2026-06-24 14:08:44.268706+02:00,25.678,644.040854,0.22526415556826862
2026-06-24 14:08:44.558418+02:00,25.68,644.330566,0.2272641555682675
2026-06-24 14:08:44.853138+02:00,25.681,644.625286,0.22826415556826873
2026-06-24 14:08:45.143558+02:00,25.68,644.915706,0.2272641555682675
2026-06-24 14:08:45.434835+02:00,25.683,645.206983,0.23026415556826763
2026-06-24 14:08:45.729932+02:00,25.682,645.50208,0.2292641555682664
2026-06-24 14:08:46.023317+02:00,25.68,645.795465,0.2272641555682675
2026-06-24 14:08:46.317624+02:00,25.682,646.089772,0.2292641555682664
2026-06-24 14:08:46.609398+02:00,25.683,646.381546,0.23026415556826763
2026-06-24 14:08:46.903617+02:00,25.684,646.675765,0.23126415556826885
2026-06-24 14:08:47.198887+02:00,25.685,646.971035,0.23226415556826652
2026-06-24 14:08:47.490150+02:00,25.684,647.262298,0.23126415556826885
2026-06-24 14:08:47.787797+02:00,25.686,647.559945,0.23326415556826774
2026-06-24 14:08:48.087474+02:00,25.687,647.859622,0.23426415556826896
2026-06-24 14:08:48.385578+02:00,25.69,648.157726,0.23726415556826908
2026-06-24 14:08:48.683288+02:00,25.69,648.455436,0.23726415556826908
2026-06-24 14:08:48.982971+02:00,25.691,648.755119,0.23826415556826674
2026-06-24 14:08:49.278648+02:00,25.687,649.050796,0.23426415556826896
2026-06-24 14:08:49.579141+02:00,25.69,649.351289,0.23726415556826908
2026-06-24 14:08:49.873649+02:00,25.689,649.645797,0.23626415556826785
2026-06-24 14:08:50.163535+02:00,25.69,649.935683,0.23726415556826908
2026-06-24 14:08:50.457441+02:00,25.693,650.229589,0.2402641555682692
2026-06-24 14:08:50.751803+02:00,25.693,650.523951,0.2402641555682692
2026-06-24 14:08:51.044029+02:00,25.692,650.816177,0.23926415556826797
2026-06-24 14:08:51.336990+02:00,25.696,651.109138,0.2432641555682693
2026-06-24 14:08:51.626713+02:00,25.697,651.398861,0.24426415556826697
2026-06-24 14:08:51.921767+02:00,25.696,651.693915,0.2432641555682693
2026-06-24 14:08:52.213688+02:00,25.696,651.985836,0.2432641555682693
2026-06-24 14:08:52.508544+02:00,25.696,652.280692,0.2432641555682693
2026-06-24 14:08:52.804888+02:00,25.7,652.577036,0.24726415556826709
2026-06-24 14:08:53.103744+02:00,25.701,652.875892,0.2482641555682683
2026-06-24 14:08:53.401633+02:00,25.701,653.173781,0.2482641555682683
2026-06-24 14:08:53.692681+02:00,25.702,653.464829,0.24926415556826953
2026-06-24 14:08:53.984989+02:00,25.703,653.757137,0.2502641555682672
2026-06-24 14:08:54.285840+02:00,25.701,654.057988,0.2482641555682683
2026-06-24 14:08:54.578142+02:00,25.701,654.35029,0.2482641555682683
2026-06-24 14:08:54.869976+02:00,25.705,654.642124,0.2522641555682661
2026-06-24 14:08:55.167762+02:00,25.702,654.93991,0.24926415556826953
2026-06-24 14:08:55.463183+02:00,25.705,655.235331,0.2522641555682661
2026-06-24 14:08:55.761542+02:00,25.706,655.53369,0.2532641555682673
2026-06-24 14:08:56.059625+02:00,25.707,655.831773,0.25426415556826854
2026-06-24 14:08:56.350869+02:00,25.707,656.123017,0.25426415556826854
2026-06-24 14:08:56.645560+02:00,25.709,656.417708,0.2562641555682674
2026-06-24 14:08:56.940157+02:00,25.706,656.712305,0.2532641555682673
2026-06-24 14:08:57.229676+02:00,25.709,657.001824,0.2562641555682674
2026-06-24 14:08:57.524625+02:00,25.711,657.296773,0.2582641555682663
2026-06-24 14:08:57.816730+02:00,25.71,657.588878,0.25726415556826865
2026-06-24 14:08:58.117693+02:00,25.712,657.889841,0.25926415556826754
2026-06-24 14:08:58.418306+02:00,25.714,658.190454,0.26126415556826643
2026-06-24 14:08:58.715208+02:00,25.717,658.487356,0.26426415556826655
2026-06-24 14:08:59.004742+02:00,25.715,658.77689,0.26226415556826765
2026-06-24 14:08:59.298057+02:00,25.715,659.070205,0.26226415556826765
2026-06-24 14:08:59.591704+02:00,25.718,659.363852,0.26526415556826777
2026-06-24 14:08:59.891190+02:00,25.714,659.663338,0.26126415556826643
2026-06-24 14:09:00.184922+02:00,25.714,659.95707,0.26126415556826643
2026-06-24 14:09:00.479659+02:00,25.717,660.251807,0.26426415556826655
2026-06-24 14:09:00.774255+02:00,25.717,660.546403,0.26426415556826655
2026-06-24 14:09:01.067137+02:00,25.719,660.839285,0.266264155568269
2026-06-24 14:09:01.356412+02:00,25.721,661.12856,0.2682641555682679
2026-06-24 14:09:01.649161+02:00,25.718,661.421309,0.26526415556826777
2026-06-24 14:09:01.942611+02:00,25.721,661.714759,0.2682641555682679
2026-06-24 14:09:02.242623+02:00,25.721,662.014771,0.2682641555682679
2026-06-24 14:09:02.543508+02:00,25.723,662.315656,0.2702641555682668
2026-06-24 14:09:02.838632+02:00,25.724,662.61078,0.271264155568268
2026-06-24 14:09:03.140901+02:00,25.721,662.913049,0.2682641555682679
2026-06-24 14:09:03.435387+02:00,25.724,663.207535,0.271264155568268
2026-06-24 14:09:03.736515+02:00,25.725,663.508663,0.2722641555682692
2026-06-24 14:09:04.029864+02:00,25.724,663.802012,0.271264155568268
2026-06-24 14:09:04.334230+02:00,25.726,664.106378,0.2732641555682669
2026-06-24 14:09:04.624098+02:00,25.728,664.396246,0.27526415556826933
2026-06-24 14:09:04.918667+02:00,25.727,664.690815,0.2742641555682681
2026-06-24 14:09:05.215366+02:00,25.728,664.987514,0.27526415556826933
2026-06-24 14:09:05.506142+02:00,25.728,665.27829,0.27526415556826933
2026-06-24 14:09:05.801596+02:00,25.727,665.573744,0.2742641555682681
2026-06-24 14:09:06.092436+02:00,25.728,665.864584,0.27526415556826933
2026-06-24 14:09:06.386416+02:00,25.729,666.158564,0.276264155568267
2026-06-24 14:09:06.689579+02:00,25.73,666.461727,0.2772641555682682
2026-06-24 14:09:06.989120+02:00,25.732,666.761268,0.2792641555682671
2026-06-24 14:09:07.280524+02:00,25.733,667.052672,0.28026415556826834
2026-06-24 14:09:07.582171+02:00,25.732,667.354319,0.2792641555682671
2026-06-24 14:09:07.871426+02:00,25.731,667.643574,0.27826415556826944
2026-06-24 14:09:08.171142+02:00,25.734,667.94329,0.28126415556826956
2026-06-24 14:09:08.460539+02:00,25.733,668.232687,0.28026415556826834
2026-06-24 14:09:08.753468+02:00,25.733,668.525616,0.28026415556826834
2026-06-24 14:09:09.043220+02:00,25.733,668.815368,0.28026415556826834
2026-06-24 14:09:09.341379+02:00,25.734,669.113527,0.28126415556826956
2026-06-24 14:09:09.631899+02:00,25.737,669.404047,0.2842641555682661
2026-06-24 14:09:09.923471+02:00,25.738,669.695619,0.28526415556826734
2026-06-24 14:09:10.218968+02:00,25.74,669.991116,0.28726415556826623
2026-06-24 14:09:10.517600+02:00,25.739,670.289748,0.28626415556826856
2026-06-24 14:09:10.818200+02:00,25.739,670.590348,0.28626415556826856
2026-06-24 14:09:11.118217+02:00,25.741,670.890365,0.28826415556826746
2026-06-24 14:09:11.411306+02:00,25.742,671.183454,0.2892641555682687
2026-06-24 14:09:11.703355+02:00,25.741,671.475503,0.28826415556826746
2026-06-24 14:09:11.995625+02:00,25.743,671.767773,0.29026415556826635
2026-06-24 14:09:12.289115+02:00,25.748,672.061263,0.2952641555682689
2026-06-24 14:09:12.577756+02:00,25.747,672.349904,0.2942641555682677
2026-06-24 14:09:12.871425+02:00,25.75,672.643573,0.2972641555682678
2026-06-24 14:09:13.162771+02:00,25.747,672.934919,0.2942641555682677
2026-06-24 14:09:13.463759+02:00,25.749,673.235907,0.2962641555682666
2026-06-24 14:09:13.757496+02:00,25.749,673.529644,0.2962641555682666
2026-06-24 14:09:14.053850+02:00,25.751,673.825998,0.298264155568269
2026-06-24 14:09:14.344032+02:00,25.751,674.11618,0.298264155568269
2026-06-24 14:09:14.644718+02:00,25.75,674.416866,0.2972641555682678
2026-06-24 14:09:14.941172+02:00,25.752,674.71332,0.2992641555682667
2026-06-24 14:09:15.232490+02:00,25.754,675.004638,0.30126415556826913
2026-06-24 14:09:15.524453+02:00,25.756,675.296601,0.303264155568268
2026-06-24 14:09:15.816157+02:00,25.752,675.588305,0.2992641555682667
2026-06-24 14:09:16.107052+02:00,25.755,675.8792,0.3022641555682668
2026-06-24 14:09:16.404427+02:00,25.754,676.176575,0.30126415556826913
2026-06-24 14:09:16.695358+02:00,25.759,676.467506,0.30626415556826814
2026-06-24 14:09:16.988314+02:00,25.756,676.760462,0.303264155568268
2026-06-24 14:09:17.281932+02:00,25.758,677.05408,0.3052641555682669
2026-06-24 14:09:17.575613+02:00,25.759,677.347761,0.30626415556826814
2026-06-24 14:09:17.867542+02:00,25.757,677.63969,0.30426415556826925
2026-06-24 14:09:18.167162+02:00,25.759,677.93931,0.30626415556826814
2026-06-24 14:09:18.463301+02:00,25.757,678.235449,0.30426415556826925
2026-06-24 14:09:18.752874+02:00,25.757,678.525022,0.30426415556826925
2026-06-24 14:09:19.043254+02:00,25.761,678.815402,0.30826415556826703
2026-06-24 14:09:19.334433+02:00,25.76,679.106581,0.30726415556826936
2026-06-24 14:09:19.631365+02:00,25.762,679.403513,0.30926415556826825
2026-06-24 14:09:19.922841+02:00,25.761,679.694989,0.30826415556826703
2026-06-24 14:09:20.217483+02:00,25.763,679.989631,0.3102641555682695
2026-06-24 14:09:20.508424+02:00,25.765,680.280572,0.31226415556826836
2026-06-24 14:09:20.801703+02:00,25.764,680.573851,0.31126415556826714
2026-06-24 14:09:21.095249+02:00,25.765,680.867397,0.31226415556826836
2026-06-24 14:09:21.391175+02:00,25.763,681.163323,0.3102641555682695
2026-06-24 14:09:21.683812+02:00,25.765,681.45596,0.31226415556826836
2026-06-24 14:09:21.978055+02:00,25.763,681.750203,0.3102641555682695
2026-06-24 14:09:22.271737+02:00,25.766,682.043885,0.31326415556826603
2026-06-24 14:09:22.564615+02:00,25.765,682.336763,0.31226415556826836
2026-06-24 14:09:22.858407+02:00,25.767,682.630555,0.31426415556826726
2026-06-24 14:09:23.150153+02:00,25.766,682.922301,0.31326415556826603
2026-06-24 14:09:23.446451+02:00,25.766,683.218599,0.31326415556826603
2026-06-24 14:09:23.743836+02:00,25.767,683.515984,0.31426415556826726
2026-06-24 14:09:24.044893+02:00,25.769,683.817041,0.31626415556826615
2026-06-24 14:09:24.342297+02:00,25.77,684.114445,0.31726415556826737
2026-06-24 14:09:24.639039+02:00,25.77,684.411187,0.31726415556826737
2026-06-24 14:09:24.930659+02:00,25.771,684.702807,0.3182641555682686
2026-06-24 14:09:25.223735+02:00,25.772,684.995883,0.31926415556826626
2026-06-24 14:09:25.521574+02:00,25.772,685.293722,0.31926415556826626
2026-06-24 14:09:25.814161+02:00,25.773,685.586309,0.3202641555682675
2026-06-24 14:09:26.110613+02:00,25.773,685.882761,0.3202641555682675
2026-06-24 14:09:26.404719+02:00,25.775,686.176867,0.3222641555682664
2026-06-24 14:09:26.704137+02:00,25.776,686.476285,0.3232641555682676
2026-06-24 14:09:26.995873+02:00,25.774,686.768021,0.3212641555682687
2026-06-24 14:09:27.289067+02:00,25.776,687.061215,0.3232641555682676
2026-06-24 14:09:27.580616+02:00,25.776,687.352764,0.3232641555682676
2026-06-24 14:09:27.871596+02:00,25.776,687.643744,0.3232641555682676
2026-06-24 14:09:28.166065+02:00,25.777,687.938213,0.3242641555682688
2026-06-24 14:09:28.457383+02:00,25.777,688.229531,0.3242641555682688
2026-06-24 14:09:28.751084+02:00,25.779,688.523232,0.3262641555682677
2026-06-24 14:09:29.043200+02:00,25.783,688.815348,0.33026415556826905
2026-06-24 14:09:29.337049+02:00,25.783,689.109197,0.33026415556826905
2026-06-24 14:09:29.630174+02:00,25.782,689.402322,0.3292641555682678
2026-06-24 14:09:29.924656+02:00,25.785,689.696804,0.33226415556826794
2026-06-24 14:09:30.217658+02:00,25.787,689.989806,0.33426415556826683
2026-06-24 14:09:30.506292+02:00,25.784,690.27844,0.3312641555682667
2026-06-24 14:09:30.799467+02:00,25.784,690.571615,0.3312641555682667
2026-06-24 14:09:31.089916+02:00,25.784,690.862064,0.3312641555682667
2026-06-24 14:09:31.380298+02:00,25.785,691.152446,0.33226415556826794
2026-06-24 14:09:31.671180+02:00,25.786,691.443328,0.33326415556826916
2026-06-24 14:09:31.971426+02:00,25.787,691.743574,0.33426415556826683
2026-06-24 14:09:32.268217+02:00,25.787,692.040365,0.33426415556826683
2026-06-24 14:09:32.559198+02:00,25.789,692.331346,0.3362641555682693
2026-06-24 14:09:32.850808+02:00,25.788,692.622956,0.33526415556826805
2026-06-24 14:09:33.143758+02:00,25.79,692.915906,0.33726415556826694
2026-06-24 14:09:33.434693+02:00,25.792,693.206841,0.3392641555682694
2026-06-24 14:09:33.729734+02:00,25.791,693.501882,0.33826415556826817
2026-06-24 14:09:34.021014+02:00,25.788,693.793162,0.33526415556826805
2026-06-24 14:09:34.313778+02:00,25.789,694.085926,0.3362641555682693
2026-06-24 14:09:34.610353+02:00,25.794,694.382501,0.3412641555682683
2026-06-24 14:09:34.905344+02:00,25.793,694.677492,0.34026415556826706
2026-06-24 14:09:35.194984+02:00,25.793,694.967132,0.34026415556826706
2026-06-24 14:09:35.488138+02:00,25.792,695.260286,0.3392641555682694
2026-06-24 14:09:35.778875+02:00,25.795,695.551023,0.3422641555682695
2026-06-24 14:09:36.075710+02:00,25.796,695.847858,0.34326415556826717
2026-06-24 14:09:36.374760+02:00,25.798,696.146908,0.34526415556826606
2026-06-24 14:09:36.670138+02:00,25.798,696.442286,0.34526415556826606
2026-06-24 14:09:36.977218+02:00,25.799,696.749366,0.3462641555682673
2026-06-24 14:09:37.273065+02:00,25.798,697.045213,0.34526415556826606
2026-06-24 14:09:37.566967+02:00,25.799,697.339115,0.3462641555682673
2026-06-24 14:09:37.863201+02:00,25.801,697.635349,0.3482641555682662
2026-06-24 14:09:38.155994+02:00,25.801,697.928142,0.3482641555682662
2026-06-24 14:09:38.447709+02:00,25.801,698.219857,0.3482641555682662
2026-06-24 14:09:38.738082+02:00,25.802,698.51023,0.3492641555682674
2026-06-24 14:09:39.036005+02:00,25.799,698.808153,0.3462641555682673
2026-06-24 14:09:39.326465+02:00,25.802,699.098613,0.3492641555682674
2026-06-24 14:09:39.626401+02:00,25.804,699.398549,0.3512641555682663
2026-06-24 14:09:39.918447+02:00,25.805,699.690595,0.3522641555682675
2026-06-24 14:09:40.214085+02:00,25.807,699.986233,0.3542641555682664
2026-06-24 14:09:40.510718+02:00,25.806,700.282866,0.35326415556826873
2026-06-24 14:09:40.805942+02:00,25.805,700.57809,0.3522641555682675
2026-06-24 14:09:41.095944+02:00,25.808,700.868092,0.3552641555682676
2026-06-24 14:09:41.390236+02:00,25.807,701.162384,0.3542641555682664
2026-06-24 14:09:41.684865+02:00,25.806,701.457013,0.35326415556826873
2026-06-24 14:09:41.976535+02:00,25.807,701.748683,0.3542641555682664
2026-06-24 14:09:42.271571+02:00,25.807,702.043719,0.3542641555682664
2026-06-24 14:09:42.564993+02:00,25.809,702.337141,0.35626415556826885
2026-06-24 14:09:42.862742+02:00,25.807,702.63489,0.3542641555682664
2026-06-24 14:09:43.161116+02:00,25.81,702.933264,0.3572641555682665
2026-06-24 14:09:43.455052+02:00,25.811,703.2272,0.35826415556826774
2026-06-24 14:09:43.758132+02:00,25.811,703.53028,0.35826415556826774
2026-06-24 14:09:44.057715+02:00,25.809,703.829863,0.35626415556826885
2026-06-24 14:09:44.362211+02:00,25.811,704.134359,0.35826415556826774
2026-06-24 14:09:44.667451+02:00,25.811,704.439599,0.35826415556826774
2026-06-24 14:09:44.962355+02:00,25.811,704.734503,0.35826415556826774
2026-06-24 14:09:45.259574+02:00,25.814,705.031722,0.36126415556826785
2026-06-24 14:09:45.554099+02:00,25.815,705.326247,0.3622641555682691
2026-06-24 14:09:45.848913+02:00,25.814,705.621061,0.36126415556826785
2026-06-24 14:09:46.141355+02:00,25.813,705.913503,0.36026415556826663
2026-06-24 14:09:46.431346+02:00,25.814,706.203494,0.36126415556826785
2026-06-24 14:09:46.719597+02:00,25.816,706.491745,0.36326415556826674
2026-06-24 14:09:47.010707+02:00,25.813,706.782855,0.36026415556826663
2026-06-24 14:09:47.302319+02:00,25.816,707.074467,0.36326415556826674
2026-06-24 14:09:47.597900+02:00,25.817,707.370048,0.36426415556826797
2026-06-24 14:09:47.898065+02:00,25.816,707.670213,0.36326415556826674
2026-06-24 14:09:48.192581+02:00,25.821,707.964729,0.3682641555682693
2026-06-24 14:09:48.489419+02:00,25.819,708.261567,0.36626415556826686
2026-06-24 14:09:48.779558+02:00,25.817,708.551706,0.36426415556826797
2026-06-24 14:09:49.071746+02:00,25.818,708.843894,0.3652641555682692
2026-06-24 14:09:49.364099+02:00,25.82,709.136247,0.3672641555682681
2026-06-24 14:09:49.657160+02:00,25.823,709.429308,0.3702641555682682
2026-06-24 14:09:49.948003+02:00,25.822,709.720151,0.36926415556826697
2026-06-24 14:09:50.244826+02:00,25.822,710.016974,0.36926415556826697
2026-06-24 14:09:50.540683+02:00,25.824,710.312831,0.3712641555682694
2026-06-24 14:09:50.839494+02:00,25.823,710.611642,0.3702641555682682
2026-06-24 14:09:51.141985+02:00,25.826,710.914133,0.3732641555682683
2026-06-24 14:09:51.434699+02:00,25.824,711.206847,0.3712641555682694
2026-06-24 14:09:51.729713+02:00,25.825,711.501861,0.3722641555682671
2026-06-24 14:09:52.022825+02:00,25.826,711.794973,0.3732641555682683
2026-06-24 14:09:52.319210+02:00,25.826,712.091358,0.3732641555682683
2026-06-24 14:09:52.609550+02:00,25.828,712.381698,0.3752641555682672
2026-06-24 14:09:52.903277+02:00,25.83,712.675425,0.3772641555682661
2026-06-24 14:09:53.198740+02:00,25.828,712.970888,0.3752641555682672
2026-06-24 14:09:53.492474+02:00,25.827,713.264622,0.37426415556826953
2026-06-24 14:09:53.786718+02:00,25.828,713.558866,0.3752641555682672
2026-06-24 14:09:54.088148+02:00,25.828,713.860296,0.3752641555682672
2026-06-24 14:09:54.385614+02:00,25.831,714.157762,0.3782641555682673
2026-06-24 14:09:54.677472+02:00,25.832,714.44962,0.37926415556826854
2026-06-24 14:09:54.968856+02:00,25.831,714.741004,0.3782641555682673
2026-06-24 14:09:55.263380+02:00,25.834,715.035528,0.3812641555682674
2026-06-24 14:09:55.562523+02:00,25.835,715.334671,0.38226415556826865
2026-06-24 14:09:55.854343+02:00,25.834,715.626491,0.3812641555682674
2026-06-24 14:09:56.145872+02:00,25.833,715.91802,0.3802641555682662
2026-06-24 14:09:56.437138+02:00,25.835,716.209286,0.38226415556826865
2026-06-24 14:09:56.727889+02:00,25.833,716.500037,0.3802641555682662
2026-06-24 14:09:57.019772+02:00,25.835,716.79192,0.38226415556826865
2026-06-24 14:09:57.309871+02:00,25.835,717.082019,0.38226415556826865
2026-06-24 14:09:57.599951+02:00,25.836,717.372099,0.3832641555682663
2026-06-24 14:09:57.895781+02:00,25.836,717.667929,0.3832641555682663
2026-06-24 14:09:58.188493+02:00,25.835,717.960641,0.38226415556826865
2026-06-24 14:09:58.484524+02:00,25.838,718.256672,0.38526415556826876
2026-06-24 14:09:58.775077+02:00,25.839,718.547225,0.38626415556826643
2026-06-24 14:09:59.066267+02:00,25.84,718.838415,0.38726415556826765
2026-06-24 14:09:59.359779+02:00,25.837,719.131927,0.38426415556826754
2026-06-24 14:09:59.649747+02:00,25.84,719.421895,0.38726415556826765
2026-06-24 14:09:59.944481+02:00,25.842,719.716629,0.38926415556826655
2026-06-24 14:10:00.234336+02:00,25.841,720.006484,0.3882641555682689
2026-06-24 14:10:00.536073+02:00,25.843,720.308221,0.39026415556826777
2026-06-24 14:10:00.828315+02:00,25.841,720.600463,0.3882641555682689
2026-06-24 14:10:01.121821+02:00,25.843,720.893969,0.39026415556826777
2026-06-24 14:10:01.412897+02:00,25.844,721.185045,0.391264155568269
2026-06-24 14:10:01.702883+02:00,25.846,721.475031,0.3932641555682679
2026-06-24 14:10:02.000889+02:00,25.846,721.773037,0.3932641555682679
2026-06-24 14:10:02.293017+02:00,25.845,722.065165,0.39226415556826666
2026-06-24 14:10:02.589418+02:00,25.848,722.361566,0.3952641555682668
2026-06-24 14:10:02.889936+02:00,25.846,722.662084,0.3932641555682679
2026-06-24 14:10:03.182671+02:00,25.844,722.954819,0.391264155568269
2026-06-24 14:10:03.484276+02:00,25.848,723.256424,0.3952641555682668
2026-06-24 14:10:03.776407+02:00,25.847,723.548555,0.3942641555682691
2026-06-24 14:10:04.071625+02:00,25.847,723.843773,0.3942641555682691
2026-06-24 14:10:04.360232+02:00,25.846,724.13238,0.3932641555682679
2026-06-24 14:10:04.653012+02:00,25.848,724.42516,0.3952641555682668
2026-06-24 14:10:04.944865+02:00,25.848,724.717013,0.3952641555682668
2026-06-24 14:10:05.241545+02:00,25.847,725.013693,0.3942641555682691
2026-06-24 14:10:05.531788+02:00,25.849,725.303936,0.396264155568268
2026-06-24 14:10:05.822789+02:00,25.848,725.594937,0.3952641555682668
2026-06-24 14:10:06.118210+02:00,25.848,725.890358,0.3952641555682668
2026-06-24 14:10:06.410887+02:00,25.849,726.183035,0.396264155568268
2026-06-24 14:10:06.709244+02:00,25.851,726.481392,0.3982641555682669
2026-06-24 14:10:07.001829+02:00,25.851,726.773977,0.3982641555682669
2026-06-24 14:10:07.300445+02:00,25.849,727.072593,0.396264155568268
2026-06-24 14:10:07.590293+02:00,25.853,727.362441,0.40026415556826933
2026-06-24 14:10:07.883561+02:00,25.852,727.655709,0.3992641555682681
2026-06-24 14:10:08.179280+02:00,25.853,727.951428,0.40026415556826933
2026-06-24 14:10:08.470243+02:00,25.854,728.242391,0.401264155568267
2026-06-24 14:10:08.761831+02:00,25.854,728.533979,0.401264155568267
2026-06-24 14:10:09.055108+02:00,25.856,728.827256,0.40326415556826944
2026-06-24 14:10:09.346641+02:00,25.856,729.118789,0.40326415556826944
2026-06-24 14:10:09.639520+02:00,25.857,729.411668,0.4042641555682671
2026-06-24 14:10:09.933710+02:00,25.859,729.705858,0.40626415556826956
2026-06-24 14:10:10.235259+02:00,25.858,730.007407,0.40526415556826834
2026-06-24 14:10:10.536600+02:00,25.859,730.308748,0.40626415556826956
2026-06-24 14:10:10.826296+02:00,25.858,730.598444,0.40526415556826834
2026-06-24 14:10:11.119303+02:00,25.858,730.891451,0.40526415556826834
2026-06-24 14:10:11.411664+02:00,25.858,731.183812,0.40526415556826834
2026-06-24 14:10:11.701708+02:00,25.859,731.473856,0.40626415556826956
2026-06-24 14:10:11.992673+02:00,25.86,731.764821,0.4072641555682672
2026-06-24 14:10:12.294094+02:00,25.862,732.066242,0.4092641555682661
2026-06-24 14:10:12.587325+02:00,25.859,732.359473,0.40626415556826956
2026-06-24 14:10:12.883258+02:00,25.859,732.655406,0.40626415556826956
2026-06-24 14:10:13.175922+02:00,25.861,732.94807,0.40826415556826845
2026-06-24 14:10:13.466238+02:00,25.862,733.238386,0.4092641555682661
2026-06-24 14:10:13.759935+02:00,25.864,733.532083,0.41126415556826856
2026-06-24 14:10:14.050945+02:00,25.864,733.823093,0.41126415556826856
2026-06-24 14:10:14.342311+02:00,25.864,734.114459,0.41126415556826856
2026-06-24 14:10:14.639588+02:00,25.863,734.411736,0.41026415556826734
2026-06-24 14:10:14.929589+02:00,25.865,734.701737,0.41226415556826623
2026-06-24 14:10:15.221903+02:00,25.863,734.994051,0.41026415556826734
2026-06-24 14:10:15.512029+02:00,25.864,735.284177,0.41126415556826856
2026-06-24 14:10:15.807664+02:00,25.864,735.579812,0.41126415556826856
2026-06-24 14:10:16.100700+02:00,25.864,735.872848,0.41126415556826856
2026-06-24 14:10:16.392488+02:00,25.867,736.164636,0.4142641555682687
2026-06-24 14:10:16.683500+02:00,25.865,736.455648,0.41226415556826623
2026-06-24 14:10:16.981684+02:00,25.867,736.753832,0.4142641555682687
2026-06-24 14:10:17.272181+02:00,25.867,737.044329,0.4142641555682687
2026-06-24 14:10:17.562739+02:00,25.867,737.334887,0.4142641555682687
2026-06-24 14:10:17.853780+02:00,25.871,737.625928,0.41826415556826646
2026-06-24 14:10:18.152862+02:00,25.87,737.92501,0.4172641555682688
2026-06-24 14:10:18.450404+02:00,25.869,738.222552,0.41626415556826757
2026-06-24 14:10:18.741171+02:00,25.87,738.513319,0.4172641555682688
2026-06-24 14:10:19.035942+02:00,25.873,738.80809,0.4202641555682689
2026-06-24 14:10:19.333716+02:00,25.871,739.105864,0.41826415556826646
2026-06-24 14:10:19.628484+02:00,25.875,739.400632,0.4222641555682678
2026-06-24 14:10:19.923649+02:00,25.876,739.695797,0.423264155568269
2026-06-24 14:10:20.228072+02:00,25.876,740.00022,0.423264155568269
2026-06-24 14:10:20.521561+02:00,25.874,740.293709,0.4212641555682666
2026-06-24 14:10:20.812583+02:00,25.875,740.584731,0.4222641555682678
2026-06-24 14:10:21.102529+02:00,25.875,740.874677,0.4222641555682678
2026-06-24 14:10:21.397338+02:00,25.874,741.169486,0.4212641555682666
2026-06-24 14:10:21.691340+02:00,25.878,741.463488,0.4252641555682679
2026-06-24 14:10:21.991155+02:00,25.876,741.763303,0.423264155568269
2026-06-24 14:10:22.286843+02:00,25.876,742.058991,0.423264155568269
2026-06-24 14:10:22.577329+02:00,25.877,742.349477,0.4242641555682667
2026-06-24 14:10:22.869256+02:00,25.877,742.641404,0.4242641555682667
2026-06-24 14:10:23.161593+02:00,25.88,742.933741,0.4272641555682668
2026-06-24 14:10:23.456242+02:00,25.878,743.22839,0.4252641555682679
2026-06-24 14:10:23.747526+02:00,25.875,743.519674,0.4222641555682678
2026-06-24 14:10:24.041437+02:00,25.88,743.813585,0.4272641555682668
2026-06-24 14:10:24.337912+02:00,25.875,744.11006,0.4222641555682678
2026-06-24 14:10:24.639090+02:00,25.879,744.411238,0.42626415556826913
2026-06-24 14:10:24.931083+02:00,25.88,744.703231,0.4272641555682668
2026-06-24 14:10:25.223782+02:00,25.879,744.99593,0.42626415556826913
2026-06-24 14:10:25.516425+02:00,25.88,745.288573,0.4272641555682668
2026-06-24 14:10:25.805738+02:00,25.879,745.577886,0.42626415556826913
2026-06-24 14:10:26.096864+02:00,25.876,745.869012,0.423264155568269
2026-06-24 14:10:26.392439+02:00,25.879,746.164587,0.42626415556826913
2026-06-24 14:10:26.686725+02:00,25.879,746.458873,0.42626415556826913
2026-06-24 14:10:26.980473+02:00,25.881,746.752621,0.428264155568268
2026-06-24 14:10:27.274508+02:00,25.881,747.046656,0.428264155568268
2026-06-24 14:10:27.567254+02:00,25.882,747.339402,0.42926415556826925
2026-06-24 14:10:27.863118+02:00,25.884,747.635266,0.43126415556826814
2026-06-24 14:10:28.155220+02:00,25.885,747.927368,0.43226415556826936
2026-06-24 14:10:28.444581+02:00,25.881,748.216729,0.428264155568268
2026-06-24 14:10:28.747658+02:00,25.884,748.519806,0.43126415556826814
2026-06-24 14:10:29.044088+02:00,25.883,748.816236,0.4302641555682669
2026-06-24 14:10:29.340304+02:00,25.885,749.112452,0.43226415556826936
2026-06-24 14:10:29.635862+02:00,25.884,749.40801,0.43126415556826814
2026-06-24 14:10:29.926465+02:00,25.884,749.698613,0.43126415556826814
2026-06-24 14:10:30.224130+02:00,25.887,749.996278,0.43426415556826825
2026-06-24 14:10:30.513524+02:00,25.888,750.285672,0.4352641555682695
2026-06-24 14:10:30.808940+02:00,25.886,750.581088,0.43326415556826703
2026-06-24 14:10:31.100905+02:00,25.886,750.873053,0.43326415556826703
2026-06-24 14:10:31.391572+02:00,25.886,751.16372,0.43326415556826703
2026-06-24 14:10:31.685738+02:00,25.888,751.457886,0.4352641555682695
2026-06-24 14:10:31.977002+02:00,25.888,751.74915,0.4352641555682695
2026-06-24 14:10:32.271002+02:00,25.888,752.04315,0.4352641555682695
2026-06-24 14:10:32.562628+02:00,25.888,752.334776,0.4352641555682695
2026-06-24 14:10:32.855803+02:00,25.888,752.627951,0.4352641555682695
2026-06-24 14:10:33.148576+02:00,25.89,752.920724,0.43726415556826836
2026-06-24 14:10:33.448587+02:00,25.89,753.220735,0.43726415556826836
2026-06-24 14:10:33.739320+02:00,25.889,753.511468,0.43626415556826714
2026-06-24 14:10:34.032937+02:00,25.89,753.805085,0.43726415556826836
2026-06-24 14:10:34.324113+02:00,25.891,754.096261,0.43826415556826603
2026-06-24 14:10:34.621345+02:00,25.892,754.393493,0.43926415556826726
2026-06-24 14:10:34.913283+02:00,25.891,754.685431,0.43826415556826603
2026-06-24 14:10:35.202622+02:00,25.891,754.97477,0.43826415556826603
2026-06-24 14:10:35.502531+02:00,25.893,755.274679,0.4402641555682685
2026-06-24 14:10:35.794912+02:00,25.892,755.56706,0.43926415556826726
2026-06-24 14:10:36.086526+02:00,25.89,755.858674,0.43726415556826836
2026-06-24 14:10:36.378079+02:00,25.892,756.150227,0.43926415556826726
2026-06-24 14:10:36.671515+02:00,25.894,756.443663,0.44126415556826615
2026-06-24 14:10:36.963550+02:00,25.895,756.735698,0.44226415556826737
2026-06-24 14:10:37.255764+02:00,25.895,757.027912,0.44226415556826737
2026-06-24 14:10:37.551496+02:00,25.897,757.323644,0.44426415556826626
2026-06-24 14:10:37.849434+02:00,25.896,757.621582,0.4432641555682686
2026-06-24 14:10:38.140585+02:00,25.895,757.912733,0.44226415556826737
2026-06-24 14:10:38.434849+02:00,25.895,758.206997,0.44226415556826737
2026-06-24 14:10:38.725764+02:00,25.897,758.497912,0.44426415556826626
2026-06-24 14:10:39.015236+02:00,25.899,758.787384,0.4462641555682687
2026-06-24 14:10:39.308756+02:00,25.899,759.080904,0.4462641555682687
2026-06-24 14:10:39.598525+02:00,25.898,759.370673,0.4452641555682675
2026-06-24 14:10:39.890236+02:00,25.899,759.662384,0.4462641555682687
2026-06-24 14:10:40.187662+02:00,25.897,759.95981,0.44426415556826626
2026-06-24 14:10:40.480108+02:00,25.897,760.252256,0.44426415556826626
2026-06-24 14:10:40.769195+02:00,25.898,760.541343,0.4452641555682675
2026-06-24 14:10:41.062192+02:00,25.9,760.83434,0.4472641555682664
2026-06-24 14:10:41.357336+02:00,25.903,761.129484,0.4502641555682665
2026-06-24 14:10:41.649114+02:00,25.901,761.421262,0.4482641555682676
2026-06-24 14:10:41.942221+02:00,25.9,761.714369,0.4472641555682664
2026-06-24 14:10:42.239442+02:00,25.9,762.01159,0.4472641555682664
2026-06-24 14:10:42.539162+02:00,25.899,762.31131,0.4462641555682687
2026-06-24 14:10:42.838861+02:00,25.903,762.611009,0.4502641555682665
2026-06-24 14:10:43.131671+02:00,25.903,762.903819,0.4502641555682665
2026-06-24 14:10:43.423856+02:00,25.905,763.196004,0.45226415556826893
2026-06-24 14:10:43.716388+02:00,25.906,763.488536,0.4532641555682666
2026-06-24 14:10:44.005543+02:00,25.904,763.777691,0.4512641555682677
2026-06-24 14:10:44.296546+02:00,25.906,764.068694,0.4532641555682666
2026-06-24 14:10:44.590341+02:00,25.909,764.362489,0.4562641555682667
2026-06-24 14:10:44.882058+02:00,25.909,764.654206,0.4562641555682667
2026-06-24 14:10:45.172337+02:00,25.909,764.944485,0.4562641555682667
2026-06-24 14:10:45.464477+02:00,25.91,765.236625,0.45726415556826794
2026-06-24 14:10:45.755134+02:00,25.911,765.527282,0.45826415556826916
2026-06-24 14:10:46.053144+02:00,25.913,765.825292,0.46026415556826805
2026-06-24 14:10:46.347160+02:00,25.908,766.119308,0.45526415556826905
2026-06-24 14:10:46.638191+02:00,25.91,766.410339,0.45726415556826794
2026-06-24 14:10:46.928022+02:00,25.909,766.70017,0.4562641555682667
2026-06-24 14:10:47.224768+02:00,25.91,766.996916,0.45726415556826794
2026-06-24 14:10:47.515549+02:00,25.913,767.287697,0.46026415556826805
2026-06-24 14:10:47.807428+02:00,25.914,767.579576,0.4612641555682693
2026-06-24 14:10:48.107573+02:00,25.91,767.879721,0.45726415556826794
2026-06-24 14:10:48.400616+02:00,25.915,768.172764,0.46226415556826694
2026-06-24 14:10:48.690667+02:00,25.915,768.462815,0.46226415556826694
2026-06-24 14:10:48.984634+02:00,25.914,768.756782,0.4612641555682693
2026-06-24 14:10:49.274042+02:00,25.916,769.04619,0.46326415556826817
2026-06-24 14:10:49.566215+02:00,25.917,769.338363,0.4642641555682694
2026-06-24 14:10:49.861243+02:00,25.918,769.633391,0.46526415556826706
2026-06-24 14:10:50.154558+02:00,25.916,769.926706,0.46326415556826817
2026-06-24 14:10:50.451695+02:00,25.916,770.223843,0.46326415556826817
2026-06-24 14:10:50.744795+02:00,25.918,770.516943,0.46526415556826706
2026-06-24 14:10:51.035738+02:00,25.915,770.807886,0.46226415556826694
2026-06-24 14:10:51.326537+02:00,25.918,771.098685,0.46526415556826706
2026-06-24 14:10:51.618797+02:00,25.916,771.390945,0.46326415556826817
2026-06-24 14:10:51.917098+02:00,25.917,771.689246,0.4642641555682694
2026-06-24 14:10:52.212095+02:00,25.918,771.984243,0.46526415556826706
2026-06-24 14:10:52.513953+02:00,25.918,772.286101,0.46526415556826706
2026-06-24 14:10:52.810077+02:00,25.919,772.582225,0.4662641555682683
2026-06-24 14:10:53.101594+02:00,25.917,772.873742,0.4642641555682694
2026-06-24 14:10:53.393590+02:00,25.918,773.165738,0.46526415556826706
2026-06-24 14:10:53.691376+02:00,25.922,773.463524,0.4692641555682684
2026-06-24 14:10:53.983817+02:00,25.919,773.755965,0.4662641555682683
2026-06-24 14:10:54.273056+02:00,25.919,774.045204,0.4662641555682683
2026-06-24 14:10:54.569112+02:00,25.918,774.34126,0.46526415556826706
2026-06-24 14:10:54.862227+02:00,25.919,774.634375,0.4662641555682683
2026-06-24 14:10:55.164510+02:00,25.919,774.936658,0.4662641555682683
2026-06-24 14:10:55.461087+02:00,25.919,775.233235,0.4662641555682683
2026-06-24 14:10:55.753595+02:00,25.919,775.525743,0.4662641555682683
2026-06-24 14:10:56.045783+02:00,25.919,775.817931,0.4662641555682683
2026-06-24 14:10:56.338585+02:00,25.922,776.110733,0.4692641555682684
2026-06-24 14:10:56.634638+02:00,25.925,776.406786,0.4722641555682685
2026-06-24 14:10:56.925579+02:00,25.923,776.697727,0.47026415556826606
2026-06-24 14:10:57.218945+02:00,25.922,776.991093,0.4692641555682684
2026-06-24 14:10:57.509982+02:00,25.923,777.28213,0.47026415556826606
2026-06-24 14:10:57.804605+02:00,25.925,777.576753,0.4722641555682685
2026-06-24 14:10:58.101495+02:00,25.923,777.873643,0.47026415556826606
2026-06-24 14:10:58.394093+02:00,25.922,778.166241,0.4692641555682684
2026-06-24 14:10:58.684022+02:00,25.923,778.45617,0.47026415556826606
2026-06-24 14:10:58.979340+02:00,25.923,778.751488,0.47026415556826606
2026-06-24 14:10:59.277292+02:00,25.922,779.04944,0.4692641555682684
2026-06-24 14:10:59.574332+02:00,25.924,779.34648,0.4712641555682673
2026-06-24 14:10:59.870211+02:00,25.925,779.642359,0.4722641555682685
2026-06-24 14:11:00.162223+02:00,25.924,779.934371,0.4712641555682673
2026-06-24 14:11:00.456828+02:00,25.925,780.228976,0.4722641555682685
2026-06-24 14:11:00.748143+02:00,25.925,780.520291,0.4722641555682685
2026-06-24 14:11:01.047251+02:00,25.927,780.819399,0.4742641555682674
2026-06-24 14:11:01.342364+02:00,25.927,781.114512,0.4742641555682674
2026-06-24 14:11:01.633801+02:00,25.93,781.405949,0.4772641555682675
2026-06-24 14:11:01.926791+02:00,25.929,781.698939,0.4762641555682663
2026-06-24 14:11:02.215145+02:00,25.928,781.987293,0.4752641555682686
2026-06-24 14:11:02.513441+02:00,25.927,782.285589,0.4742641555682674
2026-06-24 14:11:02.804225+02:00,25.928,782.576373,0.4752641555682686
2026-06-24 14:11:03.096119+02:00,25.928,782.868267,0.4752641555682686
2026-06-24 14:11:03.388816+02:00,25.927,783.160964,0.4742641555682674
2026-06-24 14:11:03.695121+02:00,25.929,783.467269,0.4762641555682663
2026-06-24 14:11:03.990756+02:00,25.93,783.762904,0.4772641555682675
2026-06-24 14:11:04.289314+02:00,25.926,784.061462,0.4732641555682662
2026-06-24 14:11:04.584922+02:00,25.929,784.35707,0.4762641555682663
2026-06-24 14:11:04.874438+02:00,25.928,784.646586,0.4752641555682686
2026-06-24 14:11:05.165887+02:00,25.928,784.938035,0.4752641555682686
2026-06-24 14:11:05.457031+02:00,25.929,785.229179,0.4762641555682663
2026-06-24 14:11:05.748149+02:00,25.931,785.520297,0.47826415556826873
2026-06-24 14:11:06.039269+02:00,25.929,785.811417,0.4762641555682663
2026-06-24 14:11:06.337431+02:00,25.929,786.109579,0.4762641555682663
2026-06-24 14:11:06.634016+02:00,25.928,786.406164,0.4752641555682686
2026-06-24 14:11:06.931940+02:00,25.929,786.704088,0.4762641555682663
2026-06-24 14:11:07.222831+02:00,25.928,786.994979,0.4752641555682686
2026-06-24 14:11:07.516987+02:00,25.93,787.289135,0.4772641555682675
2026-06-24 14:11:07.808646+02:00,25.928,787.580794,0.4752641555682686
2026-06-24 14:11:08.098252+02:00,25.93,787.8704,0.4772641555682675
2026-06-24 14:11:08.389579+02:00,25.931,788.161727,0.47826415556826873
2026-06-24 14:11:08.681706+02:00,25.931,788.453854,0.47826415556826873
2026-06-24 14:11:08.976640+02:00,25.932,788.748788,0.4792641555682664
2026-06-24 14:11:09.269751+02:00,25.931,789.041899,0.47826415556826873
2026-06-24 14:11:09.571733+02:00,25.93,789.343881,0.4772641555682675
2026-06-24 14:11:09.867608+02:00,25.931,789.639756,0.47826415556826873
2026-06-24 14:11:10.159732+02:00,25.931,789.93188,0.47826415556826873
2026-06-24 14:11:10.453417+02:00,25.929,790.225565,0.4762641555682663
2026-06-24 14:11:10.744527+02:00,25.93,790.516675,0.4772641555682675
2026-06-24 14:11:11.033952+02:00,25.93,790.8061,0.4772641555682675
2026-06-24 14:11:11.333782+02:00,25.93,791.10593,0.4772641555682675
2026-06-24 14:11:11.623664+02:00,25.93,791.395812,0.4772641555682675
2026-06-24 14:11:11.933202+02:00,25.932,791.70535,0.4792641555682664
2026-06-24 14:11:12.231133+02:00,25.934,792.003281,0.48126415556826885
2026-06-24 14:11:12.529568+02:00,25.933,792.301716,0.4802641555682676
2026-06-24 14:11:12.821897+02:00,25.932,792.594045,0.4792641555682664
2026-06-24 14:11:13.116182+02:00,25.932,792.88833,0.4792641555682664
2026-06-24 14:11:13.416698+02:00,25.933,793.188846,0.4802641555682676
2026-06-24 14:11:13.710259+02:00,25.934,793.482407,0.48126415556826885
2026-06-24 14:11:14.000511+02:00,25.932,793.772659,0.4792641555682664
2026-06-24 14:11:14.291226+02:00,25.935,794.063374,0.4822641555682665
2026-06-24 14:11:14.586980+02:00,25.933,794.359128,0.4802641555682676
2026-06-24 14:11:14.886750+02:00,25.934,794.658898,0.48126415556826885
2026-06-24 14:11:15.175633+02:00,25.935,794.947781,0.4822641555682665
2026-06-24 14:11:15.468751+02:00,25.934,795.240899,0.48126415556826885
2026-06-24 14:11:15.761256+02:00,25.935,795.533404,0.4822641555682665
2026-06-24 14:11:16.054502+02:00,25.935,795.82665,0.4822641555682665
2026-06-24 14:11:16.353216+02:00,25.935,796.125364,0.4822641555682665
2026-06-24 14:11:16.644016+02:00,25.935,796.416164,0.4822641555682665
2026-06-24 14:11:16.936065+02:00,25.935,796.708213,0.4822641555682665
2026-06-24 14:11:17.229580+02:00,25.935,797.001728,0.4822641555682665
2026-06-24 14:11:17.523927+02:00,25.936,797.296075,0.48326415556826774
2026-06-24 14:11:17.815420+02:00,25.935,797.587568,0.4822641555682665
2026-06-24 14:11:18.107214+02:00,25.935,797.879362,0.4822641555682665
2026-06-24 14:11:18.398883+02:00,25.935,798.171031,0.4822641555682665
2026-06-24 14:11:18.690169+02:00,25.934,798.462317,0.48126415556826885
2026-06-24 14:11:18.981282+02:00,25.936,798.75343,0.48326415556826774
2026-06-24 14:11:19.275411+02:00,25.934,799.047559,0.48126415556826885
2026-06-24 14:11:19.570266+02:00,25.936,799.342414,0.48326415556826774
2026-06-24 14:11:19.868436+02:00,25.936,799.640584,0.48326415556826774
2026-06-24 14:11:20.157314+02:00,25.934,799.929462,0.48126415556826885
2026-06-24 14:11:20.448837+02:00,25.936,800.220985,0.48326415556826774
2026-06-24 14:11:20.740090+02:00,25.935,800.512238,0.4822641555682665
2026-06-24 14:11:21.031165+02:00,25.936,800.803313,0.48326415556826774
2026-06-24 14:11:21.322689+02:00,25.937,801.094837,0.48426415556826896
2026-06-24 14:11:21.614606+02:00,25.936,801.386754,0.48326415556826774
2026-06-24 14:11:21.910875+02:00,25.936,801.683023,0.48326415556826774
2026-06-24 14:11:22.201859+02:00,25.937,801.974007,0.48426415556826896
2026-06-24 14:11:22.491440+02:00,25.938,802.263588,0.48526415556826663
2026-06-24 14:11:22.783716+02:00,25.937,802.555864,0.48426415556826896
2026-06-24 14:11:23.080442+02:00,25.938,802.85259,0.48526415556826663
2026-06-24 14:11:23.372941+02:00,25.937,803.145089,0.48426415556826896
2026-06-24 14:11:23.665172+02:00,25.939,803.43732,0.48626415556826785
2026-06-24 14:11:23.957794+02:00,25.939,803.729942,0.48626415556826785
2026-06-24 14:11:24.250434+02:00,25.939,804.022582,0.48626415556826785
2026-06-24 14:11:24.545060+02:00,25.94,804.317208,0.4872641555682691
2026-06-24 14:11:24.835691+02:00,25.939,804.607839,0.48626415556826785
2026-06-24 14:11:25.127541+02:00,25.937,804.899689,0.48426415556826896
2026-06-24 14:11:25.425494+02:00,25.937,805.197642,0.48426415556826896
2026-06-24 14:11:25.715568+02:00,25.935,805.487716,0.4822641555682665
2026-06-24 14:11:26.007176+02:00,25.939,805.779324,0.48626415556826785
2026-06-24 14:11:26.301859+02:00,25.937,806.074007,0.48426415556826896
2026-06-24 14:11:26.593192+02:00,25.939,806.36534,0.48626415556826785
2026-06-24 14:11:26.885070+02:00,25.94,806.657218,0.4872641555682691
2026-06-24 14:11:27.175136+02:00,25.939,806.947284,0.48626415556826785
2026-06-24 14:11:27.469885+02:00,25.94,807.242033,0.4872641555682691
2026-06-24 14:11:27.768998+02:00,25.939,807.541146,0.48626415556826785
2026-06-24 14:11:28.061506+02:00,25.938,807.833654,0.48526415556826663
2026-06-24 14:11:28.353488+02:00,25.94,808.125636,0.4872641555682691
2026-06-24 14:11:28.651322+02:00,25.938,808.42347,0.48526415556826663
2026-06-24 14:11:28.950511+02:00,25.938,808.722659,0.48526415556826663
2026-06-24 14:11:29.254213+02:00,25.94,809.026361,0.4872641555682691
2026-06-24 14:11:29.551835+02:00,25.939,809.323983,0.48626415556826785
2026-06-24 14:11:29.846552+02:00,25.939,809.6187,0.48626415556826785
2026-06-24 14:11:30.145598+02:00,25.94,809.917746,0.4872641555682691
2026-06-24 14:11:30.438726+02:00,25.939,810.210874,0.48626415556826785
2026-06-24 14:11:30.734106+02:00,25.939,810.506254,0.48626415556826785
2026-06-24 14:11:31.024050+02:00,25.939,810.796198,0.48626415556826785
2026-06-24 14:11:31.313106+02:00,25.941,811.085254,0.48826415556826674
2026-06-24 14:11:31.608471+02:00,25.94,811.380619,0.4872641555682691
2026-06-24 14:11:31.902874+02:00,25.941,811.675022,0.48826415556826674
2026-06-24 14:11:32.196614+02:00,25.941,811.968762,0.48826415556826674
2026-06-24 14:11:32.489245+02:00,25.943,812.261393,0.4902641555682692
2026-06-24 14:11:32.781094+02:00,25.941,812.553242,0.48826415556826674
2026-06-24 14:11:33.080214+02:00,25.943,812.852362,0.4902641555682692
2026-06-24 14:11:33.368652+02:00,25.942,813.1408,0.48926415556826797
2026-06-24 14:11:33.659556+02:00,25.94,813.431704,0.4872641555682691
2026-06-24 14:11:33.952409+02:00,25.942,813.724557,0.48926415556826797
2026-06-24 14:11:34.245364+02:00,25.94,814.017512,0.4872641555682691
2026-06-24 14:11:34.537472+02:00,25.941,814.30962,0.48826415556826674
2026-06-24 14:11:34.831925+02:00,25.941,814.604073,0.48826415556826674
2026-06-24 14:11:35.127904+02:00,25.94,814.900052,0.4872641555682691
2026-06-24 14:11:35.422311+02:00,25.94,815.194459,0.4872641555682691
2026-06-24 14:11:35.722553+02:00,25.939,815.494701,0.48626415556826785
2026-06-24 14:11:36.014184+02:00,25.937,815.786332,0.48426415556826896
2026-06-24 14:11:36.305164+02:00,25.939,816.077312,0.48626415556826785
2026-06-24 14:11:36.603017+02:00,25.938,816.375165,0.48526415556826663
2026-06-24 14:11:36.897630+02:00,25.94,816.669778,0.4872641555682691
2026-06-24 14:11:37.188724+02:00,25.938,816.960872,0.48526415556826663
2026-06-24 14:11:37.481722+02:00,25.939,817.25387,0.48626415556826785
2026-06-24 14:11:37.773177+02:00,25.939,817.545325,0.48626415556826785
2026-06-24 14:11:38.065082+02:00,25.94,817.83723,0.4872641555682691
2026-06-24 14:11:38.365130+02:00,25.939,818.137278,0.48626415556826785
2026-06-24 14:11:38.655569+02:00,25.937,818.427717,0.48426415556826896
2026-06-24 14:11:38.948547+02:00,25.938,818.720695,0.48526415556826663
2026-06-24 14:11:39.239754+02:00,25.937,819.011902,0.48426415556826896
2026-06-24 14:11:39.535490+02:00,25.939,819.307638,0.48626415556826785
2026-06-24 14:11:39.834720+02:00,25.937,819.606868,0.48426415556826896
2026-06-24 14:11:40.135671+02:00,25.94,819.907819,0.4872641555682691
2026-06-24 14:11:40.430472+02:00,25.941,820.20262,0.48826415556826674
2026-06-24 14:11:40.722415+02:00,25.939,820.494563,0.48626415556826785
2026-06-24 14:11:41.013734+02:00,25.94,820.785882,0.4872641555682691
2026-06-24 14:11:41.312418+02:00,25.938,821.084566,0.48526415556826663
2026-06-24 14:11:41.605875+02:00,25.939,821.378023,0.48626415556826785
2026-06-24 14:11:41.897720+02:00,25.936,821.669868,0.48326415556826774
2026-06-24 14:11:42.191637+02:00,25.937,821.963785,0.48426415556826896
2026-06-24 14:11:42.489782+02:00,25.939,822.26193,0.48626415556826785
2026-06-24 14:11:42.787515+02:00,25.935,822.559663,0.4822641555682665
2026-06-24 14:11:43.088432+02:00,25.938,822.86058,0.48526415556826663
2026-06-24 14:11:43.381866+02:00,25.936,823.154014,0.48326415556826774
2026-06-24 14:11:43.690555+02:00,25.939,823.462703,0.48626415556826785
2026-06-24 14:11:43.986390+02:00,25.938,823.758538,0.48526415556826663
2026-06-24 14:11:44.284616+02:00,25.939,824.056764,0.48626415556826785
2026-06-24 14:11:44.577082+02:00,25.938,824.34923,0.48526415556826663
2026-06-24 14:11:44.868754+02:00,25.936,824.640902,0.48326415556826774
2026-06-24 14:11:45.160321+02:00,25.937,824.932469,0.48426415556826896
2026-06-24 14:11:45.452239+02:00,25.939,825.224387,0.48626415556826785
2026-06-24 14:11:45.743659+02:00,25.938,825.515807,0.48526415556826663
2026-06-24 14:11:46.035827+02:00,25.94,825.807975,0.4872641555682691
2026-06-24 14:11:46.332534+02:00,25.94,826.104682,0.4872641555682691
2026-06-24 14:11:46.630671+02:00,25.939,826.402819,0.48626415556826785
2026-06-24 14:11:46.919690+02:00,25.938,826.691838,0.48526415556826663
2026-06-24 14:11:47.210585+02:00,25.938,826.982733,0.48526415556826663
2026-06-24 14:11:47.501579+02:00,25.937,827.273727,0.48426415556826896
2026-06-24 14:11:47.793686+02:00,25.938,827.565834,0.48526415556826663
2026-06-24 14:11:48.089721+02:00,25.94,827.861869,0.4872641555682691
2026-06-24 14:11:48.380510+02:00,25.94,828.152658,0.4872641555682691
2026-06-24 14:11:48.675179+02:00,25.94,828.447327,0.4872641555682691
2026-06-24 14:11:48.968459+02:00,25.938,828.740607,0.48526415556826663
2026-06-24 14:11:49.260588+02:00,25.938,829.032736,0.48526415556826663
2026-06-24 14:11:49.557301+02:00,25.939,829.329449,0.48626415556826785
2026-06-24 14:11:49.856286+02:00,25.939,829.628434,0.48626415556826785
2026-06-24 14:11:50.146737+02:00,25.94,829.918885,0.4872641555682691
2026-06-24 14:11:50.440320+02:00,25.939,830.212468,0.48626415556826785
2026-06-24 14:11:50.733524+02:00,25.939,830.505672,0.48626415556826785
2026-06-24 14:11:51.026320+02:00,25.94,830.798468,0.4872641555682691
2026-06-24 14:11:51.319733+02:00,25.938,831.091881,0.48526415556826663
2026-06-24 14:11:51.611988+02:00,25.939,831.384136,0.48626415556826785
2026-06-24 14:11:51.903318+02:00,25.939,831.675466,0.48626415556826785
2026-06-24 14:11:52.198287+02:00,25.939,831.970435,0.48626415556826785
2026-06-24 14:11:52.487086+02:00,25.937,832.259234,0.48426415556826896
2026-06-24 14:11:52.777314+02:00,25.939,832.549462,0.48626415556826785
2026-06-24 14:11:53.068545+02:00,25.942,832.840693,0.48926415556826797
2026-06-24 14:11:53.364074+02:00,25.94,833.136222,0.4872641555682691
2026-06-24 14:11:53.656817+02:00,25.94,833.428965,0.4872641555682691
2026-06-24 14:11:53.951876+02:00,25.939,833.724024,0.48626415556826785
2026-06-24 14:11:54.246168+02:00,25.94,834.018316,0.4872641555682691
2026-06-24 14:11:54.539963+02:00,25.94,834.312111,0.4872641555682691
2026-06-24 14:11:54.831198+02:00,25.94,834.603346,0.4872641555682691
2026-06-24 14:11:55.128487+02:00,25.939,834.900635,0.48626415556826785
2026-06-24 14:11:55.424519+02:00,25.939,835.196667,0.48626415556826785
2026-06-24 14:11:55.717634+02:00,25.94,835.489782,0.4872641555682691
2026-06-24 14:11:56.008155+02:00,25.939,835.780303,0.48626415556826785
2026-06-24 14:11:56.296614+02:00,25.938,836.068762,0.48526415556826663
2026-06-24 14:11:56.588807+02:00,25.939,836.360955,0.48626415556826785
2026-06-24 14:11:56.880588+02:00,25.941,836.652736,0.48826415556826674
2026-06-24 14:11:57.174985+02:00,25.94,836.947133,0.4872641555682691
2026-06-24 14:11:57.469019+02:00,25.94,837.241167,0.4872641555682691
2026-06-24 14:11:57.760102+02:00,25.939,837.53225,0.48626415556826785
2026-06-24 14:11:58.052236+02:00,25.939,837.824384,0.48626415556826785
2026-06-24 14:11:58.349349+02:00,25.937,838.121497,0.48426415556826896
2026-06-24 14:11:58.638477+02:00,25.939,838.410625,0.48626415556826785
2026-06-24 14:11:58.935702+02:00,25.939,838.70785,0.48626415556826785
2026-06-24 14:11:59.229988+02:00,25.938,839.002136,0.48526415556826663
2026-06-24 14:11:59.524913+02:00,25.937,839.297061,0.48426415556826896
2026-06-24 14:11:59.818246+02:00,25.94,839.590394,0.4872641555682691
2026-06-24 14:12:00.117288+02:00,25.937,839.889436,0.48426415556826896
2026-06-24 14:12:00.409463+02:00,25.938,840.181611,0.48526415556826663
2026-06-24 14:12:00.706059+02:00,25.939,840.478207,0.48626415556826785
2026-06-24 14:12:01.003688+02:00,25.939,840.775836,0.48626415556826785
2026-06-24 14:12:01.295315+02:00,25.941,841.067463,0.48826415556826674
2026-06-24 14:12:01.590628+02:00,25.938,841.362776,0.48526415556826663
2026-06-24 14:12:01.885316+02:00,25.941,841.657464,0.48826415556826674
2026-06-24 14:12:02.178077+02:00,25.941,841.950225,0.48826415556826674
2026-06-24 14:12:02.472259+02:00,25.941,842.244407,0.48826415556826674
2026-06-24 14:12:02.764727+02:00,25.939,842.536875,0.48626415556826785
2026-06-24 14:12:03.061802+02:00,25.94,842.83395,0.4872641555682691
2026-06-24 14:12:03.352219+02:00,25.94,843.124367,0.4872641555682691
2026-06-24 14:12:03.641964+02:00,25.939,843.414112,0.48626415556826785
2026-06-24 14:12:03.940892+02:00,25.939,843.71304,0.48626415556826785
2026-06-24 14:12:04.236003+02:00,25.941,844.008151,0.48826415556826674
2026-06-24 14:12:04.530321+02:00,25.939,844.302469,0.48626415556826785
2026-06-24 14:12:04.825125+02:00,25.94,844.597273,0.4872641555682691
2026-06-24 14:12:05.115242+02:00,25.939,844.88739,0.48626415556826785
2026-06-24 14:12:05.407626+02:00,25.94,845.179774,0.4872641555682691
2026-06-24 14:12:05.706452+02:00,25.94,845.4786,0.4872641555682691
2026-06-24 14:12:05.998014+02:00,25.94,845.770162,0.4872641555682691
2026-06-24 14:12:06.291958+02:00,25.941,846.064106,0.48826415556826674
2026-06-24 14:12:06.582474+02:00,25.937,846.354622,0.48426415556826896
2026-06-24 14:12:06.877100+02:00,25.94,846.649248,0.4872641555682691
2026-06-24 14:12:07.167656+02:00,25.94,846.939804,0.4872641555682691
2026-06-24 14:12:07.459242+02:00,25.939,847.23139,0.48626415556826785
2026-06-24 14:12:07.749693+02:00,25.94,847.521841,0.4872641555682691
2026-06-24 14:12:08.038326+02:00,25.939,847.810474,0.48626415556826785
2026-06-24 14:12:08.330426+02:00,25.939,848.102574,0.48626415556826785
2026-06-24 14:12:08.621878+02:00,25.941,848.394026,0.48826415556826674
2026-06-24 14:12:08.923695+02:00,25.937,848.695843,0.48426415556826896
2026-06-24 14:12:09.219439+02:00,25.938,848.991587,0.48526415556826663
2026-06-24 14:12:09.509193+02:00,25.939,849.281341,0.48626415556826785
2026-06-24 14:12:09.800273+02:00,25.939,849.572421,0.48626415556826785
2026-06-24 14:12:10.090254+02:00,25.939,849.862402,0.48626415556826785
2026-06-24 14:12:10.387975+02:00,25.938,850.160123,0.48526415556826663
2026-06-24 14:12:10.681414+02:00,25.939,850.453562,0.48626415556826785
2026-06-24 14:12:10.975042+02:00,25.937,850.74719,0.48426415556826896
2026-06-24 14:12:11.266949+02:00,25.939,851.039097,0.48626415556826785
2026-06-24 14:12:11.567980+02:00,25.938,851.340128,0.48526415556826663
2026-06-24 14:12:11.860185+02:00,25.938,851.632333,0.48526415556826663
2026-06-24 14:12:12.151903+02:00,25.939,851.924051,0.48626415556826785
2026-06-24 14:12:12.442238+02:00,25.936,852.214386,0.48326415556826774
2026-06-24 14:12:12.733229+02:00,25.939,852.505377,0.48626415556826785
2026-06-24 14:12:13.023881+02:00,25.938,852.796029,0.48526415556826663
2026-06-24 14:12:13.314753+02:00,25.938,853.086901,0.48526415556826663
2026-06-24 14:12:13.606808+02:00,25.938,853.378956,0.48526415556826663
2026-06-24 14:12:13.907778+02:00,25.938,853.679926,0.48526415556826663
2026-06-24 14:12:14.197188+02:00,25.937,853.969336,0.48426415556826896
2026-06-24 14:12:14.500157+02:00,25.937,854.272305,0.48426415556826896
2026-06-24 14:12:14.793998+02:00,25.938,854.566146,0.48526415556826663
2026-06-24 14:12:15.088044+02:00,25.938,854.860192,0.48526415556826663
2026-06-24 14:12:15.380289+02:00,25.937,855.152437,0.48426415556826896
2026-06-24 14:12:15.673794+02:00,25.937,855.445942,0.48426415556826896
2026-06-24 14:12:15.964941+02:00,25.936,855.737089,0.48326415556826774
2026-06-24 14:12:16.258412+02:00,25.936,856.03056,0.48326415556826774
2026-06-24 14:12:16.553184+02:00,25.937,856.325332,0.48426415556826896
2026-06-24 14:12:16.853634+02:00,25.935,856.625782,0.4822641555682665
2026-06-24 14:12:17.154211+02:00,25.936,856.926359,0.48326415556826774
2026-06-24 14:12:17.454127+02:00,25.936,857.226275,0.48326415556826774
2026-06-24 14:12:17.746008+02:00,25.936,857.518156,0.48326415556826774
2026-06-24 14:12:18.043819+02:00,25.936,857.815967,0.48326415556826774
2026-06-24 14:12:18.336296+02:00,25.937,858.108444,0.48426415556826896
2026-06-24 14:12:18.628144+02:00,25.936,858.400292,0.48326415556826774
2026-06-24 14:12:18.920457+02:00,25.931,858.692605,0.47826415556826873
2026-06-24 14:12:19.213682+02:00,25.937,858.98583,0.48426415556826896
2026-06-24 14:12:19.503700+02:00,25.934,859.275848,0.48126415556826885
2026-06-24 14:12:19.799501+02:00,25.933,859.571649,0.4802641555682676
2026-06-24 14:12:20.099215+02:00,25.936,859.871363,0.48326415556826774
2026-06-24 14:12:20.399759+02:00,25.936,860.171907,0.48326415556826774
2026-06-24 14:12:20.701575+02:00,25.934,860.473723,0.48126415556826885
2026-06-24 14:12:21.003344+02:00,25.933,860.775492,0.4802641555682676
2026-06-24 14:12:21.301102+02:00,25.934,861.07325,0.48126415556826885
2026-06-24 14:12:21.604325+02:00,25.934,861.376473,0.48126415556826885
2026-06-24 14:12:21.896776+02:00,25.932,861.668924,0.4792641555682664
2026-06-24 14:12:22.190118+02:00,25.933,861.962266,0.4802641555682676
2026-06-24 14:12:22.484299+02:00,25.933,862.256447,0.4802641555682676
2026-06-24 14:12:22.775285+02:00,25.932,862.547433,0.4792641555682664
2026-06-24 14:12:23.067474+02:00,25.932,862.839622,0.4792641555682664
2026-06-24 14:12:23.358777+02:00,25.933,863.130925,0.4802641555682676
2026-06-24 14:12:23.650292+02:00,25.933,863.42244,0.4802641555682676
2026-06-24 14:12:23.941523+02:00,25.932,863.713671,0.4792641555682664
2026-06-24 14:12:24.233708+02:00,25.932,864.005856,0.4792641555682664
2026-06-24 14:12:24.528370+02:00,25.931,864.300518,0.47826415556826873
2026-06-24 14:12:24.824353+02:00,25.931,864.596501,0.47826415556826873
2026-06-24 14:12:25.114295+02:00,25.93,864.886443,0.4772641555682675
2026-06-24 14:12:25.407214+02:00,25.93,865.179362,0.4772641555682675
2026-06-24 14:12:25.699633+02:00,25.932,865.471781,0.4792641555682664
2026-06-24 14:12:25.990763+02:00,25.931,865.762911,0.47826415556826873
2026-06-24 14:12:26.283985+02:00,25.932,866.056133,0.4792641555682664
2026-06-24 14:12:26.574545+02:00,25.93,866.346693,0.4772641555682675
2026-06-24 14:12:26.874342+02:00,25.931,866.64649,0.47826415556826873
2026-06-24 14:12:27.163241+02:00,25.93,866.935389,0.4772641555682675
2026-06-24 14:12:27.458857+02:00,25.93,867.231005,0.4772641555682675
2026-06-24 14:12:27.751708+02:00,25.931,867.523856,0.47826415556826873
2026-06-24 14:12:28.051675+02:00,25.932,867.823823,0.4792641555682664
2026-06-24 14:12:28.352489+02:00,25.932,868.124637,0.4792641555682664
2026-06-24 14:12:28.652775+02:00,25.931,868.424923,0.47826415556826873
2026-06-24 14:12:28.943824+02:00,25.93,868.715972,0.4772641555682675
2026-06-24 14:12:29.235939+02:00,25.928,869.008087,0.4752641555682686
2026-06-24 14:12:29.527960+02:00,25.929,869.300108,0.4762641555682663
2026-06-24 14:12:29.823487+02:00,25.929,869.595635,0.4762641555682663
2026-06-24 14:12:30.121651+02:00,25.929,869.893799,0.4762641555682663
2026-06-24 14:12:30.413158+02:00,25.929,870.185306,0.4762641555682663
2026-06-24 14:12:30.704155+02:00,25.928,870.476303,0.4752641555682686
2026-06-24 14:12:30.995229+02:00,25.927,870.767377,0.4742641555682674
2026-06-24 14:12:31.295061+02:00,25.927,871.067209,0.4742641555682674
2026-06-24 14:12:31.590835+02:00,25.929,871.362983,0.4762641555682663
2026-06-24 14:12:31.882304+02:00,25.926,871.654452,0.4732641555682662
2026-06-24 14:12:32.178358+02:00,25.928,871.950506,0.4752641555682686
2026-06-24 14:12:32.471476+02:00,25.925,872.243624,0.4722641555682685
2026-06-24 14:12:32.764577+02:00,25.927,872.536725,0.4742641555682674
2026-06-24 14:12:33.057788+02:00,25.924,872.829936,0.4712641555682673
2026-06-24 14:12:33.354673+02:00,25.927,873.126821,0.4742641555682674
2026-06-24 14:12:33.654028+02:00,25.925,873.426176,0.4722641555682685
2026-06-24 14:12:33.948990+02:00,25.924,873.721138,0.4712641555682673
2026-06-24 14:12:34.244193+02:00,25.927,874.016341,0.4742641555682674
2026-06-24 14:12:34.535216+02:00,25.925,874.307364,0.4722641555682685
2026-06-24 14:12:34.824113+02:00,25.922,874.596261,0.4692641555682684
2026-06-24 14:12:35.124307+02:00,25.923,874.896455,0.47026415556826606
2026-06-24 14:12:35.416499+02:00,25.925,875.188647,0.4722641555682685
2026-06-24 14:12:35.706289+02:00,25.925,875.478437,0.4722641555682685
2026-06-24 14:12:35.999962+02:00,25.924,875.77211,0.4712641555682673
2026-06-24 14:12:36.291579+02:00,25.924,876.063727,0.4712641555682673
2026-06-24 14:12:36.583587+02:00,25.924,876.355735,0.4712641555682673
2026-06-24 14:12:36.878322+02:00,25.921,876.65047,0.46826415556826717
2026-06-24 14:12:37.170362+02:00,25.921,876.94251,0.46826415556826717
2026-06-24 14:12:37.461279+02:00,25.921,877.233427,0.46826415556826717
2026-06-24 14:12:37.757031+02:00,25.921,877.529179,0.46826415556826717
2026-06-24 14:12:38.057419+02:00,25.923,877.829567,0.47026415556826606
2026-06-24 14:12:38.349692+02:00,25.92,878.12184,0.4672641555682695
2026-06-24 14:12:38.651060+02:00,25.923,878.423208,0.47026415556826606
2026-06-24 14:12:38.953261+02:00,25.923,878.725409,0.47026415556826606
2026-06-24 14:12:39.245479+02:00,25.922,879.017627,0.4692641555682684
2026-06-24 14:12:39.547925+02:00,25.92,879.320073,0.4672641555682695
2026-06-24 14:12:39.841033+02:00,25.918,879.613181,0.46526415556826706
2026-06-24 14:12:40.131791+02:00,25.92,879.903939,0.4672641555682695
2026-06-24 14:12:40.422050+02:00,25.917,880.194198,0.4642641555682694
2026-06-24 14:12:40.720356+02:00,25.917,880.492504,0.4642641555682694
2026-06-24 14:12:41.011004+02:00,25.916,880.783152,0.46326415556826817
2026-06-24 14:12:41.300538+02:00,25.919,881.072686,0.4662641555682683
2026-06-24 14:12:41.594512+02:00,25.917,881.36666,0.4642641555682694
2026-06-24 14:12:41.888884+02:00,25.917,881.661032,0.4642641555682694
2026-06-24 14:12:42.180982+02:00,25.918,881.95313,0.46526415556826706
2026-06-24 14:12:42.473584+02:00,25.917,882.245732,0.4642641555682694
2026-06-24 14:12:42.766840+02:00,25.916,882.538988,0.46326415556826817
2026-06-24 14:12:43.063707+02:00,25.917,882.835855,0.4642641555682694
2026-06-24 14:12:43.361860+02:00,25.918,883.134008,0.46526415556826706
2026-06-24 14:12:43.653443+02:00,25.918,883.425591,0.46526415556826706
2026-06-24 14:12:43.946850+02:00,25.918,883.718998,0.46526415556826706
2026-06-24 14:12:44.238686+02:00,25.916,884.010834,0.46326415556826817
2026-06-24 14:12:44.539515+02:00,25.918,884.311663,0.46526415556826706
2026-06-24 14:12:44.830383+02:00,25.914,884.602531,0.4612641555682693
2026-06-24 14:12:45.123260+02:00,25.914,884.895408,0.4612641555682693
2026-06-24 14:12:45.413188+02:00,25.914,885.185336,0.4612641555682693
2026-06-24 14:12:45.713241+02:00,25.916,885.485389,0.46326415556826817
2026-06-24 14:12:46.009517+02:00,25.912,885.781665,0.45926415556826683
2026-06-24 14:12:46.299208+02:00,25.916,886.071356,0.46326415556826817
2026-06-24 14:12:46.594468+02:00,25.913,886.366616,0.46026415556826805
2026-06-24 14:12:46.888599+02:00,25.915,886.660747,0.46226415556826694
2026-06-24 14:12:47.189319+02:00,25.914,886.961467,0.4612641555682693
2026-06-24 14:12:47.490373+02:00,25.915,887.262521,0.46226415556826694
2026-06-24 14:12:47.786699+02:00,25.914,887.558847,0.4612641555682693
2026-06-24 14:12:48.075101+02:00,25.913,887.847249,0.46026415556826805
2026-06-24 14:12:48.381007+02:00,25.915,888.153155,0.46226415556826694
2026-06-24 14:12:48.673442+02:00,25.914,888.44559,0.4612641555682693
2026-06-24 14:12:48.961515+02:00,25.913,888.733663,0.46026415556826805
2026-06-24 14:12:49.253794+02:00,25.913,889.025942,0.46026415556826805
2026-06-24 14:12:49.553691+02:00,25.911,889.325839,0.45826415556826916
2026-06-24 14:12:49.848405+02:00,25.912,889.620553,0.45926415556826683
2026-06-24 14:12:50.140607+02:00,25.911,889.912755,0.45826415556826916
2026-06-24 14:12:50.436787+02:00,25.912,890.208935,0.45926415556826683
2026-06-24 14:12:50.738073+02:00,25.915,890.510221,0.46226415556826694
2026-06-24 14:12:51.029062+02:00,25.912,890.80121,0.45926415556826683
2026-06-24 14:12:51.325405+02:00,25.913,891.097553,0.46026415556826805
2026-06-24 14:12:51.616016+02:00,25.909,891.388164,0.4562641555682667
2026-06-24 14:12:51.914320+02:00,25.909,891.686468,0.4562641555682667
2026-06-24 14:12:52.208237+02:00,25.911,891.980385,0.45826415556826916
2026-06-24 14:12:52.506643+02:00,25.909,892.278791,0.4562641555682667
2026-06-24 14:12:52.798120+02:00,25.909,892.570268,0.4562641555682667
2026-06-24 14:12:53.097795+02:00,25.909,892.869943,0.4562641555682667
2026-06-24 14:12:53.392306+02:00,25.906,893.164454,0.4532641555682666
2026-06-24 14:12:53.693546+02:00,25.905,893.465694,0.45226415556826893
2026-06-24 14:12:53.985721+02:00,25.905,893.757869,0.45226415556826893
2026-06-24 14:12:54.283761+02:00,25.908,894.055909,0.45526415556826905
2026-06-24 14:12:54.572863+02:00,25.906,894.345011,0.4532641555682666
2026-06-24 14:12:54.865780+02:00,25.905,894.637928,0.45226415556826893
2026-06-24 14:12:55.155959+02:00,25.903,894.928107,0.4502641555682665
2026-06-24 14:12:55.447195+02:00,25.904,895.219343,0.4512641555682677
2026-06-24 14:12:55.738319+02:00,25.904,895.510467,0.4512641555682677
2026-06-24 14:12:56.033342+02:00,25.903,895.80549,0.4502641555682665
2026-06-24 14:12:56.329002+02:00,25.903,896.10115,0.4502641555682665
2026-06-24 14:12:56.621490+02:00,25.904,896.393638,0.4512641555682677
2026-06-24 14:12:56.912027+02:00,25.902,896.684175,0.4492641555682688
2026-06-24 14:12:57.203802+02:00,25.902,896.97595,0.4492641555682688
2026-06-24 14:12:57.495091+02:00,25.899,897.267239,0.4462641555682687
2026-06-24 14:12:57.788675+02:00,25.902,897.560823,0.4492641555682688
2026-06-24 14:12:58.077736+02:00,25.902,897.849884,0.4492641555682688
2026-06-24 14:12:58.369838+02:00,25.899,898.141986,0.4462641555682687
2026-06-24 14:12:58.660322+02:00,25.899,898.43247,0.4462641555682687
2026-06-24 14:12:58.956292+02:00,25.898,898.72844,0.4452641555682675
2026-06-24 14:12:59.251152+02:00,25.898,899.0233,0.4452641555682675
2026-06-24 14:12:59.545345+02:00,25.897,899.317493,0.44426415556826626
2026-06-24 14:12:59.837952+02:00,25.897,899.6101,0.44426415556826626
2026-06-24 14:13:00.135704+02:00,25.896,899.907852,0.4432641555682686
2026-06-24 14:13:00.426786+02:00,25.898,900.198934,0.4452641555682675
2026-06-24 14:13:00.719270+02:00,25.898,900.491418,0.4452641555682675
2026-06-24 14:13:01.011914+02:00,25.896,900.784062,0.4432641555682686
2026-06-24 14:13:01.306900+02:00,25.898,901.079048,0.4452641555682675
2026-06-24 14:13:01.596940+02:00,25.897,901.369088,0.44426415556826626
2026-06-24 14:13:01.889535+02:00,25.895,901.661683,0.44226415556826737
2026-06-24 14:13:02.183098+02:00,25.896,901.955246,0.4432641555682686
2026-06-24 14:13:02.478655+02:00,25.895,902.250803,0.44226415556826737
2026-06-24 14:13:02.774196+02:00,25.894,902.546344,0.44126415556826615
2026-06-24 14:13:03.066823+02:00,25.892,902.838971,0.43926415556826726
2026-06-24 14:13:03.360462+02:00,25.893,903.13261,0.4402641555682685
2026-06-24 14:13:03.652865+02:00,25.892,903.425013,0.43926415556826726
2026-06-24 14:13:03.953572+02:00,25.893,903.72572,0.4402641555682685
2026-06-24 14:13:04.241583+02:00,25.894,904.013731,0.44126415556826615
2026-06-24 14:13:04.533003+02:00,25.891,904.305151,0.43826415556826603
2026-06-24 14:13:04.827594+02:00,25.893,904.599742,0.4402641555682685
2026-06-24 14:13:05.131793+02:00,25.891,904.903941,0.43826415556826603
2026-06-24 14:13:05.429617+02:00,25.891,905.201765,0.43826415556826603
2026-06-24 14:13:05.720788+02:00,25.89,905.492936,0.43726415556826836
2026-06-24 14:13:06.014079+02:00,25.893,905.786227,0.4402641555682685
2026-06-24 14:13:06.306667+02:00,25.891,906.078815,0.43826415556826603
2026-06-24 14:13:06.606235+02:00,25.89,906.378383,0.43726415556826836
2026-06-24 14:13:06.897245+02:00,25.889,906.669393,0.43626415556826714
2026-06-24 14:13:07.190515+02:00,25.889,906.962663,0.43626415556826714
2026-06-24 14:13:07.483833+02:00,25.89,907.255981,0.43726415556826836
2026-06-24 14:13:07.775650+02:00,25.887,907.547798,0.43426415556826825
2026-06-24 14:13:08.066415+02:00,25.889,907.838563,0.43626415556826714
2026-06-24 14:13:08.357006+02:00,25.889,908.129154,0.43626415556826714
2026-06-24 14:13:08.654613+02:00,25.888,908.426761,0.4352641555682695
2026-06-24 14:13:08.946365+02:00,25.887,908.718513,0.43426415556826825
2026-06-24 14:13:09.239966+02:00,25.886,909.012114,0.43326415556826703
2026-06-24 14:13:09.533492+02:00,25.887,909.30564,0.43426415556826825
2026-06-24 14:13:09.827340+02:00,25.888,909.599488,0.4352641555682695
2026-06-24 14:13:10.119382+02:00,25.883,909.89153,0.4302641555682669
2026-06-24 14:13:10.414092+02:00,25.883,910.18624,0.4302641555682669
2026-06-24 14:13:10.714305+02:00,25.886,910.486453,0.43326415556826703
2026-06-24 14:13:11.013102+02:00,25.884,910.78525,0.43126415556826814
2026-06-24 14:13:11.304067+02:00,25.885,911.076215,0.43226415556826936
2026-06-24 14:13:11.595619+02:00,25.882,911.367767,0.42926415556826925
2026-06-24 14:13:11.890113+02:00,25.882,911.662261,0.42926415556826925
2026-06-24 14:13:12.180281+02:00,25.883,911.952429,0.4302641555682669
2026-06-24 14:13:12.470946+02:00,25.884,912.243094,0.43126415556826814
2026-06-24 14:13:12.766259+02:00,25.882,912.538407,0.42926415556826925
2026-06-24 14:13:13.062684+02:00,25.883,912.834832,0.4302641555682669
2026-06-24 14:13:13.363019+02:00,25.881,913.135167,0.428264155568268
2026-06-24 14:13:13.656471+02:00,25.88,913.428619,0.4272641555682668
2026-06-24 14:13:13.950059+02:00,25.879,913.722207,0.42626415556826913
2026-06-24 14:13:14.243678+02:00,25.88,914.015826,0.4272641555682668
2026-06-24 14:13:14.536375+02:00,25.879,914.308523,0.42626415556826913
2026-06-24 14:13:14.831897+02:00,25.878,914.604045,0.4252641555682679
2026-06-24 14:13:15.123099+02:00,25.881,914.895247,0.428264155568268
2026-06-24 14:13:15.413108+02:00,25.877,915.185256,0.4242641555682667
2026-06-24 14:13:15.705058+02:00,25.88,915.477206,0.4272641555682668
2026-06-24 14:13:16.001181+02:00,25.877,915.773329,0.4242641555682667
2026-06-24 14:13:16.300463+02:00,25.878,916.072611,0.4252641555682679
2026-06-24 14:13:16.593578+02:00,25.876,916.365726,0.423264155568269
2026-06-24 14:13:16.883618+02:00,25.875,916.655766,0.4222641555682678
2026-06-24 14:13:17.173448+02:00,25.874,916.945596,0.4212641555682666
2026-06-24 14:13:17.463749+02:00,25.877,917.235897,0.4242641555682667
2026-06-24 14:13:17.757404+02:00,25.874,917.529552,0.4212641555682666
2026-06-24 14:13:18.053398+02:00,25.873,917.825546,0.4202641555682689
2026-06-24 14:13:18.354272+02:00,25.873,918.12642,0.4202641555682689
2026-06-24 14:13:18.646765+02:00,25.875,918.418913,0.4222641555682678
2026-06-24 14:13:18.940428+02:00,25.873,918.712576,0.4202641555682689
2026-06-24 14:13:19.233878+02:00,25.873,919.006026,0.4202641555682689
2026-06-24 14:13:19.529848+02:00,25.87,919.301996,0.4172641555682688
2026-06-24 14:13:19.819764+02:00,25.872,919.591912,0.4192641555682677
2026-06-24 14:13:20.114635+02:00,25.872,919.886783,0.4192641555682677
2026-06-24 14:13:20.407282+02:00,25.87,920.17943,0.4172641555682688
2026-06-24 14:13:20.700833+02:00,25.87,920.472981,0.4172641555682688
2026-06-24 14:13:20.995068+02:00,25.871,920.767216,0.41826415556826646
2026-06-24 14:13:21.288717+02:00,25.871,921.060865,0.41826415556826646
2026-06-24 14:13:21.580248+02:00,25.868,921.352396,0.41526415556826635
2026-06-24 14:13:21.874866+02:00,25.868,921.647014,0.41526415556826635
2026-06-24 14:13:22.166017+02:00,25.868,921.938165,0.41526415556826635
2026-06-24 14:13:22.459099+02:00,25.865,922.231247,0.41226415556826623
2026-06-24 14:13:22.760752+02:00,25.868,922.5329,0.41526415556826635
2026-06-24 14:13:23.059875+02:00,25.866,922.832023,0.41326415556826746
2026-06-24 14:13:23.358423+02:00,25.869,923.130571,0.41626415556826757
2026-06-24 14:13:23.647869+02:00,25.866,923.420017,0.41326415556826746
2026-06-24 14:13:23.950460+02:00,25.865,923.722608,0.41226415556826623
2026-06-24 14:13:24.242220+02:00,25.868,924.014368,0.41526415556826635
2026-06-24 14:13:24.540030+02:00,25.865,924.312178,0.41226415556826623
2026-06-24 14:13:24.829721+02:00,25.862,924.601869,0.4092641555682661
2026-06-24 14:13:25.124713+02:00,25.865,924.896861,0.41226415556826623
2026-06-24 14:13:25.415539+02:00,25.863,925.187687,0.41026415556826734
2026-06-24 14:13:25.715101+02:00,25.865,925.487249,0.41226415556826623
2026-06-24 14:13:26.013990+02:00,25.863,925.786138,0.41026415556826734
2026-06-24 14:13:26.310686+02:00,25.863,926.082834,0.41026415556826734
2026-06-24 14:13:26.606019+02:00,25.861,926.378167,0.40826415556826845
2026-06-24 14:13:26.903787+02:00,25.861,926.675935,0.40826415556826845
2026-06-24 14:13:27.195544+02:00,25.862,926.967692,0.4092641555682661
2026-06-24 14:13:27.487758+02:00,25.859,927.259906,0.40626415556826956
2026-06-24 14:13:27.780098+02:00,25.86,927.552246,0.4072641555682672
2026-06-24 14:13:28.072232+02:00,25.856,927.84438,0.40326415556826944
2026-06-24 14:13:28.362826+02:00,25.858,928.134974,0.40526415556826834
2026-06-24 14:13:28.662831+02:00,25.858,928.434979,0.40526415556826834
2026-06-24 14:13:28.961495+02:00,25.856,928.733643,0.40326415556826944
2026-06-24 14:13:29.262795+02:00,25.856,929.034943,0.40326415556826944
2026-06-24 14:13:29.555433+02:00,25.857,929.327581,0.4042641555682671
2026-06-24 14:13:29.849068+02:00,25.855,929.621216,0.4022641555682682
2026-06-24 14:13:30.139308+02:00,25.856,929.911456,0.40326415556826944
2026-06-24 14:13:30.433018+02:00,25.854,930.205166,0.401264155568267
2026-06-24 14:13:30.737600+02:00,25.854,930.509748,0.401264155568267
2026-06-24 14:13:31.028693+02:00,25.854,930.800841,0.401264155568267
2026-06-24 14:13:31.320225+02:00,25.855,931.092373,0.4022641555682682
2026-06-24 14:13:31.617463+02:00,25.853,931.389611,0.40026415556826933
2026-06-24 14:13:31.909816+02:00,25.851,931.681964,0.3982641555682669
2026-06-24 14:13:32.199775+02:00,25.854,931.971923,0.401264155568267
2026-06-24 14:13:32.491074+02:00,25.852,932.263222,0.3992641555682681
2026-06-24 14:13:32.780073+02:00,25.851,932.552221,0.3982641555682669
2026-06-24 14:13:33.073469+02:00,25.848,932.845617,0.3952641555682668
2026-06-24 14:13:33.373537+02:00,25.849,933.145685,0.396264155568268
2026-06-24 14:13:33.674052+02:00,25.849,933.4462,0.396264155568268
2026-06-24 14:13:33.967985+02:00,25.849,933.740133,0.396264155568268
2026-06-24 14:13:34.261016+02:00,25.847,934.033164,0.3942641555682691
2026-06-24 14:13:34.552263+02:00,25.849,934.324411,0.396264155568268
2026-06-24 14:13:34.847642+02:00,25.848,934.61979,0.3952641555682668
2026-06-24 14:13:35.138366+02:00,25.846,934.910514,0.3932641555682679
2026-06-24 14:13:35.429026+02:00,25.845,935.201174,0.39226415556826666
2026-06-24 14:13:35.720204+02:00,25.846,935.492352,0.3932641555682679
2026-06-24 14:13:36.020219+02:00,25.848,935.792367,0.3952641555682668
2026-06-24 14:13:36.316912+02:00,25.849,936.08906,0.396264155568268
2026-06-24 14:13:36.607395+02:00,25.847,936.379543,0.3942641555682691
2026-06-24 14:13:36.906103+02:00,25.847,936.678251,0.3942641555682691
2026-06-24 14:13:37.199342+02:00,25.847,936.97149,0.3942641555682691
2026-06-24 14:13:37.494023+02:00,25.846,937.266171,0.3932641555682679
2026-06-24 14:13:37.784568+02:00,25.845,937.556716,0.39226415556826666
2026-06-24 14:13:38.078385+02:00,25.845,937.850533,0.39226415556826666
2026-06-24 14:13:38.371998+02:00,25.844,938.144146,0.391264155568269
2026-06-24 14:13:38.672722+02:00,25.843,938.44487,0.39026415556826777
2026-06-24 14:13:38.974782+02:00,25.841,938.74693,0.3882641555682689
2026-06-24 14:13:39.274213+02:00,25.842,939.046361,0.38926415556826655
2026-06-24 14:13:39.566833+02:00,25.842,939.338981,0.38926415556826655
2026-06-24 14:13:39.859431+02:00,25.842,939.631579,0.38926415556826655
2026-06-24 14:13:40.151334+02:00,25.843,939.923482,0.39026415556826777
2026-06-24 14:13:40.442268+02:00,25.841,940.214416,0.3882641555682689
2026-06-24 14:13:40.732616+02:00,25.842,940.504764,0.38926415556826655
2026-06-24 14:13:41.025539+02:00,25.842,940.797687,0.38926415556826655
2026-06-24 14:13:41.323009+02:00,25.841,941.095157,0.3882641555682689
2026-06-24 14:13:41.621170+02:00,25.838,941.393318,0.38526415556826876
2026-06-24 14:13:41.923974+02:00,25.843,941.696122,0.39026415556826777
2026-06-24 14:13:42.215062+02:00,25.84,941.98721,0.38726415556826765
2026-06-24 14:13:42.504414+02:00,25.838,942.276562,0.38526415556826876
2026-06-24 14:13:42.804768+02:00,25.837,942.576916,0.38426415556826754
2026-06-24 14:13:43.097086+02:00,25.837,942.869234,0.38426415556826754
2026-06-24 14:13:43.387860+02:00,25.837,943.160008,0.38426415556826754
2026-06-24 14:13:43.681416+02:00,25.837,943.453564,0.38426415556826754
2026-06-24 14:13:43.973698+02:00,25.835,943.745846,0.38226415556826865
2026-06-24 14:13:44.273099+02:00,25.835,944.045247,0.38226415556826865
2026-06-24 14:13:44.567656+02:00,25.835,944.339804,0.38226415556826865
2026-06-24 14:13:44.862693+02:00,25.833,944.634841,0.3802641555682662
2026-06-24 14:13:45.153216+02:00,25.834,944.925364,0.3812641555682674
2026-06-24 14:13:45.447699+02:00,25.836,945.219847,0.3832641555682663
2026-06-24 14:13:45.739013+02:00,25.831,945.511161,0.3782641555682673
2026-06-24 14:13:46.031226+02:00,25.832,945.803374,0.37926415556826854
2026-06-24 14:13:46.323419+02:00,25.832,946.095567,0.37926415556826854
2026-06-24 14:13:46.619326+02:00,25.832,946.391474,0.37926415556826854
2026-06-24 14:13:46.913568+02:00,25.831,946.685716,0.3782641555682673
2026-06-24 14:13:47.204607+02:00,25.829,946.976755,0.3762641555682684
2026-06-24 14:13:47.501027+02:00,25.83,947.273175,0.3772641555682661
2026-06-24 14:13:47.795123+02:00,25.828,947.567271,0.3752641555682672
2026-06-24 14:13:48.087703+02:00,25.828,947.859851,0.3752641555682672
2026-06-24 14:13:48.377235+02:00,25.827,948.149383,0.37426415556826953
2026-06-24 14:13:48.669491+02:00,25.825,948.441639,0.3722641555682671
2026-06-24 14:13:48.965347+02:00,25.825,948.737495,0.3722641555682671
2026-06-24 14:13:49.259612+02:00,25.827,949.03176,0.37426415556826953
2026-06-24 14:13:49.558389+02:00,25.826,949.330537,0.3732641555682683
2026-06-24 14:13:49.854752+02:00,25.824,949.6269,0.3712641555682694
2026-06-24 14:13:50.146734+02:00,25.826,949.918882,0.3732641555682683
2026-06-24 14:13:50.435331+02:00,25.823,950.207479,0.3702641555682682
2026-06-24 14:13:50.725943+02:00,25.821,950.498091,0.3682641555682693
2026-06-24 14:13:51.019593+02:00,25.822,950.791741,0.36926415556826697
2026-06-24 14:13:51.316075+02:00,25.823,951.088223,0.3702641555682682
2026-06-24 14:13:51.611828+02:00,25.821,951.383976,0.3682641555682693
2026-06-24 14:13:51.916187+02:00,25.82,951.688335,0.3672641555682681
2026-06-24 14:13:52.207012+02:00,25.82,951.97916,0.3672641555682681
2026-06-24 14:13:52.496704+02:00,25.82,952.268852,0.3672641555682681
2026-06-24 14:13:52.791735+02:00,25.818,952.563883,0.3652641555682692
2026-06-24 14:13:53.082346+02:00,25.817,952.854494,0.36426415556826797
2026-06-24 14:13:53.373796+02:00,25.817,953.145944,0.36426415556826797
2026-06-24 14:13:53.667226+02:00,25.816,953.439374,0.36326415556826674
2026-06-24 14:13:53.977322+02:00,25.814,953.74947,0.36126415556826785
2026-06-24 14:13:54.275698+02:00,25.819,954.047846,0.36626415556826686
2026-06-24 14:13:54.569429+02:00,25.818,954.341577,0.3652641555682692
2026-06-24 14:13:54.862299+02:00,25.818,954.634447,0.3652641555682692
2026-06-24 14:13:55.153656+02:00,25.817,954.925804,0.36426415556826797
2026-06-24 14:13:55.452197+02:00,25.816,955.224345,0.36326415556826674
2026-06-24 14:13:55.740168+02:00,25.816,955.512316,0.36326415556826674
2026-06-24 14:13:56.040579+02:00,25.816,955.812727,0.36326415556826674
2026-06-24 14:13:56.334974+02:00,25.816,956.107122,0.36326415556826674
2026-06-24 14:13:56.628483+02:00,25.814,956.400631,0.36126415556826785
2026-06-24 14:13:56.920910+02:00,25.815,956.693058,0.3622641555682691
2026-06-24 14:13:57.215560+02:00,25.815,956.987708,0.3622641555682691
2026-06-24 14:13:57.513543+02:00,25.814,957.285691,0.36126415556826785
2026-06-24 14:13:57.804015+02:00,25.811,957.576163,0.35826415556826774
2026-06-24 14:13:58.096128+02:00,25.811,957.868276,0.35826415556826774
2026-06-24 14:13:58.388031+02:00,25.812,958.160179,0.35926415556826896
2026-06-24 14:13:58.684557+02:00,25.811,958.456705,0.35826415556826774
2026-06-24 14:13:58.985848+02:00,25.811,958.757996,0.35826415556826774
2026-06-24 14:13:59.275198+02:00,25.81,959.047346,0.3572641555682665
2026-06-24 14:13:59.568624+02:00,25.811,959.340772,0.35826415556826774
2026-06-24 14:13:59.859835+02:00,25.81,959.631983,0.3572641555682665
2026-06-24 14:14:00.157702+02:00,25.811,959.92985,0.35826415556826774
2026-06-24 14:14:00.448449+02:00,25.809,960.220597,0.35626415556826885
2026-06-24 14:14:00.741030+02:00,25.809,960.513178,0.35626415556826885
2026-06-24 14:14:01.041040+02:00,25.809,960.813188,0.35626415556826885
2026-06-24 14:14:01.336253+02:00,25.81,961.108401,0.3572641555682665
2026-06-24 14:14:01.641185+02:00,25.808,961.413333,0.3552641555682676
2026-06-24 14:14:01.931890+02:00,25.807,961.704038,0.3542641555682664
2026-06-24 14:14:02.223094+02:00,25.808,961.995242,0.3552641555682676
2026-06-24 14:14:02.515813+02:00,25.809,962.287961,0.35626415556826885
2026-06-24 14:14:02.810831+02:00,25.808,962.582979,0.3552641555682676
2026-06-24 14:14:03.107489+02:00,25.805,962.879637,0.3522641555682675
2026-06-24 14:14:03.399357+02:00,25.805,963.171505,0.3522641555682675
2026-06-24 14:14:03.691819+02:00,25.802,963.463967,0.3492641555682674
2026-06-24 14:14:03.982305+02:00,25.804,963.754453,0.3512641555682663
2026-06-24 14:14:04.273452+02:00,25.804,964.0456,0.3512641555682663
2026-06-24 14:14:04.565577+02:00,25.804,964.337725,0.3512641555682663
2026-06-24 14:14:04.861494+02:00,25.802,964.633642,0.3492641555682674
2026-06-24 14:14:05.156117+02:00,25.803,964.928265,0.3502641555682686
2026-06-24 14:14:05.445508+02:00,25.803,965.217656,0.3502641555682686
2026-06-24 14:14:05.738352+02:00,25.802,965.5105,0.3492641555682674
2026-06-24 14:14:06.034255+02:00,25.801,965.806403,0.3482641555682662
2026-06-24 14:14:06.331954+02:00,25.8,966.104102,0.3472641555682685
2026-06-24 14:14:06.622329+02:00,25.799,966.394477,0.3462641555682673
2026-06-24 14:14:06.928666+02:00,25.799,966.700814,0.3462641555682673
2026-06-24 14:14:07.218420+02:00,25.799,966.990568,0.3462641555682673
2026-06-24 14:14:07.511275+02:00,25.799,967.283423,0.3462641555682673
2026-06-24 14:14:07.803901+02:00,25.797,967.576049,0.3442641555682684
2026-06-24 14:14:08.097200+02:00,25.798,967.869348,0.34526415556826606
2026-06-24 14:14:08.387516+02:00,25.795,968.159664,0.3422641555682695
2026-06-24 14:14:08.690811+02:00,25.798,968.462959,0.34526415556826606
2026-06-24 14:14:08.990242+02:00,25.795,968.76239,0.3422641555682695
2026-06-24 14:14:09.280364+02:00,25.795,969.052512,0.3422641555682695
2026-06-24 14:14:09.571384+02:00,25.794,969.343532,0.3412641555682683
2026-06-24 14:14:09.870985+02:00,25.795,969.643133,0.3422641555682695
2026-06-24 14:14:10.164596+02:00,25.792,969.936744,0.3392641555682694
2026-06-24 14:14:10.459245+02:00,25.792,970.231393,0.3392641555682694
2026-06-24 14:14:10.749815+02:00,25.794,970.521963,0.3412641555682683
2026-06-24 14:14:11.039834+02:00,25.791,970.811982,0.33826415556826817
2026-06-24 14:14:11.340098+02:00,25.792,971.112246,0.3392641555682694
2026-06-24 14:14:11.630469+02:00,25.789,971.402617,0.3362641555682693
2026-06-24 14:14:11.925090+02:00,25.788,971.697238,0.33526415556826805
2026-06-24 14:14:12.215386+02:00,25.789,971.987534,0.3362641555682693
2026-06-24 14:14:12.504450+02:00,25.785,972.276598,0.33226415556826794
2026-06-24 14:14:12.797016+02:00,25.789,972.569164,0.3362641555682693
2026-06-24 14:14:13.087253+02:00,25.786,972.859401,0.33326415556826916
2026-06-24 14:14:13.381349+02:00,25.786,973.153497,0.33326415556826916
2026-06-24 14:14:13.680005+02:00,25.787,973.452153,0.33426415556826683
2026-06-24 14:14:13.973810+02:00,25.784,973.745958,0.3312641555682667
2026-06-24 14:14:14.265031+02:00,25.784,974.037179,0.3312641555682667
2026-06-24 14:14:14.553433+02:00,25.785,974.325581,0.33226415556826794
2026-06-24 14:14:14.847661+02:00,25.784,974.619809,0.3312641555682667
2026-06-24 14:14:15.137221+02:00,25.784,974.909369,0.3312641555682667
2026-06-24 14:14:15.431209+02:00,25.78,975.203357,0.32726415556826893
2026-06-24 14:14:15.730222+02:00,25.782,975.50237,0.3292641555682678
2026-06-24 14:14:16.020658+02:00,25.783,975.792806,0.33026415556826905
2026-06-24 14:14:16.314405+02:00,25.781,976.086553,0.3282641555682666
2026-06-24 14:14:16.608206+02:00,25.783,976.380354,0.33026415556826905
2026-06-24 14:14:16.900117+02:00,25.779,976.672265,0.3262641555682677
2026-06-24 14:14:17.198751+02:00,25.78,976.970899,0.32726415556826893
2026-06-24 14:14:17.498614+02:00,25.779,977.270762,0.3262641555682677
2026-06-24 14:14:17.790371+02:00,25.776,977.562519,0.3232641555682676
2026-06-24 14:14:18.085217+02:00,25.775,977.857365,0.3222641555682664
2026-06-24 14:14:18.375626+02:00,25.775,978.147774,0.3222641555682664
2026-06-24 14:14:18.676138+02:00,25.762,978.448286,0.30926415556826825
2026-06-24 14:14:18.967723+02:00,25.774,978.739871,0.3212641555682687
2026-06-24 14:14:19.258091+02:00,25.773,979.030239,0.3202641555682675
2026-06-24 14:14:19.549574+02:00,25.773,979.321722,0.3202641555682675
2026-06-24 14:14:19.842968+02:00,25.772,979.615116,0.31926415556826626
2026-06-24 14:14:20.132785+02:00,25.773,979.904933,0.3202641555682675
2026-06-24 14:14:20.430051+02:00,25.773,980.202199,0.3202641555682675
2026-06-24 14:14:20.723128+02:00,25.771,980.495276,0.3182641555682686
2026-06-24 14:14:21.016305+02:00,25.77,980.788453,0.31726415556826737
2026-06-24 14:14:21.308904+02:00,25.769,981.081052,0.31626415556826615
2026-06-24 14:14:21.600377+02:00,25.769,981.372525,0.31626415556826615
2026-06-24 14:14:21.890455+02:00,25.768,981.662603,0.3152641555682685
2026-06-24 14:14:22.181622+02:00,25.768,981.95377,0.3152641555682685
2026-06-24 14:14:22.473571+02:00,25.768,982.245719,0.3152641555682685
2026-06-24 14:14:22.780175+02:00,25.766,982.552323,0.31326415556826603
2026-06-24 14:14:23.072882+02:00,25.767,982.84503,0.31426415556826726
2026-06-24 14:14:23.368255+02:00,25.765,983.140403,0.31226415556826836
2026-06-24 14:14:23.658098+02:00,25.766,983.430246,0.31326415556826603
2026-06-24 14:14:23.948203+02:00,25.765,983.720351,0.31226415556826836
2026-06-24 14:14:24.246936+02:00,25.765,984.019084,0.31226415556826836
2026-06-24 14:14:24.537043+02:00,25.764,984.309191,0.31126415556826714
2026-06-24 14:14:24.833751+02:00,25.764,984.605899,0.31126415556826714
2026-06-24 14:14:25.134866+02:00,25.764,984.907014,0.31126415556826714
2026-06-24 14:14:25.437233+02:00,25.763,985.209381,0.3102641555682695
2026-06-24 14:14:25.731870+02:00,25.763,985.504018,0.3102641555682695
2026-06-24 14:14:26.022139+02:00,25.761,985.794287,0.30826415556826703
2026-06-24 14:14:26.314901+02:00,25.76,986.087049,0.30726415556826936
2026-06-24 14:14:26.610856+02:00,25.761,986.383004,0.30826415556826703
2026-06-24 14:14:26.902108+02:00,25.76,986.674256,0.30726415556826936
2026-06-24 14:14:27.200081+02:00,25.757,986.972229,0.30426415556826925
2026-06-24 14:14:27.492673+02:00,25.759,987.264821,0.30626415556826814
2026-06-24 14:14:27.787229+02:00,25.757,987.559377,0.30426415556826925
2026-06-24 14:14:28.083150+02:00,25.758,987.855298,0.3052641555682669
2026-06-24 14:14:28.386740+02:00,25.758,988.158888,0.3052641555682669
2026-06-24 14:14:28.678505+02:00,25.756,988.450653,0.303264155568268
2026-06-24 14:14:28.969068+02:00,25.755,988.741216,0.3022641555682668
2026-06-24 14:14:29.260513+02:00,25.756,989.032661,0.303264155568268
2026-06-24 14:14:29.558088+02:00,25.754,989.330236,0.30126415556826913
2026-06-24 14:14:29.849688+02:00,25.756,989.621836,0.303264155568268
2026-06-24 14:14:30.139809+02:00,25.753,989.911957,0.3002641555682679
2026-06-24 14:14:30.437340+02:00,25.755,990.209488,0.3022641555682668
2026-06-24 14:14:30.733200+02:00,25.752,990.505348,0.2992641555682667
2026-06-24 14:14:31.027195+02:00,25.753,990.799343,0.3002641555682679
2026-06-24 14:14:31.326679+02:00,25.752,991.098827,0.2992641555682667
2026-06-24 14:14:31.621521+02:00,25.75,991.393669,0.2972641555682678
2026-06-24 14:14:31.914792+02:00,25.75,991.68694,0.2972641555682678
2026-06-24 14:14:32.205961+02:00,25.746,991.978109,0.29326415556826646
2026-06-24 14:14:32.498153+02:00,25.749,992.270301,0.2962641555682666
2026-06-24 14:14:32.789231+02:00,25.749,992.561379,0.2962641555682666
2026-06-24 14:14:33.081248+02:00,25.747,992.853396,0.2942641555682677
2026-06-24 14:14:33.371089+02:00,25.744,993.143237,0.29126415556826757
2026-06-24 14:14:33.666962+02:00,25.743,993.43911,0.29026415556826635
2026-06-24 14:14:33.956717+02:00,25.744,993.728865,0.29126415556826757
2026-06-24 14:14:34.249914+02:00,25.743,994.022062,0.29026415556826635
2026-06-24 14:14:34.541707+02:00,25.741,994.313855,0.28826415556826746
2026-06-24 14:14:34.835862+02:00,25.742,994.60801,0.2892641555682687
2026-06-24 14:14:35.129212+02:00,25.74,994.90136,0.28726415556826623
2026-06-24 14:14:35.421161+02:00,25.741,995.193309,0.28826415556826746
2026-06-24 14:14:35.711121+02:00,25.738,995.483269,0.28526415556826734
2026-06-24 14:14:36.003533+02:00,25.738,995.775681,0.28526415556826734
2026-06-24 14:14:36.294300+02:00,25.74,996.066448,0.28726415556826623
2026-06-24 14:14:36.585319+02:00,25.737,996.357467,0.2842641555682661
2026-06-24 14:14:36.880586+02:00,25.736,996.652734,0.28326415556826845
2026-06-24 14:14:37.172046+02:00,25.733,996.944194,0.28026415556826834
2026-06-24 14:14:37.463177+02:00,25.733,997.235325,0.28026415556826834
2026-06-24 14:14:37.752483+02:00,25.733,997.524631,0.28026415556826834
2026-06-24 14:14:38.043810+02:00,25.733,997.815958,0.28026415556826834
2026-06-24 14:14:38.337059+02:00,25.733,998.109207,0.28026415556826834
2026-06-24 14:14:38.637658+02:00,25.733,998.409806,0.28026415556826834
2026-06-24 14:14:38.929488+02:00,25.732,998.701636,0.2792641555682671
2026-06-24 14:14:39.221869+02:00,25.731,998.994017,0.27826415556826944
2026-06-24 14:14:39.512225+02:00,25.729,999.284373,0.276264155568267
2026-06-24 14:14:39.803320+02:00,25.726,999.575468,0.2732641555682669
2026-06-24 14:14:40.102062+02:00,25.727,999.87421,0.2742641555682681
2026-06-24 14:14:40.401449+02:00,25.727,1000.173597,0.2742641555682681
2026-06-24 14:14:40.697722+02:00,25.726,1000.46987,0.2732641555682669
2026-06-24 14:14:40.986116+02:00,25.726,1000.758264,0.2732641555682669
2026-06-24 14:14:41.280701+02:00,25.726,1001.052849,0.2732641555682669
2026-06-24 14:14:41.573901+02:00,25.725,1001.346049,0.2722641555682692
2026-06-24 14:14:41.870275+02:00,25.723,1001.642423,0.2702641555682668
2026-06-24 14:14:42.165857+02:00,25.723,1001.938005,0.2702641555682668
2026-06-24 14:14:42.459897+02:00,25.722,1002.232045,0.2692641555682691
2026-06-24 14:14:42.749484+02:00,25.721,1002.521632,0.2682641555682679
2026-06-24 14:14:43.042311+02:00,25.722,1002.814459,0.2692641555682691
2026-06-24 14:14:43.331467+02:00,25.72,1003.103615,0.26726415556826666
2026-06-24 14:14:43.623121+02:00,25.723,1003.395269,0.2702641555682668
2026-06-24 14:14:43.922578+02:00,25.724,1003.694726,0.271264155568268
2026-06-24 14:14:44.223728+02:00,25.721,1003.995876,0.2682641555682679
2026-06-24 14:14:44.526439+02:00,25.721,1004.298587,0.2682641555682679
2026-06-24 14:14:44.822314+02:00,25.719,1004.594462,0.266264155568269
2026-06-24 14:14:45.112424+02:00,25.715,1004.884572,0.26226415556826765
2026-06-24 14:14:45.405072+02:00,25.716,1005.17722,0.2632641555682689
2026-06-24 14:14:45.694737+02:00,25.719,1005.466885,0.266264155568269
2026-06-24 14:14:45.987364+02:00,25.718,1005.759512,0.26526415556826777
2026-06-24 14:14:46.286760+02:00,25.716,1006.058908,0.2632641555682689
2026-06-24 14:14:46.577611+02:00,25.716,1006.349759,0.2632641555682689
2026-06-24 14:14:46.877434+02:00,25.716,1006.649582,0.2632641555682689
2026-06-24 14:14:47.175565+02:00,25.717,1006.947713,0.26426415556826655
2026-06-24 14:14:47.473793+02:00,25.715,1007.245941,0.26226415556826765
2026-06-24 14:14:47.766798+02:00,25.713,1007.538946,0.26026415556826876
2026-06-24 14:14:48.075615+02:00,25.714,1007.847763,0.26126415556826643
2026-06-24 14:14:48.377043+02:00,25.709,1008.149191,0.2562641555682674
2026-06-24 14:14:48.673712+02:00,25.71,1008.44586,0.25726415556826865
2026-06-24 14:14:48.965989+02:00,25.709,1008.738137,0.2562641555682674
2026-06-24 14:14:49.256998+02:00,25.71,1009.029146,0.25726415556826865
2026-06-24 14:14:49.549472+02:00,25.708,1009.32162,0.2552641555682662
2026-06-24 14:14:49.843198+02:00,25.708,1009.615346,0.2552641555682662
2026-06-24 14:14:50.139723+02:00,25.708,1009.911871,0.2552641555682662
2026-06-24 14:14:50.429376+02:00,25.707,1010.201524,0.25426415556826854
2026-06-24 14:14:50.720375+02:00,25.709,1010.492523,0.2562641555682674
2026-06-24 14:14:51.013015+02:00,25.706,1010.785163,0.2532641555682673
2026-06-24 14:14:51.315122+02:00,25.706,1011.08727,0.2532641555682673
2026-06-24 14:14:51.608651+02:00,25.705,1011.380799,0.2522641555682661
2026-06-24 14:14:51.909942+02:00,25.701,1011.68209,0.2482641555682683
2026-06-24 14:14:52.210925+02:00,25.702,1011.983073,0.24926415556826953
2026-06-24 14:14:52.513455+02:00,25.701,1012.285603,0.2482641555682683
2026-06-24 14:14:52.804539+02:00,25.697,1012.576687,0.24426415556826697
2026-06-24 14:14:53.098918+02:00,25.697,1012.871066,0.24426415556826697
2026-06-24 14:14:53.391222+02:00,25.696,1013.16337,0.2432641555682693
2026-06-24 14:14:53.689873+02:00,25.699,1013.462021,0.24626415556826942
2026-06-24 14:14:53.983709+02:00,25.695,1013.755857,0.24226415556826808
2026-06-24 14:14:54.283456+02:00,25.694,1014.055604,0.24126415556826686
2026-06-24 14:14:54.580340+02:00,25.695,1014.352488,0.24226415556826808
2026-06-24 14:14:54.872749+02:00,25.694,1014.644897,0.24126415556826686
2026-06-24 14:14:55.162947+02:00,25.695,1014.935095,0.24226415556826808
2026-06-24 14:14:55.456923+02:00,25.695,1015.229071,0.24226415556826808
2026-06-24 14:14:55.752744+02:00,25.692,1015.524892,0.23926415556826797
2026-06-24 14:14:56.042908+02:00,25.695,1015.815056,0.24226415556826808
2026-06-24 14:14:56.332691+02:00,25.69,1016.104839,0.23726415556826908
2026-06-24 14:14:56.622768+02:00,25.691,1016.394916,0.23826415556826674
2026-06-24 14:14:56.917500+02:00,25.69,1016.689648,0.23726415556826908
2026-06-24 14:14:57.210398+02:00,25.69,1016.982546,0.23726415556826908
2026-06-24 14:14:57.507676+02:00,25.689,1017.279824,0.23626415556826785
2026-06-24 14:14:57.811860+02:00,25.687,1017.584008,0.23426415556826896
2026-06-24 14:14:58.106332+02:00,25.687,1017.87848,0.23426415556826896
2026-06-24 14:14:58.410101+02:00,25.686,1018.182249,0.23326415556826774
2026-06-24 14:14:58.705876+02:00,25.683,1018.478024,0.23026415556826763
2026-06-24 14:14:58.995742+02:00,25.684,1018.76789,0.23126415556826885
2026-06-24 14:14:59.295887+02:00,25.682,1019.068035,0.2292641555682664
2026-06-24 14:14:59.587552+02:00,25.683,1019.3597,0.23026415556826763
2026-06-24 14:14:59.877549+02:00,25.682,1019.649697,0.2292641555682664
2026-06-24 14:15:00.168877+02:00,25.679,1019.941025,0.2262641555682663
2026-06-24 14:15:00.460743+02:00,25.679,1020.232891,0.2262641555682663
2026-06-24 14:15:00.752112+02:00,25.678,1020.52426,0.22526415556826862
2026-06-24 14:15:01.042733+02:00,25.676,1020.814881,0.22326415556826618
2026-06-24 14:15:01.334811+02:00,25.677,1021.106959,0.2242641555682674
2026-06-24 14:15:01.627323+02:00,25.675,1021.399471,0.2222641555682685
2026-06-24 14:15:01.919131+02:00,25.676,1021.691279,0.22326415556826618
2026-06-24 14:15:02.212040+02:00,25.676,1021.984188,0.22326415556826618
2026-06-24 14:15:02.506561+02:00,25.675,1022.278709,0.2222641555682685
2026-06-24 14:15:02.800432+02:00,25.674,1022.57258,0.22126415556826728
2026-06-24 14:15:03.097228+02:00,25.673,1022.869376,0.22026415556826606
2026-06-24 14:15:03.387849+02:00,25.673,1023.159997,0.22026415556826606
2026-06-24 14:15:03.678468+02:00,25.67,1023.450616,0.2172641555682695
2026-06-24 14:15:03.969839+02:00,25.672,1023.741987,0.2192641555682684
2026-06-24 14:15:04.265535+02:00,25.671,1024.037683,0.21826415556826717
2026-06-24 14:15:04.561887+02:00,25.673,1024.334035,0.22026415556826606
2026-06-24 14:15:04.853535+02:00,25.67,1024.625683,0.2172641555682695
2026-06-24 14:15:05.147131+02:00,25.669,1024.919279,0.21626415556826828
2026-06-24 14:15:05.447655+02:00,25.669,1025.219803,0.21626415556826828
2026-06-24 14:15:05.737014+02:00,25.663,1025.509162,0.21026415556826805
2026-06-24 14:15:06.043429+02:00,25.665,1025.815577,0.21226415556826694
2026-06-24 14:15:06.335598+02:00,25.662,1026.107746,0.20926415556826683
2026-06-24 14:15:06.629091+02:00,25.662,1026.401239,0.20926415556826683
2026-06-24 14:15:06.918297+02:00,25.662,1026.690445,0.20926415556826683
2026-06-24 14:15:07.210384+02:00,25.661,1026.982532,0.20826415556826916
2026-06-24 14:15:07.506989+02:00,25.659,1027.279137,0.20626415556826672
2026-06-24 14:15:07.796639+02:00,25.657,1027.568787,0.20426415556826782
2026-06-24 14:15:08.099476+02:00,25.659,1027.871624,0.20626415556826672
2026-06-24 14:15:08.398953+02:00,25.658,1028.171101,0.20526415556826905
2026-06-24 14:15:08.699308+02:00,25.658,1028.471456,0.20526415556826905
2026-06-24 14:15:08.989950+02:00,25.657,1028.762098,0.20426415556826782
2026-06-24 14:15:09.284799+02:00,25.657,1029.056947,0.20426415556826782
2026-06-24 14:15:09.576383+02:00,25.656,1029.348531,0.2032641555682666
2026-06-24 14:15:09.868880+02:00,25.653,1029.641028,0.2002641555682665
2026-06-24 14:15:10.165354+02:00,25.654,1029.937502,0.2012641555682677
2026-06-24 14:15:10.455681+02:00,25.652,1030.227829,0.19926415556826882
2026-06-24 14:15:10.748105+02:00,25.654,1030.520253,0.2012641555682677
2026-06-24 14:15:11.040771+02:00,25.652,1030.812919,0.19926415556826882
2026-06-24 14:15:11.336915+02:00,25.648,1031.109063,0.19526415556826748
2026-06-24 14:15:11.629080+02:00,25.651,1031.401228,0.1982641555682676
2026-06-24 14:15:11.924224+02:00,25.648,1031.696372,0.19526415556826748
2026-06-24 14:15:12.215931+02:00,25.649,1031.988079,0.1962641555682687
2026-06-24 14:15:12.509922+02:00,25.647,1032.28207,0.19426415556826626
2026-06-24 14:15:12.800247+02:00,25.648,1032.572395,0.19526415556826748
2026-06-24 14:15:13.093777+02:00,25.648,1032.865925,0.19526415556826748
2026-06-24 14:15:13.386793+02:00,25.647,1033.158941,0.19426415556826626
2026-06-24 14:15:13.682648+02:00,25.645,1033.454796,0.19226415556826737
2026-06-24 14:15:13.973066+02:00,25.646,1033.745214,0.1932641555682686
2026-06-24 14:15:14.266116+02:00,25.644,1034.038264,0.19126415556826615
2026-06-24 14:15:14.555261+02:00,25.645,1034.327409,0.19226415556826737
2026-06-24 14:15:14.845668+02:00,25.645,1034.617816,0.19226415556826737
2026-06-24 14:15:15.137273+02:00,25.642,1034.909421,0.18926415556826726
2026-06-24 14:15:15.430196+02:00,25.642,1035.202344,0.18926415556826726
2026-06-24 14:15:15.720411+02:00,25.642,1035.492559,0.18926415556826726
2026-06-24 14:15:16.012834+02:00,25.641,1035.784982,0.18826415556826603
2026-06-24 14:15:16.305422+02:00,25.64,1036.07757,0.18726415556826836
2026-06-24 14:15:16.597286+02:00,25.636,1036.369434,0.18326415556826703
2026-06-24 14:15:16.889642+02:00,25.639,1036.66179,0.18626415556826714
2026-06-24 14:15:17.185503+02:00,25.638,1036.957651,0.18526415556826947
2026-06-24 14:15:17.477438+02:00,25.638,1037.249586,0.18526415556826947
2026-06-24 14:15:17.771304+02:00,25.636,1037.543452,0.18326415556826703
2026-06-24 14:15:18.066288+02:00,25.637,1037.838436,0.18426415556826825
2026-06-24 14:15:18.358245+02:00,25.636,1038.130393,0.18326415556826703
2026-06-24 14:15:18.653963+02:00,25.635,1038.426111,0.18226415556826936
2026-06-24 14:15:18.948355+02:00,25.634,1038.720503,0.18126415556826814
2026-06-24 14:15:19.240158+02:00,25.632,1039.012306,0.17926415556826925
2026-06-24 14:15:19.537551+02:00,25.633,1039.309699,0.18026415556826691
2026-06-24 14:15:19.832257+02:00,25.631,1039.604405,0.17826415556826802
2026-06-24 14:15:20.133488+02:00,25.631,1039.905636,0.17826415556826802
2026-06-24 14:15:20.428284+02:00,25.632,1040.200432,0.17926415556826925
2026-06-24 14:15:20.728124+02:00,25.631,1040.500272,0.17826415556826802
2026-06-24 14:15:21.017298+02:00,25.632,1040.789446,0.17926415556826925
2026-06-24 14:15:21.314966+02:00,25.63,1041.087114,0.1772641555682668
2026-06-24 14:15:21.606613+02:00,25.63,1041.378761,0.1772641555682668
2026-06-24 14:15:21.903215+02:00,25.629,1041.675363,0.17626415556826913
2026-06-24 14:15:22.200446+02:00,25.626,1041.972594,0.17326415556826902
2026-06-24 14:15:22.490891+02:00,25.626,1042.263039,0.17326415556826902
2026-06-24 14:15:22.782226+02:00,25.626,1042.554374,0.17326415556826902
2026-06-24 14:15:23.072799+02:00,25.623,1042.844947,0.1702641555682689
2026-06-24 14:15:23.365089+02:00,25.624,1043.137237,0.17126415556826657
2026-06-24 14:15:23.660721+02:00,25.624,1043.432869,0.17126415556826657
2026-06-24 14:15:23.956389+02:00,25.622,1043.728537,0.16926415556826768
2026-06-24 14:15:24.253581+02:00,25.622,1044.025729,0.16926415556826768
2026-06-24 14:15:24.547458+02:00,25.62,1044.319606,0.1672641555682688
2026-06-24 14:15:24.839751+02:00,25.62,1044.611899,0.1672641555682688
2026-06-24 14:15:25.131976+02:00,25.621,1044.904124,0.16826415556826646
2026-06-24 14:15:25.425114+02:00,25.622,1045.197262,0.16926415556826768
2026-06-24 14:15:25.718071+02:00,25.618,1045.490219,0.16526415556826635
2026-06-24 14:15:26.007302+02:00,25.617,1045.77945,0.16426415556826868
2026-06-24 14:15:26.300405+02:00,25.616,1046.072553,0.16326415556826746
2026-06-24 14:15:26.590783+02:00,25.615,1046.362931,0.16226415556826623
2026-06-24 14:15:26.880757+02:00,25.614,1046.652905,0.16126415556826856
2026-06-24 14:15:27.179606+02:00,25.612,1046.951754,0.15926415556826612
2026-06-24 14:15:27.481007+02:00,25.612,1047.253155,0.15926415556826612
2026-06-24 14:15:27.774446+02:00,25.614,1047.546594,0.16126415556826856
2026-06-24 14:15:28.072369+02:00,25.613,1047.844517,0.16026415556826734
2026-06-24 14:15:28.367900+02:00,25.61,1048.140048,0.15726415556826723
2026-06-24 14:15:28.663206+02:00,25.609,1048.435354,0.15626415556826956
2026-06-24 14:15:28.955082+02:00,25.607,1048.72723,0.15426415556826711
2026-06-24 14:15:29.248826+02:00,25.609,1049.020974,0.15626415556826956
2026-06-24 14:15:29.537400+02:00,25.607,1049.309548,0.15426415556826711
2026-06-24 14:15:29.833841+02:00,25.606,1049.605989,0.15326415556826944
2026-06-24 14:15:30.126972+02:00,25.605,1049.89912,0.15226415556826822
2026-06-24 14:15:30.417811+02:00,25.604,1050.189959,0.151264155568267
2026-06-24 14:15:30.711518+02:00,25.604,1050.483666,0.151264155568267
2026-06-24 14:15:31.006361+02:00,25.604,1050.778509,0.151264155568267
2026-06-24 14:15:31.297312+02:00,25.602,1051.06946,0.1492641555682681
2026-06-24 14:15:31.591628+02:00,25.603,1051.363776,0.15026415556826933
2026-06-24 14:15:31.887602+02:00,25.601,1051.65975,0.1482641555682669
2026-06-24 14:15:32.186073+02:00,25.602,1051.958221,0.1492641555682681
2026-06-24 14:15:32.484420+02:00,25.601,1052.256568,0.1482641555682669
2026-06-24 14:15:32.774598+02:00,25.6,1052.546746,0.14726415556826922
2026-06-24 14:15:33.069426+02:00,25.599,1052.841574,0.146264155568268
2026-06-24 14:15:33.369712+02:00,25.598,1053.14186,0.14526415556826677
2026-06-24 14:15:33.665864+02:00,25.597,1053.438012,0.1442641555682691
2026-06-24 14:15:33.961422+02:00,25.597,1053.73357,0.1442641555682691
2026-06-24 14:15:34.253673+02:00,25.597,1054.025821,0.1442641555682691
2026-06-24 14:15:34.546099+02:00,25.596,1054.318247,0.14326415556826788
2026-06-24 14:15:34.837120+02:00,25.595,1054.609268,0.14226415556826666
2026-06-24 14:15:35.128570+02:00,25.596,1054.900718,0.14326415556826788
2026-06-24 14:15:35.428911+02:00,25.593,1055.201059,0.14026415556826777
2026-06-24 14:15:35.722876+02:00,25.593,1055.495024,0.14026415556826777
2026-06-24 14:15:36.015166+02:00,25.593,1055.787314,0.14026415556826777
2026-06-24 14:15:36.311600+02:00,25.592,1056.083748,0.13926415556826655
2026-06-24 14:15:36.603381+02:00,25.592,1056.375529,0.13926415556826655
2026-06-24 14:15:36.895574+02:00,25.591,1056.667722,0.13826415556826888
2026-06-24 14:15:37.190768+02:00,25.59,1056.962916,0.13726415556826765
2026-06-24 14:15:37.481167+02:00,25.589,1057.253315,0.13626415556826643
2026-06-24 14:15:37.772835+02:00,25.588,1057.544983,0.13526415556826876
2026-06-24 14:15:38.067294+02:00,25.589,1057.839442,0.13626415556826643
2026-06-24 14:15:38.361925+02:00,25.587,1058.134073,0.13426415556826754
2026-06-24 14:15:38.651067+02:00,25.587,1058.423215,0.13426415556826754
2026-06-24 14:15:38.941104+02:00,25.585,1058.713252,0.13226415556826865
2026-06-24 14:15:39.235266+02:00,25.583,1059.007414,0.1302641555682662
2026-06-24 14:15:39.526144+02:00,25.584,1059.298292,0.13126415556826743
2026-06-24 14:15:39.825059+02:00,25.581,1059.597207,0.1282641555682673
2026-06-24 14:15:40.119377+02:00,25.583,1059.891525,0.1302641555682662
2026-06-24 14:15:40.408542+02:00,25.582,1060.18069,0.12926415556826854
2026-06-24 14:15:40.700686+02:00,25.581,1060.472834,0.1282641555682673
2026-06-24 14:15:40.992428+02:00,25.579,1060.764576,0.12626415556826842
2026-06-24 14:15:41.288628+02:00,25.579,1061.060776,0.12626415556826842
2026-06-24 14:15:41.580368+02:00,25.58,1061.352516,0.1272641555682661
2026-06-24 14:15:41.872424+02:00,25.578,1061.644572,0.1252641555682672
2026-06-24 14:15:42.165855+02:00,25.577,1061.938003,0.12426415556826953
2026-06-24 14:15:42.458788+02:00,25.577,1062.230936,0.12426415556826953
2026-06-24 14:15:42.751809+02:00,25.575,1062.523957,0.12226415556826709
2026-06-24 14:15:43.046564+02:00,25.575,1062.818712,0.12226415556826709
2026-06-24 14:15:43.342427+02:00,25.573,1063.114575,0.1202641555682682
2026-06-24 14:15:43.636592+02:00,25.572,1063.40874,0.11926415556826697
2026-06-24 14:15:43.928195+02:00,25.57,1063.700343,0.11726415556826808
2026-06-24 14:15:44.221542+02:00,25.571,1063.99369,0.1182641555682693
2026-06-24 14:15:44.512047+02:00,25.57,1064.284195,0.11726415556826808
2026-06-24 14:15:44.811170+02:00,25.569,1064.583318,0.11626415556826686
2026-06-24 14:15:45.107096+02:00,25.569,1064.879244,0.11626415556826686
2026-06-24 14:15:45.406558+02:00,25.565,1065.178706,0.11226415556826908
2026-06-24 14:15:45.699716+02:00,25.566,1065.471864,0.11326415556826674
2026-06-24 14:15:45.999643+02:00,25.567,1065.771791,0.11426415556826797
2026-06-24 14:15:46.294547+02:00,25.563,1066.066695,0.11026415556826663
2026-06-24 14:15:46.585184+02:00,25.564,1066.357332,0.11126415556826785
2026-06-24 14:15:46.880465+02:00,25.564,1066.652613,0.11126415556826785
2026-06-24 14:15:47.176926+02:00,25.562,1066.949074,0.10926415556826896
2026-06-24 14:15:47.466734+02:00,25.562,1067.238882,0.10926415556826896
2026-06-24 14:15:47.757434+02:00,25.563,1067.529582,0.11026415556826663
2026-06-24 14:15:48.056524+02:00,25.561,1067.828672,0.10826415556826774
2026-06-24 14:15:48.351901+02:00,25.56,1068.124049,0.10726415556826652
2026-06-24 14:15:48.651752+02:00,25.558,1068.4239,0.10526415556826763
2026-06-24 14:15:48.946540+02:00,25.558,1068.718688,0.10526415556826763
2026-06-24 14:15:49.249592+02:00,25.557,1069.02174,0.1042641555682664
2026-06-24 14:15:49.545985+02:00,25.556,1069.318133,0.10326415556826873
2026-06-24 14:15:49.836763+02:00,25.556,1069.608911,0.10326415556826873
2026-06-24 14:15:50.128464+02:00,25.554,1069.900612,0.10126415556826629
2026-06-24 14:15:50.421443+02:00,25.552,1070.193591,0.0992641555682674
2026-06-24 14:15:50.714286+02:00,25.552,1070.486434,0.0992641555682674
2026-06-24 14:15:51.007010+02:00,25.549,1070.779158,0.09626415556826728
2026-06-24 14:15:51.300261+02:00,25.551,1071.072409,0.09826415556826618
2026-06-24 14:15:51.591649+02:00,25.549,1071.363797,0.09626415556826728
2026-06-24 14:15:51.887623+02:00,25.551,1071.659771,0.09826415556826618
2026-06-24 14:15:52.177593+02:00,25.549,1071.949741,0.09626415556826728
2026-06-24 14:15:52.469688+02:00,25.547,1072.241836,0.09426415556826839
2026-06-24 14:15:52.763321+02:00,25.549,1072.535469,0.09626415556826728
2026-06-24 14:15:53.063198+02:00,25.548,1072.835346,0.09526415556826606
2026-06-24 14:15:53.356353+02:00,25.546,1073.128501,0.09326415556826717
2026-06-24 14:15:53.653060+02:00,25.546,1073.425208,0.09326415556826717
2026-06-24 14:15:53.949185+02:00,25.547,1073.721333,0.09426415556826839
2026-06-24 14:15:54.239035+02:00,25.545,1074.011183,0.0922641555682695
2026-06-24 14:15:54.538207+02:00,25.545,1074.310355,0.0922641555682695
2026-06-24 14:15:54.829413+02:00,25.543,1074.601561,0.09026415556826706
2026-06-24 14:15:55.121972+02:00,25.543,1074.89412,0.09026415556826706
2026-06-24 14:15:55.412719+02:00,25.542,1075.184867,0.08926415556826939
2026-06-24 14:15:55.712993+02:00,25.541,1075.485141,0.08826415556826817
2026-06-24 14:15:56.011408+02:00,25.541,1075.783556,0.08826415556826817
2026-06-24 14:15:56.304002+02:00,25.54,1076.07615,0.08726415556826694
2026-06-24 14:15:56.594466+02:00,25.537,1076.366614,0.08426415556826683
2026-06-24 14:15:56.884908+02:00,25.538,1076.657056,0.08526415556826805
2026-06-24 14:15:57.182566+02:00,25.538,1076.954714,0.08526415556826805
2026-06-24 14:15:57.477140+02:00,25.536,1077.249288,0.08326415556826916
2026-06-24 14:15:57.769623+02:00,25.535,1077.541771,0.08226415556826794
2026-06-24 14:15:58.062911+02:00,25.532,1077.835059,0.07926415556826782
2026-06-24 14:15:58.360986+02:00,25.533,1078.133134,0.08026415556826905
2026-06-24 14:15:58.659890+02:00,25.534,1078.432038,0.08126415556826672
2026-06-24 14:15:58.950249+02:00,25.532,1078.722397,0.07926415556826782
2026-06-24 14:15:59.241825+02:00,25.531,1079.013973,0.0782641555682666
2026-06-24 14:15:59.534900+02:00,25.529,1079.307048,0.07626415556826771
2026-06-24 14:15:59.829803+02:00,25.527,1079.601951,0.07426415556826882
2026-06-24 14:16:00.124343+02:00,25.527,1079.896491,0.07426415556826882
2026-06-24 14:16:00.416151+02:00,25.526,1080.188299,0.0732641555682676
2026-06-24 14:16:00.706881+02:00,25.525,1080.479029,0.07226415556826637
2026-06-24 14:16:01.007980+02:00,25.524,1080.780128,0.0712641555682687
2026-06-24 14:16:01.305597+02:00,25.525,1081.077745,0.07226415556826637
2026-06-24 14:16:01.602023+02:00,25.524,1081.374171,0.0712641555682687
2026-06-24 14:16:01.892036+02:00,25.522,1081.664184,0.06926415556826626
2026-06-24 14:16:02.182259+02:00,25.521,1081.954407,0.06826415556826859
2026-06-24 14:16:02.474502+02:00,25.521,1082.24665,0.06826415556826859
2026-06-24 14:16:02.768601+02:00,25.519,1082.540749,0.06626415556826615
2026-06-24 14:16:03.058402+02:00,25.518,1082.83055,0.06526415556826848
2026-06-24 14:16:03.353762+02:00,25.519,1083.12591,0.06626415556826615
2026-06-24 14:16:03.646645+02:00,25.517,1083.418793,0.06426415556826726
2026-06-24 14:16:03.940358+02:00,25.518,1083.712506,0.06526415556826848
2026-06-24 14:16:04.234961+02:00,25.517,1084.007109,0.06426415556826726
2026-06-24 14:16:04.527214+02:00,25.516,1084.299362,0.06326415556826603
2026-06-24 14:16:04.819089+02:00,25.515,1084.591237,0.062264155568268365
2026-06-24 14:16:05.113088+02:00,25.512,1084.885236,0.05926415556826825
2026-06-24 14:16:05.417810+02:00,25.515,1085.189958,0.062264155568268365
2026-06-24 14:16:05.709683+02:00,25.512,1085.481831,0.05926415556826825
2026-06-24 14:16:06.001169+02:00,25.512,1085.773317,0.05926415556826825
2026-06-24 14:16:06.295591+02:00,25.511,1086.067739,0.05826415556826703
2026-06-24 14:16:06.584743+02:00,25.511,1086.356891,0.05826415556826703
2026-06-24 14:16:06.875693+02:00,25.51,1086.647841,0.05726415556826936
2026-06-24 14:16:07.170069+02:00,25.51,1086.942217,0.05726415556826936
2026-06-24 14:16:07.468119+02:00,25.508,1087.240267,0.055264155568266915
2026-06-24 14:16:07.762280+02:00,25.507,1087.534428,0.054264155568269246
2026-06-24 14:16:08.055815+02:00,25.506,1087.827963,0.05326415556826802
2026-06-24 14:16:08.346872+02:00,25.504,1088.11902,0.05126415556826913
2026-06-24 14:16:08.642263+02:00,25.507,1088.414411,0.054264155568269246
2026-06-24 14:16:08.936790+02:00,25.504,1088.708938,0.05126415556826913
2026-06-24 14:16:09.234831+02:00,25.502,1089.006979,0.04926415556826669
2026-06-24 14:16:09.525722+02:00,25.503,1089.29787,0.05026415556826791
2026-06-24 14:16:09.817467+02:00,25.503,1089.589615,0.05026415556826791
2026-06-24 14:16:10.109510+02:00,25.502,1089.881658,0.04926415556826669
2026-06-24 14:16:10.403308+02:00,25.502,1090.175456,0.04926415556826669
2026-06-24 14:16:10.702620+02:00,25.5,1090.474768,0.047264155568267796
2026-06-24 14:16:11.006541+02:00,25.501,1090.778689,0.04826415556826902
2026-06-24 14:16:11.297687+02:00,25.497,1091.069835,0.04426415556826768
2026-06-24 14:16:11.591554+02:00,25.497,1091.363702,0.04426415556826768
2026-06-24 14:16:11.880622+02:00,25.499,1091.65277,0.046264155568266574
2026-06-24 14:16:12.171256+02:00,25.499,1091.943404,0.046264155568266574
2026-06-24 14:16:12.462709+02:00,25.501,1092.234857,0.04826415556826902
2026-06-24 14:16:12.751695+02:00,25.495,1092.523843,0.04226415556826879
2026-06-24 14:16:13.047370+02:00,25.497,1092.819518,0.04426415556826768
2026-06-24 14:16:13.345715+02:00,25.493,1093.117863,0.04026415556826635
2026-06-24 14:16:13.646803+02:00,25.495,1093.418951,0.04226415556826879
2026-06-24 14:16:13.938895+02:00,25.494,1093.711043,0.04126415556826757
2026-06-24 14:16:14.233474+02:00,25.492,1094.005622,0.03926415556826868
2026-06-24 14:16:14.522824+02:00,25.489,1094.294972,0.03626415556826856
2026-06-24 14:16:14.821424+02:00,25.488,1094.593572,0.03526415556826734
2026-06-24 14:16:15.118863+02:00,25.492,1094.891011,0.03926415556826868
2026-06-24 14:16:15.413267+02:00,25.489,1095.185415,0.03626415556826856
2026-06-24 14:16:15.702331+02:00,25.489,1095.474479,0.03626415556826856
2026-06-24 14:16:15.995507+02:00,25.487,1095.767655,0.03426415556826612
2026-06-24 14:16:16.286909+02:00,25.486,1096.059057,0.03326415556826845
2026-06-24 14:16:16.593191+02:00,25.484,1096.365339,0.03126415556826956
2026-06-24 14:16:16.891315+02:00,25.486,1096.663463,0.03326415556826845
2026-06-24 14:16:17.187335+02:00,25.485,1096.959483,0.03226415556826723
2026-06-24 14:16:17.487093+02:00,25.481,1097.259241,0.028264155568269445
2026-06-24 14:16:17.777198+02:00,25.482,1097.549346,0.029264155568267114
2026-06-24 14:16:18.070127+02:00,25.482,1097.842275,0.029264155568267114
2026-06-24 14:16:18.360683+02:00,25.482,1098.132831,0.029264155568267114
2026-06-24 14:16:18.655556+02:00,25.478,1098.427704,0.02526415556826933
2026-06-24 14:16:18.946114+02:00,25.48,1098.718262,0.027264155568268222
2026-06-24 14:16:19.237016+02:00,25.48,1099.009164,0.027264155568268222
2026-06-24 14:16:19.536336+02:00,25.481,1099.308484,0.028264155568269445
2026-06-24 14:16:19.831494+02:00,25.48,1099.603642,0.027264155568268222
2026-06-24 14:16:20.132922+02:00,25.477,1099.90507,0.02426415556826811
2026-06-24 14:16:20.435614+02:00,25.476,1100.207762,0.023264155568266887
2026-06-24 14:16:20.727736+02:00,25.477,1100.499884,0.02426415556826811
2026-06-24 14:16:21.022770+02:00,25.476,1100.794918,0.023264155568266887
2026-06-24 14:16:21.314176+02:00,25.473,1101.086324,0.020264155568266773
2026-06-24 14:16:21.610772+02:00,25.472,1101.38292,0.019264155568269103
2026-06-24 14:16:21.907866+02:00,25.473,1101.680014,0.020264155568266773
2026-06-24 14:16:22.213519+02:00,25.47,1101.985667,0.01726415556826666
2026-06-24 14:16:22.502801+02:00,25.472,1102.274949,0.019264155568269103
2026-06-24 14:16:22.793178+02:00,25.47,1102.565326,0.01726415556826666
2026-06-24 14:16:23.083761+02:00,25.471,1102.855909,0.01826415556826788
2026-06-24 14:16:23.374190+02:00,25.47,1103.146338,0.01726415556826666
2026-06-24 14:16:23.667182+02:00,25.47,1103.43933,0.01726415556826666
2026-06-24 14:16:23.957709+02:00,25.47,1103.729857,0.01726415556826666
2026-06-24 14:16:24.246982+02:00,25.468,1104.01913,0.015264155568267768
2026-06-24 14:16:24.537263+02:00,25.466,1104.309411,0.013264155568268876
2026-06-24 14:16:24.827467+02:00,25.466,1104.599615,0.013264155568268876
2026-06-24 14:16:25.116492+02:00,25.466,1104.88864,0.013264155568268876
2026-06-24 14:16:25.418090+02:00,25.47,1105.190238,0.01726415556826666
2026-06-24 14:16:25.718128+02:00,25.47,1105.490276,0.01726415556826666
2026-06-24 14:16:26.018896+02:00,25.465,1105.791044,0.012264155568267654
2026-06-24 14:16:26.316028+02:00,25.465,1106.088176,0.012264155568267654
2026-06-24 14:16:26.609149+02:00,25.466,1106.381297,0.013264155568268876
2026-06-24 14:16:26.901247+02:00,25.464,1106.673395,0.011264155568266432
2026-06-24 14:16:27.197882+02:00,25.464,1106.97003,0.011264155568266432
2026-06-24 14:16:27.490828+02:00,25.463,1107.262976,0.010264155568268762
2026-06-24 14:16:27.783811+02:00,25.461,1107.555959,0.008264155568266318
2026-06-24 14:16:28.078444+02:00,25.461,1107.850592,0.008264155568266318
2026-06-24 14:16:28.370403+02:00,25.46,1108.142551,0.007264155568268649
2026-06-24 14:16:28.661001+02:00,25.459,1108.433149,0.006264155568267427
2026-06-24 14:16:28.956506+02:00,25.458,1108.728654,0.0052641555682662045
2026-06-24 14:16:29.254834+02:00,25.457,1109.026982,0.004264155568268535
2026-06-24 14:16:29.557857+02:00,25.456,1109.330005,0.003264155568267313
2026-06-24 14:16:29.853260+02:00,25.456,1109.625408,0.003264155568267313
2026-06-24 14:16:30.144759+02:00,25.454,1109.916907,0.0012641555682684213
2026-06-24 14:16:30.437302+02:00,25.452,1110.20945,-0.0007358444317304702
2026-06-24 14:16:30.730741+02:00,25.454,1110.502889,0.0012641555682684213
2026-06-24 14:16:31.022086+02:00,25.452,1110.794234,-0.0007358444317304702
2026-06-24 14:16:31.317071+02:00,25.449,1111.089219,-0.003735844431730584
2026-06-24 14:16:31.610199+02:00,25.454,1111.382347,0.0012641555682684213
2026-06-24 14:16:31.905674+02:00,25.45,1111.677822,-0.0027358444317329145
2026-06-24 14:16:32.200717+02:00,25.447,1111.972865,-0.005735844431733028
2026-06-24 14:16:32.493990+02:00,25.448,1112.266138,-0.004735844431731806
2026-06-24 14:16:32.786461+02:00,25.446,1112.558609,-0.006735844431730698
2026-06-24 14:16:33.083449+02:00,25.445,1112.855597,-0.00773584443173192
2026-06-24 14:16:33.374517+02:00,25.446,1113.146665,-0.006735844431730698
2026-06-24 14:16:33.669041+02:00,25.444,1113.441189,-0.008735844431733142
2026-06-24 14:16:33.958385+02:00,25.444,1113.730533,-0.008735844431733142
2026-06-24 14:16:34.250757+02:00,25.446,1114.022905,-0.006735844431730698
2026-06-24 14:16:34.551972+02:00,25.44,1114.32412,-0.012735844431730925
2026-06-24 14:16:34.847549+02:00,25.442,1114.619697,-0.010735844431732033
2026-06-24 14:16:35.139683+02:00,25.441,1114.911831,-0.011735844431733256
2026-06-24 14:16:35.430639+02:00,25.44,1115.202787,-0.012735844431730925
2026-06-24 14:16:35.721485+02:00,25.438,1115.493633,-0.01473584443173337
2026-06-24 14:16:36.011639+02:00,25.435,1115.783787,-0.017735844431733483
2026-06-24 14:16:36.303043+02:00,25.435,1116.075191,-0.017735844431733483
2026-06-24 14:16:36.601111+02:00,25.432,1116.373259,-0.020735844431733597
2026-06-24 14:16:36.894461+02:00,25.432,1116.666609,-0.020735844431733597
2026-06-24 14:16:37.195226+02:00,25.432,1116.967374,-0.020735844431733597
2026-06-24 14:16:37.491042+02:00,25.432,1117.26319,-0.020735844431733597
2026-06-24 14:16:37.782004+02:00,25.433,1117.554152,-0.019735844431732374
2026-06-24 14:16:38.074684+02:00,25.431,1117.846832,-0.021735844431731266
2026-06-24 14:16:38.370132+02:00,25.43,1118.14228,-0.022735844431732488
2026-06-24 14:16:38.666444+02:00,25.43,1118.438592,-0.022735844431732488
2026-06-24 14:16:38.958940+02:00,25.428,1118.731088,-0.02473584443173138
2026-06-24 14:16:39.250143+02:00,25.428,1119.022291,-0.02473584443173138
2026-06-24 14:16:39.541102+02:00,25.428,1119.31325,-0.02473584443173138
2026-06-24 14:16:39.836373+02:00,25.427,1119.608521,-0.025735844431732602
2026-06-24 14:16:40.130021+02:00,25.426,1119.902169,-0.026735844431733824
2026-06-24 14:16:40.423843+02:00,25.426,1120.195991,-0.026735844431733824
2026-06-24 14:16:40.714196+02:00,25.426,1120.486344,-0.026735844431733824
2026-06-24 14:16:41.005636+02:00,25.426,1120.777784,-0.026735844431733824
2026-06-24 14:16:41.298884+02:00,25.424,1121.071032,-0.028735844431732716
2026-06-24 14:16:41.590415+02:00,25.422,1121.362563,-0.030735844431731607
2026-06-24 14:16:41.889157+02:00,25.423,1121.661305,-0.029735844431733938
2026-06-24 14:16:42.191793+02:00,25.423,1121.963941,-0.029735844431733938
2026-06-24 14:16:42.485041+02:00,25.42,1122.257189,-0.0327358444317305
2026-06-24 14:16:42.776923+02:00,25.42,1122.549071,-0.0327358444317305
2026-06-24 14:16:43.067803+02:00,25.419,1122.839951,-0.03373584443173172
2026-06-24 14:16:43.361753+02:00,25.418,1123.133901,-0.03473584443173294
2026-06-24 14:16:43.655631+02:00,25.419,1123.427779,-0.03373584443173172
2026-06-24 14:16:43.946052+02:00,25.418,1123.7182,-0.03473584443173294
2026-06-24 14:16:44.242184+02:00,25.417,1124.014332,-0.03573584443173061
2026-06-24 14:16:44.541429+02:00,25.416,1124.313577,-0.036735844431731834
2026-06-24 14:16:44.832547+02:00,25.415,1124.604695,-0.03773584443173306
2026-06-24 14:16:45.125729+02:00,25.413,1124.897877,-0.03973584443173195
2026-06-24 14:16:45.418078+02:00,25.415,1125.190226,-0.03773584443173306
2026-06-24 14:16:45.709979+02:00,25.411,1125.482127,-0.04173584443173084
2026-06-24 14:16:46.000178+02:00,25.409,1125.772326,-0.043735844431733284
2026-06-24 14:16:46.292691+02:00,25.409,1126.064839,-0.043735844431733284
2026-06-24 14:16:46.586183+02:00,25.409,1126.358331,-0.043735844431733284
2026-06-24 14:16:46.887467+02:00,25.411,1126.659615,-0.04173584443173084
2026-06-24 14:16:47.177286+02:00,25.408,1126.949434,-0.04473584443173095
2026-06-24 14:16:47.468552+02:00,25.41,1127.2407,-0.04273584443173206
2026-06-24 14:16:47.760198+02:00,25.408,1127.532346,-0.04473584443173095
2026-06-24 14:16:48.057552+02:00,25.405,1127.8297,-0.04773584443173107
2026-06-24 14:16:48.346793+02:00,25.402,1128.118941,-0.05073584443173118
2026-06-24 14:16:48.638940+02:00,25.403,1128.411088,-0.04973584443173351
2026-06-24 14:16:48.938674+02:00,25.402,1128.710822,-0.05073584443173118
2026-06-24 14:16:49.236706+02:00,25.405,1129.008854,-0.04773584443173107
2026-06-24 14:16:49.535086+02:00,25.398,1129.307234,-0.05473584443173252
2026-06-24 14:16:49.834701+02:00,25.4,1129.606849,-0.052735844431733625
2026-06-24 14:16:50.133642+02:00,25.397,1129.90579,-0.05573584443173374
2026-06-24 14:16:50.430085+02:00,25.399,1130.202233,-0.053735844431731294
2026-06-24 14:16:50.726014+02:00,25.396,1130.498162,-0.05673584443173141
2026-06-24 14:16:51.016086+02:00,25.394,1130.788234,-0.05873584443173385
2026-06-24 14:16:51.308640+02:00,25.395,1131.080788,-0.05773584443173263
2026-06-24 14:16:51.597116+02:00,25.395,1131.369264,-0.05773584443173263
2026-06-24 14:16:51.891012+02:00,25.394,1131.66316,-0.05873584443173385
2026-06-24 14:16:52.184668+02:00,25.392,1131.956816,-0.060735844431732744
2026-06-24 14:16:52.475413+02:00,25.391,1132.247561,-0.061735844431733966
2026-06-24 14:16:52.767728+02:00,25.39,1132.539876,-0.06273584443173164
2026-06-24 14:16:53.059158+02:00,25.391,1132.831306,-0.061735844431733966
2026-06-24 14:16:53.353189+02:00,25.388,1133.125337,-0.06473584443173053
2026-06-24 14:16:53.644338+02:00,25.389,1133.416486,-0.06373584443173286
2026-06-24 14:16:53.933641+02:00,25.385,1133.705789,-0.06773584443173064
2026-06-24 14:16:54.225814+02:00,25.385,1133.997962,-0.06773584443173064
2026-06-24 14:16:54.522289+02:00,25.386,1134.294437,-0.06673584443173297
2026-06-24 14:16:54.824302+02:00,25.385,1134.59645,-0.06773584443173064
2026-06-24 14:16:55.130678+02:00,25.382,1134.902826,-0.07073584443173075
2026-06-24 14:16:55.432685+02:00,25.383,1135.204833,-0.06973584443173309
2026-06-24 14:16:55.733379+02:00,25.382,1135.505527,-0.07073584443173075
2026-06-24 14:16:56.032157+02:00,25.381,1135.804305,-0.07173584443173198
2026-06-24 14:16:56.331658+02:00,25.382,1136.103806,-0.07073584443173075
2026-06-24 14:16:56.635230+02:00,25.381,1136.407378,-0.07173584443173198
2026-06-24 14:16:56.934661+02:00,25.38,1136.706809,-0.0727358444317332
2026-06-24 14:16:57.224559+02:00,25.379,1136.996707,-0.07373584443173087
2026-06-24 14:16:57.519017+02:00,25.379,1137.291165,-0.07373584443173087
2026-06-24 14:16:57.816300+02:00,25.38,1137.588448,-0.0727358444317332
2026-06-24 14:16:58.114822+02:00,25.376,1137.88697,-0.07673584443173098
2026-06-24 14:16:58.403613+02:00,25.376,1138.175761,-0.07673584443173098
2026-06-24 14:16:58.696035+02:00,25.373,1138.468183,-0.0797358444317311
2026-06-24 14:16:58.995367+02:00,25.375,1138.767515,-0.0777358444317322
2026-06-24 14:16:59.287187+02:00,25.371,1139.059335,-0.08173584443173354
2026-06-24 14:16:59.584708+02:00,25.373,1139.356856,-0.0797358444317311
2026-06-24 14:16:59.877413+02:00,25.37,1139.649561,-0.08273584443173121
2026-06-24 14:17:00.175579+02:00,25.369,1139.947727,-0.08373584443173243
2026-06-24 14:17:00.463842+02:00,25.367,1140.23599,-0.08573584443173132
2026-06-24 14:17:00.755052+02:00,25.366,1140.5272,-0.08673584443173254
2026-06-24 14:17:01.045524+02:00,25.366,1140.817672,-0.08673584443173254
2026-06-24 14:17:01.337648+02:00,25.368,1141.109796,-0.08473584443173365
2026-06-24 14:17:01.630615+02:00,25.366,1141.402763,-0.08673584443173254
2026-06-24 14:17:01.924743+02:00,25.363,1141.696891,-0.08973584443173266
2026-06-24 14:17:02.214897+02:00,25.36,1141.987045,-0.09273584443173277
2026-06-24 14:17:02.505897+02:00,25.359,1142.278045,-0.09373584443173044
2026-06-24 14:17:02.799026+02:00,25.361,1142.571174,-0.09173584443173155
2026-06-24 14:17:03.093768+02:00,25.359,1142.865916,-0.09373584443173044
2026-06-24 14:17:03.382105+02:00,25.359,1143.154253,-0.09373584443173044
2026-06-24 14:17:03.682472+02:00,25.358,1143.45462,-0.09473584443173166
2026-06-24 14:17:03.973659+02:00,25.357,1143.745807,-0.09573584443173289
2026-06-24 14:17:04.272109+02:00,25.355,1144.044257,-0.09773584443173178
2026-06-24 14:17:04.563041+02:00,25.353,1144.335189,-0.09973584443173067
2026-06-24 14:17:04.855577+02:00,25.352,1144.627725,-0.10073584443173189
2026-06-24 14:17:05.146912+02:00,25.352,1144.91906,-0.10073584443173189
2026-06-24 14:17:05.441118+02:00,25.353,1145.213266,-0.09973584443173067
2026-06-24 14:17:05.737609+02:00,25.353,1145.509757,-0.09973584443173067
2026-06-24 14:17:06.027369+02:00,25.348,1145.799517,-0.10473584443173323
2026-06-24 14:17:06.329723+02:00,25.351,1146.101871,-0.10173584443173311
2026-06-24 14:17:06.625659+02:00,25.349,1146.397807,-0.103735844431732
2026-06-24 14:17:06.918454+02:00,25.349,1146.690602,-0.103735844431732
2026-06-24 14:17:07.209668+02:00,25.348,1146.981816,-0.10473584443173323
2026-06-24 14:17:07.499909+02:00,25.349,1147.272057,-0.103735844431732
2026-06-24 14:17:07.789593+02:00,25.346,1147.561741,-0.10673584443173212
2026-06-24 14:17:08.081234+02:00,25.347,1147.853382,-0.1057358444317309
2026-06-24 14:17:08.373568+02:00,25.345,1148.145716,-0.10773584443173334
2026-06-24 14:17:08.673918+02:00,25.346,1148.446066,-0.10673584443173212
2026-06-24 14:17:08.968713+02:00,25.344,1148.740861,-0.10873584443173101
2026-06-24 14:17:09.261131+02:00,25.344,1149.033279,-0.10873584443173101
2026-06-24 14:17:09.553692+02:00,25.342,1149.32584,-0.11073584443173345
2026-06-24 14:17:09.850419+02:00,25.341,1149.622567,-0.11173584443173112
2026-06-24 14:17:10.144566+02:00,25.339,1149.916714,-0.11373584443173357
2026-06-24 14:17:10.435315+02:00,25.34,1150.207463,-0.11273584443173235
2026-06-24 14:17:10.727192+02:00,25.341,1150.49934,-0.11173584443173112
2026-06-24 14:17:11.023440+02:00,25.339,1150.795588,-0.11373584443173357
2026-06-24 14:17:11.327311+02:00,25.341,1151.099459,-0.11173584443173112
2026-06-24 14:17:11.626121+02:00,25.339,1151.398269,-0.11373584443173357
2026-06-24 14:17:11.926074+02:00,25.337,1151.698222,-0.11573584443173246
2026-06-24 14:17:12.218875+02:00,25.336,1151.991023,-0.11673584443173368
2026-06-24 14:17:12.514176+02:00,25.337,1152.286324,-0.11573584443173246
2026-06-24 14:17:12.815041+02:00,25.335,1152.587189,-0.11773584443173135
2026-06-24 14:17:13.117593+02:00,25.335,1152.889741,-0.11773584443173135
2026-06-24 14:17:13.410228+02:00,25.336,1153.182376,-0.11673584443173368
2026-06-24 14:17:13.701560+02:00,25.332,1153.473708,-0.12073584443173146
2026-06-24 14:17:13.990716+02:00,25.329,1153.762864,-0.12373584443173158
2026-06-24 14:17:14.283669+02:00,25.334,1154.055817,-0.11873584443173257
2026-06-24 14:17:14.579651+02:00,25.328,1154.351799,-0.1247358444317328
2026-06-24 14:17:14.882660+02:00,25.33,1154.654808,-0.12273584443173391
2026-06-24 14:17:15.174064+02:00,25.329,1154.946212,-0.12373584443173158
2026-06-24 14:17:15.465631+02:00,25.329,1155.237779,-0.12373584443173158
2026-06-24 14:17:15.756588+02:00,25.329,1155.528736,-0.12373584443173158
2026-06-24 14:17:16.049252+02:00,25.327,1155.8214,-0.12573584443173047
2026-06-24 14:17:16.338568+02:00,25.327,1156.110716,-0.12573584443173047
2026-06-24 14:17:16.628491+02:00,25.326,1156.400639,-0.1267358444317317
2026-06-24 14:17:16.923611+02:00,25.328,1156.695759,-0.1247358444317328
2026-06-24 14:17:17.214380+02:00,25.325,1156.986528,-0.12773584443173291
2026-06-24 14:17:17.510704+02:00,25.322,1157.282852,-0.13073584443173303
2026-06-24 14:17:17.804760+02:00,25.321,1157.576908,-0.1317358444317307
2026-06-24 14:17:18.101495+02:00,25.315,1157.873643,-0.13773584443173092
2026-06-24 14:17:18.394635+02:00,25.317,1158.166783,-0.13573584443173203
2026-06-24 14:17:18.685071+02:00,25.317,1158.457219,-0.13573584443173203
2026-06-24 14:17:18.987094+02:00,25.315,1158.759242,-0.13773584443173092
2026-06-24 14:17:19.279662+02:00,25.316,1159.05181,-0.13673584443173326
2026-06-24 14:17:19.573132+02:00,25.313,1159.34528,-0.13973584443173337
2026-06-24 14:17:19.866635+02:00,25.311,1159.638783,-0.14173584443173226
2026-06-24 14:17:20.157744+02:00,25.313,1159.929892,-0.13973584443173337
2026-06-24 14:17:20.448933+02:00,25.311,1160.221081,-0.14173584443173226
2026-06-24 14:17:20.749415+02:00,25.309,1160.521563,-0.14373584443173115
2026-06-24 14:17:21.045512+02:00,25.308,1160.81766,-0.14473584443173237
2026-06-24 14:17:21.341516+02:00,25.305,1161.113664,-0.1477358444317325
2026-06-24 14:17:21.633204+02:00,25.305,1161.405352,-0.1477358444317325
2026-06-24 14:17:21.923860+02:00,25.304,1161.696008,-0.1487358444317337
2026-06-24 14:17:22.218311+02:00,25.304,1161.990459,-0.1487358444317337
2026-06-24 14:17:22.519062+02:00,25.304,1162.29121,-0.1487358444317337
2026-06-24 14:17:22.817429+02:00,25.303,1162.589577,-0.14973584443173138
2026-06-24 14:17:23.112160+02:00,25.303,1162.884308,-0.14973584443173138
2026-06-24 14:17:23.403050+02:00,25.3,1163.175198,-0.1527358444317315
2026-06-24 14:17:23.693634+02:00,25.299,1163.465782,-0.15373584443173272
2026-06-24 14:17:23.987384+02:00,25.302,1163.759532,-0.1507358444317326
2026-06-24 14:17:24.279529+02:00,25.298,1164.051677,-0.15473584443173394
2026-06-24 14:17:24.572805+02:00,25.297,1164.344953,-0.1557358444317316
2026-06-24 14:17:24.864733+02:00,25.296,1164.636881,-0.15673584443173283
2026-06-24 14:17:25.158642+02:00,25.297,1164.93079,-0.1557358444317316
2026-06-24 14:17:25.455523+02:00,25.294,1165.227671,-0.15873584443173172
2026-06-24 14:17:25.754120+02:00,25.296,1165.526268,-0.15673584443173283
2026-06-24 14:17:26.045573+02:00,25.295,1165.817721,-0.1577358444317305
2026-06-24 14:17:26.343052+02:00,25.29,1166.1152,-0.16273584443173306
2026-06-24 14:17:26.637929+02:00,25.289,1166.410077,-0.16373584443173073
2026-06-24 14:17:26.930992+02:00,25.287,1166.70314,-0.16573584443173317
2026-06-24 14:17:27.221862+02:00,25.289,1166.99401,-0.16373584443173073
2026-06-24 14:17:27.511763+02:00,25.287,1167.283911,-0.16573584443173317
2026-06-24 14:17:27.803503+02:00,25.287,1167.575651,-0.16573584443173317
2026-06-24 14:17:28.093933+02:00,25.287,1167.866081,-0.16573584443173317
2026-06-24 14:17:28.393551+02:00,25.285,1168.165699,-0.16773584443173206
2026-06-24 14:17:28.691522+02:00,25.284,1168.46367,-0.16873584443173328
2026-06-24 14:17:28.984098+02:00,25.282,1168.756246,-0.17073584443173218
2026-06-24 14:17:29.274679+02:00,25.281,1169.046827,-0.1717358444317334
2026-06-24 14:17:29.576335+02:00,25.282,1169.348483,-0.17073584443173218
2026-06-24 14:17:29.873360+02:00,25.279,1169.645508,-0.1737358444317323
2026-06-24 14:17:30.164274+02:00,25.28,1169.936422,-0.17273584443173107
2026-06-24 14:17:30.458614+02:00,25.276,1170.230762,-0.1767358444317324
2026-06-24 14:17:30.749850+02:00,25.275,1170.521998,-0.17773584443173363
2026-06-24 14:17:31.042834+02:00,25.275,1170.814982,-0.17773584443173363
2026-06-24 14:17:31.332642+02:00,25.276,1171.10479,-0.1767358444317324
2026-06-24 14:17:31.622900+02:00,25.272,1171.395048,-0.18073584443173374
2026-06-24 14:17:31.913445+02:00,25.272,1171.685593,-0.18073584443173374
2026-06-24 14:17:32.210472+02:00,25.271,1171.98262,-0.1817358444317314
2026-06-24 14:17:32.503668+02:00,25.267,1172.275816,-0.18573584443173274
2026-06-24 14:17:32.793136+02:00,25.267,1172.565284,-0.18573584443173274
2026-06-24 14:17:33.085220+02:00,25.261,1172.857368,-0.19173584443173297
2026-06-24 14:17:33.377193+02:00,25.267,1173.149341,-0.18573584443173274
2026-06-24 14:17:33.673653+02:00,25.264,1173.445801,-0.18873584443173286
2026-06-24 14:17:33.974708+02:00,25.265,1173.746856,-0.18773584443173164
2026-06-24 14:17:34.276581+02:00,25.264,1174.048729,-0.18873584443173286
2026-06-24 14:17:34.572381+02:00,25.262,1174.344529,-0.19073584443173175
2026-06-24 14:17:34.863419+02:00,25.263,1174.635567,-0.18973584443173053
2026-06-24 14:17:35.154577+02:00,25.264,1174.926725,-0.18873584443173286
2026-06-24 14:17:35.444462+02:00,25.26,1175.21661,-0.19273584443173064
2026-06-24 14:17:35.736433+02:00,25.26,1175.508581,-0.19273584443173064
2026-06-24 14:17:36.027913+02:00,25.257,1175.800061,-0.19573584443173075
2026-06-24 14:17:36.317472+02:00,25.257,1176.08962,-0.19573584443173075
2026-06-24 14:17:36.616973+02:00,25.255,1176.389121,-0.1977358444317332
2026-06-24 14:17:36.916577+02:00,25.257,1176.688725,-0.19573584443173075
2026-06-24 14:17:37.208256+02:00,25.254,1176.980404,-0.19873584443173087
2026-06-24 14:17:37.497636+02:00,25.254,1177.269784,-0.19873584443173087
2026-06-24 14:17:37.788685+02:00,25.253,1177.560833,-0.1997358444317321
2026-06-24 14:17:38.080445+02:00,25.253,1177.852593,-0.1997358444317321
2026-06-24 14:17:38.371675+02:00,25.252,1178.143823,-0.2007358444317333
2026-06-24 14:17:38.663399+02:00,25.249,1178.435547,-0.20373584443173343
2026-06-24 14:17:38.963781+02:00,25.251,1178.735929,-0.20173584443173098
2026-06-24 14:17:39.257147+02:00,25.251,1179.029295,-0.20173584443173098
2026-06-24 14:17:39.556046+02:00,25.251,1179.328194,-0.20173584443173098
2026-06-24 14:17:39.845957+02:00,25.251,1179.618105,-0.20173584443173098
2026-06-24 14:17:40.144039+02:00,25.249,1179.916187,-0.20373584443173343
2026-06-24 14:17:40.439764+02:00,25.247,1180.211912,-0.20573584443173232
2026-06-24 14:17:40.735674+02:00,25.246,1180.507822,-0.20673584443173354
2026-06-24 14:17:41.026575+02:00,25.247,1180.798723,-0.20573584443173232
2026-06-24 14:17:41.318624+02:00,25.244,1181.090772,-0.20873584443173243
2026-06-24 14:17:41.619148+02:00,25.243,1181.391296,-0.20973584443173365
2026-06-24 14:17:41.918296+02:00,25.242,1181.690444,-0.21073584443173132
2026-06-24 14:17:42.213405+02:00,25.242,1181.985553,-0.21073584443173132
2026-06-24 14:17:42.505204+02:00,25.241,1182.277352,-0.21173584443173254
2026-06-24 14:17:42.797152+02:00,25.24,1182.5693,-0.21273584443173377
2026-06-24 14:17:43.097385+02:00,25.24,1182.869533,-0.21273584443173377
2026-06-24 14:17:43.390390+02:00,25.236,1183.162538,-0.21673584443173155
2026-06-24 14:17:43.686085+02:00,25.236,1183.458233,-0.21673584443173155
2026-06-24 14:17:43.975229+02:00,25.237,1183.747377,-0.21573584443173388
2026-06-24 14:17:44.265071+02:00,25.237,1184.037219,-0.21573584443173388
2026-06-24 14:17:44.556973+02:00,25.235,1184.329121,-0.21773584443173277
2026-06-24 14:17:44.856893+02:00,25.235,1184.629041,-0.21773584443173277
2026-06-24 14:17:45.146511+02:00,25.236,1184.918659,-0.21673584443173155
2026-06-24 14:17:45.438358+02:00,25.231,1185.210506,-0.22173584443173056
2026-06-24 14:17:45.736332+02:00,25.231,1185.50848,-0.22173584443173056
2026-06-24 14:17:46.029235+02:00,25.23,1185.801383,-0.22273584443173178
2026-06-24 14:17:46.319419+02:00,25.228,1186.091567,-0.22473584443173067
2026-06-24 14:17:46.621308+02:00,25.227,1186.393456,-0.2257358444317319
2026-06-24 14:17:46.920850+02:00,25.228,1186.692998,-0.22473584443173067
2026-06-24 14:17:47.210004+02:00,25.226,1186.982152,-0.2267358444317331
2026-06-24 14:17:47.506457+02:00,25.225,1187.278605,-0.22773584443173078
2026-06-24 14:17:47.799654+02:00,25.223,1187.571802,-0.22973584443173323
2026-06-24 14:17:48.087567+02:00,25.224,1187.859715,-0.228735844431732
2026-06-24 14:17:48.378253+02:00,25.223,1188.150401,-0.22973584443173323
2026-06-24 14:17:48.671308+02:00,25.221,1188.443456,-0.23173584443173212
2026-06-24 14:17:48.962587+02:00,25.218,1188.734735,-0.23473584443173223
2026-06-24 14:17:49.261144+02:00,25.217,1189.033292,-0.23573584443173345
2026-06-24 14:17:49.554077+02:00,25.217,1189.326225,-0.23573584443173345
2026-06-24 14:17:49.846585+02:00,25.218,1189.618733,-0.23473584443173223
2026-06-24 14:17:50.137208+02:00,25.217,1189.909356,-0.23573584443173345
2026-06-24 14:17:50.434314+02:00,25.214,1190.206462,-0.23873584443173357
2026-06-24 14:17:50.725111+02:00,25.215,1190.497259,-0.23773584443173235
2026-06-24 14:17:51.015546+02:00,25.213,1190.787694,-0.23973584443173124
2026-06-24 14:17:51.306401+02:00,25.213,1191.078549,-0.23973584443173124
2026-06-24 14:17:51.597990+02:00,25.212,1191.370138,-0.24073584443173246
2026-06-24 14:17:51.890203+02:00,25.211,1191.662351,-0.24173584443173368
2026-06-24 14:17:52.182309+02:00,25.211,1191.954457,-0.24173584443173368
2026-06-24 14:17:52.472692+02:00,25.21,1192.24484,-0.24273584443173135
2026-06-24 14:17:52.767313+02:00,25.21,1192.539461,-0.24273584443173135
2026-06-24 14:17:53.062737+02:00,25.208,1192.834885,-0.2447358444317338
2026-06-24 14:17:53.354579+02:00,25.206,1193.126727,-0.2467358444317327
2026-06-24 14:17:53.652556+02:00,25.203,1193.424704,-0.2497358444317328
2026-06-24 14:17:53.948029+02:00,25.205,1193.720177,-0.2477358444317339
2026-06-24 14:17:54.242274+02:00,25.201,1194.014422,-0.2517358444317317
2026-06-24 14:17:54.535744+02:00,25.202,1194.307892,-0.25073584443173047
2026-06-24 14:17:54.833857+02:00,25.201,1194.606005,-0.2517358444317317
2026-06-24 14:17:55.124785+02:00,25.201,1194.896933,-0.2517358444317317
2026-06-24 14:17:55.420473+02:00,25.198,1195.192621,-0.2547358444317318
2026-06-24 14:17:55.713005+02:00,25.199,1195.485153,-0.2537358444317306
2026-06-24 14:17:56.014600+02:00,25.199,1195.786748,-0.2537358444317306
2026-06-24 14:17:56.308501+02:00,25.198,1196.080649,-0.2547358444317318
2026-06-24 14:17:56.605199+02:00,25.196,1196.377347,-0.2567358444317307
2026-06-24 14:17:56.895249+02:00,25.198,1196.667397,-0.2547358444317318
2026-06-24 14:17:57.190543+02:00,25.195,1196.962691,-0.2577358444317319
2026-06-24 14:17:57.488364+02:00,25.198,1197.260512,-0.2547358444317318
2026-06-24 14:17:57.779059+02:00,25.195,1197.551207,-0.2577358444317319
2026-06-24 14:17:58.069388+02:00,25.191,1197.841536,-0.26173584443173326
2026-06-24 14:17:58.362414+02:00,25.189,1198.134562,-0.26373584443173215
2026-06-24 14:17:58.661882+02:00,25.188,1198.43403,-0.26473584443173337
2026-06-24 14:17:58.966371+02:00,25.187,1198.738519,-0.26573584443173104
2026-06-24 14:17:59.258905+02:00,25.185,1199.031053,-0.2677358444317335
2026-06-24 14:17:59.559507+02:00,25.185,1199.331655,-0.2677358444317335
2026-06-24 14:17:59.851192+02:00,25.186,1199.62334,-0.26673584443173226
2026-06-24 14:18:00.143763+02:00,25.185,1199.915911,-0.2677358444317335
2026-06-24 14:18:00.435969+02:00,25.182,1200.208117,-0.2707358444317336
2026-06-24 14:18:00.735157+02:00,25.181,1200.507305,-0.27173584443173127
2026-06-24 14:18:01.025471+02:00,25.18,1200.797619,-0.2727358444317325
2026-06-24 14:18:01.316224+02:00,25.18,1201.088372,-0.2727358444317325
2026-06-24 14:18:01.609751+02:00,25.179,1201.381899,-0.2737358444317337
2026-06-24 14:18:01.900170+02:00,25.176,1201.672318,-0.2767358444317338
2026-06-24 14:18:02.193732+02:00,25.175,1201.96588,-0.2777358444317315
2026-06-24 14:18:02.486195+02:00,25.178,1202.258343,-0.2747358444317314
2026-06-24 14:18:02.786087+02:00,25.177,1202.558235,-0.2757358444317326
2026-06-24 14:18:03.079945+02:00,25.178,1202.852093,-0.2747358444317314
2026-06-24 14:18:03.369712+02:00,25.175,1203.14186,-0.2777358444317315
2026-06-24 14:18:03.658831+02:00,25.173,1203.430979,-0.27973584443173394
2026-06-24 14:18:03.959793+02:00,25.175,1203.731941,-0.2777358444317315
2026-06-24 14:18:04.256250+02:00,25.176,1204.028398,-0.2767358444317338
2026-06-24 14:18:04.547199+02:00,25.171,1204.319347,-0.28173584443173283
2026-06-24 14:18:04.841710+02:00,25.172,1204.613858,-0.2807358444317316
2026-06-24 14:18:05.137226+02:00,25.171,1204.909374,-0.28173584443173283
2026-06-24 14:18:05.427690+02:00,25.17,1205.199838,-0.2827358444317305
2026-06-24 14:18:05.721547+02:00,25.17,1205.493695,-0.2827358444317305
2026-06-24 14:18:06.021966+02:00,25.17,1205.794114,-0.2827358444317305
2026-06-24 14:18:06.315824+02:00,25.171,1206.087972,-0.28173584443173283
2026-06-24 14:18:06.607747+02:00,25.17,1206.379895,-0.2827358444317305
2026-06-24 14:18:06.899264+02:00,25.167,1206.671412,-0.2857358444317306
2026-06-24 14:18:07.195933+02:00,25.164,1206.968081,-0.2887358444317307
2026-06-24 14:18:07.493999+02:00,25.166,1207.266147,-0.28673584443173183
2026-06-24 14:18:07.786729+02:00,25.166,1207.558877,-0.28673584443173183
2026-06-24 14:18:08.081430+02:00,25.163,1207.853578,-0.28973584443173195
2026-06-24 14:18:08.371764+02:00,25.162,1208.143912,-0.29073584443173317
2026-06-24 14:18:08.678087+02:00,25.161,1208.450235,-0.29173584443173084
2026-06-24 14:18:08.973363+02:00,25.161,1208.745511,-0.29173584443173084
2026-06-24 14:18:09.271680+02:00,25.161,1209.043828,-0.29173584443173084
2026-06-24 14:18:09.562643+02:00,25.159,1209.334791,-0.2937358444317333
2026-06-24 14:18:09.854796+02:00,25.157,1209.626944,-0.2957358444317322
2026-06-24 14:18:10.147862+02:00,25.156,1209.92001,-0.2967358444317334
2026-06-24 14:18:10.441392+02:00,25.153,1210.21354,-0.2997358444317335
2026-06-24 14:18:10.732420+02:00,25.153,1210.504568,-0.2997358444317335
2026-06-24 14:18:11.024983+02:00,25.151,1210.797131,-0.3017358444317324
2026-06-24 14:18:11.315336+02:00,25.15,1211.087484,-0.3027358444317336
2026-06-24 14:18:11.606691+02:00,25.15,1211.378839,-0.3027358444317336
2026-06-24 14:18:11.898234+02:00,25.149,1211.670382,-0.3037358444317313
2026-06-24 14:18:12.188832+02:00,25.147,1211.96098,-0.30573584443173374
2026-06-24 14:18:12.479324+02:00,25.149,1212.251472,-0.3037358444317313
2026-06-24 14:18:12.769723+02:00,25.147,1212.541871,-0.30573584443173374
2026-06-24 14:18:13.061677+02:00,25.145,1212.833825,-0.30773584443173263
2026-06-24 14:18:13.357974+02:00,25.147,1213.130122,-0.30573584443173374
2026-06-24 14:18:13.659794+02:00,25.145,1213.431942,-0.30773584443173263
2026-06-24 14:18:13.950877+02:00,25.146,1213.723025,-0.3067358444317314
2026-06-24 14:18:14.242753+02:00,25.142,1214.014901,-0.31073584443173274
2026-06-24 14:18:14.538397+02:00,25.143,1214.310545,-0.3097358444317315
2026-06-24 14:18:14.836581+02:00,25.142,1214.608729,-0.31073584443173274
2026-06-24 14:18:15.126651+02:00,25.141,1214.898799,-0.31173584443173397
2026-06-24 14:18:15.424176+02:00,25.138,1215.196324,-0.3147358444317305
2026-06-24 14:18:15.721768+02:00,25.138,1215.493916,-0.3147358444317305
2026-06-24 14:18:16.013819+02:00,25.137,1215.785967,-0.31573584443173175
2026-06-24 14:18:16.307852+02:00,25.137,1216.08,-0.31573584443173175
2026-06-24 14:18:16.598878+02:00,25.135,1216.371026,-0.31773584443173064
2026-06-24 14:18:16.892800+02:00,25.134,1216.664948,-0.31873584443173186
2026-06-24 14:18:17.188508+02:00,25.134,1216.960656,-0.31873584443173186
2026-06-24 14:18:17.481059+02:00,25.135,1217.253207,-0.31773584443173064
2026-06-24 14:18:17.769757+02:00,25.134,1217.541905,-0.31873584443173186
2026-06-24 14:18:18.063462+02:00,25.129,1217.83561,-0.32373584443173087
2026-06-24 14:18:18.366267+02:00,25.132,1218.138415,-0.32073584443173075
2026-06-24 14:18:18.659912+02:00,25.128,1218.43206,-0.3247358444317321
2026-06-24 14:18:18.960197+02:00,25.13,1218.732345,-0.3227358444317332
2026-06-24 14:18:19.259261+02:00,25.129,1219.031409,-0.32373584443173087
2026-06-24 14:18:19.558253+02:00,25.127,1219.330401,-0.3257358444317333
2026-06-24 14:18:19.847924+02:00,25.127,1219.620072,-0.3257358444317333
2026-06-24 14:18:20.140049+02:00,25.127,1219.912197,-0.3257358444317333
2026-06-24 14:18:20.430092+02:00,25.126,1220.20224,-0.326735844431731
2026-06-24 14:18:20.722631+02:00,25.124,1220.494779,-0.3287358444317334
2026-06-24 14:18:21.015230+02:00,25.124,1220.787378,-0.3287358444317334
2026-06-24 14:18:21.307579+02:00,25.124,1221.079727,-0.3287358444317334
2026-06-24 14:18:21.605923+02:00,25.123,1221.378071,-0.3297358444317311
2026-06-24 14:18:21.906639+02:00,25.122,1221.678787,-0.3307358444317323
2026-06-24 14:18:22.206571+02:00,25.121,1221.978719,-0.33173584443173354
2026-06-24 14:18:22.504633+02:00,25.121,1222.276781,-0.33173584443173354
2026-06-24 14:18:22.806109+02:00,25.122,1222.578257,-0.3307358444317323
2026-06-24 14:18:23.103566+02:00,25.119,1222.875714,-0.33373584443173243
2026-06-24 14:18:23.408003+02:00,25.118,1223.180151,-0.33473584443173365
2026-06-24 14:18:23.703471+02:00,25.12,1223.475619,-0.3327358444317312
2026-06-24 14:18:24.006779+02:00,25.119,1223.778927,-0.33373584443173243
2026-06-24 14:18:24.307359+02:00,25.115,1224.079507,-0.33773584443173377
2026-06-24 14:18:24.602647+02:00,25.117,1224.374795,-0.3357358444317313
2026-06-24 14:18:24.898215+02:00,25.116,1224.670363,-0.33673584443173254
2026-06-24 14:18:25.193056+02:00,25.114,1224.965204,-0.33873584443173144
2026-06-24 14:18:25.488025+02:00,25.113,1225.260173,-0.33973584443173266
2026-06-24 14:18:25.778825+02:00,25.114,1225.550973,-0.33873584443173144
2026-06-24 14:18:26.069254+02:00,25.111,1225.841402,-0.34173584443173155
2026-06-24 14:18:26.367984+02:00,25.109,1226.140132,-0.34373584443173044
2026-06-24 14:18:26.667780+02:00,25.108,1226.439928,-0.34473584443173166
2026-06-24 14:18:26.965396+02:00,25.107,1226.737544,-0.3457358444317329
2026-06-24 14:18:27.259176+02:00,25.106,1227.031324,-0.34673584443173056
2026-06-24 14:18:27.551089+02:00,25.107,1227.323237,-0.3457358444317329
2026-06-24 14:18:27.843958+02:00,25.107,1227.616106,-0.3457358444317329
2026-06-24 14:18:28.137558+02:00,25.106,1227.909706,-0.34673584443173056
2026-06-24 14:18:28.428088+02:00,25.106,1228.200236,-0.34673584443173056
2026-06-24 14:18:28.722202+02:00,25.103,1228.49435,-0.34973584443173067
2026-06-24 14:18:29.016243+02:00,25.103,1228.788391,-0.34973584443173067
2026-06-24 14:18:29.307781+02:00,25.104,1229.079929,-0.348735844431733
2026-06-24 14:18:29.602489+02:00,25.104,1229.374637,-0.348735844431733
2026-06-24 14:18:29.892814+02:00,25.103,1229.664962,-0.34973584443173067
2026-06-24 14:18:30.185085+02:00,25.105,1229.957233,-0.3477358444317318
2026-06-24 14:18:30.477049+02:00,25.099,1230.249197,-0.353735844431732
2026-06-24 14:18:30.771052+02:00,25.097,1230.5432,-0.3557358444317309
2026-06-24 14:18:31.063768+02:00,25.098,1230.835916,-0.3547358444317332
2026-06-24 14:18:31.363072+02:00,25.096,1231.13522,-0.3567358444317321
2026-06-24 14:18:31.651505+02:00,25.094,1231.423653,-0.358735844431731
2026-06-24 14:18:31.945839+02:00,25.095,1231.717987,-0.35773584443173334
2026-06-24 14:18:32.240043+02:00,25.094,1232.012191,-0.358735844431731
2026-06-24 14:18:32.540696+02:00,25.093,1232.312844,-0.35973584443173223
2026-06-24 14:18:32.835143+02:00,25.092,1232.607291,-0.36073584443173345
2026-06-24 14:18:33.130367+02:00,25.09,1232.902515,-0.36273584443173235
2026-06-24 14:18:33.423257+02:00,25.089,1233.195405,-0.36373584443173357
2026-06-24 14:18:33.712896+02:00,25.09,1233.485044,-0.36273584443173235
2026-06-24 14:18:34.004162+02:00,25.089,1233.77631,-0.36373584443173357
2026-06-24 14:18:34.301668+02:00,25.087,1234.073816,-0.36573584443173246
2026-06-24 14:18:34.593974+02:00,25.086,1234.366122,-0.3667358444317337
2026-06-24 14:18:34.884622+02:00,25.088,1234.65677,-0.36473584443173124
2026-06-24 14:18:35.175378+02:00,25.085,1234.947526,-0.36773584443173135
2026-06-24 14:18:35.469045+02:00,25.084,1235.241193,-0.3687358444317326
2026-06-24 14:18:35.762966+02:00,25.083,1235.535114,-0.3697358444317338
2026-06-24 14:18:36.053321+02:00,25.082,1235.825469,-0.37073584443173146
2026-06-24 14:18:36.343781+02:00,25.081,1236.115929,-0.3717358444317327
2026-06-24 14:18:36.637544+02:00,25.082,1236.409692,-0.37073584443173146
2026-06-24 14:18:36.927066+02:00,25.08,1236.699214,-0.3727358444317339
2026-06-24 14:18:37.223004+02:00,25.081,1236.995152,-0.3717358444317327
2026-06-24 14:18:37.514631+02:00,25.08,1237.286779,-0.3727358444317339
2026-06-24 14:18:37.810037+02:00,25.08,1237.582185,-0.3727358444317339
2026-06-24 14:18:38.103278+02:00,25.078,1237.875426,-0.3747358444317328
2026-06-24 14:18:38.397163+02:00,25.077,1238.169311,-0.37573584443173047
2026-06-24 14:18:38.691174+02:00,25.075,1238.463322,-0.3777358444317329
2026-06-24 14:18:38.983144+02:00,25.074,1238.755292,-0.3787358444317306
2026-06-24 14:18:39.274171+02:00,25.076,1239.046319,-0.3767358444317317
2026-06-24 14:18:39.576018+02:00,25.074,1239.348166,-0.3787358444317306
2026-06-24 14:18:39.878417+02:00,25.073,1239.650565,-0.3797358444317318
2026-06-24 14:18:40.169786+02:00,25.073,1239.941934,-0.3797358444317318
2026-06-24 14:18:40.471668+02:00,25.071,1240.243816,-0.3817358444317307
2026-06-24 14:18:40.767011+02:00,25.07,1240.539159,-0.3827358444317319
2026-06-24 14:18:41.060178+02:00,25.071,1240.832326,-0.3817358444317307
2026-06-24 14:18:41.353233+02:00,25.07,1241.125381,-0.3827358444317319
2026-06-24 14:18:41.647780+02:00,25.066,1241.419928,-0.38673584443173326
2026-06-24 14:18:41.946396+02:00,25.067,1241.718544,-0.38573584443173203
2026-06-24 14:18:42.247780+02:00,25.066,1242.019928,-0.38673584443173326
2026-06-24 14:18:42.538718+02:00,25.063,1242.310866,-0.38973584443173337
2026-06-24 14:18:42.829929+02:00,25.062,1242.602077,-0.39073584443173104
2026-06-24 14:18:43.121453+02:00,25.063,1242.893601,-0.38973584443173337
2026-06-24 14:18:43.417875+02:00,25.062,1243.190023,-0.39073584443173104
2026-06-24 14:18:43.706932+02:00,25.059,1243.47908,-0.39373584443173115
2026-06-24 14:18:44.000381+02:00,25.061,1243.772529,-0.39173584443173226
2026-06-24 14:18:44.291234+02:00,25.059,1244.063382,-0.39373584443173115
2026-06-24 14:18:44.585705+02:00,25.058,1244.357853,-0.3947358444317324
2026-06-24 14:18:44.875345+02:00,25.059,1244.647493,-0.39373584443173115
2026-06-24 14:18:45.166066+02:00,25.058,1244.938214,-0.3947358444317324
2026-06-24 14:18:45.470626+02:00,25.056,1245.242774,-0.39673584443173127
2026-06-24 14:18:45.760430+02:00,25.055,1245.532578,-0.3977358444317325
2026-06-24 14:18:46.052332+02:00,25.052,1245.82448,-0.4007358444317326
2026-06-24 14:18:46.343125+02:00,25.053,1246.115273,-0.3997358444317314
2026-06-24 14:18:46.636215+02:00,25.052,1246.408363,-0.4007358444317326
2026-06-24 14:18:46.934515+02:00,25.051,1246.706663,-0.4017358444317338
2026-06-24 14:18:47.232915+02:00,25.049,1247.005063,-0.4037358444317327
2026-06-24 14:18:47.522062+02:00,25.048,1247.29421,-0.40473584443173394
2026-06-24 14:18:47.813836+02:00,25.047,1247.585984,-0.4057358444317316
2026-06-24 14:18:48.105467+02:00,25.047,1247.877615,-0.4057358444317316
2026-06-24 14:18:48.404485+02:00,25.045,1248.176633,-0.4077358444317305
2026-06-24 14:18:48.698538+02:00,25.044,1248.470686,-0.4087358444317317
2026-06-24 14:18:48.990754+02:00,25.044,1248.762902,-0.4087358444317317
2026-06-24 14:18:49.281013+02:00,25.043,1249.053161,-0.40973584443173294
2026-06-24 14:18:49.574789+02:00,25.044,1249.346937,-0.4087358444317317
2026-06-24 14:18:49.869129+02:00,25.042,1249.641277,-0.4107358444317306
2026-06-24 14:18:50.160061+02:00,25.041,1249.932209,-0.41173584443173183
2026-06-24 14:18:50.450147+02:00,25.041,1250.222295,-0.41173584443173183
2026-06-24 14:18:50.743241+02:00,25.041,1250.515389,-0.41173584443173183
2026-06-24 14:18:51.038682+02:00,25.04,1250.81083,-0.41273584443173306
2026-06-24 14:18:51.333349+02:00,25.039,1251.105497,-0.4137358444317307
2026-06-24 14:18:51.625904+02:00,25.039,1251.398052,-0.4137358444317307
2026-06-24 14:18:51.923866+02:00,25.037,1251.696014,-0.41573584443173317
2026-06-24 14:18:52.213898+02:00,25.035,1251.986046,-0.41773584443173206
2026-06-24 14:18:52.505605+02:00,25.037,1252.277753,-0.41573584443173317
2026-06-24 14:18:52.803060+02:00,25.034,1252.575208,-0.4187358444317333
2026-06-24 14:18:53.101362+02:00,25.033,1252.87351,-0.41973584443173095
2026-06-24 14:18:53.403543+02:00,25.035,1253.175691,-0.41773584443173206
2026-06-24 14:18:53.697442+02:00,25.034,1253.46959,-0.4187358444317333
2026-06-24 14:18:53.993368+02:00,25.034,1253.765516,-0.4187358444317333
2026-06-24 14:18:54.285637+02:00,25.032,1254.057785,-0.4207358444317322
2026-06-24 14:18:54.582299+02:00,25.031,1254.354447,-0.4217358444317334
2026-06-24 14:18:54.875116+02:00,25.03,1254.647264,-0.42273584443173107
2026-06-24 14:18:55.166563+02:00,25.03,1254.938711,-0.42273584443173107
2026-06-24 14:18:55.465960+02:00,25.03,1255.238108,-0.42273584443173107
2026-06-24 14:18:55.758751+02:00,25.028,1255.530899,-0.4247358444317335
2026-06-24 14:18:56.049656+02:00,25.025,1255.821804,-0.4277358444317336
2026-06-24 14:18:56.352093+02:00,25.026,1256.124241,-0.4267358444317324
2026-06-24 14:18:56.645241+02:00,25.024,1256.417389,-0.4287358444317313
2026-06-24 14:18:56.946078+02:00,25.024,1256.718226,-0.4287358444317313
2026-06-24 14:18:57.246110+02:00,25.023,1257.018258,-0.4297358444317325
2026-06-24 14:18:57.545469+02:00,25.02,1257.317617,-0.43273584443173263
2026-06-24 14:18:57.835081+02:00,25.02,1257.607229,-0.43273584443173263
2026-06-24 14:18:58.126072+02:00,25.018,1257.89822,-0.4347358444317315
2026-06-24 14:18:58.416603+02:00,25.015,1258.188751,-0.43773584443173164
2026-06-24 14:18:58.712372+02:00,25.014,1258.48452,-0.43873584443173286
2026-06-24 14:18:59.012540+02:00,25.016,1258.784688,-0.43673584443173397
2026-06-24 14:18:59.304442+02:00,25.013,1259.07659,-0.4397358444317305
2026-06-24 14:18:59.599044+02:00,25.012,1259.371192,-0.44073584443173175
2026-06-24 14:18:59.889455+02:00,25.014,1259.661603,-0.43873584443173286
2026-06-24 14:19:00.190306+02:00,25.014,1259.962454,-0.43873584443173286
2026-06-24 14:19:00.494323+02:00,25.014,1260.266471,-0.43873584443173286
2026-06-24 14:19:00.789070+02:00,25.011,1260.561218,-0.44173584443173297
2026-06-24 14:19:01.082080+02:00,25.009,1260.854228,-0.44373584443173186
2026-06-24 14:19:01.372423+02:00,25.01,1261.144571,-0.44273584443173064
2026-06-24 14:19:01.668261+02:00,25.009,1261.440409,-0.44373584443173186
2026-06-24 14:19:01.961150+02:00,25.006,1261.733298,-0.446735844431732
2026-06-24 14:19:02.251765+02:00,25.004,1262.023913,-0.44873584443173087
2026-06-24 14:19:02.550822+02:00,25.005,1262.32297,-0.4477358444317332
2026-06-24 14:19:02.852068+02:00,25.005,1262.624216,-0.4477358444317332
2026-06-24 14:19:03.152049+02:00,25.006,1262.924197,-0.446735844431732
2026-06-24 14:19:03.453015+02:00,25.005,1263.225163,-0.4477358444317332
2026-06-24 14:19:03.746708+02:00,25.004,1263.518856,-0.44873584443173087
2026-06-24 14:19:04.041254+02:00,25.003,1263.813402,-0.4497358444317321
2026-06-24 14:19:04.333298+02:00,25.0,1264.105446,-0.4527358444317322
2026-06-24 14:19:04.623962+02:00,25.0,1264.39611,-0.4527358444317322
2026-06-24 14:19:04.915788+02:00,25.0,1264.687936,-0.4527358444317322
2026-06-24 14:19:05.206680+02:00,24.997,1264.978828,-0.4557358444317323
2026-06-24 14:19:05.501394+02:00,24.997,1265.273542,-0.4557358444317323
2026-06-24 14:19:05.795436+02:00,24.995,1265.567584,-0.4577358444317312
2026-06-24 14:19:06.092680+02:00,24.995,1265.864828,-0.4577358444317312
2026-06-24 14:19:06.384849+02:00,24.994,1266.156997,-0.45873584443173243
2026-06-24 14:19:06.677239+02:00,24.994,1266.449387,-0.45873584443173243
2026-06-24 14:19:06.970219+02:00,24.992,1266.742367,-0.4607358444317313
2026-06-24 14:19:07.263439+02:00,24.993,1267.035587,-0.45973584443173365
2026-06-24 14:19:07.556832+02:00,24.993,1267.32898,-0.45973584443173365
2026-06-24 14:19:07.847593+02:00,24.991,1267.619741,-0.46173584443173254
2026-06-24 14:19:08.143558+02:00,24.987,1267.915706,-0.4657358444317339
2026-06-24 14:19:08.444022+02:00,24.985,1268.21617,-0.4677358444317328
2026-06-24 14:19:08.740852+02:00,24.987,1268.513,-0.4657358444317339
2026-06-24 14:19:09.034050+02:00,24.984,1268.806198,-0.46873584443173044
2026-06-24 14:19:09.325891+02:00,24.985,1269.098039,-0.4677358444317328
2026-06-24 14:19:09.617148+02:00,24.98,1269.389296,-0.4727358444317318
2026-06-24 14:19:09.907399+02:00,24.98,1269.679547,-0.4727358444317318
2026-06-24 14:19:10.199505+02:00,24.98,1269.971653,-0.4727358444317318
2026-06-24 14:19:10.493325+02:00,24.975,1270.265473,-0.4777358444317308
2026-06-24 14:19:10.794491+02:00,24.976,1270.566639,-0.4767358444317331
2026-06-24 14:19:11.088257+02:00,24.975,1270.860405,-0.4777358444317308
2026-06-24 14:19:11.378607+02:00,24.976,1271.150755,-0.4767358444317331
2026-06-24 14:19:11.675738+02:00,24.974,1271.447886,-0.478735844431732
2026-06-24 14:19:11.973681+02:00,24.974,1271.745829,-0.478735844431732
2026-06-24 14:19:12.265083+02:00,24.971,1272.037231,-0.4817358444317321
2026-06-24 14:19:12.558632+02:00,24.97,1272.33078,-0.48273584443173334
2026-06-24 14:19:12.853951+02:00,24.97,1272.626099,-0.48273584443173334
2026-06-24 14:19:13.146578+02:00,24.968,1272.918726,-0.48473584443173223
2026-06-24 14:19:13.444006+02:00,24.967,1273.216154,-0.48573584443173345
2026-06-24 14:19:13.735734+02:00,24.965,1273.507882,-0.48773584443173235
2026-06-24 14:19:14.032237+02:00,24.964,1273.804385,-0.48873584443173357
2026-06-24 14:19:14.326659+02:00,24.964,1274.098807,-0.48873584443173357
2026-06-24 14:19:14.621848+02:00,24.967,1274.393996,-0.48573584443173345
2026-06-24 14:19:14.910989+02:00,24.964,1274.683137,-0.48873584443173357
2026-06-24 14:19:15.202602+02:00,24.96,1274.97475,-0.49273584443173135
2026-06-24 14:19:15.495718+02:00,24.961,1275.267866,-0.4917358444317337
2026-06-24 14:19:15.789540+02:00,24.958,1275.561688,-0.4947358444317338
2026-06-24 14:19:16.080779+02:00,24.956,1275.852927,-0.4967358444317327
2026-06-24 14:19:16.372068+02:00,24.955,1276.144216,-0.4977358444317339
2026-06-24 14:19:16.664292+02:00,24.956,1276.43644,-0.4967358444317327
2026-06-24 14:19:16.955141+02:00,24.957,1276.727289,-0.49573584443173146
2026-06-24 14:19:17.247828+02:00,24.956,1277.019976,-0.4967358444317327
2026-06-24 14:19:17.547389+02:00,24.957,1277.319537,-0.49573584443173146
2026-06-24 14:19:17.840427+02:00,24.954,1277.612575,-0.4987358444317316
2026-06-24 14:19:18.135025+02:00,24.952,1277.907173,-0.5007358444317305
2026-06-24 14:19:18.429236+02:00,24.951,1278.201384,-0.5017358444317317
2026-06-24 14:19:18.724419+02:00,24.952,1278.496567,-0.5007358444317305
2026-06-24 14:19:19.021043+02:00,24.952,1278.793191,-0.5007358444317305
2026-06-24 14:19:19.320568+02:00,24.949,1279.092716,-0.5037358444317306
2026-06-24 14:19:19.614865+02:00,24.95,1279.387013,-0.5027358444317329
2026-06-24 14:19:19.906997+02:00,24.95,1279.679145,-0.5027358444317329
2026-06-24 14:19:20.201022+02:00,24.95,1279.97317,-0.5027358444317329
2026-06-24 14:19:20.497489+02:00,24.948,1280.269637,-0.5047358444317318
2026-06-24 14:19:20.792271+02:00,24.945,1280.564419,-0.5077358444317319
2026-06-24 14:19:21.089895+02:00,24.942,1280.862043,-0.510735844431732
2026-06-24 14:19:21.388582+02:00,24.945,1281.16073,-0.5077358444317319
2026-06-24 14:19:21.681066+02:00,24.943,1281.453214,-0.5097358444317308
2026-06-24 14:19:21.972569+02:00,24.941,1281.744717,-0.5117358444317333
2026-06-24 14:19:22.265283+02:00,24.944,1282.037431,-0.5087358444317331
2026-06-24 14:19:22.557023+02:00,24.941,1282.329171,-0.5117358444317333
2026-06-24 14:19:22.853563+02:00,24.938,1282.625711,-0.5147358444317334
2026-06-24 14:19:23.148442+02:00,24.936,1282.92059,-0.5167358444317323
2026-06-24 14:19:23.440657+02:00,24.936,1283.212805,-0.5167358444317323
2026-06-24 14:19:23.738257+02:00,24.936,1283.510405,-0.5167358444317323
2026-06-24 14:19:24.040218+02:00,24.937,1283.812366,-0.515735844431731
2026-06-24 14:19:24.334237+02:00,24.933,1284.106385,-0.5197358444317324
2026-06-24 14:19:24.623458+02:00,24.934,1284.395606,-0.5187358444317312
2026-06-24 14:19:24.916436+02:00,24.931,1284.688584,-0.5217358444317313
2026-06-24 14:19:25.213927+02:00,24.931,1284.986075,-0.5217358444317313
2026-06-24 14:19:25.504433+02:00,24.933,1285.276581,-0.5197358444317324
2026-06-24 14:19:25.797918+02:00,24.931,1285.570066,-0.5217358444317313
2026-06-24 14:19:26.094496+02:00,24.93,1285.866644,-0.5227358444317325
2026-06-24 14:19:26.391105+02:00,24.931,1286.163253,-0.5217358444317313
2026-06-24 14:19:26.688832+02:00,24.929,1286.46098,-0.5237358444317337
2026-06-24 14:19:26.985011+02:00,24.93,1286.757159,-0.5227358444317325
2026-06-24 14:19:27.280914+02:00,24.927,1287.053062,-0.5257358444317326
2026-06-24 14:19:27.572214+02:00,24.926,1287.344362,-0.5267358444317338
2026-06-24 14:19:27.860395+02:00,24.928,1287.632543,-0.5247358444317314
2026-06-24 14:19:28.152491+02:00,24.928,1287.924639,-0.5247358444317314
2026-06-24 14:19:28.442308+02:00,24.925,1288.214456,-0.5277358444317315
2026-06-24 14:19:28.734066+02:00,24.925,1288.506214,-0.5277358444317315
2026-06-24 14:19:29.028023+02:00,24.924,1288.800171,-0.5287358444317327
2026-06-24 14:19:29.329993+02:00,24.927,1289.102141,-0.5257358444317326
2026-06-24 14:19:29.620561+02:00,24.923,1289.392709,-0.5297358444317339
2026-06-24 14:19:29.915054+02:00,24.922,1289.687202,-0.5307358444317316
2026-06-24 14:19:30.217600+02:00,24.921,1289.989748,-0.5317358444317328
2026-06-24 14:19:30.509442+02:00,24.921,1290.28159,-0.5317358444317328
2026-06-24 14:19:30.801187+02:00,24.921,1290.573335,-0.5317358444317328
2026-06-24 14:19:31.097755+02:00,24.919,1290.869903,-0.5337358444317317
2026-06-24 14:19:31.387862+02:00,24.918,1291.16001,-0.5347358444317329
2026-06-24 14:19:31.681569+02:00,24.917,1291.453717,-0.5357358444317306
2026-06-24 14:19:31.974604+02:00,24.917,1291.746752,-0.5357358444317306
2026-06-24 14:19:32.266169+02:00,24.917,1292.038317,-0.5357358444317306
2026-06-24 14:19:32.573518+02:00,24.916,1292.345666,-0.5367358444317318
2026-06-24 14:19:32.874481+02:00,24.917,1292.646629,-0.5357358444317306
2026-06-24 14:19:33.173870+02:00,24.914,1292.946018,-0.5387358444317307
2026-06-24 14:19:33.467432+02:00,24.913,1293.23958,-0.539735844431732
2026-06-24 14:19:33.758533+02:00,24.911,1293.530681,-0.5417358444317308
2026-06-24 14:19:34.053052+02:00,24.911,1293.8252,-0.5417358444317308
2026-06-24 14:19:34.351390+02:00,24.91,1294.123538,-0.5427358444317321
2026-06-24 14:19:34.643848+02:00,24.908,1294.415996,-0.544735844431731
2026-06-24 14:19:34.936650+02:00,24.911,1294.708798,-0.5417358444317308
2026-06-24 14:19:35.236112+02:00,24.91,1295.00826,-0.5427358444317321
2026-06-24 14:19:35.527226+02:00,24.909,1295.299374,-0.5437358444317333
2026-06-24 14:19:35.823642+02:00,24.91,1295.59579,-0.5427358444317321
2026-06-24 14:19:36.125022+02:00,24.911,1295.89717,-0.5417358444317308
2026-06-24 14:19:36.423549+02:00,24.907,1296.195697,-0.5457358444317322
2026-06-24 14:19:36.714290+02:00,24.907,1296.486438,-0.5457358444317322
2026-06-24 14:19:37.005622+02:00,24.905,1296.77777,-0.5477358444317311
2026-06-24 14:19:37.302171+02:00,24.905,1297.074319,-0.5477358444317311
2026-06-24 14:19:37.592861+02:00,24.904,1297.365009,-0.5487358444317323
2026-06-24 14:19:37.885729+02:00,24.903,1297.657877,-0.5497358444317335
2026-06-24 14:19:38.176525+02:00,24.903,1297.948673,-0.5497358444317335
2026-06-24 14:19:38.467857+02:00,24.905,1298.240005,-0.5477358444317311
2026-06-24 14:19:38.766730+02:00,24.903,1298.538878,-0.5497358444317335
2026-06-24 14:19:39.059020+02:00,24.904,1298.831168,-0.5487358444317323
2026-06-24 14:19:39.350536+02:00,24.903,1299.122684,-0.5497358444317335
2026-06-24 14:19:39.647599+02:00,24.901,1299.419747,-0.5517358444317324
2026-06-24 14:19:39.940800+02:00,24.9,1299.712948,-0.5527358444317336
2026-06-24 14:19:40.231765+02:00,24.897,1300.003913,-0.5557358444317337
2026-06-24 14:19:40.530764+02:00,24.9,1300.302912,-0.5527358444317336
2026-06-24 14:19:40.820845+02:00,24.9,1300.592993,-0.5527358444317336
2026-06-24 14:19:41.116596+02:00,24.899,1300.888744,-0.5537358444317313
2026-06-24 14:19:41.411357+02:00,24.899,1301.183505,-0.5537358444317313
2026-06-24 14:19:41.700864+02:00,24.898,1301.473012,-0.5547358444317325
2026-06-24 14:19:41.997958+02:00,24.901,1301.770106,-0.5517358444317324
2026-06-24 14:19:42.288910+02:00,24.897,1302.061058,-0.5557358444317337
2026-06-24 14:19:42.579970+02:00,24.898,1302.352118,-0.5547358444317325
2026-06-24 14:19:42.869333+02:00,24.896,1302.641481,-0.5567358444317314
2026-06-24 14:19:43.166500+02:00,24.898,1302.938648,-0.5547358444317325
2026-06-24 14:19:43.465496+02:00,24.897,1303.237644,-0.5557358444317337
2026-06-24 14:19:43.756346+02:00,24.896,1303.528494,-0.5567358444317314
2026-06-24 14:19:44.048891+02:00,24.895,1303.821039,-0.5577358444317326
2026-06-24 14:19:44.339822+02:00,24.894,1304.11197,-0.5587358444317339
2026-06-24 14:19:44.632172+02:00,24.894,1304.40432,-0.5587358444317339
2026-06-24 14:19:44.924458+02:00,24.894,1304.696606,-0.5587358444317339
2026-06-24 14:19:45.218326+02:00,24.893,1304.990474,-0.5597358444317315
2026-06-24 14:19:45.520194+02:00,24.893,1305.292342,-0.5597358444317315
2026-06-24 14:19:45.811466+02:00,24.889,1305.583614,-0.5637358444317329
2026-06-24 14:19:46.103825+02:00,24.892,1305.875973,-0.5607358444317327
2026-06-24 14:19:46.394598+02:00,24.89,1306.166746,-0.5627358444317316
2026-06-24 14:19:46.688567+02:00,24.891,1306.460715,-0.561735844431734
2026-06-24 14:19:46.981439+02:00,24.895,1306.753587,-0.5577358444317326
2026-06-24 14:19:47.274153+02:00,24.889,1307.046301,-0.5637358444317329
2026-06-24 14:19:47.572244+02:00,24.893,1307.344392,-0.5597358444317315
2026-06-24 14:19:47.864105+02:00,24.89,1307.636253,-0.5627358444317316
2026-06-24 14:19:48.160047+02:00,24.888,1307.932195,-0.5647358444317305
2026-06-24 14:19:48.453670+02:00,24.886,1308.225818,-0.566735844431733
2026-06-24 14:19:48.749750+02:00,24.888,1308.521898,-0.5647358444317305
2026-06-24 14:19:49.039553+02:00,24.889,1308.811701,-0.5637358444317329
2026-06-24 14:19:49.338750+02:00,24.886,1309.110898,-0.566735844431733
2026-06-24 14:19:49.635727+02:00,24.885,1309.407875,-0.5677358444317306
2026-06-24 14:19:49.927014+02:00,24.885,1309.699162,-0.5677358444317306
2026-06-24 14:19:50.215943+02:00,24.886,1309.988091,-0.566735844431733
2026-06-24 14:19:50.512410+02:00,24.883,1310.284558,-0.5697358444317331
2026-06-24 14:19:50.801264+02:00,24.882,1310.573412,-0.5707358444317308
2026-06-24 14:19:51.095551+02:00,24.886,1310.867699,-0.566735844431733
2026-06-24 14:19:51.386794+02:00,24.887,1311.158942,-0.5657358444317317
2026-06-24 14:19:51.683059+02:00,24.884,1311.455207,-0.5687358444317319
2026-06-24 14:19:51.977267+02:00,24.888,1311.749415,-0.5647358444317305
2026-06-24 14:19:52.267537+02:00,24.883,1312.039685,-0.5697358444317331
2026-06-24 14:19:52.568926+02:00,24.884,1312.341074,-0.5687358444317319
2026-06-24 14:19:52.862929+02:00,24.885,1312.635077,-0.5677358444317306
2026-06-24 14:19:53.161832+02:00,24.882,1312.93398,-0.5707358444317308
2026-06-24 14:19:53.454138+02:00,24.884,1313.226286,-0.5687358444317319
2026-06-24 14:19:53.746743+02:00,24.885,1313.518891,-0.5677358444317306
2026-06-24 14:19:54.038132+02:00,24.883,1313.81028,-0.5697358444317331
2026-06-24 14:19:54.331561+02:00,24.883,1314.103709,-0.5697358444317331
2026-06-24 14:19:54.629405+02:00,24.882,1314.401553,-0.5707358444317308
2026-06-24 14:19:54.927904+02:00,24.877,1314.700052,-0.5757358444317333
2026-06-24 14:19:55.223758+02:00,24.883,1314.995906,-0.5697358444317331
2026-06-24 14:19:55.519751+02:00,24.881,1315.291899,-0.571735844431732
2026-06-24 14:19:55.811866+02:00,24.88,1315.584014,-0.5727358444317332
2026-06-24 14:19:56.103098+02:00,24.881,1315.875246,-0.571735844431732
2026-06-24 14:19:56.393789+02:00,24.879,1316.165937,-0.5737358444317309
2026-06-24 14:19:56.684697+02:00,24.879,1316.456845,-0.5737358444317309
2026-06-24 14:19:56.977122+02:00,24.88,1316.74927,-0.5727358444317332
2026-06-24 14:19:57.271510+02:00,24.879,1317.043658,-0.5737358444317309
2026-06-24 14:19:57.562410+02:00,24.875,1317.334558,-0.5777358444317322
2026-06-24 14:19:57.853184+02:00,24.879,1317.625332,-0.5737358444317309
2026-06-24 14:19:58.144393+02:00,24.879,1317.916541,-0.5737358444317309
2026-06-24 14:19:58.438251+02:00,24.879,1318.210399,-0.5737358444317309
2026-06-24 14:19:58.727978+02:00,24.878,1318.500126,-0.5747358444317321
2026-06-24 14:19:59.020206+02:00,24.879,1318.792354,-0.5737358444317309
2026-06-24 14:19:59.311436+02:00,24.878,1319.083584,-0.5747358444317321
2026-06-24 14:19:59.608468+02:00,24.876,1319.380616,-0.576735844431731
2026-06-24 14:19:59.898163+02:00,24.878,1319.670311,-0.5747358444317321
2026-06-24 14:20:00.201805+02:00,24.876,1319.973953,-0.576735844431731
2026-06-24 14:20:00.495479+02:00,24.877,1320.267627,-0.5757358444317333
2026-06-24 14:20:00.786898+02:00,24.876,1320.559046,-0.576735844431731
2026-06-24 14:20:01.076626+02:00,24.876,1320.848774,-0.576735844431731
2026-06-24 14:20:01.366976+02:00,24.877,1321.139124,-0.5757358444317333
2026-06-24 14:20:01.661142+02:00,24.877,1321.43329,-0.5757358444317333
2026-06-24 14:20:01.953115+02:00,24.876,1321.725263,-0.576735844431731
2026-06-24 14:20:02.246397+02:00,24.877,1322.018545,-0.5757358444317333
2026-06-24 14:20:02.539090+02:00,24.877,1322.311238,-0.5757358444317333
2026-06-24 14:20:02.832294+02:00,24.877,1322.604442,-0.5757358444317333
2026-06-24 14:20:03.125738+02:00,24.875,1322.897886,-0.5777358444317322
2026-06-24 14:20:03.417059+02:00,24.876,1323.189207,-0.576735844431731
2026-06-24 14:20:03.710748+02:00,24.877,1323.482896,-0.5757358444317333
2026-06-24 14:20:04.003966+02:00,24.878,1323.776114,-0.5747358444317321
2026-06-24 14:20:04.295580+02:00,24.879,1324.067728,-0.5737358444317309
2026-06-24 14:20:04.587666+02:00,24.879,1324.359814,-0.5737358444317309
2026-06-24 14:20:04.879002+02:00,24.879,1324.65115,-0.5737358444317309
2026-06-24 14:20:05.171942+02:00,24.879,1324.94409,-0.5737358444317309
2026-06-24 14:20:05.462898+02:00,24.877,1325.235046,-0.5757358444317333
2026-06-24 14:20:05.752043+02:00,24.876,1325.524191,-0.576735844431731
2026-06-24 14:20:06.045284+02:00,24.875,1325.817432,-0.5777358444317322
2026-06-24 14:20:06.346172+02:00,24.875,1326.11832,-0.5777358444317322
2026-06-24 14:20:06.646112+02:00,24.875,1326.41826,-0.5777358444317322
2026-06-24 14:20:06.939362+02:00,24.876,1326.71151,-0.576735844431731
2026-06-24 14:20:07.237107+02:00,24.875,1327.009255,-0.5777358444317322
2026-06-24 14:20:07.527193+02:00,24.875,1327.299341,-0.5777358444317322
2026-06-24 14:20:07.823743+02:00,24.874,1327.595891,-0.5787358444317334
2026-06-24 14:20:08.113624+02:00,24.875,1327.885772,-0.5777358444317322
2026-06-24 14:20:08.407031+02:00,24.877,1328.179179,-0.5757358444317333
2026-06-24 14:20:08.699162+02:00,24.875,1328.47131,-0.5777358444317322
2026-06-24 14:20:08.995106+02:00,24.876,1328.767254,-0.576735844431731
2026-06-24 14:20:09.285639+02:00,24.877,1329.057787,-0.5757358444317333
2026-06-24 14:20:09.578739+02:00,24.878,1329.350887,-0.5747358444317321
2026-06-24 14:20:09.877119+02:00,24.878,1329.649267,-0.5747358444317321
2026-06-24 14:20:10.174628+02:00,24.876,1329.946776,-0.576735844431731
2026-06-24 14:20:10.466712+02:00,24.878,1330.23886,-0.5747358444317321
2026-06-24 14:20:10.764757+02:00,24.875,1330.536905,-0.5777358444317322
2026-06-24 14:20:11.054649+02:00,24.875,1330.826797,-0.5777358444317322
2026-06-24 14:20:11.346689+02:00,24.878,1331.118837,-0.5747358444317321
2026-06-24 14:20:11.639957+02:00,24.876,1331.412105,-0.576735844431731
2026-06-24 14:20:11.930978+02:00,24.877,1331.703126,-0.5757358444317333
2026-06-24 14:20:12.223947+02:00,24.879,1331.996095,-0.5737358444317309
2026-06-24 14:20:12.515455+02:00,24.876,1332.287603,-0.576735844431731
2026-06-24 14:20:12.807080+02:00,24.878,1332.579228,-0.5747358444317321
2026-06-24 14:20:13.097944+02:00,24.874,1332.870092,-0.5787358444317334
2026-06-24 14:20:13.389818+02:00,24.879,1333.161966,-0.5737358444317309
2026-06-24 14:20:13.682595+02:00,24.876,1333.454743,-0.576735844431731
2026-06-24 14:20:13.973172+02:00,24.878,1333.74532,-0.5747358444317321
2026-06-24 14:20:14.271368+02:00,24.876,1334.043516,-0.576735844431731
2026-06-24 14:20:14.569342+02:00,24.876,1334.34149,-0.576735844431731
2026-06-24 14:20:14.861397+02:00,24.876,1334.633545,-0.576735844431731
2026-06-24 14:20:15.155879+02:00,24.877,1334.928027,-0.5757358444317333
2026-06-24 14:20:15.445629+02:00,24.878,1335.217777,-0.5747358444317321
2026-06-24 14:20:15.738223+02:00,24.878,1335.510371,-0.5747358444317321
2026-06-24 14:20:16.029580+02:00,24.879,1335.801728,-0.5737358444317309
2026-06-24 14:20:16.328009+02:00,24.88,1336.100157,-0.5727358444317332
2026-06-24 14:20:16.620999+02:00,24.879,1336.393147,-0.5737358444317309
2026-06-24 14:20:16.916005+02:00,24.879,1336.688153,-0.5737358444317309
2026-06-24 14:20:17.205303+02:00,24.88,1336.977451,-0.5727358444317332
2026-06-24 14:20:17.501699+02:00,24.879,1337.273847,-0.5737358444317309
2026-06-24 14:20:17.793689+02:00,24.879,1337.565837,-0.5737358444317309
2026-06-24 14:20:18.088688+02:00,24.879,1337.860836,-0.5737358444317309
2026-06-24 14:20:18.380825+02:00,24.879,1338.152973,-0.5737358444317309
2026-06-24 14:20:18.681044+02:00,24.879,1338.453192,-0.5737358444317309
2026-06-24 14:20:18.970019+02:00,24.88,1338.742167,-0.5727358444317332
2026-06-24 14:20:19.262853+02:00,24.882,1339.035001,-0.5707358444317308
2026-06-24 14:20:19.554944+02:00,24.878,1339.327092,-0.5747358444317321
2026-06-24 14:20:19.852343+02:00,24.879,1339.624491,-0.5737358444317309
2026-06-24 14:20:20.157559+02:00,24.883,1339.929707,-0.5697358444317331
2026-06-24 14:20:20.453319+02:00,24.882,1340.225467,-0.5707358444317308
2026-06-24 14:20:20.747192+02:00,24.882,1340.51934,-0.5707358444317308
2026-06-24 14:20:21.037077+02:00,24.882,1340.809225,-0.5707358444317308
2026-06-24 14:20:21.328055+02:00,24.883,1341.100203,-0.5697358444317331
2026-06-24 14:20:21.623298+02:00,24.882,1341.395446,-0.5707358444317308
2026-06-24 14:20:21.914936+02:00,24.885,1341.687084,-0.5677358444317306
2026-06-24 14:20:22.207081+02:00,24.883,1341.979229,-0.5697358444317331
2026-06-24 14:20:22.499923+02:00,24.885,1342.272071,-0.5677358444317306
2026-06-24 14:20:22.796367+02:00,24.885,1342.568515,-0.5677358444317306
2026-06-24 14:20:23.094322+02:00,24.888,1342.86647,-0.5647358444317305
2026-06-24 14:20:23.384327+02:00,24.884,1343.156475,-0.5687358444317319
2026-06-24 14:20:23.675077+02:00,24.884,1343.447225,-0.5687358444317319
2026-06-24 14:20:23.965962+02:00,24.889,1343.73811,-0.5637358444317329
2026-06-24 14:20:24.260768+02:00,24.886,1344.032916,-0.566735844431733
2026-06-24 14:20:24.554138+02:00,24.884,1344.326286,-0.5687358444317319
2026-06-24 14:20:24.846742+02:00,24.883,1344.61889,-0.5697358444317331
2026-06-24 14:20:25.138034+02:00,24.885,1344.910182,-0.5677358444317306
2026-06-24 14:20:25.435261+02:00,24.887,1345.207409,-0.5657358444317317
2026-06-24 14:20:25.737597+02:00,24.887,1345.509745,-0.5657358444317317
2026-06-24 14:20:26.032378+02:00,24.89,1345.804526,-0.5627358444317316
2026-06-24 14:20:26.324540+02:00,24.889,1346.096688,-0.5637358444317329
2026-06-24 14:20:26.614718+02:00,24.888,1346.386866,-0.5647358444317305
2026-06-24 14:20:26.917809+02:00,24.894,1346.689957,-0.5587358444317339
2026-06-24 14:20:27.217695+02:00,24.892,1346.989843,-0.5607358444317327
2026-06-24 14:20:27.517059+02:00,24.891,1347.289207,-0.561735844431734
2026-06-24 14:20:27.807369+02:00,24.895,1347.579517,-0.5577358444317326
2026-06-24 14:20:28.102051+02:00,24.894,1347.874199,-0.5587358444317339
2026-06-24 14:20:28.395405+02:00,24.894,1348.167553,-0.5587358444317339
2026-06-24 14:20:28.687348+02:00,24.891,1348.459496,-0.561735844431734
2026-06-24 14:20:28.976676+02:00,24.893,1348.748824,-0.5597358444317315
2026-06-24 14:20:29.282523+02:00,24.893,1349.054671,-0.5597358444317315
2026-06-24 14:20:29.581159+02:00,24.897,1349.353307,-0.5557358444317337
2026-06-24 14:20:29.882481+02:00,24.896,1349.654629,-0.5567358444317314
2026-06-24 14:20:30.179441+02:00,24.895,1349.951589,-0.5577358444317326
2026-06-24 14:20:30.471105+02:00,24.894,1350.243253,-0.5587358444317339
2026-06-24 14:20:30.762449+02:00,24.895,1350.534597,-0.5577358444317326
2026-06-24 14:20:31.054550+02:00,24.9,1350.826698,-0.5527358444317336
2026-06-24 14:20:31.348145+02:00,24.899,1351.120293,-0.5537358444317313
2026-06-24 14:20:31.641545+02:00,24.899,1351.413693,-0.5537358444317313
2026-06-24 14:20:31.933837+02:00,24.903,1351.705985,-0.5497358444317335
2026-06-24 14:20:32.230650+02:00,24.902,1352.002798,-0.5507358444317312
2026-06-24 14:20:32.523186+02:00,24.901,1352.295334,-0.5517358444317324
2026-06-24 14:20:32.813678+02:00,24.901,1352.585826,-0.5517358444317324
2026-06-24 14:20:33.105720+02:00,24.906,1352.877868,-0.5467358444317334
2026-06-24 14:20:33.405335+02:00,24.907,1353.177483,-0.5457358444317322
2026-06-24 14:20:33.697856+02:00,24.906,1353.470004,-0.5467358444317334
2026-06-24 14:20:33.993214+02:00,24.905,1353.765362,-0.5477358444317311
2026-06-24 14:20:34.285041+02:00,24.907,1354.057189,-0.5457358444317322
2026-06-24 14:20:34.578937+02:00,24.908,1354.351085,-0.544735844431731
2026-06-24 14:20:34.878729+02:00,24.908,1354.650877,-0.544735844431731
2026-06-24 14:20:35.168538+02:00,24.909,1354.940686,-0.5437358444317333
2026-06-24 14:20:35.459482+02:00,24.91,1355.23163,-0.5427358444317321
2026-06-24 14:20:35.752174+02:00,24.908,1355.524322,-0.544735844431731
2026-06-24 14:20:36.051394+02:00,24.91,1355.823542,-0.5427358444317321
2026-06-24 14:20:36.344058+02:00,24.911,1356.116206,-0.5417358444317308
2026-06-24 14:20:36.635676+02:00,24.913,1356.407824,-0.539735844431732
2026-06-24 14:20:36.927562+02:00,24.913,1356.69971,-0.539735844431732
2026-06-24 14:20:37.228064+02:00,24.914,1357.000212,-0.5387358444317307
2026-06-24 14:20:37.518279+02:00,24.914,1357.290427,-0.5387358444317307
2026-06-24 14:20:37.811247+02:00,24.913,1357.583395,-0.539735844431732
2026-06-24 14:20:38.102616+02:00,24.915,1357.874764,-0.5377358444317331
2026-06-24 14:20:38.394886+02:00,24.917,1358.167034,-0.5357358444317306
2026-06-24 14:20:38.688178+02:00,24.917,1358.460326,-0.5357358444317306
2026-06-24 14:20:38.980006+02:00,24.919,1358.752154,-0.5337358444317317
2026-06-24 14:20:39.273939+02:00,24.917,1359.046087,-0.5357358444317306
2026-06-24 14:20:39.571461+02:00,24.919,1359.343609,-0.5337358444317317
2026-06-24 14:20:39.862683+02:00,24.919,1359.634831,-0.5337358444317317
2026-06-24 14:20:40.154610+02:00,24.921,1359.926758,-0.5317358444317328
2026-06-24 14:20:40.446678+02:00,24.922,1360.218826,-0.5307358444317316
2026-06-24 14:20:40.739597+02:00,24.923,1360.511745,-0.5297358444317339
2026-06-24 14:20:41.030365+02:00,24.924,1360.802513,-0.5287358444317327
2026-06-24 14:20:41.323237+02:00,24.923,1361.095385,-0.5297358444317339
2026-06-24 14:20:41.613689+02:00,24.924,1361.385837,-0.5287358444317327
2026-06-24 14:20:41.917967+02:00,24.928,1361.690115,-0.5247358444317314
2026-06-24 14:20:42.215567+02:00,24.926,1361.987715,-0.5267358444317338
2026-06-24 14:20:42.517872+02:00,24.929,1362.29002,-0.5237358444317337
2026-06-24 14:20:42.815585+02:00,24.93,1362.587733,-0.5227358444317325
2026-06-24 14:20:43.105400+02:00,24.932,1362.877548,-0.5207358444317336
2026-06-24 14:20:43.397230+02:00,24.936,1363.169378,-0.5167358444317323
2026-06-24 14:20:43.690017+02:00,24.931,1363.462165,-0.5217358444317313
2026-06-24 14:20:43.980529+02:00,24.933,1363.752677,-0.5197358444317324
2026-06-24 14:20:44.272087+02:00,24.935,1364.044235,-0.5177358444317335
2026-06-24 14:20:44.572014+02:00,24.936,1364.344162,-0.5167358444317323
2026-06-24 14:20:44.870603+02:00,24.939,1364.642751,-0.5137358444317321
2026-06-24 14:20:45.166111+02:00,24.938,1364.938259,-0.5147358444317334
2026-06-24 14:20:45.468045+02:00,24.941,1365.240193,-0.5117358444317333
2026-06-24 14:20:45.758472+02:00,24.942,1365.53062,-0.510735844431732
2026-06-24 14:20:46.049915+02:00,24.945,1365.822063,-0.5077358444317319
2026-06-24 14:20:46.344510+02:00,24.945,1366.116658,-0.5077358444317319
2026-06-24 14:20:46.636125+02:00,24.946,1366.408273,-0.5067358444317307
2026-06-24 14:20:46.927929+02:00,24.949,1366.700077,-0.5037358444317306
2026-06-24 14:20:47.218606+02:00,24.949,1366.990754,-0.5037358444317306
2026-06-24 14:20:47.513427+02:00,24.951,1367.285575,-0.5017358444317317
2026-06-24 14:20:47.804423+02:00,24.952,1367.576571,-0.5007358444317305
2026-06-24 14:20:48.095081+02:00,24.954,1367.867229,-0.4987358444317316
2026-06-24 14:20:48.387552+02:00,24.956,1368.1597,-0.4967358444317327
2026-06-24 14:20:48.677559+02:00,24.956,1368.449707,-0.4967358444317327
2026-06-24 14:20:48.975143+02:00,24.956,1368.747291,-0.4967358444317327
2026-06-24 14:20:49.269926+02:00,24.958,1369.042074,-0.4947358444317338
2026-06-24 14:20:49.561900+02:00,24.957,1369.334048,-0.49573584443173146
2026-06-24 14:20:49.856326+02:00,24.96,1369.628474,-0.49273584443173135
2026-06-24 14:20:50.153330+02:00,24.96,1369.925478,-0.49273584443173135
2026-06-24 14:20:50.458719+02:00,24.96,1370.230867,-0.49273584443173135
2026-06-24 14:20:50.760863+02:00,24.962,1370.533011,-0.49073584443173246
2026-06-24 14:20:51.058943+02:00,24.964,1370.831091,-0.48873584443173357
2026-06-24 14:20:51.354660+02:00,24.966,1371.126808,-0.4867358444317311
2026-06-24 14:20:51.644764+02:00,24.964,1371.416912,-0.48873584443173357
2026-06-24 14:20:51.938522+02:00,24.966,1371.71067,-0.4867358444317311
2026-06-24 14:20:52.232147+02:00,24.967,1372.004295,-0.48573584443173345
2026-06-24 14:20:52.524984+02:00,24.968,1372.297132,-0.48473584443173223
2026-06-24 14:20:52.817368+02:00,24.971,1372.589516,-0.4817358444317321
2026-06-24 14:20:53.110155+02:00,24.972,1372.882303,-0.4807358444317309
2026-06-24 14:20:53.406675+02:00,24.973,1373.178823,-0.4797358444317332
2026-06-24 14:20:53.703541+02:00,24.978,1373.475689,-0.47473584443173067
2026-06-24 14:20:54.001569+02:00,24.979,1373.773717,-0.473735844431733
2026-06-24 14:20:54.302135+02:00,24.977,1374.074283,-0.4757358444317319
2026-06-24 14:20:54.605680+02:00,24.979,1374.377828,-0.473735844431733
2026-06-24 14:20:54.898844+02:00,24.98,1374.670992,-0.4727358444317318
2026-06-24 14:20:55.198793+02:00,24.984,1374.970941,-0.46873584443173044
2026-06-24 14:20:55.491496+02:00,24.983,1375.263644,-0.46973584443173166
2026-06-24 14:20:55.784476+02:00,24.983,1375.556624,-0.46973584443173166
2026-06-24 14:20:56.075735+02:00,24.986,1375.847883,-0.46673584443173155
2026-06-24 14:20:56.373923+02:00,24.986,1376.146071,-0.46673584443173155
2026-06-24 14:20:56.665789+02:00,24.99,1376.437937,-0.46273584443173377
2026-06-24 14:20:56.958811+02:00,24.99,1376.730959,-0.46273584443173377
2026-06-24 14:20:57.249682+02:00,24.992,1377.02183,-0.4607358444317313
2026-06-24 14:20:57.549194+02:00,24.991,1377.321342,-0.46173584443173254
2026-06-24 14:20:57.849798+02:00,24.992,1377.621946,-0.4607358444317313
2026-06-24 14:20:58.144519+02:00,24.993,1377.916667,-0.45973584443173365
2026-06-24 14:20:58.441384+02:00,24.996,1378.213532,-0.45673584443173354
2026-06-24 14:20:58.733209+02:00,24.998,1378.505357,-0.4547358444317311
2026-06-24 14:20:59.025903+02:00,24.998,1378.798051,-0.4547358444317311
2026-06-24 14:20:59.318340+02:00,25.0,1379.090488,-0.4527358444317322
2026-06-24 14:20:59.608920+02:00,25.002,1379.381068,-0.4507358444317333
2026-06-24 14:20:59.900783+02:00,25.002,1379.672931,-0.4507358444317333
2026-06-24 14:21:00.200648+02:00,25.004,1379.972796,-0.44873584443173087
2026-06-24 14:21:00.491746+02:00,25.004,1380.263894,-0.44873584443173087
2026-06-24 14:21:00.783946+02:00,25.006,1380.556094,-0.446735844431732
2026-06-24 14:21:01.075445+02:00,25.004,1380.847593,-0.44873584443173087
2026-06-24 14:21:01.370428+02:00,25.009,1381.142576,-0.44373584443173186
2026-06-24 14:21:01.662003+02:00,25.009,1381.434151,-0.44373584443173186
2026-06-24 14:21:01.952468+02:00,25.01,1381.724616,-0.44273584443173064
2026-06-24 14:21:02.241508+02:00,25.012,1382.013656,-0.44073584443173175
2026-06-24 14:21:02.534120+02:00,25.014,1382.306268,-0.43873584443173286
2026-06-24 14:21:02.825173+02:00,25.015,1382.597321,-0.43773584443173164
2026-06-24 14:21:03.121024+02:00,25.017,1382.893172,-0.43573584443173274
2026-06-24 14:21:03.410797+02:00,25.021,1383.182945,-0.4317358444317314
2026-06-24 14:21:03.708395+02:00,25.019,1383.480543,-0.43373584443173385
2026-06-24 14:21:04.011283+02:00,25.022,1383.783431,-0.43073584443173374
2026-06-24 14:21:04.304399+02:00,25.024,1384.076547,-0.4287358444317313
2026-06-24 14:21:04.595449+02:00,25.022,1384.367597,-0.43073584443173374
2026-06-24 14:21:04.887793+02:00,25.028,1384.659941,-0.4247358444317335
2026-06-24 14:21:05.178588+02:00,25.027,1384.950736,-0.4257358444317312
2026-06-24 14:21:05.475206+02:00,25.028,1385.247354,-0.4247358444317335
2026-06-24 14:21:05.765920+02:00,25.028,1385.538068,-0.4247358444317335
2026-06-24 14:21:06.057984+02:00,25.03,1385.830132,-0.42273584443173107
2026-06-24 14:21:06.350901+02:00,25.033,1386.123049,-0.41973584443173095
2026-06-24 14:21:06.648896+02:00,25.034,1386.421044,-0.4187358444317333
2026-06-24 14:21:06.942927+02:00,25.035,1386.715075,-0.41773584443173206
2026-06-24 14:21:07.237999+02:00,25.039,1387.010147,-0.4137358444317307
2026-06-24 14:21:07.533632+02:00,25.036,1387.30578,-0.41673584443173084
2026-06-24 14:21:07.830229+02:00,25.039,1387.602377,-0.4137358444317307
2026-06-24 14:21:08.121941+02:00,25.039,1387.894089,-0.4137358444317307
2026-06-24 14:21:08.419449+02:00,25.04,1388.191597,-0.41273584443173306
2026-06-24 14:21:08.709040+02:00,25.04,1388.481188,-0.41273584443173306
2026-06-24 14:21:09.007474+02:00,25.042,1388.779622,-0.4107358444317306
2026-06-24 14:21:09.301055+02:00,25.042,1389.073203,-0.4107358444317306
2026-06-24 14:21:09.593050+02:00,25.044,1389.365198,-0.4087358444317317
2026-06-24 14:21:09.886838+02:00,25.047,1389.658986,-0.4057358444317316
2026-06-24 14:21:10.179029+02:00,25.045,1389.951177,-0.4077358444317305
2026-06-24 14:21:10.467469+02:00,25.05,1390.239617,-0.4027358444317315
2026-06-24 14:21:10.760264+02:00,25.05,1390.532412,-0.4027358444317315
2026-06-24 14:21:11.056352+02:00,25.048,1390.8285,-0.40473584443173394
2026-06-24 14:21:11.352243+02:00,25.05,1391.124391,-0.4027358444317315
2026-06-24 14:21:11.646492+02:00,25.053,1391.41864,-0.3997358444317314
2026-06-24 14:21:11.941111+02:00,25.055,1391.713259,-0.3977358444317325
2026-06-24 14:21:12.233172+02:00,25.059,1392.00532,-0.39373584443173115
2026-06-24 14:21:12.523993+02:00,25.057,1392.296141,-0.3957358444317336
2026-06-24 14:21:12.817749+02:00,25.061,1392.589897,-0.39173584443173226
2026-06-24 14:21:13.110028+02:00,25.061,1392.882176,-0.39173584443173226
2026-06-24 14:21:13.402113+02:00,25.061,1393.174261,-0.39173584443173226
2026-06-24 14:21:13.691581+02:00,25.063,1393.463729,-0.38973584443173337
2026-06-24 14:21:13.986543+02:00,25.065,1393.758691,-0.3877358444317309
2026-06-24 14:21:14.286607+02:00,25.067,1394.058755,-0.38573584443173203
2026-06-24 14:21:14.578366+02:00,25.069,1394.350514,-0.38373584443173314
2026-06-24 14:21:14.866948+02:00,25.071,1394.639096,-0.3817358444317307
2026-06-24 14:21:15.164188+02:00,25.07,1394.936336,-0.3827358444317319
2026-06-24 14:21:15.462886+02:00,25.07,1395.235034,-0.3827358444317319
2026-06-24 14:21:15.753076+02:00,25.071,1395.525224,-0.3817358444317307
2026-06-24 14:21:16.046081+02:00,25.074,1395.818229,-0.3787358444317306
2026-06-24 14:21:16.339549+02:00,25.072,1396.111697,-0.38073584443173303
2026-06-24 14:21:16.630170+02:00,25.077,1396.402318,-0.37573584443173047
2026-06-24 14:21:16.926107+02:00,25.078,1396.698255,-0.3747358444317328
2026-06-24 14:21:17.218284+02:00,25.078,1396.990432,-0.3747358444317328
2026-06-24 14:21:17.510891+02:00,25.079,1397.283039,-0.3737358444317316
2026-06-24 14:21:17.801722+02:00,25.08,1397.57387,-0.3727358444317339
2026-06-24 14:21:18.100269+02:00,25.081,1397.872417,-0.3717358444317327
2026-06-24 14:21:18.394964+02:00,25.08,1398.167112,-0.3727358444317339
2026-06-24 14:21:18.692500+02:00,25.083,1398.464648,-0.3697358444317338
2026-06-24 14:21:18.988146+02:00,25.086,1398.760294,-0.3667358444317337
2026-06-24 14:21:19.282019+02:00,25.085,1399.054167,-0.36773584443173135
2026-06-24 14:21:19.572782+02:00,25.086,1399.34493,-0.3667358444317337
2026-06-24 14:21:19.862520+02:00,25.087,1399.634668,-0.36573584443173246
2026-06-24 14:21:20.153019+02:00,25.089,1399.925167,-0.36373584443173357
2026-06-24 14:21:20.446348+02:00,25.09,1400.218496,-0.36273584443173235
2026-06-24 14:21:20.742879+02:00,25.087,1400.515027,-0.36573584443173246
2026-06-24 14:21:21.046400+02:00,25.091,1400.818548,-0.3617358444317311
2026-06-24 14:21:21.342845+02:00,25.093,1401.114993,-0.35973584443173223
2026-06-24 14:21:21.637862+02:00,25.097,1401.41001,-0.3557358444317309
2026-06-24 14:21:21.930967+02:00,25.098,1401.703115,-0.3547358444317332
2026-06-24 14:21:22.225682+02:00,25.099,1401.99783,-0.353735844431732
2026-06-24 14:21:22.515400+02:00,25.099,1402.287548,-0.353735844431732
2026-06-24 14:21:22.810163+02:00,25.097,1402.582311,-0.3557358444317309
2026-06-24 14:21:23.101632+02:00,25.101,1402.87378,-0.3517358444317331
2026-06-24 14:21:23.402498+02:00,25.102,1403.174646,-0.3507358444317319
2026-06-24 14:21:23.694558+02:00,25.102,1403.466706,-0.3507358444317319
2026-06-24 14:21:23.988274+02:00,25.102,1403.760422,-0.3507358444317319
2026-06-24 14:21:24.285020+02:00,25.107,1404.057168,-0.3457358444317329
2026-06-24 14:21:24.580136+02:00,25.109,1404.352284,-0.34373584443173044
2026-06-24 14:21:24.870317+02:00,25.107,1404.642465,-0.3457358444317329
2026-06-24 14:21:25.160717+02:00,25.112,1404.932865,-0.3407358444317339
2026-06-24 14:21:25.453822+02:00,25.107,1405.22597,-0.3457358444317329
2026-06-24 14:21:25.746207+02:00,25.113,1405.518355,-0.33973584443173266
2026-06-24 14:21:26.037031+02:00,25.114,1405.809179,-0.33873584443173144
2026-06-24 14:21:26.328294+02:00,25.115,1406.100442,-0.33773584443173377
2026-06-24 14:21:26.630375+02:00,25.117,1406.402523,-0.3357358444317313
2026-06-24 14:21:26.932237+02:00,25.117,1406.704385,-0.3357358444317313
2026-06-24 14:21:27.224528+02:00,25.118,1406.996676,-0.33473584443173365
2026-06-24 14:21:27.515054+02:00,25.12,1407.287202,-0.3327358444317312
2026-06-24 14:21:27.808748+02:00,25.121,1407.580896,-0.33173584443173354
2026-06-24 14:21:28.099727+02:00,25.122,1407.871875,-0.3307358444317323
2026-06-24 14:21:28.390906+02:00,25.124,1408.163054,-0.3287358444317334
2026-06-24 14:21:28.682603+02:00,25.126,1408.454751,-0.326735844431731
2026-06-24 14:21:28.975484+02:00,25.125,1408.747632,-0.3277358444317322
2026-06-24 14:21:29.268532+02:00,25.126,1409.04068,-0.326735844431731
2026-06-24 14:21:29.559440+02:00,25.125,1409.331588,-0.3277358444317322
2026-06-24 14:21:29.850623+02:00,25.126,1409.622771,-0.326735844431731
2026-06-24 14:21:30.143956+02:00,25.127,1409.916104,-0.3257358444317333
2026-06-24 14:21:30.434708+02:00,25.133,1410.206856,-0.3197358444317331
2026-06-24 14:21:30.725872+02:00,25.132,1410.49802,-0.32073584443173075
2026-06-24 14:21:31.014688+02:00,25.133,1410.786836,-0.3197358444317331
2026-06-24 14:21:31.310942+02:00,25.136,1411.08309,-0.31673584443173297
2026-06-24 14:21:31.607713+02:00,25.138,1411.379861,-0.3147358444317305
2026-06-24 14:21:31.908718+02:00,25.136,1411.680866,-0.31673584443173297
2026-06-24 14:21:32.210784+02:00,25.141,1411.982932,-0.31173584443173397
2026-06-24 14:21:32.507479+02:00,25.137,1412.279627,-0.31573584443173175
2026-06-24 14:21:32.800250+02:00,25.141,1412.572398,-0.31173584443173397
2026-06-24 14:21:33.091366+02:00,25.142,1412.863514,-0.31073584443173274
2026-06-24 14:21:33.381959+02:00,25.143,1413.154107,-0.3097358444317315
2026-06-24 14:21:33.670240+02:00,25.145,1413.442388,-0.30773584443173263
2026-06-24 14:21:33.964070+02:00,25.147,1413.736218,-0.30573584443173374
2026-06-24 14:21:34.257074+02:00,25.147,1414.029222,-0.30573584443173374
2026-06-24 14:21:34.550274+02:00,25.149,1414.322422,-0.3037358444317313
2026-06-24 14:21:34.844641+02:00,25.15,1414.616789,-0.3027358444317336
2026-06-24 14:21:35.137038+02:00,25.153,1414.909186,-0.2997358444317335
2026-06-24 14:21:35.430990+02:00,25.152,1415.203138,-0.3007358444317312
2026-06-24 14:21:35.724760+02:00,25.155,1415.496908,-0.29773584443173107
2026-06-24 14:21:36.016627+02:00,25.156,1415.788775,-0.2967358444317334
2026-06-24 14:21:36.311280+02:00,25.159,1416.083428,-0.2937358444317333
2026-06-24 14:21:36.604481+02:00,25.16,1416.376629,-0.29273584443173206
2026-06-24 14:21:36.899564+02:00,25.161,1416.671712,-0.29173584443173084
2026-06-24 14:21:37.193773+02:00,25.159,1416.965921,-0.2937358444317333
2026-06-24 14:21:37.484821+02:00,25.16,1417.256969,-0.29273584443173206
2026-06-24 14:21:37.776466+02:00,25.161,1417.548614,-0.29173584443173084
2026-06-24 14:21:38.073693+02:00,25.161,1417.845841,-0.29173584443173084
2026-06-24 14:21:38.364924+02:00,25.162,1418.137072,-0.29073584443173317
2026-06-24 14:21:38.654102+02:00,25.163,1418.42625,-0.28973584443173195
2026-06-24 14:21:38.947168+02:00,25.164,1418.719316,-0.2887358444317307
2026-06-24 14:21:39.243088+02:00,25.167,1419.015236,-0.2857358444317306
2026-06-24 14:21:39.537459+02:00,25.168,1419.309607,-0.28473584443173294
2026-06-24 14:21:39.844852+02:00,25.168,1419.617,-0.28473584443173294
2026-06-24 14:21:40.145547+02:00,25.169,1419.917695,-0.2837358444317317
2026-06-24 14:21:40.439397+02:00,25.167,1420.211545,-0.2857358444317306
2026-06-24 14:21:40.739401+02:00,25.17,1420.511549,-0.2827358444317305
2026-06-24 14:21:41.037888+02:00,25.171,1420.810036,-0.28173584443173283
2026-06-24 14:21:41.335680+02:00,25.176,1421.107828,-0.2767358444317338
2026-06-24 14:21:41.626413+02:00,25.174,1421.398561,-0.2787358444317327
2026-06-24 14:21:41.920440+02:00,25.174,1421.692588,-0.2787358444317327
2026-06-24 14:21:42.219258+02:00,25.178,1421.991406,-0.2747358444317314
2026-06-24 14:21:42.512728+02:00,25.177,1422.284876,-0.2757358444317326
2026-06-24 14:21:42.811260+02:00,25.175,1422.583408,-0.2777358444317315
2026-06-24 14:21:43.101790+02:00,25.18,1422.873938,-0.2727358444317325
2026-06-24 14:21:43.395736+02:00,25.18,1423.167884,-0.2727358444317325
2026-06-24 14:21:43.688459+02:00,25.179,1423.460607,-0.2737358444317337
2026-06-24 14:21:43.983551+02:00,25.182,1423.755699,-0.2707358444317336
2026-06-24 14:21:44.275416+02:00,25.181,1424.047564,-0.27173584443173127
2026-06-24 14:21:44.566628+02:00,25.182,1424.338776,-0.2707358444317336
2026-06-24 14:21:44.860402+02:00,25.183,1424.63255,-0.2697358444317324
2026-06-24 14:21:45.150036+02:00,25.186,1424.922184,-0.26673584443173226
2026-06-24 14:21:45.441586+02:00,25.187,1425.213734,-0.26573584443173104
2026-06-24 14:21:45.737791+02:00,25.188,1425.509939,-0.26473584443173337
2026-06-24 14:21:46.040208+02:00,25.191,1425.812356,-0.26173584443173326
2026-06-24 14:21:46.333041+02:00,25.192,1426.105189,-0.26073584443173203
2026-06-24 14:21:46.628702+02:00,25.192,1426.40085,-0.26073584443173203
2026-06-24 14:21:46.919105+02:00,25.193,1426.691253,-0.2597358444317308
2026-06-24 14:21:47.211317+02:00,25.195,1426.983465,-0.2577358444317319
2026-06-24 14:21:47.503872+02:00,25.194,1427.27602,-0.25873584443173314
2026-06-24 14:21:47.793736+02:00,25.196,1427.565884,-0.2567358444317307
2026-06-24 14:21:48.086675+02:00,25.198,1427.858823,-0.2547358444317318
2026-06-24 14:21:48.383388+02:00,25.202,1428.155536,-0.25073584443173047
2026-06-24 14:21:48.673090+02:00,25.202,1428.445238,-0.25073584443173047
2026-06-24 14:21:48.967801+02:00,25.204,1428.739949,-0.24873584443173158
2026-06-24 14:21:49.260416+02:00,25.203,1429.032564,-0.2497358444317328
2026-06-24 14:21:49.551856+02:00,25.207,1429.324004,-0.24573584443173146
2026-06-24 14:21:49.844291+02:00,25.206,1429.616439,-0.2467358444317327
2026-06-24 14:21:50.135404+02:00,25.21,1429.907552,-0.24273584443173135
2026-06-24 14:21:50.429767+02:00,25.208,1430.201915,-0.2447358444317338
2026-06-24 14:21:50.722137+02:00,25.206,1430.494285,-0.2467358444317327
2026-06-24 14:21:51.014707+02:00,25.21,1430.786855,-0.24273584443173135
2026-06-24 14:21:51.310771+02:00,25.208,1431.082919,-0.2447358444317338
2026-06-24 14:21:51.606907+02:00,25.21,1431.379055,-0.24273584443173135
2026-06-24 14:21:51.901090+02:00,25.213,1431.673238,-0.23973584443173124
2026-06-24 14:21:52.191410+02:00,25.213,1431.963558,-0.23973584443173124
2026-06-24 14:21:52.480859+02:00,25.213,1432.253007,-0.23973584443173124
2026-06-24 14:21:52.773265+02:00,25.214,1432.545413,-0.23873584443173357
2026-06-24 14:21:53.069072+02:00,25.215,1432.84122,-0.23773584443173235
2026-06-24 14:21:53.361139+02:00,25.217,1433.133287,-0.23573584443173345
2026-06-24 14:21:53.654619+02:00,25.213,1433.426767,-0.23973584443173124
2026-06-24 14:21:53.949717+02:00,25.222,1433.721865,-0.2307358444317309
2026-06-24 14:21:54.239951+02:00,25.217,1434.012099,-0.23573584443173345
2026-06-24 14:21:54.531816+02:00,25.222,1434.303964,-0.2307358444317309
2026-06-24 14:21:54.823653+02:00,25.226,1434.595801,-0.2267358444317331
2026-06-24 14:21:55.113676+02:00,25.224,1434.885824,-0.228735844431732
2026-06-24 14:21:55.413540+02:00,25.225,1435.185688,-0.22773584443173078
2026-06-24 14:21:55.715149+02:00,25.223,1435.487297,-0.22973584443173323
2026-06-24 14:21:56.009150+02:00,25.224,1435.781298,-0.228735844431732
2026-06-24 14:21:56.300004+02:00,25.226,1436.072152,-0.2267358444317331
2026-06-24 14:21:56.593680+02:00,25.231,1436.365828,-0.22173584443173056
2026-06-24 14:21:56.886401+02:00,25.232,1436.658549,-0.22073584443173289
2026-06-24 14:21:57.186747+02:00,25.232,1436.958895,-0.22073584443173289
2026-06-24 14:21:57.476251+02:00,25.234,1437.248399,-0.21873584443173044
2026-06-24 14:21:57.772860+02:00,25.23,1437.545008,-0.22273584443173178
2026-06-24 14:21:58.070941+02:00,25.235,1437.843089,-0.21773584443173277
2026-06-24 14:21:58.362577+02:00,25.235,1438.134725,-0.21773584443173277
2026-06-24 14:21:58.664747+02:00,25.236,1438.436895,-0.21673584443173155
2026-06-24 14:21:58.956867+02:00,25.236,1438.729015,-0.21673584443173155
2026-06-24 14:21:59.248724+02:00,25.241,1439.020872,-0.21173584443173254
2026-06-24 14:21:59.541082+02:00,25.238,1439.31323,-0.21473584443173266
2026-06-24 14:21:59.834635+02:00,25.239,1439.606783,-0.21373584443173144
2026-06-24 14:22:00.127715+02:00,25.24,1439.899863,-0.21273584443173377
2026-06-24 14:22:00.426127+02:00,25.242,1440.198275,-0.21073584443173132
2026-06-24 14:22:00.722740+02:00,25.244,1440.494888,-0.20873584443173243
2026-06-24 14:22:01.014755+02:00,25.244,1440.786903,-0.20873584443173243
2026-06-24 14:22:01.308009+02:00,25.244,1441.080157,-0.20873584443173243
2026-06-24 14:22:01.602533+02:00,25.245,1441.374681,-0.2077358444317312
2026-06-24 14:22:01.896734+02:00,25.246,1441.668882,-0.20673584443173354
2026-06-24 14:22:02.187197+02:00,25.244,1441.959345,-0.20873584443173243
2026-06-24 14:22:02.487435+02:00,25.245,1442.259583,-0.2077358444317312
2026-06-24 14:22:02.778121+02:00,25.246,1442.550269,-0.20673584443173354
2026-06-24 14:22:03.067865+02:00,25.248,1442.840013,-0.2047358444317311
2026-06-24 14:22:03.368231+02:00,25.248,1443.140379,-0.2047358444317311
2026-06-24 14:22:03.659347+02:00,25.249,1443.431495,-0.20373584443173343
2026-06-24 14:22:03.960118+02:00,25.252,1443.732266,-0.2007358444317333
2026-06-24 14:22:04.258630+02:00,25.251,1444.030778,-0.20173584443173098
2026-06-24 14:22:04.549027+02:00,25.251,1444.321175,-0.20173584443173098
2026-06-24 14:22:04.844314+02:00,25.252,1444.616462,-0.2007358444317333
2026-06-24 14:22:05.141385+02:00,25.253,1444.913533,-0.1997358444317321
2026-06-24 14:22:05.434655+02:00,25.252,1445.206803,-0.2007358444317333
2026-06-24 14:22:05.733015+02:00,25.253,1445.505163,-0.1997358444317321
2026-06-24 14:22:06.031201+02:00,25.255,1445.803349,-0.1977358444317332
2026-06-24 14:22:06.324046+02:00,25.254,1446.096194,-0.19873584443173087
2026-06-24 14:22:06.612352+02:00,25.254,1446.3845,-0.19873584443173087
2026-06-24 14:22:06.913569+02:00,25.258,1446.685717,-0.19473584443173309
2026-06-24 14:22:07.211025+02:00,25.257,1446.983173,-0.19573584443173075
2026-06-24 14:22:07.514389+02:00,25.257,1447.286537,-0.19573584443173075
2026-06-24 14:22:07.814422+02:00,25.257,1447.58657,-0.19573584443173075
2026-06-24 14:22:08.112532+02:00,25.258,1447.88468,-0.19473584443173309
2026-06-24 14:22:08.405003+02:00,25.26,1448.177151,-0.19273584443173064
2026-06-24 14:22:08.697889+02:00,25.262,1448.470037,-0.19073584443173175
2026-06-24 14:22:08.988236+02:00,25.261,1448.760384,-0.19173584443173297
2026-06-24 14:22:09.278397+02:00,25.264,1449.050545,-0.18873584443173286
2026-06-24 14:22:09.576732+02:00,25.262,1449.34888,-0.19073584443173175
2026-06-24 14:22:09.875673+02:00,25.264,1449.647821,-0.18873584443173286
2026-06-24 14:22:10.173957+02:00,25.263,1449.946105,-0.18973584443173053
2026-06-24 14:22:10.473143+02:00,25.264,1450.245291,-0.18873584443173286
2026-06-24 14:22:10.771883+02:00,25.265,1450.544031,-0.18773584443173164
2026-06-24 14:22:11.061982+02:00,25.267,1450.83413,-0.18573584443173274
2026-06-24 14:22:11.356158+02:00,25.265,1451.128306,-0.18773584443173164
2026-06-24 14:22:11.648841+02:00,25.271,1451.420989,-0.1817358444317314
2026-06-24 14:22:11.949600+02:00,25.269,1451.721748,-0.18373584443173385
2026-06-24 14:22:12.244903+02:00,25.27,1452.017051,-0.18273584443173263
2026-06-24 14:22:12.539387+02:00,25.273,1452.311535,-0.17973584443173252
2026-06-24 14:22:12.830464+02:00,25.271,1452.602612,-0.1817358444317314
2026-06-24 14:22:13.122720+02:00,25.272,1452.894868,-0.18073584443173374
2026-06-24 14:22:13.414584+02:00,25.272,1453.186732,-0.18073584443173374
2026-06-24 14:22:13.707244+02:00,25.273,1453.479392,-0.17973584443173252
2026-06-24 14:22:14.010973+02:00,25.273,1453.783121,-0.17973584443173252
2026-06-24 14:22:14.308326+02:00,25.274,1454.080474,-0.1787358444317313
2026-06-24 14:22:14.603626+02:00,25.276,1454.375774,-0.1767358444317324
2026-06-24 14:22:14.904416+02:00,25.274,1454.676564,-0.1787358444317313
2026-06-24 14:22:15.203818+02:00,25.274,1454.975966,-0.1787358444317313
2026-06-24 14:22:15.500566+02:00,25.278,1455.272714,-0.1747358444317335
2026-06-24 14:22:15.807137+02:00,25.278,1455.579285,-0.1747358444317335
2026-06-24 14:22:16.105409+02:00,25.28,1455.877557,-0.17273584443173107
2026-06-24 14:22:16.400868+02:00,25.277,1456.173016,-0.17573584443173118
2026-06-24 14:22:16.699266+02:00,25.279,1456.471414,-0.1737358444317323
2026-06-24 14:22:17.000776+02:00,25.276,1456.772924,-0.1767358444317324
2026-06-24 14:22:17.295156+02:00,25.281,1457.067304,-0.1717358444317334
2026-06-24 14:22:17.585608+02:00,25.28,1457.357756,-0.17273584443173107
2026-06-24 14:22:17.879470+02:00,25.28,1457.651618,-0.17273584443173107
2026-06-24 14:22:18.169157+02:00,25.278,1457.941305,-0.1747358444317335
2026-06-24 14:22:18.468591+02:00,25.282,1458.240739,-0.17073584443173218
2026-06-24 14:22:18.763148+02:00,25.282,1458.535296,-0.17073584443173218
2026-06-24 14:22:19.058275+02:00,25.281,1458.830423,-0.1717358444317334
2026-06-24 14:22:19.361881+02:00,25.284,1459.134029,-0.16873584443173328
2026-06-24 14:22:19.656267+02:00,25.281,1459.428415,-0.1717358444317334
2026-06-24 14:22:19.952050+02:00,25.285,1459.724198,-0.16773584443173206
2026-06-24 14:22:20.243548+02:00,25.286,1460.015696,-0.16673584443173084
2026-06-24 14:22:20.534286+02:00,25.288,1460.306434,-0.16473584443173195
2026-06-24 14:22:20.828643+02:00,25.287,1460.600791,-0.16573584443173317
2026-06-24 14:22:21.127230+02:00,25.286,1460.899378,-0.16673584443173084
2026-06-24 14:22:21.418721+02:00,25.288,1461.190869,-0.16473584443173195
2026-06-24 14:22:21.710538+02:00,25.286,1461.482686,-0.16673584443173084
2026-06-24 14:22:22.004556+02:00,25.291,1461.776704,-0.16173584443173183
2026-06-24 14:22:22.300491+02:00,25.288,1462.072639,-0.16473584443173195
2026-06-24 14:22:22.593709+02:00,25.291,1462.365857,-0.16173584443173183
2026-06-24 14:22:22.887837+02:00,25.292,1462.659985,-0.1607358444317306
2026-06-24 14:22:23.178155+02:00,25.29,1462.950303,-0.16273584443173306
2026-06-24 14:22:23.472314+02:00,25.29,1463.244462,-0.16273584443173306
2026-06-24 14:22:23.762539+02:00,25.291,1463.534687,-0.16173584443173183
2026-06-24 14:22:24.054396+02:00,25.29,1463.826544,-0.16273584443173306
2026-06-24 14:22:24.351120+02:00,25.291,1464.123268,-0.16173584443173183
2026-06-24 14:22:24.645810+02:00,25.292,1464.417958,-0.1607358444317306
2026-06-24 14:22:24.940115+02:00,25.292,1464.712263,-0.1607358444317306
2026-06-24 14:22:25.231074+02:00,25.29,1465.003222,-0.16273584443173306
2026-06-24 14:22:25.529048+02:00,25.291,1465.301196,-0.16173584443173183
2026-06-24 14:22:25.820066+02:00,25.291,1465.592214,-0.16173584443173183
2026-06-24 14:22:26.115178+02:00,25.293,1465.887326,-0.15973584443173294
2026-06-24 14:22:26.405029+02:00,25.294,1466.177177,-0.15873584443173172
2026-06-24 14:22:26.695800+02:00,25.291,1466.467948,-0.16173584443173183
2026-06-24 14:22:26.992508+02:00,25.293,1466.764656,-0.15973584443173294
2026-06-24 14:22:27.283846+02:00,25.295,1467.055994,-0.1577358444317305
2026-06-24 14:22:27.575662+02:00,25.295,1467.34781,-0.1577358444317305
2026-06-24 14:22:27.874878+02:00,25.296,1467.647026,-0.15673584443173283
2026-06-24 14:22:28.172413+02:00,25.293,1467.944561,-0.15973584443173294
2026-06-24 14:22:28.468176+02:00,25.296,1468.240324,-0.15673584443173283
2026-06-24 14:22:28.758214+02:00,25.296,1468.530362,-0.15673584443173283
2026-06-24 14:22:29.054991+02:00,25.297,1468.827139,-0.1557358444317316
2026-06-24 14:22:29.346673+02:00,25.296,1469.118821,-0.15673584443173283
2026-06-24 14:22:29.638516+02:00,25.294,1469.410664,-0.15873584443173172
2026-06-24 14:22:29.940646+02:00,25.296,1469.712794,-0.15673584443173283
2026-06-24 14:22:30.233139+02:00,25.298,1470.005287,-0.15473584443173394
2026-06-24 14:22:30.525840+02:00,25.298,1470.297988,-0.15473584443173394
2026-06-24 14:22:30.817953+02:00,25.3,1470.590101,-0.1527358444317315
2026-06-24 14:22:31.108545+02:00,25.299,1470.880693,-0.15373584443173272
2026-06-24 14:22:31.399296+02:00,25.298,1471.171444,-0.15473584443173394
2026-06-24 14:22:31.692867+02:00,25.298,1471.465015,-0.15473584443173394
2026-06-24 14:22:31.991586+02:00,25.298,1471.763734,-0.15473584443173394
2026-06-24 14:22:32.281755+02:00,25.299,1472.053903,-0.15373584443173272
2026-06-24 14:22:32.573956+02:00,25.299,1472.346104,-0.15373584443173272
2026-06-24 14:22:32.863927+02:00,25.299,1472.636075,-0.15373584443173272
2026-06-24 14:22:33.160330+02:00,25.3,1472.932478,-0.1527358444317315
2026-06-24 14:22:33.453926+02:00,25.3,1473.226074,-0.1527358444317315
2026-06-24 14:22:33.746084+02:00,25.301,1473.518232,-0.15173584443173382
2026-06-24 14:22:34.038231+02:00,25.302,1473.810379,-0.1507358444317326
2026-06-24 14:22:34.333571+02:00,25.3,1474.105719,-0.1527358444317315
2026-06-24 14:22:34.624522+02:00,25.303,1474.39667,-0.14973584443173138
2026-06-24 14:22:34.917694+02:00,25.303,1474.689842,-0.14973584443173138
2026-06-24 14:22:35.211828+02:00,25.303,1474.983976,-0.14973584443173138
2026-06-24 14:22:35.504421+02:00,25.302,1475.276569,-0.1507358444317326
2026-06-24 14:22:35.800371+02:00,25.301,1475.572519,-0.15173584443173382
2026-06-24 14:22:36.091108+02:00,25.301,1475.863256,-0.15173584443173382
2026-06-24 14:22:36.382865+02:00,25.303,1476.155013,-0.14973584443173138
2026-06-24 14:22:36.684354+02:00,25.3,1476.456502,-0.1527358444317315
2026-06-24 14:22:36.986565+02:00,25.303,1476.758713,-0.14973584443173138
2026-06-24 14:22:37.281865+02:00,25.302,1477.054013,-0.1507358444317326
2026-06-24 14:22:37.573286+02:00,25.303,1477.345434,-0.14973584443173138
2026-06-24 14:22:37.862559+02:00,25.305,1477.634707,-0.1477358444317325
2026-06-24 14:22:38.153870+02:00,25.303,1477.926018,-0.14973584443173138
2026-06-24 14:22:38.444855+02:00,25.302,1478.217003,-0.1507358444317326
2026-06-24 14:22:38.736121+02:00,25.304,1478.508269,-0.1487358444317337
2026-06-24 14:22:39.027276+02:00,25.302,1478.799424,-0.1507358444317326
2026-06-24 14:22:39.321591+02:00,25.305,1479.093739,-0.1477358444317325
2026-06-24 14:22:39.619566+02:00,25.305,1479.391714,-0.1477358444317325
2026-06-24 14:22:39.913118+02:00,25.302,1479.685266,-0.1507358444317326
2026-06-24 14:22:40.205580+02:00,25.304,1479.977728,-0.1487358444317337
2026-06-24 14:22:40.498030+02:00,25.308,1480.270178,-0.14473584443173237
2026-06-24 14:22:40.788504+02:00,25.305,1480.560652,-0.1477358444317325
2026-06-24 14:22:41.081598+02:00,25.305,1480.853746,-0.1477358444317325
2026-06-24 14:22:41.380554+02:00,25.308,1481.152702,-0.14473584443173237
2026-06-24 14:22:41.670761+02:00,25.308,1481.442909,-0.14473584443173237
2026-06-24 14:22:41.964314+02:00,25.31,1481.736462,-0.14273584443173348
2026-06-24 14:22:42.258510+02:00,25.304,1482.030658,-0.1487358444317337
2026-06-24 14:22:42.552397+02:00,25.303,1482.324545,-0.14973584443173138
2026-06-24 14:22:42.843312+02:00,25.306,1482.61546,-0.14673584443173127
2026-06-24 14:22:43.138314+02:00,25.306,1482.910462,-0.14673584443173127
2026-06-24 14:22:43.436678+02:00,25.304,1483.208826,-0.1487358444317337
2026-06-24 14:22:43.734514+02:00,25.307,1483.506662,-0.1457358444317336
2026-06-24 14:22:44.024646+02:00,25.306,1483.796794,-0.14673584443173127
2026-06-24 14:22:44.318451+02:00,25.308,1484.090599,-0.14473584443173237
2026-06-24 14:22:44.617871+02:00,25.307,1484.390019,-0.1457358444317336
2026-06-24 14:22:44.914208+02:00,25.307,1484.686356,-0.1457358444317336
2026-06-24 14:22:45.205807+02:00,25.31,1484.977955,-0.14273584443173348
2026-06-24 14:22:45.497150+02:00,25.31,1485.269298,-0.14273584443173348
2026-06-24 14:22:45.791088+02:00,25.313,1485.563236,-0.13973584443173337
2026-06-24 14:22:46.083186+02:00,25.311,1485.855334,-0.14173584443173226
2026-06-24 14:22:46.374241+02:00,25.311,1486.146389,-0.14173584443173226
2026-06-24 14:22:46.665676+02:00,25.312,1486.437824,-0.14073584443173104
2026-06-24 14:22:46.961819+02:00,25.309,1486.733967,-0.14373584443173115
2026-06-24 14:22:47.265772+02:00,25.313,1487.03792,-0.13973584443173337
2026-06-24 14:22:47.556491+02:00,25.311,1487.328639,-0.14173584443173226
2026-06-24 14:22:47.849064+02:00,25.312,1487.621212,-0.14073584443173104
2026-06-24 14:22:48.139268+02:00,25.312,1487.911416,-0.14073584443173104
2026-06-24 14:22:48.435066+02:00,25.313,1488.207214,-0.13973584443173337
2026-06-24 14:22:48.733614+02:00,25.311,1488.505762,-0.14173584443173226
2026-06-24 14:22:49.025805+02:00,25.314,1488.797953,-0.13873584443173215
2026-06-24 14:22:49.314537+02:00,25.316,1489.086685,-0.13673584443173326
2026-06-24 14:22:49.616874+02:00,25.316,1489.389022,-0.13673584443173326
2026-06-24 14:22:49.906517+02:00,25.313,1489.678665,-0.13973584443173337
2026-06-24 14:22:50.209083+02:00,25.318,1489.981231,-0.1347358444317308
2026-06-24 14:22:50.501042+02:00,25.312,1490.27319,-0.14073584443173104
2026-06-24 14:22:50.791849+02:00,25.316,1490.563997,-0.13673584443173326
2026-06-24 14:22:51.084235+02:00,25.314,1490.856383,-0.13873584443173215
2026-06-24 14:22:51.376625+02:00,25.318,1491.148773,-0.1347358444317308
2026-06-24 14:22:51.667856+02:00,25.314,1491.440004,-0.13873584443173215
2026-06-24 14:22:51.968008+02:00,25.315,1491.740156,-0.13773584443173092
2026-06-24 14:22:52.259427+02:00,25.316,1492.031575,-0.13673584443173326
2026-06-24 14:22:52.561469+02:00,25.316,1492.333617,-0.13673584443173326
2026-06-24 14:22:52.854255+02:00,25.32,1492.626403,-0.13273584443173192
2026-06-24 14:22:53.156082+02:00,25.318,1492.92823,-0.1347358444317308
2026-06-24 14:22:53.459502+02:00,25.319,1493.23165,-0.13373584443173314
2026-06-24 14:22:53.760089+02:00,25.319,1493.532237,-0.13373584443173314
2026-06-24 14:22:54.063272+02:00,25.317,1493.83542,-0.13573584443173203
2026-06-24 14:22:54.359210+02:00,25.319,1494.131358,-0.13373584443173314
2026-06-24 14:22:54.657633+02:00,25.319,1494.429781,-0.13373584443173314
2026-06-24 14:22:54.948475+02:00,25.321,1494.720623,-0.1317358444317307
2026-06-24 14:22:55.238148+02:00,25.322,1495.010296,-0.13073584443173303
2026-06-24 14:22:55.531440+02:00,25.322,1495.303588,-0.13073584443173303
2026-06-24 14:22:55.822795+02:00,25.322,1495.594943,-0.13073584443173303
2026-06-24 14:22:56.116834+02:00,25.32,1495.888982,-0.13273584443173192
2026-06-24 14:22:56.412694+02:00,25.32,1496.184842,-0.13273584443173192
2026-06-24 14:22:56.712898+02:00,25.323,1496.485046,-0.1297358444317318
2026-06-24 14:22:57.003454+02:00,25.32,1496.775602,-0.13273584443173192
2026-06-24 14:22:57.293959+02:00,25.322,1497.066107,-0.13073584443173303
2026-06-24 14:22:57.583602+02:00,25.321,1497.35575,-0.1317358444317307
2026-06-24 14:22:57.884543+02:00,25.322,1497.656691,-0.13073584443173303
2026-06-24 14:22:58.178846+02:00,25.321,1497.950994,-0.1317358444317307
2026-06-24 14:22:58.468035+02:00,25.319,1498.240183,-0.13373584443173314
2026-06-24 14:22:58.760049+02:00,25.322,1498.532197,-0.13073584443173303
2026-06-24 14:22:59.056619+02:00,25.322,1498.828767,-0.13073584443173303
2026-06-24 14:22:59.346960+02:00,25.322,1499.119108,-0.13073584443173303
2026-06-24 14:22:59.639526+02:00,25.322,1499.411674,-0.13073584443173303
2026-06-24 14:22:59.932347+02:00,25.323,1499.704495,-0.1297358444317318
2026-06-24 14:23:00.224169+02:00,25.323,1499.996317,-0.1297358444317318
2026-06-24 14:23:00.522799+02:00,25.324,1500.294947,-0.12873584443173058
2026-06-24 14:23:00.816881+02:00,25.322,1500.589029,-0.13073584443173303
2026-06-24 14:23:01.112200+02:00,25.322,1500.884348,-0.13073584443173303
2026-06-24 14:23:01.403747+02:00,25.326,1501.175895,-0.1267358444317317
2026-06-24 14:23:01.694849+02:00,25.324,1501.466997,-0.12873584443173058
2026-06-24 14:23:01.985155+02:00,25.327,1501.757303,-0.12573584443173047
2026-06-24 14:23:02.276237+02:00,25.325,1502.048385,-0.12773584443173291
2026-06-24 14:23:02.570392+02:00,25.326,1502.34254,-0.1267358444317317
2026-06-24 14:23:02.868214+02:00,25.328,1502.640362,-0.1247358444317328
2026-06-24 14:23:03.163119+02:00,25.327,1502.935267,-0.12573584443173047
2026-06-24 14:23:03.459296+02:00,25.326,1503.231444,-0.1267358444317317
2026-06-24 14:23:03.752350+02:00,25.325,1503.524498,-0.12773584443173291
2026-06-24 14:23:04.042085+02:00,25.328,1503.814233,-0.1247358444317328
2026-06-24 14:23:04.339432+02:00,25.326,1504.11158,-0.1267358444317317
2026-06-24 14:23:04.634323+02:00,25.328,1504.406471,-0.1247358444317328
2026-06-24 14:23:04.925266+02:00,25.327,1504.697414,-0.12573584443173047
2026-06-24 14:23:05.224006+02:00,25.329,1504.996154,-0.12373584443173158
2026-06-24 14:23:05.515776+02:00,25.329,1505.287924,-0.12373584443173158
2026-06-24 14:23:05.819581+02:00,25.329,1505.591729,-0.12373584443173158
2026-06-24 14:23:06.112886+02:00,25.332,1505.885034,-0.12073584443173146
2026-06-24 14:23:06.404418+02:00,25.331,1506.176566,-0.12173584443173269
2026-06-24 14:23:06.700838+02:00,25.331,1506.472986,-0.12173584443173269
2026-06-24 14:23:06.992257+02:00,25.328,1506.764405,-0.1247358444317328
2026-06-24 14:23:07.284646+02:00,25.332,1507.056794,-0.12073584443173146
2026-06-24 14:23:07.575027+02:00,25.33,1507.347175,-0.12273584443173391
2026-06-24 14:23:07.867521+02:00,25.329,1507.639669,-0.12373584443173158
2026-06-24 14:23:08.163033+02:00,25.331,1507.935181,-0.12173584443173269
2026-06-24 14:23:08.463862+02:00,25.33,1508.23601,-0.12273584443173391
2026-06-24 14:23:08.755172+02:00,25.33,1508.52732,-0.12273584443173391
2026-06-24 14:23:09.057029+02:00,25.331,1508.829177,-0.12173584443173269
2026-06-24 14:23:09.356793+02:00,25.333,1509.128941,-0.1197358444317338
2026-06-24 14:23:09.654002+02:00,25.328,1509.42615,-0.1247358444317328
2026-06-24 14:23:09.947246+02:00,25.328,1509.719394,-0.1247358444317328
2026-06-24 14:23:10.236153+02:00,25.331,1510.008301,-0.12173584443173269
2026-06-24 14:23:10.529682+02:00,25.331,1510.30183,-0.12173584443173269
2026-06-24 14:23:10.823276+02:00,25.333,1510.595424,-0.1197358444317338
2026-06-24 14:23:11.114561+02:00,25.333,1510.886709,-0.1197358444317338
2026-06-24 14:23:11.405129+02:00,25.332,1511.177277,-0.12073584443173146
2026-06-24 14:23:11.701068+02:00,25.331,1511.473216,-0.12173584443173269
2026-06-24 14:23:11.997526+02:00,25.33,1511.769674,-0.12273584443173391
2026-06-24 14:23:12.288399+02:00,25.333,1512.060547,-0.1197358444317338
2026-06-24 14:23:12.581602+02:00,25.331,1512.35375,-0.12173584443173269
2026-06-24 14:23:12.872059+02:00,25.33,1512.644207,-0.12273584443173391
2026-06-24 14:23:13.169832+02:00,25.333,1512.94198,-0.1197358444317338
2026-06-24 14:23:13.462988+02:00,25.334,1513.235136,-0.11873584443173257
2026-06-24 14:23:13.759588+02:00,25.333,1513.531736,-0.1197358444317338
2026-06-24 14:23:14.059236+02:00,25.335,1513.831384,-0.11773584443173135
2026-06-24 14:23:14.355227+02:00,25.335,1514.127375,-0.11773584443173135
2026-06-24 14:23:14.663326+02:00,25.333,1514.435474,-0.1197358444317338
2026-06-24 14:23:14.956500+02:00,25.333,1514.728648,-0.1197358444317338
2026-06-24 14:23:15.261797+02:00,25.334,1515.033945,-0.11873584443173257
2026-06-24 14:23:15.554263+02:00,25.334,1515.326411,-0.11873584443173257
2026-06-24 14:23:15.845208+02:00,25.333,1515.617356,-0.1197358444317338
2026-06-24 14:23:16.141428+02:00,25.334,1515.913576,-0.11873584443173257
2026-06-24 14:23:16.437837+02:00,25.334,1516.209985,-0.11873584443173257
2026-06-24 14:23:16.728918+02:00,25.335,1516.501066,-0.11773584443173135
2026-06-24 14:23:17.024336+02:00,25.337,1516.796484,-0.11573584443173246
2026-06-24 14:23:17.317088+02:00,25.335,1517.089236,-0.11773584443173135
2026-06-24 14:23:17.607834+02:00,25.336,1517.379982,-0.11673584443173368
2026-06-24 14:23:17.907601+02:00,25.334,1517.679749,-0.11873584443173257
2026-06-24 14:23:18.205612+02:00,25.338,1517.97776,-0.11473584443173124
2026-06-24 14:23:18.498917+02:00,25.337,1518.271065,-0.11573584443173246
2026-06-24 14:23:18.795070+02:00,25.335,1518.567218,-0.11773584443173135
2026-06-24 14:23:19.090108+02:00,25.335,1518.862256,-0.11773584443173135
2026-06-24 14:23:19.381923+02:00,25.336,1519.154071,-0.11673584443173368
2026-06-24 14:23:19.672177+02:00,25.339,1519.444325,-0.11373584443173357
2026-06-24 14:23:19.963854+02:00,25.337,1519.736002,-0.11573584443173246
2026-06-24 14:23:20.252640+02:00,25.337,1520.024788,-0.11573584443173246
2026-06-24 14:23:20.553018+02:00,25.336,1520.325166,-0.11673584443173368
2026-06-24 14:23:20.847343+02:00,25.338,1520.619491,-0.11473584443173124
2026-06-24 14:23:21.138849+02:00,25.338,1520.910997,-0.11473584443173124
2026-06-24 14:23:21.427621+02:00,25.337,1521.199769,-0.11573584443173246
2026-06-24 14:23:21.718201+02:00,25.338,1521.490349,-0.11473584443173124
2026-06-24 14:23:22.013426+02:00,25.338,1521.785574,-0.11473584443173124
2026-06-24 14:23:22.305178+02:00,25.339,1522.077326,-0.11373584443173357
2026-06-24 14:23:22.596580+02:00,25.339,1522.368728,-0.11373584443173357
2026-06-24 14:23:22.892029+02:00,25.339,1522.664177,-0.11373584443173357
2026-06-24 14:23:23.189549+02:00,25.338,1522.961697,-0.11473584443173124
2026-06-24 14:23:23.479266+02:00,25.338,1523.251414,-0.11473584443173124
2026-06-24 14:23:23.770750+02:00,25.341,1523.542898,-0.11173584443173112
2026-06-24 14:23:24.060314+02:00,25.341,1523.832462,-0.11173584443173112
2026-06-24 14:23:24.352173+02:00,25.339,1524.124321,-0.11373584443173357
2026-06-24 14:23:24.643040+02:00,25.341,1524.415188,-0.11173584443173112
2026-06-24 14:23:24.936029+02:00,25.341,1524.708177,-0.11173584443173112
2026-06-24 14:23:25.231063+02:00,25.341,1525.003211,-0.11173584443173112
2026-06-24 14:23:25.537129+02:00,25.341,1525.309277,-0.11173584443173112
2026-06-24 14:23:25.835906+02:00,25.341,1525.608054,-0.11173584443173112
2026-06-24 14:23:26.127123+02:00,25.339,1525.899271,-0.11373584443173357
2026-06-24 14:23:26.418813+02:00,25.341,1526.190961,-0.11173584443173112
2026-06-24 14:23:26.709405+02:00,25.339,1526.481553,-0.11373584443173357
2026-06-24 14:23:27.001435+02:00,25.341,1526.773583,-0.11173584443173112
2026-06-24 14:23:27.290897+02:00,25.339,1527.063045,-0.11373584443173357
2026-06-24 14:23:27.584892+02:00,25.34,1527.35704,-0.11273584443173235
2026-06-24 14:23:27.874771+02:00,25.341,1527.646919,-0.11173584443173112
2026-06-24 14:23:28.168278+02:00,25.342,1527.940426,-0.11073584443173345
2026-06-24 14:23:28.460344+02:00,25.339,1528.232492,-0.11373584443173357
2026-06-24 14:23:28.752409+02:00,25.342,1528.524557,-0.11073584443173345
2026-06-24 14:23:29.043211+02:00,25.342,1528.815359,-0.11073584443173345
2026-06-24 14:23:29.337424+02:00,25.341,1529.109572,-0.11173584443173112
2026-06-24 14:23:29.632364+02:00,25.343,1529.404512,-0.10973584443173223
2026-06-24 14:23:29.923389+02:00,25.343,1529.695537,-0.10973584443173223
2026-06-24 14:23:30.221621+02:00,25.343,1529.993769,-0.10973584443173223
2026-06-24 14:23:30.514765+02:00,25.342,1530.286913,-0.11073584443173345
2026-06-24 14:23:30.806407+02:00,25.341,1530.578555,-0.11173584443173112
2026-06-24 14:23:31.096398+02:00,25.343,1530.868546,-0.10973584443173223
2026-06-24 14:23:31.395941+02:00,25.345,1531.168089,-0.10773584443173334
2026-06-24 14:23:31.686593+02:00,25.343,1531.458741,-0.10973584443173223
2026-06-24 14:23:31.985383+02:00,25.344,1531.757531,-0.10873584443173101
2026-06-24 14:23:32.279176+02:00,25.342,1532.051324,-0.11073584443173345
2026-06-24 14:23:32.572196+02:00,25.342,1532.344344,-0.11073584443173345
2026-06-24 14:23:32.865479+02:00,25.343,1532.637627,-0.10973584443173223
2026-06-24 14:23:33.157908+02:00,25.346,1532.930056,-0.10673584443173212
2026-06-24 14:23:33.447538+02:00,25.342,1533.219686,-0.11073584443173345
2026-06-24 14:23:33.745348+02:00,25.345,1533.517496,-0.10773584443173334
2026-06-24 14:23:34.035942+02:00,25.346,1533.80809,-0.10673584443173212
2026-06-24 14:23:34.328925+02:00,25.344,1534.101073,-0.10873584443173101
2026-06-24 14:23:34.618454+02:00,25.347,1534.390602,-0.1057358444317309
2026-06-24 14:23:34.910201+02:00,25.344,1534.682349,-0.10873584443173101
2026-06-24 14:23:35.210018+02:00,25.347,1534.982166,-0.1057358444317309
2026-06-24 14:23:35.512269+02:00,25.347,1535.284417,-0.1057358444317309
2026-06-24 14:23:35.812001+02:00,25.346,1535.584149,-0.10673584443173212
2026-06-24 14:23:36.110777+02:00,25.347,1535.882925,-0.1057358444317309
2026-06-24 14:23:36.408461+02:00,25.348,1536.180609,-0.10473584443173323
2026-06-24 14:23:36.699845+02:00,25.347,1536.471993,-0.1057358444317309
2026-06-24 14:23:36.996543+02:00,25.348,1536.768691,-0.10473584443173323
2026-06-24 14:23:37.292781+02:00,25.347,1537.064929,-0.1057358444317309
2026-06-24 14:23:37.583706+02:00,25.346,1537.355854,-0.10673584443173212
2026-06-24 14:23:37.875004+02:00,25.346,1537.647152,-0.10673584443173212
2026-06-24 14:23:38.166677+02:00,25.348,1537.938825,-0.10473584443173323
2026-06-24 14:23:38.464848+02:00,25.347,1538.236996,-0.1057358444317309
2026-06-24 14:23:38.759000+02:00,25.349,1538.531148,-0.103735844431732
2026-06-24 14:23:39.052434+02:00,25.349,1538.824582,-0.103735844431732
2026-06-24 14:23:39.345115+02:00,25.349,1539.117263,-0.103735844431732
2026-06-24 14:23:39.634561+02:00,25.35,1539.406709,-0.10273584443173078
2026-06-24 14:23:39.929818+02:00,25.348,1539.701966,-0.10473584443173323
2026-06-24 14:23:40.220308+02:00,25.348,1539.992456,-0.10473584443173323
2026-06-24 14:23:40.510922+02:00,25.35,1540.28307,-0.10273584443173078
2026-06-24 14:23:40.808760+02:00,25.349,1540.580908,-0.103735844431732
2026-06-24 14:23:41.102667+02:00,25.349,1540.874815,-0.103735844431732
2026-06-24 14:23:41.405563+02:00,25.351,1541.177711,-0.10173584443173311
2026-06-24 14:23:41.701752+02:00,25.351,1541.4739,-0.10173584443173311
2026-06-24 14:23:42.006609+02:00,25.351,1541.778757,-0.10173584443173311
2026-06-24 14:23:42.297469+02:00,25.351,1542.069617,-0.10173584443173311
2026-06-24 14:23:42.588089+02:00,25.352,1542.360237,-0.10073584443173189
2026-06-24 14:23:42.884374+02:00,25.351,1542.656522,-0.10173584443173311
2026-06-24 14:23:43.178109+02:00,25.352,1542.950257,-0.10073584443173189
2026-06-24 14:23:43.474088+02:00,25.352,1543.246236,-0.10073584443173189
2026-06-24 14:23:43.764735+02:00,25.353,1543.536883,-0.09973584443173067
2026-06-24 14:23:44.057152+02:00,25.358,1543.8293,-0.09473584443173166
2026-06-24 14:23:44.351247+02:00,25.357,1544.123395,-0.09573584443173289
2026-06-24 14:23:44.645124+02:00,25.357,1544.417272,-0.09573584443173289
2026-06-24 14:23:44.937552+02:00,25.357,1544.7097,-0.09573584443173289
2026-06-24 14:23:45.240221+02:00,25.357,1545.012369,-0.09573584443173289
2026-06-24 14:23:45.534039+02:00,25.357,1545.306187,-0.09573584443173289
2026-06-24 14:23:45.824591+02:00,25.361,1545.596739,-0.09173584443173155
2026-06-24 14:23:46.121523+02:00,25.359,1545.893671,-0.09373584443173044
2026-06-24 14:23:46.412397+02:00,25.358,1546.184545,-0.09473584443173166
2026-06-24 14:23:46.704394+02:00,25.359,1546.476542,-0.09373584443173044
2026-06-24 14:23:46.998045+02:00,25.358,1546.770193,-0.09473584443173166
2026-06-24 14:23:47.287681+02:00,25.357,1547.059829,-0.09573584443173289
2026-06-24 14:23:47.581842+02:00,25.359,1547.35399,-0.09373584443173044
2026-06-24 14:23:47.875829+02:00,25.363,1547.647977,-0.08973584443173266
2026-06-24 14:23:48.167917+02:00,25.362,1547.940065,-0.09073584443173388
2026-06-24 14:23:48.459463+02:00,25.363,1548.231611,-0.08973584443173266
2026-06-24 14:23:48.750011+02:00,25.363,1548.522159,-0.08973584443173266
2026-06-24 14:23:49.041548+02:00,25.363,1548.813696,-0.08973584443173266
2026-06-24 14:23:49.342531+02:00,25.365,1549.114679,-0.08773584443173377
2026-06-24 14:23:49.640612+02:00,25.363,1549.41276,-0.08973584443173266
2026-06-24 14:23:49.935084+02:00,25.365,1549.707232,-0.08773584443173377
2026-06-24 14:23:50.225710+02:00,25.365,1549.997858,-0.08773584443173377
2026-06-24 14:23:50.520927+02:00,25.365,1550.293075,-0.08773584443173377
2026-06-24 14:23:50.815457+02:00,25.369,1550.587605,-0.08373584443173243
2026-06-24 14:23:51.105697+02:00,25.367,1550.877845,-0.08573584443173132
2026-06-24 14:23:51.399454+02:00,25.367,1551.171602,-0.08573584443173132
2026-06-24 14:23:51.688210+02:00,25.367,1551.460358,-0.08573584443173132
2026-06-24 14:23:51.987788+02:00,25.37,1551.759936,-0.08273584443173121
2026-06-24 14:23:52.279139+02:00,25.368,1552.051287,-0.08473584443173365
2026-06-24 14:23:52.570506+02:00,25.368,1552.342654,-0.08473584443173365
2026-06-24 14:23:52.861774+02:00,25.367,1552.633922,-0.08573584443173132
2026-06-24 14:23:53.161198+02:00,25.37,1552.933346,-0.08273584443173121
2026-06-24 14:23:53.453754+02:00,25.37,1553.225902,-0.08273584443173121
2026-06-24 14:23:53.746317+02:00,25.372,1553.518465,-0.08073584443173232
2026-06-24 14:23:54.038282+02:00,25.372,1553.81043,-0.08073584443173232
2026-06-24 14:23:54.336204+02:00,25.371,1554.108352,-0.08173584443173354
2026-06-24 14:23:54.638135+02:00,25.373,1554.410283,-0.0797358444317311
2026-06-24 14:23:54.932649+02:00,25.372,1554.704797,-0.08073584443173232
2026-06-24 14:23:55.229936+02:00,25.373,1555.002084,-0.0797358444317311
2026-06-24 14:23:55.520874+02:00,25.369,1555.293022,-0.08373584443173243
2026-06-24 14:23:55.813189+02:00,25.374,1555.585337,-0.07873584443173343
2026-06-24 14:23:56.104051+02:00,25.373,1555.876199,-0.0797358444317311
2026-06-24 14:23:56.393895+02:00,25.373,1556.166043,-0.0797358444317311
2026-06-24 14:23:56.685204+02:00,25.375,1556.457352,-0.0777358444317322
2026-06-24 14:23:56.978229+02:00,25.374,1556.750377,-0.07873584443173343
2026-06-24 14:23:57.273250+02:00,25.377,1557.045398,-0.07573584443173331
2026-06-24 14:23:57.564230+02:00,25.373,1557.336378,-0.0797358444317311
2026-06-24 14:23:57.860304+02:00,25.375,1557.632452,-0.0777358444317322
2026-06-24 14:23:58.150060+02:00,25.375,1557.922208,-0.0777358444317322
2026-06-24 14:23:58.448668+02:00,25.376,1558.220816,-0.07673584443173098
2026-06-24 14:23:58.742197+02:00,25.374,1558.514345,-0.07873584443173343
2026-06-24 14:23:59.032980+02:00,25.377,1558.805128,-0.07573584443173331
2026-06-24 14:23:59.326210+02:00,25.374,1559.098358,-0.07873584443173343
2026-06-24 14:23:59.621048+02:00,25.375,1559.393196,-0.0777358444317322
2026-06-24 14:23:59.921092+02:00,25.377,1559.69324,-0.07573584443173331
2026-06-24 14:24:00.211996+02:00,25.376,1559.984144,-0.07673584443173098
2026-06-24 14:24:00.503792+02:00,25.377,1560.27594,-0.07573584443173331
2026-06-24 14:24:00.797114+02:00,25.377,1560.569262,-0.07573584443173331
2026-06-24 14:24:01.089689+02:00,25.377,1560.861837,-0.07573584443173331
2026-06-24 14:24:01.387799+02:00,25.381,1561.159947,-0.07173584443173198
2026-06-24 14:24:01.680291+02:00,25.379,1561.452439,-0.07373584443173087
2026-06-24 14:24:01.973788+02:00,25.379,1561.745936,-0.07373584443173087
2026-06-24 14:24:02.269563+02:00,25.377,1562.041711,-0.07573584443173331
2026-06-24 14:24:02.570798+02:00,25.377,1562.342946,-0.07573584443173331
2026-06-24 14:24:02.873521+02:00,25.379,1562.645669,-0.07373584443173087
2026-06-24 14:24:03.169060+02:00,25.38,1562.941208,-0.0727358444317332
2026-06-24 14:24:03.468180+02:00,25.381,1563.240328,-0.07173584443173198
2026-06-24 14:24:03.758719+02:00,25.382,1563.530867,-0.07073584443173075
2026-06-24 14:24:04.055814+02:00,25.383,1563.827962,-0.06973584443173309
2026-06-24 14:24:04.348310+02:00,25.383,1564.120458,-0.06973584443173309
2026-06-24 14:24:04.643779+02:00,25.383,1564.415927,-0.06973584443173309
2026-06-24 14:24:04.934692+02:00,25.383,1564.70684,-0.06973584443173309
2026-06-24 14:24:05.227939+02:00,25.383,1565.000087,-0.06973584443173309
2026-06-24 14:24:05.529585+02:00,25.384,1565.301733,-0.06873584443173186
2026-06-24 14:24:05.830328+02:00,25.382,1565.602476,-0.07073584443173075
2026-06-24 14:24:06.134462+02:00,25.384,1565.90661,-0.06873584443173186
2026-06-24 14:24:06.428376+02:00,25.383,1566.200524,-0.06973584443173309
2026-06-24 14:24:06.729967+02:00,25.385,1566.502115,-0.06773584443173064
2026-06-24 14:24:07.019177+02:00,25.384,1566.791325,-0.06873584443173186
2026-06-24 14:24:07.310188+02:00,25.387,1567.082336,-0.06573584443173175
2026-06-24 14:24:07.605559+02:00,25.386,1567.377707,-0.06673584443173297
2026-06-24 14:24:07.900932+02:00,25.386,1567.67308,-0.06673584443173297
2026-06-24 14:24:08.197982+02:00,25.383,1567.97013,-0.06973584443173309
2026-06-24 14:24:08.490258+02:00,25.385,1568.262406,-0.06773584443173064
2026-06-24 14:24:08.783378+02:00,25.387,1568.555526,-0.06573584443173175
2026-06-24 14:24:09.082112+02:00,25.388,1568.85426,-0.06473584443173053
2026-06-24 14:24:09.375609+02:00,25.387,1569.147757,-0.06573584443173175
2026-06-24 14:24:09.668165+02:00,25.389,1569.440313,-0.06373584443173286
2026-06-24 14:24:09.960438+02:00,25.391,1569.732586,-0.061735844431733966
2026-06-24 14:24:10.257906+02:00,25.39,1570.030054,-0.06273584443173164
2026-06-24 14:24:10.546533+02:00,25.388,1570.318681,-0.06473584443173053
2026-06-24 14:24:10.840213+02:00,25.389,1570.612361,-0.06373584443173286
2026-06-24 14:24:11.140146+02:00,25.388,1570.912294,-0.06473584443173053
2026-06-24 14:24:11.439631+02:00,25.389,1571.211779,-0.06373584443173286
2026-06-24 14:24:11.744121+02:00,25.389,1571.516269,-0.06373584443173286
2026-06-24 14:24:12.038886+02:00,25.391,1571.811034,-0.061735844431733966
2026-06-24 14:24:12.328728+02:00,25.39,1572.100876,-0.06273584443173164
2026-06-24 14:24:12.623268+02:00,25.39,1572.395416,-0.06273584443173164
2026-06-24 14:24:12.915873+02:00,25.392,1572.688021,-0.060735844431732744
2026-06-24 14:24:13.207984+02:00,25.393,1572.980132,-0.05973584443173152
2026-06-24 14:24:13.501950+02:00,25.395,1573.274098,-0.05773584443173263
2026-06-24 14:24:13.793266+02:00,25.394,1573.565414,-0.05873584443173385
2026-06-24 14:24:14.087131+02:00,25.394,1573.859279,-0.05873584443173385
2026-06-24 14:24:14.385663+02:00,25.393,1574.157811,-0.05973584443173152
2026-06-24 14:24:14.678738+02:00,25.395,1574.450886,-0.05773584443173263
2026-06-24 14:24:14.979329+02:00,25.397,1574.751477,-0.05573584443173374
2026-06-24 14:24:15.269570+02:00,25.395,1575.041718,-0.05773584443173263
2026-06-24 14:24:15.562462+02:00,25.398,1575.33461,-0.05473584443173252
2026-06-24 14:24:15.857568+02:00,25.397,1575.629716,-0.05573584443173374
2026-06-24 14:24:16.154430+02:00,25.395,1575.926578,-0.05773584443173263
2026-06-24 14:24:16.444755+02:00,25.396,1576.216903,-0.05673584443173141
2026-06-24 14:24:16.740002+02:00,25.396,1576.51215,-0.05673584443173141
2026-06-24 14:24:17.034834+02:00,25.398,1576.806982,-0.05473584443173252
2026-06-24 14:24:17.329360+02:00,25.4,1577.101508,-0.052735844431733625
2026-06-24 14:24:17.622157+02:00,25.396,1577.394305,-0.05673584443173141
2026-06-24 14:24:17.916057+02:00,25.399,1577.688205,-0.053735844431731294
2026-06-24 14:24:18.206614+02:00,25.398,1577.978762,-0.05473584443173252
2026-06-24 14:24:18.498942+02:00,25.399,1578.27109,-0.053735844431731294
2026-06-24 14:24:18.791075+02:00,25.399,1578.563223,-0.053735844431731294
2026-06-24 14:24:19.082843+02:00,25.398,1578.854991,-0.05473584443173252
2026-06-24 14:24:19.377269+02:00,25.397,1579.149417,-0.05573584443173374
2026-06-24 14:24:19.672115+02:00,25.4,1579.444263,-0.052735844431733625
2026-06-24 14:24:19.969348+02:00,25.4,1579.741496,-0.052735844431733625
2026-06-24 14:24:20.261967+02:00,25.399,1580.034115,-0.053735844431731294
2026-06-24 14:24:20.553227+02:00,25.401,1580.325375,-0.0517358444317324
2026-06-24 14:24:20.850449+02:00,25.399,1580.622597,-0.053735844431731294
2026-06-24 14:24:21.146369+02:00,25.403,1580.918517,-0.04973584443173351
2026-06-24 14:24:21.445108+02:00,25.403,1581.217256,-0.04973584443173351
2026-06-24 14:24:21.735488+02:00,25.403,1581.507636,-0.04973584443173351
2026-06-24 14:24:22.030269+02:00,25.405,1581.802417,-0.04773584443173107
2026-06-24 14:24:22.331246+02:00,25.405,1582.103394,-0.04773584443173107
2026-06-24 14:24:22.626521+02:00,25.407,1582.398669,-0.045735844431732176
2026-06-24 14:24:22.925716+02:00,25.405,1582.697864,-0.04773584443173107
2026-06-24 14:24:23.228046+02:00,25.408,1583.000194,-0.04473584443173095
2026-06-24 14:24:23.530078+02:00,25.407,1583.302226,-0.045735844431732176
2026-06-24 14:24:23.829206+02:00,25.406,1583.601354,-0.0467358444317334
2026-06-24 14:24:24.120818+02:00,25.409,1583.892966,-0.043735844431733284
2026-06-24 14:24:24.412485+02:00,25.412,1584.184633,-0.04073584443173317
2026-06-24 14:24:24.705370+02:00,25.409,1584.477518,-0.043735844431733284
2026-06-24 14:24:24.998403+02:00,25.413,1584.770551,-0.03973584443173195
2026-06-24 14:24:25.291867+02:00,25.412,1585.064015,-0.04073584443173317
2026-06-24 14:24:25.584131+02:00,25.411,1585.356279,-0.04173584443173084
2026-06-24 14:24:25.873886+02:00,25.412,1585.646034,-0.04073584443173317
2026-06-24 14:24:26.169232+02:00,25.41,1585.94138,-0.04273584443173206
2026-06-24 14:24:26.459032+02:00,25.411,1586.23118,-0.04173584443173084
2026-06-24 14:24:26.751310+02:00,25.413,1586.523458,-0.03973584443173195
2026-06-24 14:24:27.042128+02:00,25.415,1586.814276,-0.03773584443173306
2026-06-24 14:24:27.339127+02:00,25.414,1587.111275,-0.038735844431730726
2026-06-24 14:24:27.632882+02:00,25.414,1587.40503,-0.038735844431730726
2026-06-24 14:24:27.929852+02:00,25.415,1587.702,-0.03773584443173306
2026-06-24 14:24:28.225470+02:00,25.416,1587.997618,-0.036735844431731834
2026-06-24 14:24:28.527619+02:00,25.416,1588.299767,-0.036735844431731834
2026-06-24 14:24:28.827025+02:00,25.416,1588.599173,-0.036735844431731834
2026-06-24 14:24:29.127520+02:00,25.417,1588.899668,-0.03573584443173061
2026-06-24 14:24:29.422941+02:00,25.415,1589.195089,-0.03773584443173306
2026-06-24 14:24:29.716502+02:00,25.418,1589.48865,-0.03473584443173294
2026-06-24 14:24:30.009967+02:00,25.415,1589.782115,-0.03773584443173306
2026-06-24 14:24:30.299316+02:00,25.417,1590.071464,-0.03573584443173061
2026-06-24 14:24:30.598608+02:00,25.416,1590.370756,-0.036735844431731834
2026-06-24 14:24:30.892329+02:00,25.418,1590.664477,-0.03473584443173294
2026-06-24 14:24:31.184109+02:00,25.418,1590.956257,-0.03473584443173294
2026-06-24 14:24:31.474710+02:00,25.418,1591.246858,-0.03473584443173294
2026-06-24 14:24:31.772270+02:00,25.418,1591.544418,-0.03473584443173294
2026-06-24 14:24:32.073698+02:00,25.42,1591.845846,-0.0327358444317305
2026-06-24 14:24:32.375661+02:00,25.42,1592.147809,-0.0327358444317305
2026-06-24 14:24:32.668786+02:00,25.419,1592.440934,-0.03373584443173172
2026-06-24 14:24:32.969679+02:00,25.42,1592.741827,-0.0327358444317305
2026-06-24 14:24:33.263310+02:00,25.42,1593.035458,-0.0327358444317305
2026-06-24 14:24:33.556366+02:00,25.421,1593.328514,-0.03173584443173283
2026-06-24 14:24:33.848461+02:00,25.42,1593.620609,-0.0327358444317305
2026-06-24 14:24:34.140646+02:00,25.418,1593.912794,-0.03473584443173294
2026-06-24 14:24:34.430771+02:00,25.421,1594.202919,-0.03173584443173283
2026-06-24 14:24:34.721186+02:00,25.418,1594.493334,-0.03473584443173294
2026-06-24 14:24:35.016755+02:00,25.421,1594.788903,-0.03173584443173283
2026-06-24 14:24:35.315324+02:00,25.422,1595.087472,-0.030735844431731607
2026-06-24 14:24:35.604804+02:00,25.422,1595.376952,-0.030735844431731607
2026-06-24 14:24:35.895561+02:00,25.422,1595.667709,-0.030735844431731607
2026-06-24 14:24:36.186218+02:00,25.424,1595.958366,-0.028735844431732716
2026-06-24 14:24:36.486787+02:00,25.422,1596.258935,-0.030735844431731607
2026-06-24 14:24:36.781684+02:00,25.424,1596.553832,-0.028735844431732716
2026-06-24 14:24:37.073814+02:00,25.425,1596.845962,-0.027735844431731493
2026-06-24 14:24:37.368414+02:00,25.424,1597.140562,-0.028735844431732716
2026-06-24 14:24:37.661595+02:00,25.424,1597.433743,-0.028735844431732716
2026-06-24 14:24:37.958723+02:00,25.424,1597.730871,-0.028735844431732716
2026-06-24 14:24:38.256521+02:00,25.425,1598.028669,-0.027735844431731493
2026-06-24 14:24:38.547434+02:00,25.427,1598.319582,-0.025735844431732602
2026-06-24 14:24:38.841416+02:00,25.426,1598.613564,-0.026735844431733824
2026-06-24 14:24:39.131463+02:00,25.427,1598.903611,-0.025735844431732602
2026-06-24 14:24:39.421969+02:00,25.426,1599.194117,-0.026735844431733824
2026-06-24 14:24:39.713184+02:00,25.428,1599.485332,-0.02473584443173138
2026-06-24 14:24:40.002306+02:00,25.427,1599.774454,-0.025735844431732602
2026-06-24 14:24:40.299387+02:00,25.427,1600.071535,-0.025735844431732602
2026-06-24 14:24:40.591400+02:00,25.426,1600.363548,-0.026735844431733824
2026-06-24 14:24:40.880562+02:00,25.429,1600.65271,-0.02373584443173371
2026-06-24 14:24:41.179118+02:00,25.429,1600.951266,-0.02373584443173371
2026-06-24 14:24:41.477452+02:00,25.428,1601.2496,-0.02473584443173138
2026-06-24 14:24:41.768995+02:00,25.428,1601.541143,-0.02473584443173138
2026-06-24 14:24:42.060068+02:00,25.43,1601.832216,-0.022735844431732488
2026-06-24 14:24:42.355429+02:00,25.432,1602.127577,-0.020735844431733597
2026-06-24 14:24:42.656864+02:00,25.43,1602.429012,-0.022735844431732488
2026-06-24 14:24:42.963508+02:00,25.43,1602.735656,-0.022735844431732488
2026-06-24 14:24:43.265060+02:00,25.431,1603.037208,-0.021735844431731266
2026-06-24 14:24:43.565180+02:00,25.431,1603.337328,-0.021735844431731266
2026-06-24 14:24:43.860725+02:00,25.433,1603.632873,-0.019735844431732374
2026-06-24 14:24:44.154115+02:00,25.432,1603.926263,-0.020735844431733597
2026-06-24 14:24:44.445838+02:00,25.433,1604.217986,-0.019735844431732374
2026-06-24 14:24:44.737478+02:00,25.434,1604.509626,-0.018735844431731152
2026-06-24 14:24:45.026745+02:00,25.433,1604.798893,-0.019735844431732374
2026-06-24 14:24:45.323867+02:00,25.431,1605.096015,-0.021735844431731266
2026-06-24 14:24:45.616691+02:00,25.434,1605.388839,-0.018735844431731152
2026-06-24 14:24:45.916271+02:00,25.436,1605.688419,-0.01673584443173226
2026-06-24 14:24:46.215148+02:00,25.436,1605.987296,-0.01673584443173226
2026-06-24 14:24:46.513544+02:00,25.436,1606.285692,-0.01673584443173226
2026-06-24 14:24:46.813756+02:00,25.436,1606.585904,-0.01673584443173226
2026-06-24 14:24:47.109086+02:00,25.436,1606.881234,-0.01673584443173226
2026-06-24 14:24:47.400773+02:00,25.436,1607.172921,-0.01673584443173226
2026-06-24 14:24:47.694770+02:00,25.436,1607.466918,-0.01673584443173226
2026-06-24 14:24:47.985700+02:00,25.437,1607.757848,-0.01573584443173104
2026-06-24 14:24:48.281347+02:00,25.438,1608.053495,-0.01473584443173337
2026-06-24 14:24:48.572606+02:00,25.438,1608.344754,-0.01473584443173337
2026-06-24 14:24:48.861645+02:00,25.442,1608.633793,-0.010735844431732033
2026-06-24 14:24:49.153569+02:00,25.438,1608.925717,-0.01473584443173337
2026-06-24 14:24:49.451502+02:00,25.439,1609.22365,-0.013735844431732147
2026-06-24 14:24:49.749968+02:00,25.441,1609.522116,-0.011735844431733256
2026-06-24 14:24:50.047753+02:00,25.441,1609.819901,-0.011735844431733256
2026-06-24 14:24:50.342497+02:00,25.444,1610.114645,-0.008735844431733142
2026-06-24 14:24:50.637708+02:00,25.442,1610.409856,-0.010735844431732033
2026-06-24 14:24:50.929369+02:00,25.441,1610.701517,-0.011735844431733256
2026-06-24 14:24:51.220062+02:00,25.439,1610.99221,-0.013735844431732147
2026-06-24 14:24:51.511231+02:00,25.438,1611.283379,-0.01473584443173337
2026-06-24 14:24:51.802171+02:00,25.442,1611.574319,-0.010735844431732033
2026-06-24 14:24:52.097610+02:00,25.44,1611.869758,-0.012735844431730925
2026-06-24 14:24:52.395728+02:00,25.444,1612.167876,-0.008735844431733142
2026-06-24 14:24:52.692018+02:00,25.445,1612.464166,-0.00773584443173192
2026-06-24 14:24:52.984197+02:00,25.444,1612.756345,-0.008735844431733142
2026-06-24 14:24:53.279038+02:00,25.446,1613.051186,-0.006735844431730698
2026-06-24 14:24:53.572683+02:00,25.448,1613.344831,-0.004735844431731806
2026-06-24 14:24:53.863700+02:00,25.45,1613.635848,-0.0027358444317329145
2026-06-24 14:24:54.156561+02:00,25.451,1613.928709,-0.0017358444317316923
2026-06-24 14:24:54.445458+02:00,25.447,1614.217606,-0.005735844431733028
2026-06-24 14:24:54.738283+02:00,25.449,1614.510431,-0.003735844431730584
2026-06-24 14:24:55.033310+02:00,25.448,1614.805458,-0.004735844431731806
2026-06-24 14:24:55.322772+02:00,25.448,1615.09492,-0.004735844431731806
2026-06-24 14:24:55.612569+02:00,25.45,1615.384717,-0.0027358444317329145
2026-06-24 14:24:55.907089+02:00,25.45,1615.679237,-0.0027358444317329145
2026-06-24 14:24:56.200119+02:00,25.452,1615.972267,-0.0007358444317304702
2026-06-24 14:24:56.493183+02:00,25.451,1616.265331,-0.0017358444317316923
2026-06-24 14:24:56.784661+02:00,25.452,1616.556809,-0.0007358444317304702
2026-06-24 14:24:57.073016+02:00,25.452,1616.845164,-0.0007358444317304702
2026-06-24 14:24:57.364309+02:00,25.454,1617.136457,0.0012641555682684213
2026-06-24 14:24:57.661071+02:00,25.454,1617.433219,0.0012641555682684213
2026-06-24 14:24:57.951878+02:00,25.455,1617.724026,0.0022641555682660908
2026-06-24 14:24:58.244567+02:00,25.458,1618.016715,0.0052641555682662045
2026-06-24 14:24:58.544274+02:00,25.454,1618.316422,0.0012641555682684213
2026-06-24 14:24:58.833053+02:00,25.457,1618.605201,0.004264155568268535
2026-06-24 14:24:59.124535+02:00,25.457,1618.896683,0.004264155568268535
2026-06-24 14:24:59.419051+02:00,25.458,1619.191199,0.0052641555682662045
2026-06-24 14:24:59.717876+02:00,25.461,1619.490024,0.008264155568266318
2026-06-24 14:25:00.020101+02:00,25.461,1619.792249,0.008264155568266318
2026-06-24 14:25:00.318496+02:00,25.462,1620.090644,0.00926415556826754
2026-06-24 14:25:00.611256+02:00,25.463,1620.383404,0.010264155568268762
2026-06-24 14:25:00.905186+02:00,25.461,1620.677334,0.008264155568266318
2026-06-24 14:25:01.197095+02:00,25.459,1620.969243,0.006264155568267427
2026-06-24 14:25:01.491928+02:00,25.461,1621.264076,0.008264155568266318
2026-06-24 14:25:01.789356+02:00,25.464,1621.561504,0.011264155568266432
2026-06-24 14:25:02.081300+02:00,25.465,1621.853448,0.012264155568267654
2026-06-24 14:25:02.371289+02:00,25.464,1622.143437,0.011264155568266432
2026-06-24 14:25:02.664829+02:00,25.462,1622.436977,0.00926415556826754
2026-06-24 14:25:02.956586+02:00,25.466,1622.728734,0.013264155568268876
2026-06-24 14:25:03.248874+02:00,25.462,1623.021022,0.00926415556826754
2026-06-24 14:25:03.538989+02:00,25.466,1623.311137,0.013264155568268876
2026-06-24 14:25:03.837363+02:00,25.467,1623.609511,0.014264155568266546
2026-06-24 14:25:04.128926+02:00,25.466,1623.901074,0.013264155568268876
2026-06-24 14:25:04.430215+02:00,25.468,1624.202363,0.015264155568267768
2026-06-24 14:25:04.722226+02:00,25.469,1624.494374,0.01626415556826899
2026-06-24 14:25:05.015271+02:00,25.468,1624.787419,0.015264155568267768
2026-06-24 14:25:05.313668+02:00,25.469,1625.085816,0.01626415556826899
2026-06-24 14:25:05.610665+02:00,25.469,1625.382813,0.01626415556826899
2026-06-24 14:25:05.902787+02:00,25.469,1625.674935,0.01626415556826899
2026-06-24 14:25:06.197811+02:00,25.47,1625.969959,0.01726415556826666
2026-06-24 14:25:06.490375+02:00,25.47,1626.262523,0.01726415556826666
2026-06-24 14:25:06.784736+02:00,25.472,1626.556884,0.019264155568269103
2026-06-24 14:25:07.082781+02:00,25.472,1626.854929,0.019264155568269103
2026-06-24 14:25:07.374550+02:00,25.475,1627.146698,0.022264155568269217
2026-06-24 14:25:07.665707+02:00,25.475,1627.437855,0.022264155568269217
2026-06-24 14:25:07.960283+02:00,25.473,1627.732431,0.020264155568266773
2026-06-24 14:25:08.251516+02:00,25.473,1628.023664,0.020264155568266773
2026-06-24 14:25:08.541981+02:00,25.475,1628.314129,0.022264155568269217
2026-06-24 14:25:08.836587+02:00,25.477,1628.608735,0.02426415556826811
2026-06-24 14:25:09.128210+02:00,25.475,1628.900358,0.022264155568269217
2026-06-24 14:25:09.417777+02:00,25.477,1629.189925,0.02426415556826811
2026-06-24 14:25:09.709160+02:00,25.479,1629.481308,0.026264155568267
2026-06-24 14:25:10.011483+02:00,25.478,1629.783631,0.02526415556826933
2026-06-24 14:25:10.311756+02:00,25.478,1630.083904,0.02526415556826933
2026-06-24 14:25:10.611773+02:00,25.476,1630.383921,0.023264155568266887
2026-06-24 14:25:10.904404+02:00,25.477,1630.676552,0.02426415556826811
2026-06-24 14:25:11.204378+02:00,25.48,1630.976526,0.027264155568268222
2026-06-24 14:25:11.502677+02:00,25.48,1631.274825,0.027264155568268222
2026-06-24 14:25:11.795845+02:00,25.48,1631.567993,0.027264155568268222
2026-06-24 14:25:12.089567+02:00,25.483,1631.861715,0.030264155568268336
2026-06-24 14:25:12.380744+02:00,25.484,1632.152892,0.03126415556826956
2026-06-24 14:25:12.673767+02:00,25.484,1632.445915,0.03126415556826956
2026-06-24 14:25:12.966853+02:00,25.484,1632.739001,0.03126415556826956
2026-06-24 14:25:13.263866+02:00,25.485,1633.036014,0.03226415556826723
2026-06-24 14:25:13.566102+02:00,25.486,1633.33825,0.03326415556826845
2026-06-24 14:25:13.861134+02:00,25.485,1633.633282,0.03226415556826723
2026-06-24 14:25:14.154080+02:00,25.485,1633.926228,0.03226415556826723
2026-06-24 14:25:14.448819+02:00,25.487,1634.220967,0.03426415556826612
2026-06-24 14:25:14.741638+02:00,25.488,1634.513786,0.03526415556826734
2026-06-24 14:25:15.036861+02:00,25.487,1634.809009,0.03426415556826612
2026-06-24 14:25:15.325716+02:00,25.489,1635.097864,0.03626415556826856
2026-06-24 14:25:15.625023+02:00,25.488,1635.397171,0.03526415556826734
2026-06-24 14:25:15.915208+02:00,25.488,1635.687356,0.03526415556826734
2026-06-24 14:25:16.207756+02:00,25.489,1635.979904,0.03626415556826856
2026-06-24 14:25:16.502214+02:00,25.489,1636.274362,0.03626415556826856
2026-06-24 14:25:16.795397+02:00,25.492,1636.567545,0.03926415556826868
2026-06-24 14:25:17.085136+02:00,25.489,1636.857284,0.03626415556826856
2026-06-24 14:25:17.378899+02:00,25.492,1637.151047,0.03926415556826868
2026-06-24 14:25:17.668325+02:00,25.491,1637.440473,0.038264155568267455
2026-06-24 14:25:17.961535+02:00,25.493,1637.733683,0.04026415556826635
2026-06-24 14:25:18.253537+02:00,25.49,1638.025685,0.03726415556826623
2026-06-24 14:25:18.554221+02:00,25.491,1638.326369,0.038264155568267455
2026-06-24 14:25:18.849853+02:00,25.492,1638.622001,0.03926415556826868
2026-06-24 14:25:19.142851+02:00,25.494,1638.914999,0.04126415556826757
2026-06-24 14:25:19.433874+02:00,25.494,1639.206022,0.04126415556826757
2026-06-24 14:25:19.730771+02:00,25.493,1639.502919,0.04026415556826635
2026-06-24 14:25:20.020589+02:00,25.496,1639.792737,0.04326415556826646
2026-06-24 14:25:20.320224+02:00,25.497,1640.092372,0.04426415556826768
2026-06-24 14:25:20.617691+02:00,25.497,1640.389839,0.04426415556826768
2026-06-24 14:25:20.908617+02:00,25.497,1640.680765,0.04426415556826768
2026-06-24 14:25:21.199333+02:00,25.5,1640.971481,0.047264155568267796
2026-06-24 14:25:21.492346+02:00,25.5,1641.264494,0.047264155568267796
2026-06-24 14:25:21.790531+02:00,25.499,1641.562679,0.046264155568266574
2026-06-24 14:25:22.082578+02:00,25.501,1641.854726,0.04826415556826902
2026-06-24 14:25:22.373072+02:00,25.502,1642.14522,0.04926415556826669
2026-06-24 14:25:22.667396+02:00,25.499,1642.439544,0.046264155568266574
2026-06-24 14:25:22.965622+02:00,25.5,1642.73777,0.047264155568267796
2026-06-24 14:25:23.257668+02:00,25.5,1643.029816,0.047264155568267796
2026-06-24 14:25:23.555627+02:00,25.502,1643.327775,0.04926415556826669
2026-06-24 14:25:23.848436+02:00,25.503,1643.620584,0.05026415556826791
2026-06-24 14:25:24.144365+02:00,25.502,1643.916513,0.04926415556826669
2026-06-24 14:25:24.447350+02:00,25.502,1644.219498,0.04926415556826669
2026-06-24 14:25:24.743059+02:00,25.504,1644.515207,0.05126415556826913
2026-06-24 14:25:25.040724+02:00,25.504,1644.812872,0.05126415556826913
2026-06-24 14:25:25.330041+02:00,25.503,1645.102189,0.05026415556826791
2026-06-24 14:25:25.622662+02:00,25.505,1645.39481,0.0522641555682668
2026-06-24 14:25:25.914306+02:00,25.506,1645.686454,0.05326415556826802
2026-06-24 14:25:26.203112+02:00,25.507,1645.97526,0.054264155568269246
2026-06-24 14:25:26.495791+02:00,25.507,1646.267939,0.054264155568269246
2026-06-24 14:25:26.791417+02:00,25.507,1646.563565,0.054264155568269246
2026-06-24 14:25:27.090091+02:00,25.509,1646.862239,0.05626415556826814
2026-06-24 14:25:27.381839+02:00,25.509,1647.153987,0.05626415556826814
2026-06-24 14:25:27.674080+02:00,25.506,1647.446228,0.05326415556826802
2026-06-24 14:25:27.963373+02:00,25.507,1647.735521,0.054264155568269246
2026-06-24 14:25:28.252203+02:00,25.508,1648.024351,0.055264155568266915
2026-06-24 14:25:28.551644+02:00,25.507,1648.323792,0.054264155568269246
2026-06-24 14:25:28.844168+02:00,25.509,1648.616316,0.05626415556826814
2026-06-24 14:25:29.140551+02:00,25.507,1648.912699,0.054264155568269246
2026-06-24 14:25:29.440347+02:00,25.511,1649.212495,0.05826415556826703
2026-06-24 14:25:29.732424+02:00,25.51,1649.504572,0.05726415556826936
2026-06-24 14:25:30.023938+02:00,25.51,1649.796086,0.05726415556826936
2026-06-24 14:25:30.316690+02:00,25.512,1650.088838,0.05926415556826825
2026-06-24 14:25:30.611219+02:00,25.512,1650.383367,0.05926415556826825
2026-06-24 14:25:30.909925+02:00,25.513,1650.682073,0.06026415556826947
2026-06-24 14:25:31.202841+02:00,25.512,1650.974989,0.05926415556826825
2026-06-24 14:25:31.495185+02:00,25.512,1651.267333,0.05926415556826825
2026-06-24 14:25:31.785575+02:00,25.514,1651.557723,0.06126415556826714
2026-06-24 14:25:32.086831+02:00,25.513,1651.858979,0.06026415556826947
2026-06-24 14:25:32.392727+02:00,25.517,1652.164875,0.06426415556826726
2026-06-24 14:25:32.694583+02:00,25.514,1652.466731,0.06126415556826714
2026-06-24 14:25:32.995123+02:00,25.514,1652.767271,0.06126415556826714
2026-06-24 14:25:33.288878+02:00,25.516,1653.061026,0.06326415556826603
2026-06-24 14:25:33.579944+02:00,25.517,1653.352092,0.06426415556826726
2026-06-24 14:25:33.872800+02:00,25.518,1653.644948,0.06526415556826848
2026-06-24 14:25:34.165571+02:00,25.517,1653.937719,0.06426415556826726
2026-06-24 14:25:34.455644+02:00,25.518,1654.227792,0.06526415556826848
2026-06-24 14:25:34.747089+02:00,25.519,1654.519237,0.06626415556826615
2026-06-24 14:25:35.041425+02:00,25.522,1654.813573,0.06926415556826626
2026-06-24 14:25:35.341615+02:00,25.52,1655.113763,0.06726415556826737
2026-06-24 14:25:35.639114+02:00,25.522,1655.411262,0.06926415556826626
2026-06-24 14:25:35.931037+02:00,25.522,1655.703185,0.06926415556826626
2026-06-24 14:25:36.224466+02:00,25.52,1655.996614,0.06726415556826737
2026-06-24 14:25:36.517105+02:00,25.522,1656.289253,0.06926415556826626
2026-06-24 14:25:36.810320+02:00,25.522,1656.582468,0.06926415556826626
2026-06-24 14:25:37.099300+02:00,25.522,1656.871448,0.06926415556826626
2026-06-24 14:25:37.393727+02:00,25.523,1657.165875,0.07026415556826748
2026-06-24 14:25:37.688455+02:00,25.523,1657.460603,0.07026415556826748
2026-06-24 14:25:37.981569+02:00,25.524,1657.753717,0.0712641555682687
2026-06-24 14:25:38.278686+02:00,25.525,1658.050834,0.07226415556826637
2026-06-24 14:25:38.572497+02:00,25.526,1658.344645,0.0732641555682676
2026-06-24 14:25:38.862168+02:00,25.526,1658.634316,0.0732641555682676
2026-06-24 14:25:39.153741+02:00,25.528,1658.925889,0.07526415556826649
2026-06-24 14:25:39.444559+02:00,25.525,1659.216707,0.07226415556826637
2026-06-24 14:25:39.734488+02:00,25.528,1659.506636,0.07526415556826649
2026-06-24 14:25:40.037268+02:00,25.533,1659.809416,0.08026415556826905
2026-06-24 14:25:40.330907+02:00,25.532,1660.103055,0.07926415556826782
2026-06-24 14:25:40.623176+02:00,25.528,1660.395324,0.07526415556826649
2026-06-24 14:25:40.918211+02:00,25.53,1660.690359,0.07726415556826893
2026-06-24 14:25:41.214547+02:00,25.531,1660.986695,0.0782641555682666
2026-06-24 14:25:41.504795+02:00,25.53,1661.276943,0.07726415556826893
2026-06-24 14:25:41.794086+02:00,25.531,1661.566234,0.0782641555682666
2026-06-24 14:25:42.087128+02:00,25.533,1661.859276,0.08026415556826905
2026-06-24 14:25:42.381799+02:00,25.534,1662.153947,0.08126415556826672
2026-06-24 14:25:42.682743+02:00,25.536,1662.454891,0.08326415556826916
2026-06-24 14:25:42.985880+02:00,25.536,1662.758028,0.08326415556826916
2026-06-24 14:25:43.276696+02:00,25.537,1663.048844,0.08426415556826683
2026-06-24 14:25:43.568191+02:00,25.54,1663.340339,0.08726415556826694
2026-06-24 14:25:43.862814+02:00,25.537,1663.634962,0.08426415556826683
2026-06-24 14:25:44.159727+02:00,25.538,1663.931875,0.08526415556826805
2026-06-24 14:25:44.451248+02:00,25.537,1664.223396,0.08426415556826683
2026-06-24 14:25:44.741864+02:00,25.537,1664.514012,0.08426415556826683
2026-06-24 14:25:45.035492+02:00,25.54,1664.80764,0.08726415556826694
2026-06-24 14:25:45.329566+02:00,25.541,1665.101714,0.08826415556826817
2026-06-24 14:25:45.620446+02:00,25.544,1665.392594,0.09126415556826828
2026-06-24 14:25:45.915527+02:00,25.543,1665.687675,0.09026415556826706
2026-06-24 14:25:46.205530+02:00,25.542,1665.977678,0.08926415556826939
2026-06-24 14:25:46.500606+02:00,25.544,1666.272754,0.09126415556826828
2026-06-24 14:25:46.791462+02:00,25.545,1666.56361,0.0922641555682695
2026-06-24 14:25:47.093480+02:00,25.545,1666.865628,0.0922641555682695
2026-06-24 14:25:47.395444+02:00,25.546,1667.167592,0.09326415556826717
2026-06-24 14:25:47.687436+02:00,25.546,1667.459584,0.09326415556826717
2026-06-24 14:25:47.994019+02:00,25.545,1667.766167,0.0922641555682695
2026-06-24 14:25:48.288784+02:00,25.546,1668.060932,0.09326415556826717
2026-06-24 14:25:48.585308+02:00,25.55,1668.357456,0.0972641555682685
2026-06-24 14:25:48.877035+02:00,25.547,1668.649183,0.09426415556826839
2026-06-24 14:25:49.173020+02:00,25.549,1668.945168,0.09626415556826728
2026-06-24 14:25:49.463690+02:00,25.547,1669.235838,0.09426415556826839
2026-06-24 14:25:49.757471+02:00,25.549,1669.529619,0.09626415556826728
2026-06-24 14:25:50.048369+02:00,25.551,1669.820517,0.09826415556826618
2026-06-24 14:25:50.343174+02:00,25.55,1670.115322,0.0972641555682685
2026-06-24 14:25:50.641357+02:00,25.55,1670.413505,0.0972641555682685
2026-06-24 14:25:50.944166+02:00,25.552,1670.716314,0.0992641555682674
2026-06-24 14:25:51.243741+02:00,25.55,1671.015889,0.0972641555682685
2026-06-24 14:25:51.546327+02:00,25.552,1671.318475,0.0992641555682674
2026-06-24 14:25:51.842292+02:00,25.554,1671.61444,0.10126415556826629
2026-06-24 14:25:52.146722+02:00,25.552,1671.91887,0.0992641555682674
2026-06-24 14:25:52.437323+02:00,25.556,1672.209471,0.10326415556826873
2026-06-24 14:25:52.729346+02:00,25.556,1672.501494,0.10326415556826873
2026-06-24 14:25:53.021553+02:00,25.555,1672.793701,0.10226415556826751
2026-06-24 14:25:53.311476+02:00,25.557,1673.083624,0.1042641555682664
2026-06-24 14:25:53.601838+02:00,25.557,1673.373986,0.1042641555682664
2026-06-24 14:25:53.895712+02:00,25.557,1673.66786,0.1042641555682664
2026-06-24 14:25:54.190655+02:00,25.558,1673.962803,0.10526415556826763
2026-06-24 14:25:54.481599+02:00,25.56,1674.253747,0.10726415556826652
2026-06-24 14:25:54.775785+02:00,25.562,1674.547933,0.10926415556826896
2026-06-24 14:25:55.070281+02:00,25.56,1674.842429,0.10726415556826652
2026-06-24 14:25:55.363418+02:00,25.56,1675.135566,0.10726415556826652
2026-06-24 14:25:55.652539+02:00,25.562,1675.424687,0.10926415556826896
2026-06-24 14:25:55.952915+02:00,25.562,1675.725063,0.10926415556826896
2026-06-24 14:25:56.253039+02:00,25.563,1676.025187,0.11026415556826663
2026-06-24 14:25:56.545033+02:00,25.562,1676.317181,0.10926415556826896
2026-06-24 14:25:56.836517+02:00,25.566,1676.608665,0.11326415556826674
2026-06-24 14:25:57.130642+02:00,25.567,1676.90279,0.11426415556826797
2026-06-24 14:25:57.426103+02:00,25.565,1677.198251,0.11226415556826908
2026-06-24 14:25:57.715303+02:00,25.569,1677.487451,0.11626415556826686
2026-06-24 14:25:58.013771+02:00,25.569,1677.785919,0.11626415556826686
2026-06-24 14:25:58.308894+02:00,25.564,1678.081042,0.11126415556826785
2026-06-24 14:25:58.601608+02:00,25.569,1678.373756,0.11626415556826686
2026-06-24 14:25:58.897243+02:00,25.569,1678.669391,0.11626415556826686
2026-06-24 14:25:59.187041+02:00,25.571,1678.959189,0.1182641555682693
2026-06-24 14:25:59.477383+02:00,25.569,1679.249531,0.11626415556826686
2026-06-24 14:25:59.769701+02:00,25.573,1679.541849,0.1202641555682682
2026-06-24 14:26:00.061917+02:00,25.572,1679.834065,0.11926415556826697
2026-06-24 14:26:00.352918+02:00,25.571,1680.125066,0.1182641555682693
2026-06-24 14:26:00.643964+02:00,25.571,1680.416112,0.1182641555682693
2026-06-24 14:26:00.935122+02:00,25.573,1680.70727,0.1202641555682682
2026-06-24 14:26:01.226868+02:00,25.576,1680.999016,0.12326415556826831
2026-06-24 14:26:01.534487+02:00,25.575,1681.306635,0.12226415556826709
2026-06-24 14:26:01.827453+02:00,25.577,1681.599601,0.12426415556826953
2026-06-24 14:26:02.118223+02:00,25.578,1681.890371,0.1252641555682672
2026-06-24 14:26:02.410474+02:00,25.578,1682.182622,0.1252641555682672
2026-06-24 14:26:02.707857+02:00,25.578,1682.480005,0.1252641555682672
2026-06-24 14:26:03.007479+02:00,25.578,1682.779627,0.1252641555682672
2026-06-24 14:26:03.299667+02:00,25.581,1683.071815,0.1282641555682673
2026-06-24 14:26:03.592923+02:00,25.583,1683.365071,0.1302641555682662
2026-06-24 14:26:03.889038+02:00,25.58,1683.661186,0.1272641555682661
2026-06-24 14:26:04.188413+02:00,25.582,1683.960561,0.12926415556826854
2026-06-24 14:26:04.482336+02:00,25.582,1684.254484,0.12926415556826854
2026-06-24 14:26:04.785974+02:00,25.583,1684.558122,0.1302641555682662
2026-06-24 14:26:05.080186+02:00,25.583,1684.852334,0.1302641555682662
2026-06-24 14:26:05.384182+02:00,25.586,1685.15633,0.13326415556826632
2026-06-24 14:26:05.673955+02:00,25.586,1685.446103,0.13326415556826632
2026-06-24 14:26:05.969290+02:00,25.586,1685.741438,0.13326415556826632
2026-06-24 14:26:06.259664+02:00,25.587,1686.031812,0.13426415556826754
2026-06-24 14:26:06.554523+02:00,25.588,1686.326671,0.13526415556826876
2026-06-24 14:26:06.843973+02:00,25.59,1686.616121,0.13726415556826765
2026-06-24 14:26:07.137648+02:00,25.589,1686.909796,0.13626415556826643
2026-06-24 14:26:07.428762+02:00,25.591,1687.20091,0.13826415556826888
2026-06-24 14:26:07.725190+02:00,25.59,1687.497338,0.13726415556826765
2026-06-24 14:26:08.017187+02:00,25.591,1687.789335,0.13826415556826888
2026-06-24 14:26:08.307787+02:00,25.591,1688.079935,0.13826415556826888
2026-06-24 14:26:08.606489+02:00,25.594,1688.378637,0.141264155568269
2026-06-24 14:26:08.897213+02:00,25.594,1688.669361,0.141264155568269
2026-06-24 14:26:09.192472+02:00,25.594,1688.96462,0.141264155568269
2026-06-24 14:26:09.488387+02:00,25.593,1689.260535,0.14026415556826777
2026-06-24 14:26:09.777058+02:00,25.595,1689.549206,0.14226415556826666
2026-06-24 14:26:10.072548+02:00,25.596,1689.844696,0.14326415556826788
2026-06-24 14:26:10.364775+02:00,25.596,1690.136923,0.14326415556826788
2026-06-24 14:26:10.665465+02:00,25.595,1690.437613,0.14226415556826666
2026-06-24 14:26:10.958804+02:00,25.597,1690.730952,0.1442641555682691
2026-06-24 14:26:11.258740+02:00,25.597,1691.030888,0.1442641555682691
2026-06-24 14:26:11.549632+02:00,25.597,1691.32178,0.1442641555682691
2026-06-24 14:26:11.851269+02:00,25.595,1691.623417,0.14226415556826666
2026-06-24 14:26:12.143964+02:00,25.596,1691.916112,0.14326415556826788
2026-06-24 14:26:12.433937+02:00,25.598,1692.206085,0.14526415556826677
2026-06-24 14:26:12.724478+02:00,25.597,1692.496626,0.1442641555682691
2026-06-24 14:26:13.013874+02:00,25.601,1692.786022,0.1482641555682669
2026-06-24 14:26:13.305352+02:00,25.599,1693.0775,0.146264155568268
2026-06-24 14:26:13.597037+02:00,25.6,1693.369185,0.14726415556826922
2026-06-24 14:26:13.890387+02:00,25.6,1693.662535,0.14726415556826922
2026-06-24 14:26:14.187346+02:00,25.6,1693.959494,0.14726415556826922
2026-06-24 14:26:14.478513+02:00,25.604,1694.250661,0.151264155568267
2026-06-24 14:26:14.772592+02:00,25.603,1694.54474,0.15026415556826933
2026-06-24 14:26:15.064383+02:00,25.603,1694.836531,0.15026415556826933
2026-06-24 14:26:15.361932+02:00,25.604,1695.13408,0.151264155568267
2026-06-24 14:26:15.654275+02:00,25.605,1695.426423,0.15226415556826822
2026-06-24 14:26:15.945527+02:00,25.608,1695.717675,0.15526415556826834
2026-06-24 14:26:16.237686+02:00,25.607,1696.009834,0.15426415556826711
2026-06-24 14:26:16.529323+02:00,25.61,1696.301471,0.15726415556826723
2026-06-24 14:26:16.823103+02:00,25.608,1696.595251,0.15526415556826834
2026-06-24 14:26:17.115308+02:00,25.609,1696.887456,0.15626415556826956
2026-06-24 14:26:17.407710+02:00,25.609,1697.179858,0.15626415556826956
2026-06-24 14:26:17.696814+02:00,25.609,1697.468962,0.15626415556826956
2026-06-24 14:26:17.990097+02:00,25.611,1697.762245,0.15826415556826845
2026-06-24 14:26:18.286120+02:00,25.613,1698.058268,0.16026415556826734
2026-06-24 14:26:18.580724+02:00,25.613,1698.352872,0.16026415556826734
2026-06-24 14:26:18.881908+02:00,25.616,1698.654056,0.16326415556826746
2026-06-24 14:26:19.176461+02:00,25.617,1698.948609,0.16426415556826868
2026-06-24 14:26:19.470888+02:00,25.616,1699.243036,0.16326415556826746
2026-06-24 14:26:19.763985+02:00,25.619,1699.536133,0.16626415556826757
2026-06-24 14:26:20.056869+02:00,25.618,1699.829017,0.16526415556826635
2026-06-24 14:26:20.349804+02:00,25.619,1700.121952,0.16626415556826757
2026-06-24 14:26:20.643108+02:00,25.622,1700.415256,0.16926415556826768
2026-06-24 14:26:20.944135+02:00,25.618,1700.716283,0.16526415556826635
2026-06-24 14:26:21.234788+02:00,25.623,1701.006936,0.1702641555682689
2026-06-24 14:26:21.526956+02:00,25.623,1701.299104,0.1702641555682689
2026-06-24 14:26:21.831229+02:00,25.622,1701.603377,0.16926415556826768
2026-06-24 14:26:22.124753+02:00,25.626,1701.896901,0.17326415556826902
2026-06-24 14:26:22.417021+02:00,25.625,1702.189169,0.1722641555682678
2026-06-24 14:26:22.707649+02:00,25.624,1702.479797,0.17126415556826657
2026-06-24 14:26:23.004252+02:00,25.627,1702.7764,0.1742641555682667
2026-06-24 14:26:23.299073+02:00,25.625,1703.071221,0.1722641555682678
2026-06-24 14:26:23.588709+02:00,25.627,1703.360857,0.1742641555682667
2026-06-24 14:26:23.881317+02:00,25.629,1703.653465,0.17626415556826913
2026-06-24 14:26:24.175762+02:00,25.627,1703.94791,0.1742641555682667
2026-06-24 14:26:24.467797+02:00,25.629,1704.239945,0.17626415556826913
2026-06-24 14:26:24.758606+02:00,25.63,1704.530754,0.1772641555682668
2026-06-24 14:26:25.051703+02:00,25.631,1704.823851,0.17826415556826802
2026-06-24 14:26:25.346614+02:00,25.632,1705.118762,0.17926415556826925
2026-06-24 14:26:25.637568+02:00,25.631,1705.409716,0.17826415556826802
2026-06-24 14:26:25.930502+02:00,25.631,1705.70265,0.17826415556826802
2026-06-24 14:26:26.224291+02:00,25.633,1705.996439,0.18026415556826691
2026-06-24 14:26:26.519640+02:00,25.632,1706.291788,0.17926415556826925
2026-06-24 14:26:26.814961+02:00,25.634,1706.587109,0.18126415556826814
2026-06-24 14:26:27.107359+02:00,25.636,1706.879507,0.18326415556826703
2026-06-24 14:26:27.402849+02:00,25.636,1707.174997,0.18326415556826703
2026-06-24 14:26:27.692345+02:00,25.634,1707.464493,0.18126415556826814
2026-06-24 14:26:27.985026+02:00,25.639,1707.757174,0.18626415556826714
2026-06-24 14:26:28.279204+02:00,25.637,1708.051352,0.18426415556826825
2026-06-24 14:26:28.573238+02:00,25.639,1708.345386,0.18626415556826714
2026-06-24 14:26:28.863224+02:00,25.64,1708.635372,0.18726415556826836
2026-06-24 14:26:29.159830+02:00,25.64,1708.931978,0.18726415556826836
2026-06-24 14:26:29.451789+02:00,25.642,1709.223937,0.18926415556826726
2026-06-24 14:26:29.745710+02:00,25.644,1709.517858,0.19126415556826615
2026-06-24 14:26:30.043047+02:00,25.641,1709.815195,0.18826415556826603
2026-06-24 14:26:30.333555+02:00,25.641,1710.105703,0.18826415556826603
2026-06-24 14:26:30.631337+02:00,25.642,1710.403485,0.18926415556826726
2026-06-24 14:26:30.924297+02:00,25.645,1710.696445,0.19226415556826737
2026-06-24 14:26:31.217274+02:00,25.646,1710.989422,0.1932641555682686
2026-06-24 14:26:31.521449+02:00,25.646,1711.293597,0.1932641555682686
2026-06-24 14:26:31.819255+02:00,25.646,1711.591403,0.1932641555682686
2026-06-24 14:26:32.112841+02:00,25.644,1711.884989,0.19126415556826615
2026-06-24 14:26:32.404855+02:00,25.645,1712.177003,0.19226415556826737
2026-06-24 14:26:32.696648+02:00,25.646,1712.468796,0.1932641555682686
2026-06-24 14:26:32.991518+02:00,25.648,1712.763666,0.19526415556826748
2026-06-24 14:26:33.281563+02:00,25.649,1713.053711,0.1962641555682687
2026-06-24 14:26:33.587943+02:00,25.648,1713.360091,0.19526415556826748
2026-06-24 14:26:33.877087+02:00,25.648,1713.649235,0.19526415556826748
2026-06-24 14:26:34.169871+02:00,25.648,1713.942019,0.19526415556826748
2026-06-24 14:26:34.465044+02:00,25.651,1714.237192,0.1982641555682676
2026-06-24 14:26:34.756709+02:00,25.651,1714.528857,0.1982641555682676
2026-06-24 14:26:35.047664+02:00,25.653,1714.819812,0.2002641555682665
2026-06-24 14:26:35.339309+02:00,25.651,1715.111457,0.1982641555682676
2026-06-24 14:26:35.629720+02:00,25.655,1715.401868,0.20226415556826893
2026-06-24 14:26:35.921431+02:00,25.653,1715.693579,0.2002641555682665
2026-06-24 14:26:36.217543+02:00,25.658,1715.989691,0.20526415556826905
2026-06-24 14:26:36.511820+02:00,25.656,1716.283968,0.2032641555682666
2026-06-24 14:26:36.809881+02:00,25.655,1716.582029,0.20226415556826893
2026-06-24 14:26:37.101981+02:00,25.655,1716.874129,0.20226415556826893
2026-06-24 14:26:37.397634+02:00,25.658,1717.169782,0.20526415556826905
2026-06-24 14:26:37.687409+02:00,25.658,1717.459557,0.20526415556826905
2026-06-24 14:26:37.977879+02:00,25.66,1717.750027,0.20726415556826794
2026-06-24 14:26:38.270157+02:00,25.662,1718.042305,0.20926415556826683
2026-06-24 14:26:38.565923+02:00,25.662,1718.338071,0.20926415556826683
2026-06-24 14:26:38.858177+02:00,25.663,1718.630325,0.21026415556826805
2026-06-24 14:26:39.158628+02:00,25.664,1718.930776,0.21126415556826927
2026-06-24 14:26:39.449079+02:00,25.663,1719.221227,0.21026415556826805
2026-06-24 14:26:39.742162+02:00,25.665,1719.51431,0.21226415556826694
2026-06-24 14:26:40.034979+02:00,25.667,1719.807127,0.2142641555682694
2026-06-24 14:26:40.333791+02:00,25.666,1720.105939,0.21326415556826817
2026-06-24 14:26:40.628715+02:00,25.667,1720.400863,0.2142641555682694
2026-06-24 14:26:40.919477+02:00,25.668,1720.691625,0.21526415556826706
2026-06-24 14:26:41.217792+02:00,25.668,1720.98994,0.21526415556826706
2026-06-24 14:26:41.510525+02:00,25.668,1721.282673,0.21526415556826706
2026-06-24 14:26:41.805462+02:00,25.667,1721.57761,0.2142641555682694
2026-06-24 14:26:42.098380+02:00,25.669,1721.870528,0.21626415556826828
2026-06-24 14:26:42.389870+02:00,25.67,1722.162018,0.2172641555682695
2026-06-24 14:26:42.682833+02:00,25.674,1722.454981,0.22126415556826728
2026-06-24 14:26:42.982071+02:00,25.672,1722.754219,0.2192641555682684
2026-06-24 14:26:43.276023+02:00,25.672,1723.048171,0.2192641555682684
2026-06-24 14:26:43.565943+02:00,25.675,1723.338091,0.2222641555682685
2026-06-24 14:26:43.856802+02:00,25.673,1723.62895,0.22026415556826606
2026-06-24 14:26:44.157388+02:00,25.675,1723.929536,0.2222641555682685
2026-06-24 14:26:44.462702+02:00,25.676,1724.23485,0.22326415556826618
2026-06-24 14:26:44.756765+02:00,25.676,1724.528913,0.22326415556826618
2026-06-24 14:26:45.052450+02:00,25.674,1724.824598,0.22126415556826728
2026-06-24 14:26:45.344055+02:00,25.676,1725.116203,0.22326415556826618
2026-06-24 14:26:45.636416+02:00,25.674,1725.408564,0.22126415556826728
2026-06-24 14:26:45.927686+02:00,25.677,1725.699834,0.2242641555682674
2026-06-24 14:26:46.220539+02:00,25.678,1725.992687,0.22526415556826862
2026-06-24 14:26:46.511732+02:00,25.676,1726.28388,0.22326415556826618
2026-06-24 14:26:46.804934+02:00,25.678,1726.577082,0.22526415556826862
2026-06-24 14:26:47.096485+02:00,25.678,1726.868633,0.22526415556826862
2026-06-24 14:26:47.398228+02:00,25.677,1727.170376,0.2242641555682674
2026-06-24 14:26:47.698578+02:00,25.677,1727.470726,0.2242641555682674
2026-06-24 14:26:47.994419+02:00,25.68,1727.766567,0.2272641555682675
2026-06-24 14:26:48.296476+02:00,25.68,1728.068624,0.2272641555682675
2026-06-24 14:26:48.594110+02:00,25.68,1728.366258,0.2272641555682675
2026-06-24 14:26:48.893602+02:00,25.681,1728.66575,0.22826415556826873
2026-06-24 14:26:49.188703+02:00,25.681,1728.960851,0.22826415556826873
2026-06-24 14:26:49.480831+02:00,25.682,1729.252979,0.2292641555682664
2026-06-24 14:26:49.777062+02:00,25.682,1729.54921,0.2292641555682664
2026-06-24 14:26:50.070932+02:00,25.684,1729.84308,0.23126415556826885
2026-06-24 14:26:50.361574+02:00,25.686,1730.133722,0.23326415556826774
2026-06-24 14:26:50.651479+02:00,25.685,1730.423627,0.23226415556826652
2026-06-24 14:26:50.944713+02:00,25.686,1730.716861,0.23326415556826774
2026-06-24 14:26:51.237128+02:00,25.688,1731.009276,0.23526415556826663
2026-06-24 14:26:51.528687+02:00,25.688,1731.300835,0.23526415556826663
2026-06-24 14:26:51.818646+02:00,25.689,1731.590794,0.23626415556826785
2026-06-24 14:26:52.115224+02:00,25.688,1731.887372,0.23526415556826663
2026-06-24 14:26:52.405380+02:00,25.69,1732.177528,0.23726415556826908
2026-06-24 14:26:52.698543+02:00,25.692,1732.470691,0.23926415556826797
2026-06-24 14:26:52.992073+02:00,25.691,1732.764221,0.23826415556826674
2026-06-24 14:26:53.292385+02:00,25.694,1733.064533,0.24126415556826686
2026-06-24 14:26:53.585707+02:00,25.694,1733.357855,0.24126415556826686
2026-06-24 14:26:53.881486+02:00,25.693,1733.653634,0.2402641555682692
2026-06-24 14:26:54.177103+02:00,25.694,1733.949251,0.24126415556826686
2026-06-24 14:26:54.468598+02:00,25.693,1734.240746,0.2402641555682692
2026-06-24 14:26:54.757585+02:00,25.695,1734.529733,0.24226415556826808
2026-06-24 14:26:55.052812+02:00,25.693,1734.82496,0.2402641555682692
2026-06-24 14:26:55.344423+02:00,25.691,1735.116571,0.23826415556826674
2026-06-24 14:26:55.635165+02:00,25.698,1735.407313,0.2452641555682682
2026-06-24 14:26:55.933726+02:00,25.699,1735.705874,0.24626415556826942
2026-06-24 14:26:56.234719+02:00,25.696,1736.006867,0.2432641555682693
2026-06-24 14:26:56.530123+02:00,25.697,1736.302271,0.24426415556826697
2026-06-24 14:26:56.824671+02:00,25.7,1736.596819,0.24726415556826709
2026-06-24 14:26:57.117752+02:00,25.7,1736.8899,0.24726415556826709
2026-06-24 14:26:57.407827+02:00,25.703,1737.179975,0.2502641555682672
2026-06-24 14:26:57.707546+02:00,25.702,1737.479694,0.24926415556826953
2026-06-24 14:26:57.996428+02:00,25.701,1737.768576,0.2482641555682683
2026-06-24 14:26:58.286784+02:00,25.704,1738.058932,0.2512641555682684
2026-06-24 14:26:58.581813+02:00,25.704,1738.353961,0.2512641555682684
2026-06-24 14:26:58.884570+02:00,25.704,1738.656718,0.2512641555682684
2026-06-24 14:26:59.178124+02:00,25.706,1738.950272,0.2532641555682673
2026-06-24 14:26:59.478493+02:00,25.708,1739.250641,0.2552641555682662
2026-06-24 14:26:59.770629+02:00,25.708,1739.542777,0.2552641555682662
2026-06-24 14:27:00.060198+02:00,25.707,1739.832346,0.25426415556826854
2026-06-24 14:27:00.358171+02:00,25.708,1740.130319,0.2552641555682662
2026-06-24 14:27:00.653973+02:00,25.709,1740.426121,0.2562641555682674
2026-06-24 14:27:00.953785+02:00,25.71,1740.725933,0.25726415556826865
2026-06-24 14:27:01.250844+02:00,25.71,1741.022992,0.25726415556826865
2026-06-24 14:27:01.541644+02:00,25.713,1741.313792,0.26026415556826876
2026-06-24 14:27:01.831759+02:00,25.711,1741.603907,0.2582641555682663
2026-06-24 14:27:02.130976+02:00,25.712,1741.903124,0.25926415556826754
2026-06-24 14:27:02.435826+02:00,25.712,1742.207974,0.25926415556826754
2026-06-24 14:27:02.731332+02:00,25.715,1742.50348,0.26226415556826765
2026-06-24 14:27:03.031528+02:00,25.714,1742.803676,0.26126415556826643
2026-06-24 14:27:03.333399+02:00,25.717,1743.105547,0.26426415556826655
2026-06-24 14:27:03.625047+02:00,25.715,1743.397195,0.26226415556826765
2026-06-24 14:27:03.918888+02:00,25.716,1743.691036,0.2632641555682689
2026-06-24 14:27:04.209300+02:00,25.715,1743.981448,0.26226415556826765
2026-06-24 14:27:04.504172+02:00,25.715,1744.27632,0.26226415556826765
2026-06-24 14:27:04.794554+02:00,25.714,1744.566702,0.26126415556826643
2026-06-24 14:27:05.087435+02:00,25.717,1744.859583,0.26426415556826655
2026-06-24 14:27:05.380236+02:00,25.717,1745.152384,0.26426415556826655
2026-06-24 14:27:05.676367+02:00,25.72,1745.448515,0.26726415556826666
2026-06-24 14:27:05.969056+02:00,25.718,1745.741204,0.26526415556826777
2026-06-24 14:27:06.260747+02:00,25.718,1746.032895,0.26526415556826777
2026-06-24 14:27:06.556411+02:00,25.719,1746.328559,0.266264155568269
2026-06-24 14:27:06.846381+02:00,25.72,1746.618529,0.26726415556826666
2026-06-24 14:27:07.135927+02:00,25.722,1746.908075,0.2692641555682691
2026-06-24 14:27:07.437850+02:00,25.721,1747.209998,0.2682641555682679
2026-06-24 14:27:07.738996+02:00,25.722,1747.511144,0.2692641555682691
2026-06-24 14:27:08.032312+02:00,25.723,1747.80446,0.2702641555682668
2026-06-24 14:27:08.330489+02:00,25.723,1748.102637,0.2702641555682668
2026-06-24 14:27:08.632075+02:00,25.727,1748.404223,0.2742641555682681
2026-06-24 14:27:08.927426+02:00,25.724,1748.699574,0.271264155568268
2026-06-24 14:27:09.218775+02:00,25.724,1748.990923,0.271264155568268
2026-06-24 14:27:09.508603+02:00,25.726,1749.280751,0.2732641555682669
2026-06-24 14:27:09.803448+02:00,25.725,1749.575596,0.2722641555682692
2026-06-24 14:27:10.097861+02:00,25.725,1749.870009,0.2722641555682692
2026-06-24 14:27:10.391524+02:00,25.726,1750.163672,0.2732641555682669
2026-06-24 14:27:10.692184+02:00,25.726,1750.464332,0.2732641555682669
2026-06-24 14:27:10.990026+02:00,25.727,1750.762174,0.2742641555682681
2026-06-24 14:27:11.293076+02:00,25.725,1751.065224,0.2722641555682692
2026-06-24 14:27:11.590859+02:00,25.727,1751.363007,0.2742641555682681
2026-06-24 14:27:11.883875+02:00,25.73,1751.656023,0.2772641555682682
2026-06-24 14:27:12.173116+02:00,25.728,1751.945264,0.27526415556826933
2026-06-24 14:27:12.464813+02:00,25.73,1752.236961,0.2772641555682682
2026-06-24 14:27:12.757881+02:00,25.729,1752.530029,0.276264155568267
2026-06-24 14:27:13.048511+02:00,25.73,1752.820659,0.2772641555682682
2026-06-24 14:27:13.341184+02:00,25.729,1753.113332,0.276264155568267
2026-06-24 14:27:13.632662+02:00,25.734,1753.40481,0.28126415556826956
2026-06-24 14:27:13.934577+02:00,25.733,1753.706725,0.28026415556826834
2026-06-24 14:27:14.228226+02:00,25.734,1754.000374,0.28126415556826956
2026-06-24 14:27:14.526931+02:00,25.736,1754.299079,0.28326415556826845
2026-06-24 14:27:14.820482+02:00,25.733,1754.59263,0.28026415556826834
2026-06-24 14:27:15.120467+02:00,25.735,1754.892615,0.2822641555682672
2026-06-24 14:27:15.410286+02:00,25.739,1755.182434,0.28626415556826856
2026-06-24 14:27:15.705351+02:00,25.739,1755.477499,0.28626415556826856
2026-06-24 14:27:15.996890+02:00,25.739,1755.769038,0.28626415556826856
2026-06-24 14:27:16.286804+02:00,25.738,1756.058952,0.28526415556826734
2026-06-24 14:27:16.578085+02:00,25.741,1756.350233,0.28826415556826746
2026-06-24 14:27:16.871511+02:00,25.741,1756.643659,0.28826415556826746
2026-06-24 14:27:17.164183+02:00,25.741,1756.936331,0.28826415556826746
2026-06-24 14:27:17.457444+02:00,25.741,1757.229592,0.28826415556826746
2026-06-24 14:27:17.750523+02:00,25.742,1757.522671,0.2892641555682687
2026-06-24 14:27:18.041530+02:00,25.745,1757.813678,0.2922641555682688
2026-06-24 14:27:18.333306+02:00,25.744,1758.105454,0.29126415556826757
2026-06-24 14:27:18.630064+02:00,25.743,1758.402212,0.29026415556826635
2026-06-24 14:27:18.921020+02:00,25.746,1758.693168,0.29326415556826646
2026-06-24 14:27:19.213177+02:00,25.746,1758.985325,0.29326415556826646
2026-06-24 14:27:19.504589+02:00,25.749,1759.276737,0.2962641555682666
2026-06-24 14:27:19.795800+02:00,25.746,1759.567948,0.29326415556826646
2026-06-24 14:27:20.088054+02:00,25.751,1759.860202,0.298264155568269
2026-06-24 14:27:20.379946+02:00,25.752,1760.152094,0.2992641555682667
2026-06-24 14:27:20.674853+02:00,25.753,1760.447001,0.3002641555682679
2026-06-24 14:27:20.968743+02:00,25.753,1760.740891,0.3002641555682679
2026-06-24 14:27:21.261875+02:00,25.753,1761.034023,0.3002641555682679
2026-06-24 14:27:21.555059+02:00,25.752,1761.327207,0.2992641555682667
2026-06-24 14:27:21.845349+02:00,25.754,1761.617497,0.30126415556826913
2026-06-24 14:27:22.137725+02:00,25.755,1761.909873,0.3022641555682668
2026-06-24 14:27:22.435704+02:00,25.754,1762.207852,0.30126415556826913
2026-06-24 14:27:22.728604+02:00,25.756,1762.500752,0.303264155568268
2026-06-24 14:27:23.020839+02:00,25.757,1762.792987,0.30426415556826925
2026-06-24 14:27:23.319778+02:00,25.757,1763.091926,0.30426415556826925
2026-06-24 14:27:23.616689+02:00,25.759,1763.388837,0.30626415556826814
2026-06-24 14:27:23.915618+02:00,25.756,1763.687766,0.303264155568268
2026-06-24 14:27:24.205409+02:00,25.758,1763.977557,0.3052641555682669
2026-06-24 14:27:24.498719+02:00,25.759,1764.270867,0.30626415556826814
2026-06-24 14:27:24.791810+02:00,25.759,1764.563958,0.30626415556826814
2026-06-24 14:27:25.085751+02:00,25.758,1764.857899,0.3052641555682669
2026-06-24 14:27:25.379959+02:00,25.761,1765.152107,0.30826415556826703
2026-06-24 14:27:25.671948+02:00,25.762,1765.444096,0.30926415556826825
2026-06-24 14:27:25.963856+02:00,25.762,1765.736004,0.30926415556826825
2026-06-24 14:27:26.256464+02:00,25.762,1766.028612,0.30926415556826825
2026-06-24 14:27:26.553944+02:00,25.764,1766.326092,0.31126415556826714
2026-06-24 14:27:26.846935+02:00,25.764,1766.619083,0.31126415556826714
2026-06-24 14:27:27.138683+02:00,25.765,1766.910831,0.31226415556826836
2026-06-24 14:27:27.428579+02:00,25.763,1767.200727,0.3102641555682695
2026-06-24 14:27:27.724128+02:00,25.764,1767.496276,0.31126415556826714
2026-06-24 14:27:28.013789+02:00,25.766,1767.785937,0.31326415556826603
2026-06-24 14:27:28.305837+02:00,25.765,1768.077985,0.31226415556826836
2026-06-24 14:27:28.606988+02:00,25.764,1768.379136,0.31126415556826714
2026-06-24 14:27:28.897467+02:00,25.766,1768.669615,0.31326415556826603
2026-06-24 14:27:29.193058+02:00,25.767,1768.965206,0.31426415556826726
2026-06-24 14:27:29.487524+02:00,25.767,1769.259672,0.31426415556826726
2026-06-24 14:27:29.781100+02:00,25.767,1769.553248,0.31426415556826726
2026-06-24 14:27:30.079126+02:00,25.769,1769.851274,0.31626415556826615
2026-06-24 14:27:30.373638+02:00,25.767,1770.145786,0.31426415556826726
2026-06-24 14:27:30.664285+02:00,25.77,1770.436433,0.31726415556826737
2026-06-24 14:27:30.957437+02:00,25.769,1770.729585,0.31626415556826615
2026-06-24 14:27:31.247856+02:00,25.77,1771.020004,0.31726415556826737
2026-06-24 14:27:31.537669+02:00,25.77,1771.309817,0.31726415556826737
2026-06-24 14:27:31.829824+02:00,25.769,1771.601972,0.31626415556826615
2026-06-24 14:27:32.122602+02:00,25.77,1771.89475,0.31726415556826737
2026-06-24 14:27:32.415517+02:00,25.77,1772.187665,0.31726415556826737
2026-06-24 14:27:32.715343+02:00,25.77,1772.487491,0.31726415556826737
2026-06-24 14:27:33.005735+02:00,25.77,1772.777883,0.31726415556826737
2026-06-24 14:27:33.303225+02:00,25.77,1773.075373,0.31726415556826737
2026-06-24 14:27:33.603854+02:00,25.772,1773.376002,0.31926415556826626
2026-06-24 14:27:33.899919+02:00,25.773,1773.672067,0.3202641555682675
2026-06-24 14:27:34.193521+02:00,25.773,1773.965669,0.3202641555682675
2026-06-24 14:27:34.494455+02:00,25.774,1774.266603,0.3212641555682687
2026-06-24 14:27:34.791873+02:00,25.773,1774.564021,0.3202641555682675
2026-06-24 14:27:35.086070+02:00,25.776,1774.858218,0.3232641555682676
2026-06-24 14:27:35.380777+02:00,25.774,1775.152925,0.3212641555682687
2026-06-24 14:27:35.674941+02:00,25.775,1775.447089,0.3222641555682664
2026-06-24 14:27:35.970002+02:00,25.773,1775.74215,0.3202641555682675
2026-06-24 14:27:36.260560+02:00,25.775,1776.032708,0.3222641555682664
2026-06-24 14:27:36.553679+02:00,25.777,1776.325827,0.3242641555682688
2026-06-24 14:27:36.845025+02:00,25.776,1776.617173,0.3232641555682676
2026-06-24 14:27:37.138281+02:00,25.775,1776.910429,0.3222641555682664
2026-06-24 14:27:37.438878+02:00,25.776,1777.211026,0.3232641555682676
2026-06-24 14:27:37.734205+02:00,25.778,1777.506353,0.3252641555682665
2026-06-24 14:27:38.029032+02:00,25.779,1777.80118,0.3262641555682677
2026-06-24 14:27:38.322586+02:00,25.778,1778.094734,0.3252641555682665
2026-06-24 14:27:38.614578+02:00,25.778,1778.386726,0.3252641555682665
2026-06-24 14:27:38.911081+02:00,25.781,1778.683229,0.3282641555682666
2026-06-24 14:27:39.202257+02:00,25.778,1778.974405,0.3252641555682665
2026-06-24 14:27:39.492867+02:00,25.778,1779.265015,0.3252641555682665
2026-06-24 14:27:39.790667+02:00,25.779,1779.562815,0.3262641555682677
2026-06-24 14:27:40.092655+02:00,25.775,1779.864803,0.3222641555682664
2026-06-24 14:27:40.386509+02:00,25.778,1780.158657,0.3252641555682665
2026-06-24 14:27:40.685203+02:00,25.779,1780.457351,0.3262641555682677
2026-06-24 14:27:40.983076+02:00,25.783,1780.755224,0.33026415556826905
2026-06-24 14:27:41.273420+02:00,25.784,1781.045568,0.3312641555682667
2026-06-24 14:27:41.566150+02:00,25.782,1781.338298,0.3292641555682678
2026-06-24 14:27:41.855892+02:00,25.784,1781.62804,0.3312641555682667
2026-06-24 14:27:42.157263+02:00,25.786,1781.929411,0.33326415556826916
2026-06-24 14:27:42.447276+02:00,25.784,1782.219424,0.3312641555682667
2026-06-24 14:27:42.739613+02:00,25.785,1782.511761,0.33226415556826794
2026-06-24 14:27:43.033851+02:00,25.786,1782.805999,0.33326415556826916
2026-06-24 14:27:43.328574+02:00,25.786,1783.100722,0.33326415556826916
2026-06-24 14:27:43.620218+02:00,25.789,1783.392366,0.3362641555682693
2026-06-24 14:27:43.913043+02:00,25.788,1783.685191,0.33526415556826805
2026-06-24 14:27:44.203804+02:00,25.789,1783.975952,0.3362641555682693
2026-06-24 14:27:44.493553+02:00,25.791,1784.265701,0.33826415556826817
2026-06-24 14:27:44.784379+02:00,25.791,1784.556527,0.33826415556826817
2026-06-24 14:27:45.079056+02:00,25.793,1784.851204,0.34026415556826706
2026-06-24 14:27:45.374459+02:00,25.793,1785.146607,0.34026415556826706
2026-06-24 14:27:45.668466+02:00,25.792,1785.440614,0.3392641555682694
2026-06-24 14:27:45.963084+02:00,25.796,1785.735232,0.34326415556826717
2026-06-24 14:27:46.255981+02:00,25.796,1786.028129,0.34326415556826717
2026-06-24 14:27:46.547294+02:00,25.795,1786.319442,0.3422641555682695
2026-06-24 14:27:46.839687+02:00,25.797,1786.611835,0.3442641555682684
2026-06-24 14:27:47.131849+02:00,25.798,1786.903997,0.34526415556826606
2026-06-24 14:27:47.427683+02:00,25.797,1787.199831,0.3442641555682684
2026-06-24 14:27:47.725190+02:00,25.799,1787.497338,0.3462641555682673
2026-06-24 14:27:48.021342+02:00,25.8,1787.79349,0.3472641555682685
2026-06-24 14:27:48.325670+02:00,25.796,1788.097818,0.34326415556826717
2026-06-24 14:27:48.616209+02:00,25.798,1788.388357,0.34526415556826606
2026-06-24 14:27:48.906260+02:00,25.797,1788.678408,0.3442641555682684
2026-06-24 14:27:49.206116+02:00,25.798,1788.978264,0.34526415556826606
2026-06-24 14:27:49.499404+02:00,25.802,1789.271552,0.3492641555682674
2026-06-24 14:27:49.791119+02:00,25.802,1789.563267,0.3492641555682674
2026-06-24 14:27:50.086970+02:00,25.802,1789.859118,0.3492641555682674
2026-06-24 14:27:50.379401+02:00,25.802,1790.151549,0.3492641555682674
2026-06-24 14:27:50.676312+02:00,25.802,1790.44846,0.3492641555682674
2026-06-24 14:27:50.975739+02:00,25.803,1790.747887,0.3502641555682686
2026-06-24 14:27:51.271182+02:00,25.806,1791.04333,0.35326415556826873
2026-06-24 14:27:51.562929+02:00,25.806,1791.335077,0.35326415556826873
2026-06-24 14:27:51.860783+02:00,25.807,1791.632931,0.3542641555682664
2026-06-24 14:27:52.150877+02:00,25.806,1791.923025,0.35326415556826873
2026-06-24 14:27:52.444940+02:00,25.807,1792.217088,0.3542641555682664
2026-06-24 14:27:52.735802+02:00,25.808,1792.50795,0.3552641555682676
2026-06-24 14:27:53.024559+02:00,25.808,1792.796707,0.3552641555682676
2026-06-24 14:27:53.321811+02:00,25.807,1793.093959,0.3542641555682664
2026-06-24 14:27:53.612184+02:00,25.807,1793.384332,0.3542641555682664
2026-06-24 14:27:53.904373+02:00,25.809,1793.676521,0.35626415556826885
2026-06-24 14:27:54.194289+02:00,25.808,1793.966437,0.3552641555682676
2026-06-24 14:27:54.486335+02:00,25.809,1794.258483,0.35626415556826885
2026-06-24 14:27:54.778627+02:00,25.809,1794.550775,0.35626415556826885
2026-06-24 14:27:55.071217+02:00,25.809,1794.843365,0.35626415556826885
2026-06-24 14:27:55.366827+02:00,25.81,1795.138975,0.3572641555682665
2026-06-24 14:27:55.671034+02:00,25.811,1795.443182,0.35826415556826774
2026-06-24 14:27:55.969323+02:00,25.81,1795.741471,0.3572641555682665
2026-06-24 14:27:56.262450+02:00,25.812,1796.034598,0.35926415556826896
2026-06-24 14:27:56.556521+02:00,25.813,1796.328669,0.36026415556826663
2026-06-24 14:27:56.854074+02:00,25.811,1796.626222,0.35826415556826774
2026-06-24 14:27:57.148253+02:00,25.813,1796.920401,0.36026415556826663
2026-06-24 14:27:57.442649+02:00,25.812,1797.214797,0.35926415556826896
2026-06-24 14:27:57.731781+02:00,25.813,1797.503929,0.36026415556826663
2026-06-24 14:27:58.033371+02:00,25.814,1797.805519,0.36126415556826785
2026-06-24 14:27:58.333427+02:00,25.815,1798.105575,0.3622641555682691
2026-06-24 14:27:58.623978+02:00,25.815,1798.396126,0.3622641555682691
2026-06-24 14:27:58.917251+02:00,25.815,1798.689399,0.3622641555682691
2026-06-24 14:27:59.209538+02:00,25.816,1798.981686,0.36326415556826674
2026-06-24 14:27:59.503228+02:00,25.819,1799.275376,0.36626415556826686
2026-06-24 14:27:59.796270+02:00,25.816,1799.568418,0.36326415556826674
2026-06-24 14:28:00.087629+02:00,25.814,1799.859777,0.36126415556826785
2026-06-24 14:28:00.380851+02:00,25.816,1800.152999,0.36326415556826674
2026-06-24 14:28:00.671253+02:00,25.817,1800.443401,0.36426415556826797
2026-06-24 14:28:00.961044+02:00,25.816,1800.733192,0.36326415556826674
2026-06-24 14:28:01.253628+02:00,25.82,1801.025776,0.3672641555682681
2026-06-24 14:28:01.550497+02:00,25.82,1801.322645,0.3672641555682681
2026-06-24 14:28:01.852294+02:00,25.82,1801.624442,0.3672641555682681
2026-06-24 14:28:02.151857+02:00,25.82,1801.924005,0.3672641555682681
2026-06-24 14:28:02.443212+02:00,25.819,1802.21536,0.36626415556826686
2026-06-24 14:28:02.734520+02:00,25.822,1802.506668,0.36926415556826697
2026-06-24 14:28:03.027734+02:00,25.821,1802.799882,0.3682641555682693
2026-06-24 14:28:03.318884+02:00,25.823,1803.091032,0.3702641555682682
2026-06-24 14:28:03.610447+02:00,25.824,1803.382595,0.3712641555682694
2026-06-24 14:28:03.901622+02:00,25.828,1803.67377,0.3752641555682672
2026-06-24 14:28:04.194687+02:00,25.826,1803.966835,0.3732641555682683
2026-06-24 14:28:04.500072+02:00,25.828,1804.27222,0.3752641555682672
2026-06-24 14:28:04.800635+02:00,25.827,1804.572783,0.37426415556826953
2026-06-24 14:28:05.092472+02:00,25.832,1804.86462,0.37926415556826854
2026-06-24 14:28:05.384752+02:00,25.826,1805.1569,0.3732641555682683
2026-06-24 14:28:05.680065+02:00,25.826,1805.452213,0.3732641555682683
2026-06-24 14:28:05.972632+02:00,25.828,1805.74478,0.3752641555682672
2026-06-24 14:28:06.265870+02:00,25.829,1806.038018,0.3762641555682684
2026-06-24 14:28:06.557050+02:00,25.829,1806.329198,0.3762641555682684
2026-06-24 14:28:06.848626+02:00,25.829,1806.620774,0.3762641555682684
2026-06-24 14:28:07.140513+02:00,25.829,1806.912661,0.3762641555682684
2026-06-24 14:28:07.436310+02:00,25.831,1807.208458,0.3782641555682673
2026-06-24 14:28:07.728697+02:00,25.832,1807.500845,0.37926415556826854
2026-06-24 14:28:08.020429+02:00,25.831,1807.792577,0.3782641555682673
2026-06-24 14:28:08.314528+02:00,25.833,1808.086676,0.3802641555682662
2026-06-24 14:28:08.617110+02:00,25.832,1808.389258,0.37926415556826854
2026-06-24 14:28:08.908779+02:00,25.833,1808.680927,0.3802641555682662
2026-06-24 14:28:09.201912+02:00,25.833,1808.97406,0.3802641555682662
2026-06-24 14:28:09.493094+02:00,25.833,1809.265242,0.3802641555682662
2026-06-24 14:28:09.790097+02:00,25.836,1809.562245,0.3832641555682663
2026-06-24 14:28:10.081782+02:00,25.834,1809.85393,0.3812641555682674
2026-06-24 14:28:10.376207+02:00,25.835,1810.148355,0.38226415556826865
2026-06-24 14:28:10.676189+02:00,25.835,1810.448337,0.38226415556826865
2026-06-24 14:28:10.977719+02:00,25.834,1810.749867,0.3812641555682674
2026-06-24 14:28:11.271194+02:00,25.834,1811.043342,0.3812641555682674
2026-06-24 14:28:11.565135+02:00,25.838,1811.337283,0.38526415556826876
2026-06-24 14:28:11.863363+02:00,25.837,1811.635511,0.38426415556826754
2026-06-24 14:28:12.152434+02:00,25.837,1811.924582,0.38426415556826754
2026-06-24 14:28:12.444386+02:00,25.838,1812.216534,0.38526415556826876
2026-06-24 14:28:12.735706+02:00,25.838,1812.507854,0.38526415556826876
2026-06-24 14:28:13.026590+02:00,25.836,1812.798738,0.3832641555682663
2026-06-24 14:28:13.317680+02:00,25.837,1813.089828,0.38426415556826754
2026-06-24 14:28:13.616014+02:00,25.839,1813.388162,0.38626415556826643
2026-06-24 14:28:13.916046+02:00,25.84,1813.688194,0.38726415556826765
2026-06-24 14:28:14.208937+02:00,25.839,1813.981085,0.38626415556826643
2026-06-24 14:28:14.504242+02:00,25.841,1814.27639,0.3882641555682689
2026-06-24 14:28:14.796660+02:00,25.84,1814.568808,0.38726415556826765
2026-06-24 14:28:15.088375+02:00,25.843,1814.860523,0.39026415556826777
2026-06-24 14:28:15.377960+02:00,25.839,1815.150108,0.38626415556826643
2026-06-24 14:28:15.668811+02:00,25.843,1815.440959,0.39026415556826777
2026-06-24 14:28:15.968737+02:00,25.84,1815.740885,0.38726415556826765
2026-06-24 14:28:16.260629+02:00,25.843,1816.032777,0.39026415556826777
2026-06-24 14:28:16.555449+02:00,25.844,1816.327597,0.391264155568269
2026-06-24 14:28:16.855782+02:00,25.845,1816.62793,0.39226415556826666
2026-06-24 14:28:17.146955+02:00,25.844,1816.919103,0.391264155568269
2026-06-24 14:28:17.438847+02:00,25.845,1817.210995,0.39226415556826666
2026-06-24 14:28:17.733099+02:00,25.843,1817.505247,0.39026415556826777
2026-06-24 14:28:18.028644+02:00,25.846,1817.800792,0.3932641555682679
2026-06-24 14:28:18.319522+02:00,25.845,1818.09167,0.39226415556826666
2026-06-24 14:28:18.614097+02:00,25.847,1818.386245,0.3942641555682691
2026-06-24 14:28:18.910884+02:00,25.846,1818.683032,0.3932641555682679
2026-06-24 14:28:19.205786+02:00,25.847,1818.977934,0.3942641555682691
2026-06-24 14:28:19.506932+02:00,25.846,1819.27908,0.3932641555682679
2026-06-24 14:28:19.801057+02:00,25.849,1819.573205,0.396264155568268
2026-06-24 14:28:20.095808+02:00,25.848,1819.867956,0.3952641555682668
2026-06-24 14:28:20.387174+02:00,25.843,1820.159322,0.39026415556826777
2026-06-24 14:28:20.679653+02:00,25.846,1820.451801,0.3932641555682679
2026-06-24 14:28:20.971542+02:00,25.848,1820.74369,0.3952641555682668
2026-06-24 14:28:21.270611+02:00,25.848,1821.042759,0.3952641555682668
2026-06-24 14:28:21.560877+02:00,25.849,1821.333025,0.396264155568268
2026-06-24 14:28:21.852941+02:00,25.848,1821.625089,0.3952641555682668
2026-06-24 14:28:22.150631+02:00,25.849,1821.922779,0.396264155568268
2026-06-24 14:28:22.445347+02:00,25.85,1822.217495,0.3972641555682692
2026-06-24 14:28:22.740580+02:00,25.85,1822.512728,0.3972641555682692
2026-06-24 14:28:23.031207+02:00,25.85,1822.803355,0.3972641555682692
2026-06-24 14:28:23.323478+02:00,25.85,1823.095626,0.3972641555682692
2026-06-24 14:28:23.614046+02:00,25.85,1823.386194,0.3972641555682692
2026-06-24 14:28:23.905744+02:00,25.85,1823.677892,0.3972641555682692
2026-06-24 14:28:24.200189+02:00,25.853,1823.972337,0.40026415556826933
2026-06-24 14:28:24.490690+02:00,25.853,1824.262838,0.40026415556826933
2026-06-24 14:28:24.782526+02:00,25.851,1824.554674,0.3982641555682669
2026-06-24 14:28:25.076357+02:00,25.854,1824.848505,0.401264155568267
2026-06-24 14:28:25.365429+02:00,25.855,1825.137577,0.4022641555682682
2026-06-24 14:28:25.655814+02:00,25.853,1825.427962,0.40026415556826933
2026-06-24 14:28:25.951456+02:00,25.853,1825.723604,0.40026415556826933
2026-06-24 14:28:26.253898+02:00,25.853,1826.026046,0.40026415556826933
2026-06-24 14:28:26.543263+02:00,25.855,1826.315411,0.4022641555682682
2026-06-24 14:28:26.838217+02:00,25.856,1826.610365,0.40326415556826944
2026-06-24 14:28:27.129741+02:00,25.857,1826.901889,0.4042641555682671
2026-06-24 14:28:27.423799+02:00,25.854,1827.195947,0.401264155568267
2026-06-24 14:28:27.716119+02:00,25.854,1827.488267,0.401264155568267
2026-06-24 14:28:28.006953+02:00,25.859,1827.779101,0.40626415556826956
2026-06-24 14:28:28.309041+02:00,25.858,1828.081189,0.40526415556826834
2026-06-24 14:28:28.601785+02:00,25.857,1828.373933,0.4042641555682671
2026-06-24 14:28:28.893852+02:00,25.855,1828.666,0.4022641555682682
2026-06-24 14:28:29.184548+02:00,25.86,1828.956696,0.4072641555682672
2026-06-24 14:28:29.476076+02:00,25.858,1829.248224,0.40526415556826834
2026-06-24 14:28:29.766875+02:00,25.858,1829.539023,0.40526415556826834
2026-06-24 14:28:30.056417+02:00,25.857,1829.828565,0.4042641555682671
2026-06-24 14:28:30.349468+02:00,25.857,1830.121616,0.4042641555682671
2026-06-24 14:28:30.639330+02:00,25.856,1830.411478,0.40326415556826944
2026-06-24 14:28:30.930116+02:00,25.86,1830.702264,0.4072641555682672
2026-06-24 14:28:31.230942+02:00,25.859,1831.00309,0.40626415556826956
2026-06-24 14:28:31.523350+02:00,25.861,1831.295498,0.40826415556826845
2026-06-24 14:28:31.817260+02:00,25.862,1831.589408,0.4092641555682661
2026-06-24 14:28:32.108633+02:00,25.861,1831.880781,0.40826415556826845
2026-06-24 14:28:32.399773+02:00,25.862,1832.171921,0.4092641555682661
2026-06-24 14:28:32.695472+02:00,25.862,1832.46762,0.4092641555682661
2026-06-24 14:28:32.986993+02:00,25.861,1832.759141,0.40826415556826845
2026-06-24 14:28:33.281495+02:00,25.862,1833.053643,0.4092641555682661
2026-06-24 14:28:33.575289+02:00,25.863,1833.347437,0.41026415556826734
2026-06-24 14:28:33.868792+02:00,25.864,1833.64094,0.41126415556826856
2026-06-24 14:28:34.162095+02:00,25.862,1833.934243,0.4092641555682661
2026-06-24 14:28:34.458115+02:00,25.864,1834.230263,0.41126415556826856
2026-06-24 14:28:34.753788+02:00,25.866,1834.525936,0.41326415556826746
2026-06-24 14:28:35.053169+02:00,25.864,1834.825317,0.41126415556826856
2026-06-24 14:28:35.349125+02:00,25.867,1835.121273,0.4142641555682687
2026-06-24 14:28:35.640565+02:00,25.868,1835.412713,0.41526415556826635
2026-06-24 14:28:35.932433+02:00,25.864,1835.704581,0.41126415556826856
2026-06-24 14:28:36.221944+02:00,25.865,1835.994092,0.41226415556826623
2026-06-24 14:28:36.517793+02:00,25.868,1836.289941,0.41526415556826635
2026-06-24 14:28:36.809280+02:00,25.864,1836.581428,0.41126415556826856
2026-06-24 14:28:37.102427+02:00,25.869,1836.874575,0.41626415556826757
2026-06-24 14:28:37.398923+02:00,25.867,1837.171071,0.4142641555682687
2026-06-24 14:28:37.699872+02:00,25.87,1837.47202,0.4172641555682688
2026-06-24 14:28:37.996016+02:00,25.868,1837.768164,0.41526415556826635
2026-06-24 14:28:38.286202+02:00,25.868,1838.05835,0.41526415556826635
2026-06-24 14:28:38.581111+02:00,25.869,1838.353259,0.41626415556826757
2026-06-24 14:28:38.878380+02:00,25.868,1838.650528,0.41526415556826635
2026-06-24 14:28:39.170130+02:00,25.869,1838.942278,0.41626415556826757
2026-06-24 14:28:39.462635+02:00,25.872,1839.234783,0.4192641555682677
2026-06-24 14:28:39.754653+02:00,25.871,1839.526801,0.41826415556826646
2026-06-24 14:28:40.046951+02:00,25.87,1839.819099,0.4172641555682688
2026-06-24 14:28:40.339942+02:00,25.871,1840.11209,0.41826415556826646
2026-06-24 14:28:40.641116+02:00,25.871,1840.413264,0.41826415556826646
2026-06-24 14:28:40.932292+02:00,25.871,1840.70444,0.41826415556826646
2026-06-24 14:28:41.225211+02:00,25.871,1840.997359,0.41826415556826646
2026-06-24 14:28:41.517578+02:00,25.871,1841.289726,0.41826415556826646
2026-06-24 14:28:41.807776+02:00,25.872,1841.579924,0.4192641555682677
2026-06-24 14:28:42.106135+02:00,25.874,1841.878283,0.4212641555682666
2026-06-24 14:28:42.396412+02:00,25.875,1842.16856,0.4222641555682678
2026-06-24 14:28:42.688913+02:00,25.874,1842.461061,0.4212641555682666
2026-06-24 14:28:42.978821+02:00,25.877,1842.750969,0.4242641555682667
2026-06-24 14:28:43.272317+02:00,25.875,1843.044465,0.4222641555682678
2026-06-24 14:28:43.564894+02:00,25.88,1843.337042,0.4272641555682668
2026-06-24 14:28:43.856457+02:00,25.875,1843.628605,0.4222641555682678
2026-06-24 14:28:44.145697+02:00,25.876,1843.917845,0.423264155568269
2026-06-24 14:28:44.437405+02:00,25.875,1844.209553,0.4222641555682678
2026-06-24 14:28:44.735987+02:00,25.877,1844.508135,0.4242641555682667
2026-06-24 14:28:45.028850+02:00,25.876,1844.800998,0.423264155568269
2026-06-24 14:28:45.324207+02:00,25.879,1845.096355,0.42626415556826913
2026-06-24 14:28:45.618186+02:00,25.879,1845.390334,0.42626415556826913
2026-06-24 14:28:45.909244+02:00,25.877,1845.681392,0.4242641555682667
2026-06-24 14:28:46.199767+02:00,25.879,1845.971915,0.42626415556826913
2026-06-24 14:28:46.490667+02:00,25.879,1846.262815,0.42626415556826913
2026-06-24 14:28:46.783205+02:00,25.876,1846.555353,0.423264155568269
2026-06-24 14:28:47.072910+02:00,25.881,1846.845058,0.428264155568268
2026-06-24 14:28:47.365252+02:00,25.877,1847.1374,0.4242641555682667
2026-06-24 14:28:47.661726+02:00,25.879,1847.433874,0.42626415556826913
2026-06-24 14:28:47.954429+02:00,25.878,1847.726577,0.4252641555682679
2026-06-24 14:28:48.245462+02:00,25.878,1848.01761,0.4252641555682679
2026-06-24 14:28:48.537795+02:00,25.881,1848.309943,0.428264155568268
2026-06-24 14:28:48.829533+02:00,25.882,1848.601681,0.42926415556826925
2026-06-24 14:28:49.122603+02:00,25.881,1848.894751,0.428264155568268
2026-06-24 14:28:49.414387+02:00,25.883,1849.186535,0.4302641555682669
2026-06-24 14:28:49.705226+02:00,25.882,1849.477374,0.42926415556826925
2026-06-24 14:28:49.997857+02:00,25.882,1849.770005,0.42926415556826925
2026-06-24 14:28:50.295309+02:00,25.882,1850.067457,0.42926415556826925
2026-06-24 14:28:50.587080+02:00,25.886,1850.359228,0.43326415556826703
2026-06-24 14:28:50.880604+02:00,25.884,1850.652752,0.43126415556826814
2026-06-24 14:28:51.172484+02:00,25.884,1850.944632,0.43126415556826814
2026-06-24 14:28:51.473050+02:00,25.883,1851.245198,0.4302641555682669
2026-06-24 14:28:51.767055+02:00,25.883,1851.539203,0.4302641555682669
2026-06-24 14:28:52.061633+02:00,25.885,1851.833781,0.43226415556826936
2026-06-24 14:28:52.353412+02:00,25.884,1852.12556,0.43126415556826814
2026-06-24 14:28:52.646807+02:00,25.882,1852.418955,0.42926415556826925
2026-06-24 14:28:52.938316+02:00,25.882,1852.710464,0.42926415556826925
2026-06-24 14:28:53.229591+02:00,25.883,1853.001739,0.4302641555682669
2026-06-24 14:28:53.527096+02:00,25.885,1853.299244,0.43226415556826936
2026-06-24 14:28:53.819341+02:00,25.885,1853.591489,0.43226415556826936
2026-06-24 14:28:54.119830+02:00,25.886,1853.891978,0.43326415556826703
2026-06-24 14:28:54.413377+02:00,25.886,1854.185525,0.43326415556826703
2026-06-24 14:28:54.706233+02:00,25.884,1854.478381,0.43126415556826814
2026-06-24 14:28:55.000014+02:00,25.882,1854.772162,0.42926415556826925
2026-06-24 14:28:55.292655+02:00,25.886,1855.064803,0.43326415556826703
2026-06-24 14:28:55.586439+02:00,25.885,1855.358587,0.43226415556826936
2026-06-24 14:28:55.876739+02:00,25.884,1855.648887,0.43126415556826814
2026-06-24 14:28:56.169433+02:00,25.886,1855.941581,0.43326415556826703
2026-06-24 14:28:56.465932+02:00,25.887,1856.23808,0.43426415556826825
2026-06-24 14:28:56.766199+02:00,25.884,1856.538347,0.43126415556826814
2026-06-24 14:28:57.060502+02:00,25.888,1856.83265,0.4352641555682695
2026-06-24 14:28:57.354576+02:00,25.886,1857.126724,0.43326415556826703
2026-06-24 14:28:57.647311+02:00,25.885,1857.419459,0.43226415556826936
2026-06-24 14:28:57.943963+02:00,25.889,1857.716111,0.43626415556826714
2026-06-24 14:28:58.238411+02:00,25.886,1858.010559,0.43326415556826703
2026-06-24 14:28:58.530818+02:00,25.887,1858.302966,0.43426415556826825
2026-06-24 14:28:58.823521+02:00,25.887,1858.595669,0.43426415556826825
2026-06-24 14:28:59.115470+02:00,25.888,1858.887618,0.4352641555682695
2026-06-24 14:28:59.407908+02:00,25.889,1859.180056,0.43626415556826714
2026-06-24 14:28:59.703601+02:00,25.886,1859.475749,0.43326415556826703
2026-06-24 14:28:59.996412+02:00,25.888,1859.76856,0.4352641555682695
2026-06-24 14:29:00.288530+02:00,25.888,1860.060678,0.4352641555682695
2026-06-24 14:29:00.584873+02:00,25.889,1860.357021,0.43626415556826714
2026-06-24 14:29:00.879326+02:00,25.888,1860.651474,0.4352641555682695
2026-06-24 14:29:01.170930+02:00,25.891,1860.943078,0.43826415556826603
2026-06-24 14:29:01.460481+02:00,25.889,1861.232629,0.43626415556826714
2026-06-24 14:29:01.764578+02:00,25.887,1861.536726,0.43426415556826825
2026-06-24 14:29:02.066745+02:00,25.887,1861.838893,0.43426415556826825
2026-06-24 14:29:02.361978+02:00,25.89,1862.134126,0.43726415556826836
2026-06-24 14:29:02.656563+02:00,25.89,1862.428711,0.43726415556826836
2026-06-24 14:29:02.954388+02:00,25.888,1862.726536,0.4352641555682695
2026-06-24 14:29:03.244919+02:00,25.89,1863.017067,0.43726415556826836
2026-06-24 14:29:03.536019+02:00,25.888,1863.308167,0.4352641555682695
2026-06-24 14:29:03.838193+02:00,25.888,1863.610341,0.4352641555682695
2026-06-24 14:29:04.130633+02:00,25.89,1863.902781,0.43726415556826836
2026-06-24 14:29:04.422528+02:00,25.89,1864.194676,0.43726415556826836
2026-06-24 14:29:04.712587+02:00,25.891,1864.484735,0.43826415556826603
2026-06-24 14:29:05.011406+02:00,25.889,1864.783554,0.43626415556826714
2026-06-24 14:29:05.313307+02:00,25.889,1865.085455,0.43626415556826714
2026-06-24 14:29:05.604269+02:00,25.891,1865.376417,0.43826415556826603
2026-06-24 14:29:05.895794+02:00,25.888,1865.667942,0.4352641555682695
2026-06-24 14:29:06.185566+02:00,25.888,1865.957714,0.4352641555682695
2026-06-24 14:29:06.483737+02:00,25.888,1866.255885,0.4352641555682695
2026-06-24 14:29:06.773931+02:00,25.89,1866.546079,0.43726415556826836
2026-06-24 14:29:07.066060+02:00,25.888,1866.838208,0.4352641555682695
2026-06-24 14:29:07.367138+02:00,25.888,1867.139286,0.4352641555682695
2026-06-24 14:29:07.660091+02:00,25.889,1867.432239,0.43626415556826714
2026-06-24 14:29:07.950996+02:00,25.888,1867.723144,0.4352641555682695
2026-06-24 14:29:08.241684+02:00,25.889,1868.013832,0.43626415556826714
2026-06-24 14:29:08.532742+02:00,25.887,1868.30489,0.43426415556826825
2026-06-24 14:29:08.824640+02:00,25.887,1868.596788,0.43426415556826825
2026-06-24 14:29:09.119887+02:00,25.888,1868.892035,0.4352641555682695
2026-06-24 14:29:09.410073+02:00,25.889,1869.182221,0.43626415556826714
2026-06-24 14:29:09.700259+02:00,25.887,1869.472407,0.43426415556826825
2026-06-24 14:29:09.989876+02:00,25.889,1869.762024,0.43626415556826714
2026-06-24 14:29:10.286420+02:00,25.89,1870.058568,0.43726415556826836
2026-06-24 14:29:10.583211+02:00,25.889,1870.355359,0.43626415556826714
2026-06-24 14:29:10.873163+02:00,25.887,1870.645311,0.43426415556826825
2026-06-24 14:29:11.169492+02:00,25.891,1870.94164,0.43826415556826603
2026-06-24 14:29:11.461264+02:00,25.888,1871.233412,0.4352641555682695
2026-06-24 14:29:11.757912+02:00,25.889,1871.53006,0.43626415556826714
2026-06-24 14:29:12.051266+02:00,25.888,1871.823414,0.4352641555682695
2026-06-24 14:29:12.339884+02:00,25.889,1872.112032,0.43626415556826714
2026-06-24 14:29:12.631848+02:00,25.887,1872.403996,0.43426415556826825
2026-06-24 14:29:12.929496+02:00,25.889,1872.701644,0.43626415556826714
2026-06-24 14:29:13.226523+02:00,25.889,1872.998671,0.43626415556826714
2026-06-24 14:29:13.522474+02:00,25.89,1873.294622,0.43726415556826836
2026-06-24 14:29:13.811537+02:00,25.89,1873.583685,0.43726415556826836
2026-06-24 14:29:14.106547+02:00,25.891,1873.878695,0.43826415556826603
2026-06-24 14:29:14.403946+02:00,25.891,1874.176094,0.43826415556826603
2026-06-24 14:29:14.699355+02:00,25.892,1874.471503,0.43926415556826726
2026-06-24 14:29:14.988322+02:00,25.89,1874.76047,0.43726415556826836
2026-06-24 14:29:15.285963+02:00,25.889,1875.058111,0.43626415556826714
2026-06-24 14:29:15.574779+02:00,25.889,1875.346927,0.43626415556826714
2026-06-24 14:29:15.867784+02:00,25.89,1875.639932,0.43726415556826836
2026-06-24 14:29:16.171262+02:00,25.889,1875.94341,0.43626415556826714
2026-06-24 14:29:16.462225+02:00,25.891,1876.234373,0.43826415556826603
2026-06-24 14:29:16.754640+02:00,25.893,1876.526788,0.4402641555682685
2026-06-24 14:29:17.046919+02:00,25.891,1876.819067,0.43826415556826603
2026-06-24 14:29:17.342959+02:00,25.892,1877.115107,0.43926415556826726
2026-06-24 14:29:17.632427+02:00,25.892,1877.404575,0.43926415556826726
2026-06-24 14:29:17.927913+02:00,25.894,1877.700061,0.44126415556826615
2026-06-24 14:29:18.223636+02:00,25.891,1877.995784,0.43826415556826603
2026-06-24 14:29:18.524088+02:00,25.89,1878.296236,0.43726415556826836
2026-06-24 14:29:18.819761+02:00,25.892,1878.591909,0.43926415556826726
2026-06-24 14:29:19.110068+02:00,25.892,1878.882216,0.43926415556826726
2026-06-24 14:29:19.402600+02:00,25.891,1879.174748,0.43826415556826603
2026-06-24 14:29:19.694464+02:00,25.89,1879.466612,0.43726415556826836
2026-06-24 14:29:19.986049+02:00,25.893,1879.758197,0.4402641555682685
2026-06-24 14:29:20.279742+02:00,25.894,1880.05189,0.44126415556826615
2026-06-24 14:29:20.572864+02:00,25.892,1880.345012,0.43926415556826726
2026-06-24 14:29:20.867889+02:00,25.894,1880.640037,0.44126415556826615
2026-06-24 14:29:21.173749+02:00,25.892,1880.945897,0.43926415556826726
2026-06-24 14:29:21.467052+02:00,25.893,1881.2392,0.4402641555682685
2026-06-24 14:29:21.762375+02:00,25.893,1881.534523,0.4402641555682685
2026-06-24 14:29:22.051690+02:00,25.894,1881.823838,0.44126415556826615
2026-06-24 14:29:22.342578+02:00,25.894,1882.114726,0.44126415556826615
2026-06-24 14:29:22.636483+02:00,25.893,1882.408631,0.4402641555682685
2026-06-24 14:29:22.933811+02:00,25.891,1882.705959,0.43826415556826603
2026-06-24 14:29:23.232425+02:00,25.892,1883.004573,0.43926415556826726
2026-06-24 14:29:23.522980+02:00,25.894,1883.295128,0.44126415556826615
2026-06-24 14:29:23.813309+02:00,25.893,1883.585457,0.4402641555682685
2026-06-24 14:29:24.110349+02:00,25.894,1883.882497,0.44126415556826615
2026-06-24 14:29:24.400302+02:00,25.897,1884.17245,0.44426415556826626
2026-06-24 14:29:24.692400+02:00,25.894,1884.464548,0.44126415556826615
2026-06-24 14:29:24.985185+02:00,25.895,1884.757333,0.44226415556826737
2026-06-24 14:29:25.275889+02:00,25.896,1885.048037,0.4432641555682686
2026-06-24 14:29:25.566981+02:00,25.897,1885.339129,0.44426415556826626
2026-06-24 14:29:25.860589+02:00,25.896,1885.632737,0.4432641555682686
2026-06-24 14:29:26.151954+02:00,25.895,1885.924102,0.44226415556826737
2026-06-24 14:29:26.450708+02:00,25.897,1886.222856,0.44426415556826626
2026-06-24 14:29:26.751502+02:00,25.895,1886.52365,0.44226415556826737
2026-06-24 14:29:27.046089+02:00,25.896,1886.818237,0.4432641555682686
2026-06-24 14:29:27.339635+02:00,25.894,1887.111783,0.44126415556826615
2026-06-24 14:29:27.630364+02:00,25.892,1887.402512,0.43926415556826726
2026-06-24 14:29:27.920869+02:00,25.897,1887.693017,0.44426415556826626
2026-06-24 14:29:28.211634+02:00,25.896,1887.983782,0.4432641555682686
2026-06-24 14:29:28.511315+02:00,25.897,1888.283463,0.44426415556826626
2026-06-24 14:29:28.802904+02:00,25.896,1888.575052,0.4432641555682686
2026-06-24 14:29:29.098106+02:00,25.898,1888.870254,0.4452641555682675
2026-06-24 14:29:29.388804+02:00,25.898,1889.160952,0.4452641555682675
2026-06-24 14:29:29.679377+02:00,25.897,1889.451525,0.44426415556826626
2026-06-24 14:29:29.971680+02:00,25.897,1889.743828,0.44426415556826626
2026-06-24 14:29:30.271027+02:00,25.898,1890.043175,0.4452641555682675
2026-06-24 14:29:30.563222+02:00,25.896,1890.33537,0.4432641555682686
2026-06-24 14:29:30.855154+02:00,25.894,1890.627302,0.44126415556826615
2026-06-24 14:29:31.153374+02:00,25.895,1890.925522,0.44226415556826737
2026-06-24 14:29:31.452494+02:00,25.894,1891.224642,0.44126415556826615
2026-06-24 14:29:31.755693+02:00,25.894,1891.527841,0.44126415556826615
2026-06-24 14:29:32.057557+02:00,25.893,1891.829705,0.4402641555682685
2026-06-24 14:29:32.359649+02:00,25.896,1892.131797,0.4432641555682686
2026-06-24 14:29:32.656465+02:00,25.896,1892.428613,0.4432641555682686
2026-06-24 14:29:32.962632+02:00,25.896,1892.73478,0.4432641555682686
2026-06-24 14:29:33.258053+02:00,25.897,1893.030201,0.44426415556826626
2026-06-24 14:29:33.551895+02:00,25.897,1893.324043,0.44426415556826626
2026-06-24 14:29:33.842819+02:00,25.898,1893.614967,0.4452641555682675
2026-06-24 14:29:34.140063+02:00,25.899,1893.912211,0.4462641555682687
2026-06-24 14:29:34.434382+02:00,25.899,1894.20653,0.4462641555682687
2026-06-24 14:29:34.732032+02:00,25.898,1894.50418,0.4452641555682675
2026-06-24 14:29:35.024770+02:00,25.896,1894.796918,0.4432641555682686
2026-06-24 14:29:35.321760+02:00,25.896,1895.093908,0.4432641555682686
2026-06-24 14:29:35.615946+02:00,25.896,1895.388094,0.4432641555682686
2026-06-24 14:29:35.906888+02:00,25.896,1895.679036,0.4432641555682686
2026-06-24 14:29:36.197241+02:00,25.897,1895.969389,0.44426415556826626
2026-06-24 14:29:36.492066+02:00,25.899,1896.264214,0.4462641555682687
2026-06-24 14:29:36.790234+02:00,25.899,1896.562382,0.4462641555682687
2026-06-24 14:29:37.088359+02:00,25.903,1896.860507,0.4502641555682665
2026-06-24 14:29:37.382262+02:00,25.9,1897.15441,0.4472641555682664
2026-06-24 14:29:37.680470+02:00,25.898,1897.452618,0.4452641555682675
2026-06-24 14:29:37.970571+02:00,25.899,1897.742719,0.4462641555682687
2026-06-24 14:29:38.262005+02:00,25.898,1898.034153,0.4452641555682675
2026-06-24 14:29:38.552154+02:00,25.898,1898.324302,0.4452641555682675
2026-06-24 14:29:38.843159+02:00,25.899,1898.615307,0.4462641555682687
2026-06-24 14:29:39.135724+02:00,25.9,1898.907872,0.4472641555682664
2026-06-24 14:29:39.426223+02:00,25.9,1899.198371,0.4472641555682664
2026-06-24 14:29:39.723276+02:00,25.9,1899.495424,0.4472641555682664
2026-06-24 14:29:40.020075+02:00,25.9,1899.792223,0.4472641555682664
2026-06-24 14:29:40.317121+02:00,25.9,1900.089269,0.4472641555682664
2026-06-24 14:29:40.606465+02:00,25.902,1900.378613,0.4492641555682688
2026-06-24 14:29:40.900042+02:00,25.9,1900.67219,0.4472641555682664
2026-06-24 14:29:41.200218+02:00,25.9,1900.972366,0.4472641555682664
2026-06-24 14:29:41.497920+02:00,25.899,1901.270068,0.4462641555682687
2026-06-24 14:29:41.790083+02:00,25.899,1901.562231,0.4462641555682687
2026-06-24 14:29:42.084007+02:00,25.9,1901.856155,0.4472641555682664
2026-06-24 14:29:42.375299+02:00,25.898,1902.147447,0.4452641555682675
2026-06-24 14:29:42.666103+02:00,25.899,1902.438251,0.4462641555682687
2026-06-24 14:29:42.955147+02:00,25.898,1902.727295,0.4452641555682675
2026-06-24 14:29:43.248034+02:00,25.897,1903.020182,0.44426415556826626
2026-06-24 14:29:43.543195+02:00,25.899,1903.315343,0.4462641555682687
2026-06-24 14:29:43.835681+02:00,25.899,1903.607829,0.4462641555682687
2026-06-24 14:29:44.130769+02:00,25.899,1903.902917,0.4462641555682687
2026-06-24 14:29:44.424572+02:00,25.899,1904.19672,0.4462641555682687
2026-06-24 14:29:44.715824+02:00,25.899,1904.487972,0.4462641555682687
2026-06-24 14:29:45.008496+02:00,25.896,1904.780644,0.4432641555682686
2026-06-24 14:29:45.298312+02:00,25.898,1905.07046,0.4452641555682675
2026-06-24 14:29:45.593407+02:00,25.901,1905.365555,0.4482641555682676
2026-06-24 14:29:45.883039+02:00,25.898,1905.655187,0.4452641555682675
2026-06-24 14:29:46.172974+02:00,25.898,1905.945122,0.4452641555682675
2026-06-24 14:29:46.467573+02:00,25.899,1906.239721,0.4462641555682687
2026-06-24 14:29:46.769063+02:00,25.9,1906.541211,0.4472641555682664
2026-06-24 14:29:47.065802+02:00,25.901,1906.83795,0.4482641555682676
2026-06-24 14:29:47.355678+02:00,25.898,1907.127826,0.4452641555682675
2026-06-24 14:29:47.648752+02:00,25.9,1907.4209,0.4472641555682664
2026-06-24 14:29:47.945194+02:00,25.899,1907.717342,0.4462641555682687
2026-06-24 14:29:48.246128+02:00,25.899,1908.018276,0.4462641555682687
2026-06-24 14:29:48.539568+02:00,25.902,1908.311716,0.4492641555682688
2026-06-24 14:29:48.829753+02:00,25.899,1908.601901,0.4462641555682687
2026-06-24 14:29:49.126382+02:00,25.897,1908.89853,0.44426415556826626
2026-06-24 14:29:49.417735+02:00,25.9,1909.189883,0.4472641555682664
2026-06-24 14:29:49.710232+02:00,25.898,1909.48238,0.4452641555682675
2026-06-24 14:29:50.007838+02:00,25.899,1909.779986,0.4462641555682687
2026-06-24 14:29:50.300498+02:00,25.9,1910.072646,0.4472641555682664
2026-06-24 14:29:50.594055+02:00,25.9,1910.366203,0.4472641555682664
2026-06-24 14:29:50.889023+02:00,25.898,1910.661171,0.4452641555682675
2026-06-24 14:29:51.183740+02:00,25.899,1910.955888,0.4462641555682687
2026-06-24 14:29:51.472302+02:00,25.897,1911.24445,0.44426415556826626
2026-06-24 14:29:51.765002+02:00,25.899,1911.53715,0.4462641555682687
2026-06-24 14:29:52.055960+02:00,25.9,1911.828108,0.4472641555682664
2026-06-24 14:29:52.356598+02:00,25.899,1912.128746,0.4462641555682687
2026-06-24 14:29:52.649867+02:00,25.897,1912.422015,0.44426415556826626
2026-06-24 14:29:52.939727+02:00,25.899,1912.711875,0.4462641555682687
2026-06-24 14:29:53.229975+02:00,25.899,1913.002123,0.4462641555682687
2026-06-24 14:29:53.528435+02:00,25.897,1913.300583,0.44426415556826626
2026-06-24 14:29:53.818296+02:00,25.898,1913.590444,0.4452641555682675
2026-06-24 14:29:54.110455+02:00,25.899,1913.882603,0.4462641555682687
2026-06-24 14:29:54.404604+02:00,25.897,1914.176752,0.44426415556826626
2026-06-24 14:29:54.701632+02:00,25.898,1914.47378,0.4452641555682675
2026-06-24 14:29:54.993063+02:00,25.897,1914.765211,0.44426415556826626
2026-06-24 14:29:55.284748+02:00,25.896,1915.056896,0.4432641555682686
2026-06-24 14:29:55.575405+02:00,25.897,1915.347553,0.44426415556826626
2026-06-24 14:29:55.869633+02:00,25.897,1915.641781,0.44426415556826626
2026-06-24 14:29:56.160504+02:00,25.897,1915.932652,0.44426415556826626
2026-06-24 14:29:56.452269+02:00,25.899,1916.224417,0.4462641555682687
2026-06-24 14:29:56.747471+02:00,25.896,1916.519619,0.4432641555682686
2026-06-24 14:29:57.045900+02:00,25.895,1916.818048,0.44226415556826737
2026-06-24 14:29:57.338855+02:00,25.896,1917.111003,0.4432641555682686
2026-06-24 14:29:57.631357+02:00,25.898,1917.403505,0.4452641555682675
2026-06-24 14:29:57.930204+02:00,25.898,1917.702352,0.4452641555682675
2026-06-24 14:29:58.222216+02:00,25.896,1917.994364,0.4432641555682686
2026-06-24 14:29:58.517761+02:00,25.898,1918.289909,0.4452641555682675
2026-06-24 14:29:58.817053+02:00,25.895,1918.589201,0.44226415556826737
2026-06-24 14:29:59.108115+02:00,25.896,1918.880263,0.4432641555682686
2026-06-24 14:29:59.398911+02:00,25.897,1919.171059,0.44426415556826626
2026-06-24 14:29:59.689775+02:00,25.899,1919.461923,0.4462641555682687
2026-06-24 14:29:59.984878+02:00,25.894,1919.757026,0.44126415556826615
2026-06-24 14:30:00.276078+02:00,25.897,1920.048226,0.44426415556826626
2026-06-24 14:30:00.571239+02:00,25.897,1920.343387,0.44426415556826626
2026-06-24 14:30:00.862349+02:00,25.896,1920.634497,0.4432641555682686
2026-06-24 14:30:01.152172+02:00,25.895,1920.92432,0.44226415556826737
2026-06-24 14:30:01.443606+02:00,25.896,1921.215754,0.4432641555682686
2026-06-24 14:30:01.738900+02:00,25.894,1921.511048,0.44126415556826615
2026-06-24 14:30:02.036349+02:00,25.898,1921.808497,0.4452641555682675
2026-06-24 14:30:02.327654+02:00,25.894,1922.099802,0.44126415556826615
2026-06-24 14:30:02.618115+02:00,25.895,1922.390263,0.44226415556826737
2026-06-24 14:30:02.919886+02:00,25.894,1922.692034,0.44126415556826615
2026-06-24 14:30:03.211933+02:00,25.894,1922.984081,0.44126415556826615
2026-06-24 14:30:03.509938+02:00,25.895,1923.282086,0.44226415556826737
2026-06-24 14:30:03.804819+02:00,25.893,1923.576967,0.4402641555682685
2026-06-24 14:30:04.095520+02:00,25.894,1923.867668,0.44126415556826615
2026-06-24 14:30:04.384583+02:00,25.895,1924.156731,0.44226415556826737
2026-06-24 14:30:04.682539+02:00,25.891,1924.454687,0.43826415556826603
2026-06-24 14:30:04.977329+02:00,25.895,1924.749477,0.44226415556826737
2026-06-24 14:30:05.268013+02:00,25.892,1925.040161,0.43926415556826726
2026-06-24 14:30:05.561527+02:00,25.893,1925.333675,0.4402641555682685
2026-06-24 14:30:05.854484+02:00,25.891,1925.626632,0.43826415556826603
2026-06-24 14:30:06.146417+02:00,25.892,1925.918565,0.43926415556826726
2026-06-24 14:30:06.437217+02:00,25.891,1926.209365,0.43826415556826603
2026-06-24 14:30:06.730001+02:00,25.892,1926.502149,0.43926415556826726
2026-06-24 14:30:07.038237+02:00,25.892,1926.810385,0.43926415556826726
2026-06-24 14:30:07.332502+02:00,25.893,1927.10465,0.4402641555682685
2026-06-24 14:30:07.624830+02:00,25.892,1927.396978,0.43926415556826726
2026-06-24 14:30:07.919062+02:00,25.89,1927.69121,0.43726415556826836
2026-06-24 14:30:08.211747+02:00,25.892,1927.983895,0.43926415556826726
2026-06-24 14:30:08.502176+02:00,25.893,1928.274324,0.4402641555682685
2026-06-24 14:30:08.792850+02:00,25.891,1928.564998,0.43826415556826603
2026-06-24 14:30:09.085563+02:00,25.891,1928.857711,0.43826415556826603
2026-06-24 14:30:09.383110+02:00,25.892,1929.155258,0.43926415556826726
2026-06-24 14:30:09.681794+02:00,25.89,1929.453942,0.43726415556826836
2026-06-24 14:30:09.982105+02:00,25.89,1929.754253,0.43726415556826836
2026-06-24 14:30:10.281400+02:00,25.891,1930.053548,0.43826415556826603
2026-06-24 14:30:10.573815+02:00,25.891,1930.345963,0.43826415556826603
2026-06-24 14:30:10.865235+02:00,25.891,1930.637383,0.43826415556826603
2026-06-24 14:30:11.155223+02:00,25.889,1930.927371,0.43626415556826714
2026-06-24 14:30:11.447619+02:00,25.891,1931.219767,0.43826415556826603
2026-06-24 14:30:11.739401+02:00,25.891,1931.511549,0.43826415556826603
2026-06-24 14:30:12.039538+02:00,25.891,1931.811686,0.43826415556826603
2026-06-24 14:30:12.336544+02:00,25.891,1932.108692,0.43826415556826603
2026-06-24 14:30:12.631505+02:00,25.888,1932.403653,0.4352641555682695
2026-06-24 14:30:12.921076+02:00,25.889,1932.693224,0.43626415556826714
2026-06-24 14:30:13.211820+02:00,25.89,1932.983968,0.43726415556826836
2026-06-24 14:30:13.507750+02:00,25.887,1933.279898,0.43426415556826825
2026-06-24 14:30:13.798616+02:00,25.89,1933.570764,0.43726415556826836
2026-06-24 14:30:14.093068+02:00,25.889,1933.865216,0.43626415556826714
2026-06-24 14:30:14.386923+02:00,25.889,1934.159071,0.43626415556826714
2026-06-24 14:30:14.677605+02:00,25.89,1934.449753,0.43726415556826836
2026-06-24 14:30:14.971641+02:00,25.889,1934.743789,0.43626415556826714
2026-06-24 14:30:15.265362+02:00,25.89,1935.03751,0.43726415556826836
2026-06-24 14:30:15.563175+02:00,25.889,1935.335323,0.43626415556826714
2026-06-24 14:30:15.857032+02:00,25.888,1935.62918,0.4352641555682695
2026-06-24 14:30:16.155460+02:00,25.89,1935.927608,0.43726415556826836
2026-06-24 14:30:16.445009+02:00,25.889,1936.217157,0.43626415556826714
2026-06-24 14:30:16.737104+02:00,25.888,1936.509252,0.4352641555682695
2026-06-24 14:30:17.030473+02:00,25.886,1936.802621,0.43326415556826703
2026-06-24 14:30:17.325384+02:00,25.887,1937.097532,0.43426415556826825
2026-06-24 14:30:17.617293+02:00,25.889,1937.389441,0.43626415556826714
2026-06-24 14:30:17.910998+02:00,25.887,1937.683146,0.43426415556826825
2026-06-24 14:30:18.209841+02:00,25.884,1937.981989,0.43126415556826814
2026-06-24 14:30:18.502849+02:00,25.887,1938.274997,0.43426415556826825
2026-06-24 14:30:18.801218+02:00,25.886,1938.573366,0.43326415556826703
2026-06-24 14:30:19.094308+02:00,25.885,1938.866456,0.43226415556826936
2026-06-24 14:30:19.384099+02:00,25.886,1939.156247,0.43326415556826703
2026-06-24 14:30:19.675592+02:00,25.888,1939.44774,0.4352641555682695
2026-06-24 14:30:19.970890+02:00,25.889,1939.743038,0.43626415556826714
2026-06-24 14:30:20.264707+02:00,25.886,1940.036855,0.43326415556826703
2026-06-24 14:30:20.561849+02:00,25.885,1940.333997,0.43226415556826936
2026-06-24 14:30:20.859399+02:00,25.883,1940.631547,0.4302641555682669
2026-06-24 14:30:21.152482+02:00,25.885,1940.92463,0.43226415556826936
2026-06-24 14:30:21.441971+02:00,25.884,1941.214119,0.43126415556826814
2026-06-24 14:30:21.737418+02:00,25.883,1941.509566,0.4302641555682669
2026-06-24 14:30:22.028651+02:00,25.883,1941.800799,0.4302641555682669
2026-06-24 14:30:22.327395+02:00,25.882,1942.099543,0.42926415556826925
2026-06-24 14:30:22.618889+02:00,25.884,1942.391037,0.43126415556826814
2026-06-24 14:30:22.912202+02:00,25.882,1942.68435,0.42926415556826925
2026-06-24 14:30:23.204899+02:00,25.884,1942.977047,0.43126415556826814
2026-06-24 14:30:23.498994+02:00,25.883,1943.271142,0.4302641555682669
2026-06-24 14:30:23.790487+02:00,25.882,1943.562635,0.42926415556826925
2026-06-24 14:30:24.085377+02:00,25.881,1943.857525,0.428264155568268
2026-06-24 14:30:24.376767+02:00,25.881,1944.148915,0.428264155568268
2026-06-24 14:30:24.675993+02:00,25.882,1944.448141,0.42926415556826925
2026-06-24 14:30:24.975691+02:00,25.882,1944.747839,0.42926415556826925
2026-06-24 14:30:25.268212+02:00,25.881,1945.04036,0.428264155568268
2026-06-24 14:30:25.561896+02:00,25.883,1945.334044,0.4302641555682669
2026-06-24 14:30:25.851187+02:00,25.882,1945.623335,0.42926415556826925
2026-06-24 14:30:26.144107+02:00,25.879,1945.916255,0.42626415556826913
2026-06-24 14:30:26.434882+02:00,25.881,1946.20703,0.428264155568268
2026-06-24 14:30:26.727313+02:00,25.879,1946.499461,0.42626415556826913
2026-06-24 14:30:27.016840+02:00,25.882,1946.788988,0.42926415556826925
2026-06-24 14:30:27.308788+02:00,25.88,1947.080936,0.4272641555682668
2026-06-24 14:30:27.602232+02:00,25.882,1947.37438,0.42926415556826925
2026-06-24 14:30:27.900428+02:00,25.882,1947.672576,0.42926415556826925
2026-06-24 14:30:28.193322+02:00,25.88,1947.96547,0.4272641555682668
2026-06-24 14:30:28.493551+02:00,25.879,1948.265699,0.42626415556826913
2026-06-24 14:30:28.783113+02:00,25.877,1948.555261,0.4242641555682667
2026-06-24 14:30:29.074331+02:00,25.877,1948.846479,0.4242641555682667
2026-06-24 14:30:29.368216+02:00,25.879,1949.140364,0.42626415556826913
2026-06-24 14:30:29.663827+02:00,25.877,1949.435975,0.4242641555682667
2026-06-24 14:30:29.955514+02:00,25.877,1949.727662,0.4242641555682667
2026-06-24 14:30:30.246463+02:00,25.878,1950.018611,0.4252641555682679
2026-06-24 14:30:30.536091+02:00,25.876,1950.308239,0.423264155568269
2026-06-24 14:30:30.827659+02:00,25.877,1950.599807,0.4242641555682667
2026-06-24 14:30:31.120181+02:00,25.879,1950.892329,0.42626415556826913
2026-06-24 14:30:31.411255+02:00,25.876,1951.183403,0.423264155568269
2026-06-24 14:30:31.712034+02:00,25.876,1951.484182,0.423264155568269
2026-06-24 14:30:32.015609+02:00,25.876,1951.787757,0.423264155568269
2026-06-24 14:30:32.306144+02:00,25.877,1952.078292,0.4242641555682667
2026-06-24 14:30:32.598789+02:00,25.875,1952.370937,0.4222641555682678
2026-06-24 14:30:32.890395+02:00,25.873,1952.662543,0.4202641555682689
2026-06-24 14:30:33.180506+02:00,25.873,1952.952654,0.4202641555682689
2026-06-24 14:30:33.472066+02:00,25.873,1953.244214,0.4202641555682689
2026-06-24 14:30:33.763456+02:00,25.872,1953.535604,0.4192641555682677
2026-06-24 14:30:34.059496+02:00,25.873,1953.831644,0.4202641555682689
2026-06-24 14:30:34.350207+02:00,25.873,1954.122355,0.4202641555682689
2026-06-24 14:30:34.643945+02:00,25.871,1954.416093,0.41826415556826646
2026-06-24 14:30:34.937339+02:00,25.87,1954.709487,0.4172641555682688
2026-06-24 14:30:35.239329+02:00,25.87,1955.011477,0.4172641555682688
2026-06-24 14:30:35.532165+02:00,25.871,1955.304313,0.41826415556826646
2026-06-24 14:30:35.833013+02:00,25.872,1955.605161,0.4192641555682677
2026-06-24 14:30:36.124662+02:00,25.869,1955.89681,0.41626415556826757
2026-06-24 14:30:36.422083+02:00,25.868,1956.194231,0.41526415556826635
2026-06-24 14:30:36.715266+02:00,25.87,1956.487414,0.4172641555682688
2026-06-24 14:30:37.012917+02:00,25.869,1956.785065,0.41626415556826757
2026-06-24 14:30:37.302951+02:00,25.868,1957.075099,0.41526415556826635
2026-06-24 14:30:37.597000+02:00,25.869,1957.369148,0.41626415556826757
2026-06-24 14:30:37.894666+02:00,25.867,1957.666814,0.4142641555682687
2026-06-24 14:30:38.195651+02:00,25.871,1957.967799,0.41826415556826646
2026-06-24 14:30:38.500409+02:00,25.869,1958.272557,0.41626415556826757
2026-06-24 14:30:38.796929+02:00,25.866,1958.569077,0.41326415556826746
2026-06-24 14:30:39.091397+02:00,25.867,1958.863545,0.4142641555682687
2026-06-24 14:30:39.396515+02:00,25.868,1959.168663,0.41526415556826635
2026-06-24 14:30:39.692900+02:00,25.866,1959.465048,0.41326415556826746
2026-06-24 14:30:39.984271+02:00,25.863,1959.756419,0.41026415556826734
2026-06-24 14:30:40.280144+02:00,25.865,1960.052292,0.41226415556826623
2026-06-24 14:30:40.570420+02:00,25.864,1960.342568,0.41126415556826856
2026-06-24 14:30:40.861004+02:00,25.86,1960.633152,0.4072641555682672
2026-06-24 14:30:41.153210+02:00,25.863,1960.925358,0.41026415556826734
2026-06-24 14:30:41.449856+02:00,25.864,1961.222004,0.41126415556826856
2026-06-24 14:30:41.741564+02:00,25.862,1961.513712,0.4092641555682661
2026-06-24 14:30:42.035408+02:00,25.861,1961.807556,0.40826415556826845
2026-06-24 14:30:42.324610+02:00,25.859,1962.096758,0.40626415556826956
2026-06-24 14:30:42.629090+02:00,25.861,1962.401238,0.40826415556826845
2026-06-24 14:30:42.921518+02:00,25.862,1962.693666,0.4092641555682661
2026-06-24 14:30:43.215433+02:00,25.861,1962.987581,0.40826415556826845
2026-06-24 14:30:43.507987+02:00,25.862,1963.280135,0.4092641555682661
2026-06-24 14:30:43.809898+02:00,25.858,1963.582046,0.40526415556826834
2026-06-24 14:30:44.106678+02:00,25.861,1963.878826,0.40826415556826845
2026-06-24 14:30:44.396130+02:00,25.86,1964.168278,0.4072641555682672
2026-06-24 14:30:44.689432+02:00,25.859,1964.46158,0.40626415556826956
2026-06-24 14:30:44.981984+02:00,25.861,1964.754132,0.40826415556826845
2026-06-24 14:30:45.273606+02:00,25.86,1965.045754,0.4072641555682672
2026-06-24 14:30:45.564695+02:00,25.859,1965.336843,0.40626415556826956
2026-06-24 14:30:45.854698+02:00,25.858,1965.626846,0.40526415556826834
2026-06-24 14:30:46.147968+02:00,25.858,1965.920116,0.40526415556826834
2026-06-24 14:30:46.439043+02:00,25.857,1966.211191,0.4042641555682671
2026-06-24 14:30:46.734232+02:00,25.857,1966.50638,0.4042641555682671
2026-06-24 14:30:47.025106+02:00,25.859,1966.797254,0.40626415556826956
2026-06-24 14:30:47.323552+02:00,25.86,1967.0957,0.4072641555682672
2026-06-24 14:30:47.616138+02:00,25.855,1967.388286,0.4022641555682682
2026-06-24 14:30:47.905701+02:00,25.855,1967.677849,0.4022641555682682
2026-06-24 14:30:48.198177+02:00,25.856,1967.970325,0.40326415556826944
2026-06-24 14:30:48.491617+02:00,25.857,1968.263765,0.4042641555682671
2026-06-24 14:30:48.793884+02:00,25.856,1968.566032,0.40326415556826944
2026-06-24 14:30:49.089879+02:00,25.857,1968.862027,0.4042641555682671
2026-06-24 14:30:49.381184+02:00,25.854,1969.153332,0.401264155568267
2026-06-24 14:30:49.674184+02:00,25.856,1969.446332,0.40326415556826944
2026-06-24 14:30:49.966677+02:00,25.854,1969.738825,0.401264155568267
2026-06-24 14:30:50.262794+02:00,25.854,1970.034942,0.401264155568267
2026-06-24 14:30:50.551932+02:00,25.854,1970.32408,0.401264155568267
2026-06-24 14:30:50.843768+02:00,25.853,1970.615916,0.40026415556826933
2026-06-24 14:30:51.139104+02:00,25.855,1970.911252,0.4022641555682682
2026-06-24 14:30:51.431408+02:00,25.853,1971.203556,0.40026415556826933
2026-06-24 14:30:51.730061+02:00,25.853,1971.502209,0.40026415556826933
2026-06-24 14:30:52.022755+02:00,25.854,1971.794903,0.401264155568267
2026-06-24 14:30:52.315752+02:00,25.852,1972.0879,0.3992641555682681
2026-06-24 14:30:52.616221+02:00,25.853,1972.388369,0.40026415556826933
2026-06-24 14:30:52.908347+02:00,25.854,1972.680495,0.401264155568267
2026-06-24 14:30:53.199796+02:00,25.853,1972.971944,0.40026415556826933
2026-06-24 14:30:53.491627+02:00,25.853,1973.263775,0.40026415556826933
2026-06-24 14:30:53.783672+02:00,25.853,1973.55582,0.40026415556826933
2026-06-24 14:30:54.077146+02:00,25.852,1973.849294,0.3992641555682681
2026-06-24 14:30:54.373569+02:00,25.852,1974.145717,0.3992641555682681
2026-06-24 14:30:54.665588+02:00,25.853,1974.437736,0.40026415556826933
2026-06-24 14:30:54.954432+02:00,25.852,1974.72658,0.3992641555682681
2026-06-24 14:30:55.255447+02:00,25.85,1975.027595,0.3972641555682692
2026-06-24 14:30:55.545339+02:00,25.851,1975.317487,0.3982641555682669
2026-06-24 14:30:55.837910+02:00,25.85,1975.610058,0.3972641555682692
2026-06-24 14:30:56.129006+02:00,25.85,1975.901154,0.3972641555682692
2026-06-24 14:30:56.419010+02:00,25.849,1976.191158,0.396264155568268
2026-06-24 14:30:56.712022+02:00,25.85,1976.48417,0.3972641555682692
2026-06-24 14:30:57.004593+02:00,25.848,1976.776741,0.3952641555682668
2026-06-24 14:30:57.302950+02:00,25.849,1977.075098,0.396264155568268
2026-06-24 14:30:57.601765+02:00,25.849,1977.373913,0.396264155568268
2026-06-24 14:30:57.893252+02:00,25.846,1977.6654,0.3932641555682679
2026-06-24 14:30:58.186408+02:00,25.849,1977.958556,0.396264155568268
2026-06-24 14:30:58.479151+02:00,25.847,1978.251299,0.3942641555682691
2026-06-24 14:30:58.777294+02:00,25.846,1978.549442,0.3932641555682679
2026-06-24 14:30:59.070051+02:00,25.846,1978.842199,0.3932641555682679
2026-06-24 14:30:59.367888+02:00,25.846,1979.140036,0.3932641555682679
2026-06-24 14:30:59.662662+02:00,25.844,1979.43481,0.391264155568269
2026-06-24 14:30:59.956355+02:00,25.847,1979.728503,0.3942641555682691
2026-06-24 14:31:00.255908+02:00,25.845,1980.028056,0.39226415556826666
2026-06-24 14:31:00.551486+02:00,25.844,1980.323634,0.391264155568269
2026-06-24 14:31:00.841372+02:00,25.845,1980.61352,0.39226415556826666
2026-06-24 14:31:01.136174+02:00,25.843,1980.908322,0.39026415556826777
2026-06-24 14:31:01.431441+02:00,25.843,1981.203589,0.39026415556826777
2026-06-24 14:31:01.730590+02:00,25.845,1981.502738,0.39226415556826666
2026-06-24 14:31:02.022513+02:00,25.841,1981.794661,0.3882641555682689
2026-06-24 14:31:02.315055+02:00,25.842,1982.087203,0.38926415556826655
2026-06-24 14:31:02.609152+02:00,25.84,1982.3813,0.38726415556826765
2026-06-24 14:31:02.903442+02:00,25.84,1982.67559,0.38726415556826765
2026-06-24 14:31:03.195068+02:00,25.842,1982.967216,0.38926415556826655
2026-06-24 14:31:03.485245+02:00,25.839,1983.257393,0.38626415556826643
2026-06-24 14:31:03.789262+02:00,25.842,1983.56141,0.38926415556826655
2026-06-24 14:31:04.087266+02:00,25.84,1983.859414,0.38726415556826765
2026-06-24 14:31:04.388926+02:00,25.841,1984.161074,0.3882641555682689
2026-06-24 14:31:04.679847+02:00,25.839,1984.451995,0.38626415556826643
2026-06-24 14:31:04.969703+02:00,25.838,1984.741851,0.38526415556826876
2026-06-24 14:31:05.263952+02:00,25.837,1985.0361,0.38426415556826754
2026-06-24 14:31:05.555983+02:00,25.833,1985.328131,0.3802641555682662
2026-06-24 14:31:05.851240+02:00,25.837,1985.623388,0.38426415556826754
2026-06-24 14:31:06.141803+02:00,25.835,1985.913951,0.38226415556826865
2026-06-24 14:31:06.432463+02:00,25.838,1986.204611,0.38526415556826876
2026-06-24 14:31:06.726433+02:00,25.838,1986.498581,0.38526415556826876
2026-06-24 14:31:07.025685+02:00,25.838,1986.797833,0.38526415556826876
2026-06-24 14:31:07.317036+02:00,25.837,1987.089184,0.38426415556826754
2026-06-24 14:31:07.607601+02:00,25.834,1987.379749,0.3812641555682674
2026-06-24 14:31:07.899513+02:00,25.837,1987.671661,0.38426415556826754
2026-06-24 14:31:08.198734+02:00,25.838,1987.970882,0.38526415556826876
2026-06-24 14:31:08.491454+02:00,25.835,1988.263602,0.38226415556826865
2026-06-24 14:31:08.779874+02:00,25.835,1988.552022,0.38226415556826865
2026-06-24 14:31:09.074583+02:00,25.835,1988.846731,0.38226415556826865
2026-06-24 14:31:09.366617+02:00,25.835,1989.138765,0.38226415556826865
2026-06-24 14:31:09.660514+02:00,25.834,1989.432662,0.3812641555682674
2026-06-24 14:31:09.962498+02:00,25.833,1989.734646,0.3802641555682662
2026-06-24 14:31:10.253586+02:00,25.832,1990.025734,0.37926415556826854
2026-06-24 14:31:10.548663+02:00,25.832,1990.320811,0.37926415556826854
2026-06-24 14:31:10.839650+02:00,25.83,1990.611798,0.3772641555682661
2026-06-24 14:31:11.133276+02:00,25.831,1990.905424,0.3782641555682673
2026-06-24 14:31:11.429158+02:00,25.832,1991.201306,0.37926415556826854
2026-06-24 14:31:11.721866+02:00,25.829,1991.494014,0.3762641555682684
2026-06-24 14:31:12.014167+02:00,25.829,1991.786315,0.3762641555682684
2026-06-24 14:31:12.307597+02:00,25.829,1992.079745,0.3762641555682684
2026-06-24 14:31:12.600443+02:00,25.829,1992.372591,0.3762641555682684
2026-06-24 14:31:12.893369+02:00,25.83,1992.665517,0.3772641555682661
2026-06-24 14:31:13.185331+02:00,25.83,1992.957479,0.3772641555682661
2026-06-24 14:31:13.478235+02:00,25.829,1993.250383,0.3762641555682684
2026-06-24 14:31:13.768663+02:00,25.829,1993.540811,0.3762641555682684
2026-06-24 14:31:14.060130+02:00,25.83,1993.832278,0.3772641555682661
2026-06-24 14:31:14.358973+02:00,25.829,1994.131121,0.3762641555682684
2026-06-24 14:31:14.652603+02:00,25.827,1994.424751,0.37426415556826953
2026-06-24 14:31:14.945430+02:00,25.823,1994.717578,0.3702641555682682
2026-06-24 14:31:15.237550+02:00,25.826,1995.009698,0.3732641555682683
2026-06-24 14:31:15.528675+02:00,25.826,1995.300823,0.3732641555682683
2026-06-24 14:31:15.820924+02:00,25.826,1995.593072,0.3732641555682683
2026-06-24 14:31:16.119089+02:00,25.823,1995.891237,0.3702641555682682
2026-06-24 14:31:16.409497+02:00,25.824,1996.181645,0.3712641555682694
2026-06-24 14:31:16.700785+02:00,25.823,1996.472933,0.3702641555682682
2026-06-24 14:31:17.000002+02:00,25.824,1996.77215,0.3712641555682694
2026-06-24 14:31:17.294614+02:00,25.821,1997.066762,0.3682641555682693
2026-06-24 14:31:17.585158+02:00,25.821,1997.357306,0.3682641555682693
2026-06-24 14:31:17.877418+02:00,25.818,1997.649566,0.3652641555682692
2026-06-24 14:31:18.169157+02:00,25.822,1997.941305,0.36926415556826697
2026-06-24 14:31:18.471139+02:00,25.819,1998.243287,0.36626415556826686
2026-06-24 14:31:18.760786+02:00,25.817,1998.532934,0.36426415556826797
2026-06-24 14:31:19.055594+02:00,25.818,1998.827742,0.3652641555682692
2026-06-24 14:31:19.352680+02:00,25.819,1999.124828,0.36626415556826686
2026-06-24 14:31:19.648227+02:00,25.818,1999.420375,0.3652641555682692
2026-06-24 14:31:19.940228+02:00,25.818,1999.712376,0.3652641555682692
2026-06-24 14:31:20.234842+02:00,25.819,2000.00699,0.36626415556826686
2026-06-24 14:31:20.526052+02:00,25.816,2000.2982,0.36326415556826674
2026-06-24 14:31:20.816485+02:00,25.817,2000.588633,0.36426415556826797
2026-06-24 14:31:21.117384+02:00,25.816,2000.889532,0.36326415556826674
2026-06-24 14:31:21.406444+02:00,25.814,2001.178592,0.36126415556826785
2026-06-24 14:31:21.697897+02:00,25.817,2001.470045,0.36426415556826797
2026-06-24 14:31:21.990122+02:00,25.817,2001.76227,0.36426415556826797
2026-06-24 14:31:22.282705+02:00,25.816,2002.054853,0.36326415556826674
2026-06-24 14:31:22.576145+02:00,25.815,2002.348293,0.3622641555682691
2026-06-24 14:31:22.872191+02:00,25.813,2002.644339,0.36026415556826663
2026-06-24 14:31:23.167647+02:00,25.812,2002.939795,0.35926415556826896
2026-06-24 14:31:23.460236+02:00,25.813,2003.232384,0.36026415556826663
2026-06-24 14:31:23.753274+02:00,25.814,2003.525422,0.36126415556826785
2026-06-24 14:31:24.046250+02:00,25.812,2003.818398,0.35926415556826896
2026-06-24 14:31:24.344875+02:00,25.813,2004.117023,0.36026415556826663
2026-06-24 14:31:24.643599+02:00,25.813,2004.415747,0.36026415556826663
2026-06-24 14:31:24.936178+02:00,25.813,2004.708326,0.36026415556826663
2026-06-24 14:31:25.228335+02:00,25.809,2005.000483,0.35626415556826885
2026-06-24 14:31:25.519593+02:00,25.812,2005.291741,0.35926415556826896
2026-06-24 14:31:25.809348+02:00,25.81,2005.581496,0.3572641555682665
2026-06-24 14:31:26.104665+02:00,25.811,2005.876813,0.35826415556826774
2026-06-24 14:31:26.399660+02:00,25.812,2006.171808,0.35926415556826896
2026-06-24 14:31:26.693620+02:00,25.81,2006.465768,0.3572641555682665
2026-06-24 14:31:26.991288+02:00,25.811,2006.763436,0.35826415556826774
2026-06-24 14:31:27.283783+02:00,25.809,2007.055931,0.35626415556826885
2026-06-24 14:31:27.573663+02:00,25.808,2007.345811,0.3552641555682676
2026-06-24 14:31:27.869469+02:00,25.808,2007.641617,0.3552641555682676
2026-06-24 14:31:28.161358+02:00,25.807,2007.933506,0.3542641555682664
2026-06-24 14:31:28.452892+02:00,25.807,2008.22504,0.3542641555682664
2026-06-24 14:31:28.744072+02:00,25.807,2008.51622,0.3542641555682664
2026-06-24 14:31:29.042697+02:00,25.808,2008.814845,0.3552641555682676
2026-06-24 14:31:29.336668+02:00,25.808,2009.108816,0.3552641555682676
2026-06-24 14:31:29.632521+02:00,25.805,2009.404669,0.3522641555682675
2026-06-24 14:31:29.927500+02:00,25.806,2009.699648,0.35326415556826873
2026-06-24 14:31:30.218720+02:00,25.806,2009.990868,0.35326415556826873
2026-06-24 14:31:30.517015+02:00,25.802,2010.289163,0.3492641555682674
2026-06-24 14:31:30.811414+02:00,25.806,2010.583562,0.35326415556826873
2026-06-24 14:31:31.103382+02:00,25.804,2010.87553,0.3512641555682663
2026-06-24 14:31:31.396390+02:00,25.805,2011.168538,0.3522641555682675
2026-06-24 14:31:31.687253+02:00,25.804,2011.459401,0.3512641555682663
2026-06-24 14:31:31.988179+02:00,25.802,2011.760327,0.3492641555682674
2026-06-24 14:31:32.280411+02:00,25.803,2012.052559,0.3502641555682686
2026-06-24 14:31:32.573222+02:00,25.802,2012.34537,0.3492641555682674
2026-06-24 14:31:32.868534+02:00,25.803,2012.640682,0.3502641555682686
2026-06-24 14:31:33.159478+02:00,25.8,2012.931626,0.3472641555682685
2026-06-24 14:31:33.454246+02:00,25.799,2013.226394,0.3462641555682673
2026-06-24 14:31:33.744157+02:00,25.8,2013.516305,0.3472641555682685
2026-06-24 14:31:34.036889+02:00,25.8,2013.809037,0.3472641555682685
2026-06-24 14:31:34.330080+02:00,25.803,2014.102228,0.3502641555682686
2026-06-24 14:31:34.624440+02:00,25.8,2014.396588,0.3472641555682685
2026-06-24 14:31:34.930928+02:00,25.8,2014.703076,0.3472641555682685
2026-06-24 14:31:35.224819+02:00,25.802,2014.996967,0.3492641555682674
2026-06-24 14:31:35.516615+02:00,25.8,2015.288763,0.3472641555682685
2026-06-24 14:31:35.809538+02:00,25.798,2015.581686,0.34526415556826606
2026-06-24 14:31:36.102270+02:00,25.799,2015.874418,0.3462641555682673
2026-06-24 14:31:36.393076+02:00,25.798,2016.165224,0.34526415556826606
2026-06-24 14:31:36.684558+02:00,25.797,2016.456706,0.3442641555682684
2026-06-24 14:31:36.980248+02:00,25.795,2016.752396,0.3422641555682695
2026-06-24 14:31:37.274884+02:00,25.793,2017.047032,0.34026415556826706
2026-06-24 14:31:37.578803+02:00,25.796,2017.350951,0.34326415556826717
2026-06-24 14:31:37.876982+02:00,25.796,2017.64913,0.34326415556826717
2026-06-24 14:31:38.172768+02:00,25.797,2017.944916,0.3442641555682684
2026-06-24 14:31:38.463563+02:00,25.798,2018.235711,0.34526415556826606
2026-06-24 14:31:38.753996+02:00,25.795,2018.526144,0.3422641555682695
2026-06-24 14:31:39.051012+02:00,25.796,2018.82316,0.34326415556826717
2026-06-24 14:31:39.341752+02:00,25.793,2019.1139,0.34026415556826706
2026-06-24 14:31:39.631622+02:00,25.793,2019.40377,0.34026415556826706
2026-06-24 14:31:39.926431+02:00,25.793,2019.698579,0.34026415556826706
2026-06-24 14:31:40.218935+02:00,25.792,2019.991083,0.3392641555682694
2026-06-24 14:31:40.509159+02:00,25.794,2020.281307,0.3412641555682683
2026-06-24 14:31:40.802413+02:00,25.791,2020.574561,0.33826415556826817
2026-06-24 14:31:41.099303+02:00,25.788,2020.871451,0.33526415556826805
2026-06-24 14:31:41.394359+02:00,25.792,2021.166507,0.3392641555682694
2026-06-24 14:31:41.684789+02:00,25.791,2021.456937,0.33826415556826817
2026-06-24 14:31:41.974800+02:00,25.79,2021.746948,0.33726415556826694
2026-06-24 14:31:42.268361+02:00,25.79,2022.040509,0.33726415556826694
2026-06-24 14:31:42.567380+02:00,25.786,2022.339528,0.33326415556826916
2026-06-24 14:31:42.860840+02:00,25.786,2022.632988,0.33326415556826916
2026-06-24 14:31:43.150653+02:00,25.789,2022.922801,0.3362641555682693
2026-06-24 14:31:43.450739+02:00,25.791,2023.222887,0.33826415556826817
2026-06-24 14:31:43.741773+02:00,25.787,2023.513921,0.33426415556826683
2026-06-24 14:31:44.039831+02:00,25.791,2023.811979,0.33826415556826817
2026-06-24 14:31:44.334770+02:00,25.787,2024.106918,0.33426415556826683
2026-06-24 14:31:44.625193+02:00,25.784,2024.397341,0.3312641555682667
2026-06-24 14:31:44.917423+02:00,25.786,2024.689571,0.33326415556826916
2026-06-24 14:31:45.217824+02:00,25.784,2024.989972,0.3312641555682667
2026-06-24 14:31:45.513739+02:00,25.786,2025.285887,0.33326415556826916
2026-06-24 14:31:45.803975+02:00,25.784,2025.576123,0.3312641555682667
2026-06-24 14:31:46.094316+02:00,25.786,2025.866464,0.33326415556826916
2026-06-24 14:31:46.389560+02:00,25.784,2026.161708,0.3312641555682667
2026-06-24 14:31:46.681430+02:00,25.784,2026.453578,0.3312641555682667
2026-06-24 14:31:46.973596+02:00,25.786,2026.745744,0.33326415556826916
2026-06-24 14:31:47.271017+02:00,25.782,2027.043165,0.3292641555682678
2026-06-24 14:31:47.566487+02:00,25.785,2027.338635,0.33226415556826794
2026-06-24 14:31:47.872402+02:00,25.781,2027.64455,0.3282641555682666
2026-06-24 14:31:48.162664+02:00,25.781,2027.934812,0.3282641555682666
2026-06-24 14:31:48.456225+02:00,25.779,2028.228373,0.3262641555682677
2026-06-24 14:31:48.749253+02:00,25.781,2028.521401,0.3282641555682666
2026-06-24 14:31:49.043339+02:00,25.782,2028.815487,0.3292641555682678
2026-06-24 14:31:49.332235+02:00,25.78,2029.104383,0.32726415556826893
2026-06-24 14:31:49.624036+02:00,25.777,2029.396184,0.3242641555682688
2026-06-24 14:31:49.917561+02:00,25.778,2029.689709,0.3252641555682665
2026-06-24 14:31:50.220253+02:00,25.778,2029.992401,0.3252641555682665
2026-06-24 14:31:50.509821+02:00,25.778,2030.281969,0.3252641555682665
2026-06-24 14:31:50.801228+02:00,25.775,2030.573376,0.3222641555682664
2026-06-24 14:31:51.097306+02:00,25.777,2030.869454,0.3242641555682688
2026-06-24 14:31:51.389588+02:00,25.776,2031.161736,0.3232641555682676
2026-06-24 14:31:51.680932+02:00,25.774,2031.45308,0.3212641555682687
2026-06-24 14:31:51.972399+02:00,25.776,2031.744547,0.3232641555682676
2026-06-24 14:31:52.267352+02:00,25.776,2032.0395,0.3232641555682676
2026-06-24 14:31:52.560928+02:00,25.776,2032.333076,0.3232641555682676
2026-06-24 14:31:52.851575+02:00,25.775,2032.623723,0.3222641555682664
2026-06-24 14:31:53.145806+02:00,25.772,2032.917954,0.31926415556826626
2026-06-24 14:31:53.435396+02:00,25.772,2033.207544,0.31926415556826626
2026-06-24 14:31:53.725534+02:00,25.773,2033.497682,0.3202641555682675
2026-06-24 14:31:54.021897+02:00,25.772,2033.794045,0.31926415556826626
2026-06-24 14:31:54.314149+02:00,25.771,2034.086297,0.3182641555682686
2026-06-24 14:31:54.607590+02:00,25.771,2034.379738,0.3182641555682686
2026-06-24 14:31:54.909113+02:00,25.77,2034.681261,0.31726415556826737
2026-06-24 14:31:55.203552+02:00,25.771,2034.9757,0.3182641555682686
2026-06-24 14:31:55.495548+02:00,25.768,2035.267696,0.3152641555682685
2026-06-24 14:31:55.791160+02:00,25.769,2035.563308,0.31626415556826615
2026-06-24 14:31:56.090239+02:00,25.767,2035.862387,0.31426415556826726
2026-06-24 14:31:56.382213+02:00,25.769,2036.154361,0.31626415556826615
2026-06-24 14:31:56.678265+02:00,25.766,2036.450413,0.31326415556826603
2026-06-24 14:31:56.970557+02:00,25.768,2036.742705,0.3152641555682685
2026-06-24 14:31:57.265571+02:00,25.766,2037.037719,0.31326415556826603
2026-06-24 14:31:57.564763+02:00,25.766,2037.336911,0.31326415556826603
2026-06-24 14:31:57.866267+02:00,25.767,2037.638415,0.31426415556826726
2026-06-24 14:31:58.163154+02:00,25.763,2037.935302,0.3102641555682695
2026-06-24 14:31:58.460018+02:00,25.765,2038.232166,0.31226415556826836
2026-06-24 14:31:58.752689+02:00,25.764,2038.524837,0.31126415556826714
2026-06-24 14:31:59.049575+02:00,25.764,2038.821723,0.31126415556826714
2026-06-24 14:31:59.339181+02:00,25.762,2039.111329,0.30926415556826825
2026-06-24 14:31:59.631800+02:00,25.76,2039.403948,0.30726415556826936
2026-06-24 14:31:59.923644+02:00,25.764,2039.695792,0.31126415556826714
2026-06-24 14:32:00.218581+02:00,25.763,2039.990729,0.3102641555682695
2026-06-24 14:32:00.512924+02:00,25.762,2040.285072,0.30926415556826825
2026-06-24 14:32:00.803490+02:00,25.762,2040.575638,0.30926415556826825
2026-06-24 14:32:01.102436+02:00,25.76,2040.874584,0.30726415556826936
2026-06-24 14:32:01.393749+02:00,25.762,2041.165897,0.30926415556826825
2026-06-24 14:32:01.688765+02:00,25.761,2041.460913,0.30826415556826703
2026-06-24 14:32:01.980154+02:00,25.76,2041.752302,0.30726415556826936
2026-06-24 14:32:02.277760+02:00,25.757,2042.049908,0.30426415556826925
2026-06-24 14:32:02.570012+02:00,25.758,2042.34216,0.3052641555682669
2026-06-24 14:32:02.862951+02:00,25.756,2042.635099,0.303264155568268
2026-06-24 14:32:03.158435+02:00,25.758,2042.930583,0.3052641555682669
2026-06-24 14:32:03.448299+02:00,25.756,2043.220447,0.303264155568268
2026-06-24 14:32:03.740826+02:00,25.757,2043.512974,0.30426415556826925
2026-06-24 14:32:04.035095+02:00,25.758,2043.807243,0.3052641555682669
2026-06-24 14:32:04.324265+02:00,25.754,2044.096413,0.30126415556826913
2026-06-24 14:32:04.618147+02:00,25.754,2044.390295,0.30126415556826913
2026-06-24 14:32:04.917486+02:00,25.753,2044.689634,0.3002641555682679
2026-06-24 14:32:05.208214+02:00,25.752,2044.980362,0.2992641555682667
2026-06-24 14:32:05.501851+02:00,25.754,2045.273999,0.30126415556826913
2026-06-24 14:32:05.793781+02:00,25.75,2045.565929,0.2972641555682678
2026-06-24 14:32:06.084210+02:00,25.75,2045.856358,0.2972641555682678
2026-06-24 14:32:06.376507+02:00,25.75,2046.148655,0.2972641555682678
2026-06-24 14:32:06.669462+02:00,25.751,2046.44161,0.298264155568269
2026-06-24 14:32:06.961449+02:00,25.749,2046.733597,0.2962641555682666
2026-06-24 14:32:07.250657+02:00,25.747,2047.022805,0.2942641555682677
2026-06-24 14:32:07.542792+02:00,25.746,2047.31494,0.29326415556826646
2026-06-24 14:32:07.833332+02:00,25.746,2047.60548,0.29326415556826646
2026-06-24 14:32:08.130874+02:00,25.746,2047.903022,0.29326415556826646
2026-06-24 14:32:08.420547+02:00,25.745,2048.192695,0.2922641555682688
2026-06-24 14:32:08.710219+02:00,25.746,2048.482367,0.29326415556826646
2026-06-24 14:32:09.001161+02:00,25.745,2048.773309,0.2922641555682688
2026-06-24 14:32:09.300104+02:00,25.745,2049.072252,0.2922641555682688
2026-06-24 14:32:09.599200+02:00,25.741,2049.371348,0.28826415556826746
2026-06-24 14:32:09.893165+02:00,25.742,2049.665313,0.2892641555682687
2026-06-24 14:32:10.184177+02:00,25.742,2049.956325,0.2892641555682687
2026-06-24 14:32:10.477200+02:00,25.741,2050.249348,0.28826415556826746
2026-06-24 14:32:10.769529+02:00,25.74,2050.541677,0.28726415556826623
2026-06-24 14:32:11.062213+02:00,25.738,2050.834361,0.28526415556826734
2026-06-24 14:32:11.357922+02:00,25.736,2051.13007,0.28326415556826845
2026-06-24 14:32:11.648446+02:00,25.738,2051.420594,0.28526415556826734
2026-06-24 14:32:11.942050+02:00,25.737,2051.714198,0.2842641555682661
2026-06-24 14:32:12.236800+02:00,25.737,2052.008948,0.2842641555682661
2026-06-24 14:32:12.528480+02:00,25.735,2052.300628,0.2822641555682672
2026-06-24 14:32:12.818652+02:00,25.736,2052.5908,0.28326415556826845
2026-06-24 14:32:13.109839+02:00,25.734,2052.881987,0.28126415556826956
2026-06-24 14:32:13.401752+02:00,25.738,2053.1739,0.28526415556826734
2026-06-24 14:32:13.693879+02:00,25.734,2053.466027,0.28126415556826956
2026-06-24 14:32:13.989901+02:00,25.733,2053.762049,0.28026415556826834
2026-06-24 14:32:14.287675+02:00,25.732,2054.059823,0.2792641555682671
2026-06-24 14:32:14.586098+02:00,25.731,2054.358246,0.27826415556826944
2026-06-24 14:32:14.877954+02:00,25.73,2054.650102,0.2772641555682682
2026-06-24 14:32:15.171213+02:00,25.731,2054.943361,0.27826415556826944
2026-06-24 14:32:15.467042+02:00,25.729,2055.23919,0.276264155568267
2026-06-24 14:32:15.758329+02:00,25.727,2055.530477,0.2742641555682681
2026-06-24 14:32:16.049301+02:00,25.727,2055.821449,0.2742641555682681
2026-06-24 14:32:16.340703+02:00,25.728,2056.112851,0.27526415556826933
2026-06-24 14:32:16.634691+02:00,25.728,2056.406839,0.27526415556826933
2026-06-24 14:32:16.926437+02:00,25.726,2056.698585,0.2732641555682669
2026-06-24 14:32:17.220142+02:00,25.725,2056.99229,0.2722641555682692
2026-06-24 14:32:17.519098+02:00,25.724,2057.291246,0.271264155568268
2026-06-24 14:32:17.816415+02:00,25.723,2057.588563,0.2702641555682668
2026-06-24 14:32:18.112455+02:00,25.723,2057.884603,0.2702641555682668
2026-06-24 14:32:18.402752+02:00,25.724,2058.1749,0.271264155568268
2026-06-24 14:32:18.699454+02:00,25.722,2058.471602,0.2692641555682691
2026-06-24 14:32:18.996873+02:00,25.721,2058.769021,0.2682641555682679
2026-06-24 14:32:19.287276+02:00,25.724,2059.059424,0.271264155568268
2026-06-24 14:32:19.580789+02:00,25.723,2059.352937,0.2702641555682668
2026-06-24 14:32:19.870214+02:00,25.721,2059.642362,0.2682641555682679
2026-06-24 14:32:20.164129+02:00,25.722,2059.936277,0.2692641555682691
2026-06-24 14:32:20.458770+02:00,25.721,2060.230918,0.2682641555682679
2026-06-24 14:32:20.756652+02:00,25.716,2060.5288,0.2632641555682689
2026-06-24 14:32:21.055649+02:00,25.72,2060.827797,0.26726415556826666
2026-06-24 14:32:21.350490+02:00,25.72,2061.122638,0.26726415556826666
2026-06-24 14:32:21.642612+02:00,25.719,2061.41476,0.266264155568269
2026-06-24 14:32:21.939159+02:00,25.717,2061.711307,0.26426415556826655
2026-06-24 14:32:22.231797+02:00,25.717,2062.003945,0.26426415556826655
2026-06-24 14:32:22.522917+02:00,25.717,2062.295065,0.26426415556826655
2026-06-24 14:32:22.821164+02:00,25.715,2062.593312,0.26226415556826765
2026-06-24 14:32:23.115170+02:00,25.714,2062.887318,0.26126415556826643
2026-06-24 14:32:23.410657+02:00,25.714,2063.182805,0.26126415556826643
2026-06-24 14:32:23.708798+02:00,25.714,2063.480946,0.26126415556826643
2026-06-24 14:32:24.006819+02:00,25.713,2063.778967,0.26026415556826876
2026-06-24 14:32:24.295945+02:00,25.713,2064.068093,0.26026415556826876
2026-06-24 14:32:24.587252+02:00,25.712,2064.3594,0.25926415556826754
2026-06-24 14:32:24.877456+02:00,25.712,2064.649604,0.25926415556826754
2026-06-24 14:32:25.175260+02:00,25.711,2064.947408,0.2582641555682663
2026-06-24 14:32:25.466849+02:00,25.711,2065.238997,0.2582641555682663
2026-06-24 14:32:25.757548+02:00,25.711,2065.529696,0.2582641555682663
2026-06-24 14:32:26.049337+02:00,25.711,2065.821485,0.2582641555682663
2026-06-24 14:32:26.341943+02:00,25.709,2066.114091,0.2562641555682674
2026-06-24 14:32:26.633382+02:00,25.709,2066.40553,0.2562641555682674
2026-06-24 14:32:26.926212+02:00,25.711,2066.69836,0.2582641555682663
2026-06-24 14:32:27.219887+02:00,25.709,2066.992035,0.2562641555682674
2026-06-24 14:32:27.514458+02:00,25.706,2067.286606,0.2532641555682673
2026-06-24 14:32:27.807871+02:00,25.706,2067.580019,0.2532641555682673
2026-06-24 14:32:28.099708+02:00,25.705,2067.871856,0.2522641555682661
2026-06-24 14:32:28.399629+02:00,25.703,2068.171777,0.2502641555682672
2026-06-24 14:32:28.703756+02:00,25.703,2068.475904,0.2502641555682672
2026-06-24 14:32:28.998883+02:00,25.701,2068.771031,0.2482641555682683
2026-06-24 14:32:29.293035+02:00,25.699,2069.065183,0.24626415556826942
2026-06-24 14:32:29.585790+02:00,25.698,2069.357938,0.2452641555682682
2026-06-24 14:32:29.878545+02:00,25.696,2069.650693,0.2432641555682693
2026-06-24 14:32:30.173060+02:00,25.699,2069.945208,0.24626415556826942
2026-06-24 14:32:30.466580+02:00,25.697,2070.238728,0.24426415556826697
2026-06-24 14:32:30.760125+02:00,25.697,2070.532273,0.24426415556826697
2026-06-24 14:32:31.060280+02:00,25.697,2070.832428,0.24426415556826697
2026-06-24 14:32:31.355973+02:00,25.698,2071.128121,0.2452641555682682
2026-06-24 14:32:31.655839+02:00,25.696,2071.427987,0.2432641555682693
2026-06-24 14:32:31.947537+02:00,25.695,2071.719685,0.24226415556826808
2026-06-24 14:32:32.239856+02:00,25.696,2072.012004,0.2432641555682693
2026-06-24 14:32:32.532448+02:00,25.693,2072.304596,0.2402641555682692
2026-06-24 14:32:32.830590+02:00,25.692,2072.602738,0.23926415556826797
2026-06-24 14:32:33.125231+02:00,25.693,2072.897379,0.2402641555682692
2026-06-24 14:32:33.414705+02:00,25.691,2073.186853,0.23826415556826674
2026-06-24 14:32:33.706810+02:00,25.69,2073.478958,0.23726415556826908
2026-06-24 14:32:33.998280+02:00,25.693,2073.770428,0.2402641555682692
2026-06-24 14:32:34.291747+02:00,25.691,2074.063895,0.23826415556826674
2026-06-24 14:32:34.582116+02:00,25.69,2074.354264,0.23726415556826908
2026-06-24 14:32:34.873275+02:00,25.688,2074.645423,0.23526415556826663
2026-06-24 14:32:35.172660+02:00,25.687,2074.944808,0.23426415556826896
2026-06-24 14:32:35.467385+02:00,25.687,2075.239533,0.23426415556826896
2026-06-24 14:32:35.760162+02:00,25.688,2075.53231,0.23526415556826663
2026-06-24 14:32:36.053644+02:00,25.687,2075.825792,0.23426415556826896
2026-06-24 14:32:36.352136+02:00,25.687,2076.124284,0.23426415556826896
2026-06-24 14:32:36.644709+02:00,25.686,2076.416857,0.23326415556826774
2026-06-24 14:32:36.939465+02:00,25.683,2076.711613,0.23026415556826763
2026-06-24 14:32:37.234383+02:00,25.684,2077.006531,0.23126415556826885
2026-06-24 14:32:37.532213+02:00,25.682,2077.304361,0.2292641555682664
2026-06-24 14:32:37.829130+02:00,25.68,2077.601278,0.2272641555682675
2026-06-24 14:32:38.120045+02:00,25.68,2077.892193,0.2272641555682675
2026-06-24 14:32:38.411458+02:00,25.68,2078.183606,0.2272641555682675
2026-06-24 14:32:38.702321+02:00,25.679,2078.474469,0.2262641555682663
2026-06-24 14:32:38.995131+02:00,25.68,2078.767279,0.2272641555682675
2026-06-24 14:32:39.292858+02:00,25.678,2079.065006,0.22526415556826862
2026-06-24 14:32:39.587733+02:00,25.678,2079.359881,0.22526415556826862
2026-06-24 14:32:39.878359+02:00,25.678,2079.650507,0.22526415556826862
2026-06-24 14:32:40.170659+02:00,25.677,2079.942807,0.2242641555682674
2026-06-24 14:32:40.459041+02:00,25.675,2080.231189,0.2222641555682685
2026-06-24 14:32:40.752004+02:00,25.676,2080.524152,0.22326415556826618
2026-06-24 14:32:41.044046+02:00,25.675,2080.816194,0.2222641555682685
2026-06-24 14:32:41.334745+02:00,25.674,2081.106893,0.22126415556826728
2026-06-24 14:32:41.637563+02:00,25.672,2081.409711,0.2192641555682684
2026-06-24 14:32:41.929269+02:00,25.674,2081.701417,0.22126415556826728
2026-06-24 14:32:42.225440+02:00,25.673,2081.997588,0.22026415556826606
2026-06-24 14:32:42.518693+02:00,25.673,2082.290841,0.22026415556826606
2026-06-24 14:32:42.810307+02:00,25.674,2082.582455,0.22126415556826728
2026-06-24 14:32:43.099869+02:00,25.671,2082.872017,0.21826415556826717
2026-06-24 14:32:43.390603+02:00,25.671,2083.162751,0.21826415556826717
2026-06-24 14:32:43.681392+02:00,25.671,2083.45354,0.21826415556826717
2026-06-24 14:32:43.975826+02:00,25.672,2083.747974,0.2192641555682684
2026-06-24 14:32:44.271507+02:00,25.672,2084.043655,0.2192641555682684
2026-06-24 14:32:44.563278+02:00,25.67,2084.335426,0.2172641555682695
2026-06-24 14:32:44.855621+02:00,25.668,2084.627769,0.21526415556826706
2026-06-24 14:32:45.149539+02:00,25.666,2084.921687,0.21326415556826817
2026-06-24 14:32:45.445127+02:00,25.665,2085.217275,0.21226415556826694
2026-06-24 14:32:45.735502+02:00,25.663,2085.50765,0.21026415556826805
2026-06-24 14:32:46.026219+02:00,25.665,2085.798367,0.21226415556826694
2026-06-24 14:32:46.325870+02:00,25.664,2086.098018,0.21126415556826927
2026-06-24 14:32:46.628826+02:00,25.662,2086.400974,0.20926415556826683
2026-06-24 14:32:46.925098+02:00,25.662,2086.697246,0.20926415556826683
2026-06-24 14:32:47.224591+02:00,25.662,2086.996739,0.20926415556826683
2026-06-24 14:32:47.525491+02:00,25.659,2087.297639,0.20626415556826672
2026-06-24 14:32:47.818844+02:00,25.658,2087.590992,0.20526415556826905
2026-06-24 14:32:48.113238+02:00,25.657,2087.885386,0.20426415556826782
2026-06-24 14:32:48.408503+02:00,25.658,2088.180651,0.20526415556826905
2026-06-24 14:32:48.701611+02:00,25.656,2088.473759,0.2032641555682666
2026-06-24 14:32:48.994020+02:00,25.656,2088.766168,0.2032641555682666
2026-06-24 14:32:49.292782+02:00,25.655,2089.06493,0.20226415556826893
2026-06-24 14:32:49.591381+02:00,25.651,2089.363529,0.1982641555682676
2026-06-24 14:32:49.881424+02:00,25.651,2089.653572,0.1982641555682676
2026-06-24 14:32:50.179520+02:00,25.652,2089.951668,0.19926415556826882
2026-06-24 14:32:50.471150+02:00,25.652,2090.243298,0.19926415556826882
2026-06-24 14:32:50.765455+02:00,25.652,2090.537603,0.19926415556826882
2026-06-24 14:32:51.069111+02:00,25.65,2090.841259,0.19726415556826637
2026-06-24 14:32:51.361341+02:00,25.646,2091.133489,0.1932641555682686
2026-06-24 14:32:51.651156+02:00,25.646,2091.423304,0.1932641555682686
2026-06-24 14:32:51.949851+02:00,25.646,2091.721999,0.1932641555682686
2026-06-24 14:32:52.243922+02:00,25.647,2092.01607,0.19426415556826626
2026-06-24 14:32:52.539536+02:00,25.646,2092.311684,0.1932641555682686
2026-06-24 14:32:52.836396+02:00,25.644,2092.608544,0.19126415556826615
2026-06-24 14:32:53.129406+02:00,25.645,2092.901554,0.19226415556826737
2026-06-24 14:32:53.421840+02:00,25.646,2093.193988,0.1932641555682686
2026-06-24 14:32:53.715284+02:00,25.646,2093.487432,0.1932641555682686
2026-06-24 14:32:54.012477+02:00,25.646,2093.784625,0.1932641555682686
2026-06-24 14:32:54.303707+02:00,25.644,2094.075855,0.19126415556826615
2026-06-24 14:32:54.600179+02:00,25.643,2094.372327,0.19026415556826848
2026-06-24 14:32:54.890207+02:00,25.642,2094.662355,0.18926415556826726
2026-06-24 14:32:55.179799+02:00,25.642,2094.951947,0.18926415556826726
2026-06-24 14:32:55.473432+02:00,25.642,2095.24558,0.18926415556826726
2026-06-24 14:32:55.768886+02:00,25.641,2095.541034,0.18826415556826603
2026-06-24 14:32:56.069362+02:00,25.643,2095.84151,0.19026415556826848
2026-06-24 14:32:56.362941+02:00,25.64,2096.135089,0.18726415556826836
2026-06-24 14:32:56.662976+02:00,25.642,2096.435124,0.18926415556826726
2026-06-24 14:32:56.955287+02:00,25.639,2096.727435,0.18626415556826714
2026-06-24 14:32:57.248996+02:00,25.639,2097.021144,0.18626415556826714
2026-06-24 14:32:57.541906+02:00,25.638,2097.314054,0.18526415556826947
2026-06-24 14:32:57.836835+02:00,25.636,2097.608983,0.18326415556826703
2026-06-24 14:32:58.133889+02:00,25.638,2097.906037,0.18526415556826947
2026-06-24 14:32:58.429058+02:00,25.636,2098.201206,0.18326415556826703
2026-06-24 14:32:58.730737+02:00,25.636,2098.502885,0.18326415556826703
2026-06-24 14:32:59.022032+02:00,25.635,2098.79418,0.18226415556826936
2026-06-24 14:32:59.318727+02:00,25.632,2099.090875,0.17926415556826925
2026-06-24 14:32:59.611338+02:00,25.632,2099.383486,0.17926415556826925
2026-06-24 14:32:59.908474+02:00,25.632,2099.680622,0.17926415556826925
2026-06-24 14:33:00.198630+02:00,25.634,2099.970778,0.18126415556826814
2026-06-24 14:33:00.490510+02:00,25.633,2100.262658,0.18026415556826691
2026-06-24 14:33:00.787337+02:00,25.631,2100.559485,0.17826415556826802
2026-06-24 14:33:01.079679+02:00,25.633,2100.851827,0.18026415556826691
2026-06-24 14:33:01.372734+02:00,25.63,2101.144882,0.1772641555682668
2026-06-24 14:33:01.663260+02:00,25.63,2101.435408,0.1772641555682668
2026-06-24 14:33:01.959682+02:00,25.63,2101.73183,0.1772641555682668
2026-06-24 14:33:02.251479+02:00,25.631,2102.023627,0.17826415556826802
2026-06-24 14:33:02.544088+02:00,25.628,2102.316236,0.1752641555682679
2026-06-24 14:33:02.836311+02:00,25.627,2102.608459,0.1742641555682667
2026-06-24 14:33:03.130797+02:00,25.627,2102.902945,0.1742641555682667
2026-06-24 14:33:03.429756+02:00,25.626,2103.201904,0.17326415556826902
2026-06-24 14:33:03.721019+02:00,25.628,2103.493167,0.1752641555682679
2026-06-24 14:33:04.011524+02:00,25.626,2103.783672,0.17326415556826902
2026-06-24 14:33:04.303411+02:00,25.624,2104.075559,0.17126415556826657
2026-06-24 14:33:04.597360+02:00,25.624,2104.369508,0.17126415556826657
2026-06-24 14:33:04.889582+02:00,25.623,2104.66173,0.1702641555682689
2026-06-24 14:33:05.180420+02:00,25.622,2104.952568,0.16926415556826768
2026-06-24 14:33:05.477630+02:00,25.62,2105.249778,0.1672641555682688
2026-06-24 14:33:05.773294+02:00,25.619,2105.545442,0.16626415556826757
2026-06-24 14:33:06.062213+02:00,25.62,2105.834361,0.1672641555682688
2026-06-24 14:33:06.355902+02:00,25.618,2106.12805,0.16526415556826635
2026-06-24 14:33:06.648717+02:00,25.616,2106.420865,0.16326415556826746
2026-06-24 14:33:06.946859+02:00,25.615,2106.719007,0.16226415556826623
2026-06-24 14:33:07.237969+02:00,25.615,2107.010117,0.16226415556826623
2026-06-24 14:33:07.531954+02:00,25.616,2107.304102,0.16326415556826746
2026-06-24 14:33:07.827575+02:00,25.615,2107.599723,0.16226415556826623
2026-06-24 14:33:08.121479+02:00,25.617,2107.893627,0.16426415556826868
2026-06-24 14:33:08.413416+02:00,25.616,2108.185564,0.16326415556826746
2026-06-24 14:33:08.703949+02:00,25.612,2108.476097,0.15926415556826612
2026-06-24 14:33:08.993589+02:00,25.61,2108.765737,0.15726415556826723
2026-06-24 14:33:09.286263+02:00,25.61,2109.058411,0.15726415556826723
2026-06-24 14:33:09.581019+02:00,25.611,2109.353167,0.15826415556826845
2026-06-24 14:33:09.872403+02:00,25.612,2109.644551,0.15926415556826612
2026-06-24 14:33:10.162382+02:00,25.608,2109.93453,0.15526415556826834
2026-06-24 14:33:10.459012+02:00,25.606,2110.23116,0.15326415556826944
2026-06-24 14:33:10.750979+02:00,25.609,2110.523127,0.15626415556826956
2026-06-24 14:33:11.046532+02:00,25.608,2110.81868,0.15526415556826834
2026-06-24 14:33:11.337904+02:00,25.608,2111.110052,0.15526415556826834
2026-06-24 14:33:11.628181+02:00,25.605,2111.400329,0.15226415556826822
2026-06-24 14:33:11.919148+02:00,25.606,2111.691296,0.15326415556826944
2026-06-24 14:33:12.209847+02:00,25.606,2111.981995,0.15326415556826944
2026-06-24 14:33:12.500920+02:00,25.606,2112.273068,0.15326415556826944
2026-06-24 14:33:12.801219+02:00,25.603,2112.573367,0.15026415556826933
2026-06-24 14:33:13.097212+02:00,25.605,2112.86936,0.15226415556826822
2026-06-24 14:33:13.391363+02:00,25.603,2113.163511,0.15026415556826933
2026-06-24 14:33:13.682190+02:00,25.604,2113.454338,0.151264155568267
2026-06-24 14:33:13.974964+02:00,25.603,2113.747112,0.15026415556826933
2026-06-24 14:33:14.267933+02:00,25.6,2114.040081,0.14726415556826922
2026-06-24 14:33:14.559649+02:00,25.6,2114.331797,0.14726415556826922
2026-06-24 14:33:14.850790+02:00,25.598,2114.622938,0.14526415556826677
2026-06-24 14:33:15.153457+02:00,25.601,2114.925605,0.1482641555682669
2026-06-24 14:33:15.448586+02:00,25.599,2115.220734,0.146264155568268
2026-06-24 14:33:15.750036+02:00,25.598,2115.522184,0.14526415556826677
2026-06-24 14:33:16.043007+02:00,25.597,2115.815155,0.1442641555682691
2026-06-24 14:33:16.340086+02:00,25.596,2116.112234,0.14326415556826788
2026-06-24 14:33:16.630962+02:00,25.595,2116.40311,0.14226415556826666
2026-06-24 14:33:16.922070+02:00,25.595,2116.694218,0.14226415556826666
2026-06-24 14:33:17.213625+02:00,25.593,2116.985773,0.14026415556826777
2026-06-24 14:33:17.506472+02:00,25.594,2117.27862,0.141264155568269
2026-06-24 14:33:17.796887+02:00,25.595,2117.569035,0.14226415556826666
2026-06-24 14:33:18.091442+02:00,25.593,2117.86359,0.14026415556826777
2026-06-24 14:33:18.386927+02:00,25.593,2118.159075,0.14026415556826777
2026-06-24 14:33:18.684307+02:00,25.593,2118.456455,0.14026415556826777
2026-06-24 14:33:18.981242+02:00,25.591,2118.75339,0.13826415556826888
2026-06-24 14:33:19.273859+02:00,25.59,2119.046007,0.13726415556826765
2026-06-24 14:33:19.573861+02:00,25.589,2119.346009,0.13626415556826643
2026-06-24 14:33:19.869154+02:00,25.589,2119.641302,0.13626415556826643
2026-06-24 14:33:20.161290+02:00,25.588,2119.933438,0.13526415556826876
2026-06-24 14:33:20.450831+02:00,25.587,2120.222979,0.13426415556826754
2026-06-24 14:33:20.743524+02:00,25.586,2120.515672,0.13326415556826632
2026-06-24 14:33:21.033684+02:00,25.587,2120.805832,0.13426415556826754
2026-06-24 14:33:21.327816+02:00,25.586,2121.099964,0.13326415556826632
2026-06-24 14:33:21.620214+02:00,25.584,2121.392362,0.13126415556826743
2026-06-24 14:33:21.912554+02:00,25.581,2121.684702,0.1282641555682673
2026-06-24 14:33:22.205676+02:00,25.58,2121.977824,0.1272641555682661
2026-06-24 14:33:22.500470+02:00,25.581,2122.272618,0.1282641555682673
2026-06-24 14:33:22.791488+02:00,25.581,2122.563636,0.1282641555682673
2026-06-24 14:33:23.082078+02:00,25.581,2122.854226,0.1282641555682673
2026-06-24 14:33:23.370891+02:00,25.58,2123.143039,0.1272641555682661
2026-06-24 14:33:23.673288+02:00,25.577,2123.445436,0.12426415556826953
2026-06-24 14:33:23.970106+02:00,25.578,2123.742254,0.1252641555682672
2026-06-24 14:33:24.262842+02:00,25.578,2124.03499,0.1252641555682672
2026-06-24 14:33:24.561908+02:00,25.579,2124.334056,0.12626415556826842
2026-06-24 14:33:24.853433+02:00,25.575,2124.625581,0.12226415556826709
2026-06-24 14:33:25.151378+02:00,25.574,2124.923526,0.12126415556826942
2026-06-24 14:33:25.444620+02:00,25.574,2125.216768,0.12126415556826942
2026-06-24 14:33:25.738292+02:00,25.574,2125.51044,0.12126415556826942
2026-06-24 14:33:26.039981+02:00,25.569,2125.812129,0.11626415556826686
2026-06-24 14:33:26.329048+02:00,25.57,2126.101196,0.11726415556826808
2026-06-24 14:33:26.620192+02:00,25.569,2126.39234,0.11626415556826686
2026-06-24 14:33:26.914156+02:00,25.567,2126.686304,0.11426415556826797
2026-06-24 14:33:27.203818+02:00,25.568,2126.975966,0.11526415556826919
2026-06-24 14:33:27.494703+02:00,25.569,2127.266851,0.11626415556826686
2026-06-24 14:33:27.786207+02:00,25.563,2127.558355,0.11026415556826663
2026-06-24 14:33:28.084989+02:00,25.563,2127.857137,0.11026415556826663
2026-06-24 14:33:28.384860+02:00,25.564,2128.157008,0.11126415556826785
2026-06-24 14:33:28.685721+02:00,25.565,2128.457869,0.11226415556826908
2026-06-24 14:33:28.976632+02:00,25.563,2128.74878,0.11026415556826663
2026-06-24 14:33:29.268520+02:00,25.563,2129.040668,0.11026415556826663
2026-06-24 14:33:29.562436+02:00,25.559,2129.334584,0.10626415556826885
2026-06-24 14:33:29.857769+02:00,25.561,2129.629917,0.10826415556826774
2026-06-24 14:33:30.151210+02:00,25.557,2129.923358,0.1042641555682664
2026-06-24 14:33:30.442758+02:00,25.557,2130.214906,0.1042641555682664
2026-06-24 14:33:30.735134+02:00,25.558,2130.507282,0.10526415556826763
2026-06-24 14:33:31.032343+02:00,25.556,2130.804491,0.10326415556826873
2026-06-24 14:33:31.324290+02:00,25.554,2131.096438,0.10126415556826629
2026-06-24 14:33:31.614661+02:00,25.555,2131.386809,0.10226415556826751
2026-06-24 14:33:31.904272+02:00,25.555,2131.67642,0.10226415556826751
2026-06-24 14:33:32.197563+02:00,25.554,2131.969711,0.10126415556826629
2026-06-24 14:33:32.491194+02:00,25.554,2132.263342,0.10126415556826629
2026-06-24 14:33:32.785652+02:00,25.551,2132.5578,0.09826415556826618
2026-06-24 14:33:33.077742+02:00,25.55,2132.84989,0.0972641555682685
2026-06-24 14:33:33.367335+02:00,25.549,2133.139483,0.09626415556826728
2026-06-24 14:33:33.658514+02:00,25.548,2133.430662,0.09526415556826606
2026-06-24 14:33:33.952775+02:00,25.551,2133.724923,0.09826415556826618
2026-06-24 14:33:34.253481+02:00,25.549,2134.025629,0.09626415556826728
2026-06-24 14:33:34.551405+02:00,25.548,2134.323553,0.09526415556826606
2026-06-24 14:33:34.841911+02:00,25.547,2134.614059,0.09426415556826839
2026-06-24 14:33:35.138274+02:00,25.545,2134.910422,0.0922641555682695
2026-06-24 14:33:35.431576+02:00,25.546,2135.203724,0.09326415556826717
2026-06-24 14:33:35.721828+02:00,25.544,2135.493976,0.09126415556826828
2026-06-24 14:33:36.013735+02:00,25.544,2135.785883,0.09126415556826828
2026-06-24 14:33:36.311950+02:00,25.543,2136.084098,0.09026415556826706
2026-06-24 14:33:36.604704+02:00,25.542,2136.376852,0.08926415556826939
2026-06-24 14:33:36.897829+02:00,25.543,2136.669977,0.09026415556826706
2026-06-24 14:33:37.190284+02:00,25.545,2136.962432,0.0922641555682695
2026-06-24 14:33:37.482970+02:00,25.545,2137.255118,0.0922641555682695
2026-06-24 14:33:37.775671+02:00,25.543,2137.547819,0.09026415556826706
2026-06-24 14:33:38.065644+02:00,25.541,2137.837792,0.08826415556826817
2026-06-24 14:33:38.358368+02:00,25.541,2138.130516,0.08826415556826817
2026-06-24 14:33:38.651611+02:00,25.54,2138.423759,0.08726415556826694
2026-06-24 14:33:38.947961+02:00,25.539,2138.720109,0.08626415556826927
2026-06-24 14:33:39.240132+02:00,25.538,2139.01228,0.08526415556826805
2026-06-24 14:33:39.535776+02:00,25.537,2139.307924,0.08426415556826683
2026-06-24 14:33:39.823843+02:00,25.536,2139.595991,0.08326415556826916
2026-06-24 14:33:40.123563+02:00,25.536,2139.895711,0.08326415556826916
2026-06-24 14:33:40.422574+02:00,25.537,2140.194722,0.08426415556826683
2026-06-24 14:33:40.714417+02:00,25.535,2140.486565,0.08226415556826794
2026-06-24 14:33:41.006082+02:00,25.531,2140.77823,0.0782641555682666
2026-06-24 14:33:41.300713+02:00,25.536,2141.072861,0.08326415556826916
2026-06-24 14:33:41.596185+02:00,25.534,2141.368333,0.08126415556826672
2026-06-24 14:33:41.895977+02:00,25.532,2141.668125,0.07926415556826782
2026-06-24 14:33:42.189281+02:00,25.53,2141.961429,0.07726415556826893
2026-06-24 14:33:42.481422+02:00,25.529,2142.25357,0.07626415556826771
2026-06-24 14:33:42.772409+02:00,25.531,2142.544557,0.0782641555682666
2026-06-24 14:33:43.064470+02:00,25.527,2142.836618,0.07426415556826882
2026-06-24 14:33:43.356391+02:00,25.527,2143.128539,0.07426415556826882
2026-06-24 14:33:43.647256+02:00,25.527,2143.419404,0.07426415556826882
2026-06-24 14:33:43.937705+02:00,25.526,2143.709853,0.0732641555682676
2026-06-24 14:33:44.231434+02:00,25.525,2144.003582,0.07226415556826637
2026-06-24 14:33:44.527423+02:00,25.523,2144.299571,0.07026415556826748
2026-06-24 14:33:44.819684+02:00,25.52,2144.591832,0.06726415556826737
2026-06-24 14:33:45.111322+02:00,25.52,2144.88347,0.06726415556826737
2026-06-24 14:33:45.403161+02:00,25.52,2145.175309,0.06726415556826737
2026-06-24 14:33:45.693063+02:00,25.519,2145.465211,0.06626415556826615
2026-06-24 14:33:45.990710+02:00,25.518,2145.762858,0.06526415556826848
2026-06-24 14:33:46.287647+02:00,25.518,2146.059795,0.06526415556826848
2026-06-24 14:33:46.578282+02:00,25.518,2146.35043,0.06526415556826848
2026-06-24 14:33:46.873075+02:00,25.517,2146.645223,0.06426415556826726
2026-06-24 14:33:47.168016+02:00,25.516,2146.940164,0.06326415556826603
2026-06-24 14:33:47.459699+02:00,25.516,2147.231847,0.06326415556826603
2026-06-24 14:33:47.751476+02:00,25.517,2147.523624,0.06426415556826726
2026-06-24 14:33:48.042314+02:00,25.513,2147.814462,0.06026415556826947
2026-06-24 14:33:48.335507+02:00,25.514,2148.107655,0.06126415556826714
2026-06-24 14:33:48.629414+02:00,25.514,2148.401562,0.06126415556826714
2026-06-24 14:33:48.929319+02:00,25.513,2148.701467,0.06026415556826947
2026-06-24 14:33:49.221999+02:00,25.511,2148.994147,0.05826415556826703
2026-06-24 14:33:49.513491+02:00,25.51,2149.285639,0.05726415556826936
2026-06-24 14:33:49.807335+02:00,25.51,2149.579483,0.05726415556826936
2026-06-24 14:33:50.102885+02:00,25.51,2149.875033,0.05726415556826936
2026-06-24 14:33:50.395620+02:00,25.51,2150.167768,0.05726415556826936
2026-06-24 14:33:50.691213+02:00,25.509,2150.463361,0.05626415556826814
2026-06-24 14:33:50.985360+02:00,25.508,2150.757508,0.055264155568266915
2026-06-24 14:33:51.277607+02:00,25.509,2151.049755,0.05626415556826814
2026-06-24 14:33:51.570753+02:00,25.506,2151.342901,0.05326415556826802
2026-06-24 14:33:51.861559+02:00,25.507,2151.633707,0.054264155568269246
2026-06-24 14:33:52.150319+02:00,25.508,2151.922467,0.055264155568266915
2026-06-24 14:33:52.445920+02:00,25.507,2152.218068,0.054264155568269246
2026-06-24 14:33:52.739217+02:00,25.505,2152.511365,0.0522641555682668
2026-06-24 14:33:53.029653+02:00,25.506,2152.801801,0.05326415556826802
2026-06-24 14:33:53.320072+02:00,25.504,2153.09222,0.05126415556826913
2026-06-24 14:33:53.611481+02:00,25.504,2153.383629,0.05126415556826913
2026-06-24 14:33:53.909061+02:00,25.503,2153.681209,0.05026415556826791
2026-06-24 14:33:54.201675+02:00,25.5,2153.973823,0.047264155568267796
2026-06-24 14:33:54.492537+02:00,25.499,2154.264685,0.046264155568266574
2026-06-24 14:33:54.789571+02:00,25.499,2154.561719,0.046264155568266574
2026-06-24 14:33:55.082475+02:00,25.499,2154.854623,0.046264155568266574
2026-06-24 14:33:55.375634+02:00,25.501,2155.147782,0.04826415556826902
2026-06-24 14:33:55.671815+02:00,25.498,2155.443963,0.045264155568268905
2026-06-24 14:33:55.964240+02:00,25.5,2155.736388,0.047264155568267796
2026-06-24 14:33:56.254763+02:00,25.498,2156.026911,0.045264155568268905
2026-06-24 14:33:56.544169+02:00,25.496,2156.316317,0.04326415556826646
2026-06-24 14:33:56.834984+02:00,25.495,2156.607132,0.04226415556826879
2026-06-24 14:33:57.129708+02:00,25.495,2156.901856,0.04226415556826879
2026-06-24 14:33:57.433684+02:00,25.493,2157.205832,0.04026415556826635
2026-06-24 14:33:57.726789+02:00,25.494,2157.498937,0.04126415556826757
2026-06-24 14:33:58.024189+02:00,25.495,2157.796337,0.04226415556826879
2026-06-24 14:33:58.316733+02:00,25.493,2158.088881,0.04026415556826635
2026-06-24 14:33:58.607685+02:00,25.492,2158.379833,0.03926415556826868
2026-06-24 14:33:58.900775+02:00,25.492,2158.672923,0.03926415556826868
2026-06-24 14:33:59.192330+02:00,25.489,2158.964478,0.03626415556826856
2026-06-24 14:33:59.484893+02:00,25.488,2159.257041,0.03526415556826734
2026-06-24 14:33:59.782666+02:00,25.489,2159.554814,0.03626415556826856
2026-06-24 14:34:00.076022+02:00,25.485,2159.84817,0.03226415556826723
2026-06-24 14:34:00.368631+02:00,25.486,2160.140779,0.03326415556826845
2026-06-24 14:34:00.663913+02:00,25.488,2160.436061,0.03526415556826734
2026-06-24 14:34:00.954379+02:00,25.487,2160.726527,0.03426415556826612
2026-06-24 14:34:01.255120+02:00,25.483,2161.027268,0.030264155568268336
2026-06-24 14:34:01.546178+02:00,25.485,2161.318326,0.03226415556826723
2026-06-24 14:34:01.840080+02:00,25.484,2161.612228,0.03126415556826956
2026-06-24 14:34:02.133954+02:00,25.482,2161.906102,0.029264155568267114
2026-06-24 14:34:02.424375+02:00,25.482,2162.196523,0.029264155568267114
2026-06-24 14:34:02.718768+02:00,25.481,2162.490916,0.028264155568269445
2026-06-24 14:34:03.015619+02:00,25.481,2162.787767,0.028264155568269445
2026-06-24 14:34:03.308474+02:00,25.48,2163.080622,0.027264155568268222
2026-06-24 14:34:03.598440+02:00,25.481,2163.370588,0.028264155568269445
2026-06-24 14:34:03.888650+02:00,25.475,2163.660798,0.022264155568269217
2026-06-24 14:34:04.182127+02:00,25.476,2163.954275,0.023264155568266887
2026-06-24 14:34:04.474094+02:00,25.476,2164.246242,0.023264155568266887
2026-06-24 14:34:04.772061+02:00,25.477,2164.544209,0.02426415556826811
2026-06-24 14:34:05.068576+02:00,25.475,2164.840724,0.022264155568269217
2026-06-24 14:34:05.358636+02:00,25.474,2165.130784,0.021264155568267995
2026-06-24 14:34:05.651263+02:00,25.472,2165.423411,0.019264155568269103
2026-06-24 14:34:05.948013+02:00,25.472,2165.720161,0.019264155568269103
2026-06-24 14:34:06.244450+02:00,25.473,2166.016598,0.020264155568266773
2026-06-24 14:34:06.538663+02:00,25.473,2166.310811,0.020264155568266773
2026-06-24 14:34:06.829859+02:00,25.47,2166.602007,0.01726415556826666
2026-06-24 14:34:07.130334+02:00,25.469,2166.902482,0.01626415556826899
2026-06-24 14:34:07.423735+02:00,25.469,2167.195883,0.01626415556826899
2026-06-24 14:34:07.722317+02:00,25.467,2167.494465,0.014264155568266546
2026-06-24 14:34:08.018855+02:00,25.469,2167.791003,0.01626415556826899
2026-06-24 14:34:08.315042+02:00,25.466,2168.08719,0.013264155568268876
2026-06-24 14:34:08.604924+02:00,25.467,2168.377072,0.014264155568266546
2026-06-24 14:34:08.898831+02:00,25.466,2168.670979,0.013264155568268876
2026-06-24 14:34:09.198344+02:00,25.466,2168.970492,0.013264155568268876
2026-06-24 14:34:09.493160+02:00,25.468,2169.265308,0.015264155568267768
2026-06-24 14:34:09.790065+02:00,25.463,2169.562213,0.010264155568268762
2026-06-24 14:34:10.080637+02:00,25.464,2169.852785,0.011264155568266432
2026-06-24 14:34:10.373752+02:00,25.464,2170.1459,0.011264155568266432
2026-06-24 14:34:10.678429+02:00,25.462,2170.450577,0.00926415556826754
2026-06-24 14:34:10.972158+02:00,25.461,2170.744306,0.008264155568266318
2026-06-24 14:34:11.265499+02:00,25.459,2171.037647,0.006264155568267427
2026-06-24 14:34:11.557603+02:00,25.458,2171.329751,0.0052641555682662045
2026-06-24 14:34:11.853621+02:00,25.457,2171.625769,0.004264155568268535
2026-06-24 14:34:12.145383+02:00,25.458,2171.917531,0.0052641555682662045
2026-06-24 14:34:12.437117+02:00,25.459,2172.209265,0.006264155568267427
2026-06-24 14:34:12.729080+02:00,25.455,2172.501228,0.0022641555682660908
2026-06-24 14:34:13.021585+02:00,25.458,2172.793733,0.0052641555682662045
2026-06-24 14:34:13.312461+02:00,25.457,2173.084609,0.004264155568268535
2026-06-24 14:34:13.602418+02:00,25.455,2173.374566,0.0022641555682660908
2026-06-24 14:34:13.897130+02:00,25.455,2173.669278,0.0022641555682660908
2026-06-24 14:34:14.190349+02:00,25.455,2173.962497,0.0022641555682660908
2026-06-24 14:34:14.489053+02:00,25.453,2174.261201,0.0002641555682671992
2026-06-24 14:34:14.788986+02:00,25.45,2174.561134,-0.0027358444317329145
2026-06-24 14:34:15.086284+02:00,25.449,2174.858432,-0.003735844431730584
2026-06-24 14:34:15.386761+02:00,25.448,2175.158909,-0.004735844431731806
2026-06-24 14:34:15.683507+02:00,25.447,2175.455655,-0.005735844431733028
2026-06-24 14:34:15.973550+02:00,25.446,2175.745698,-0.006735844431730698
2026-06-24 14:34:16.268772+02:00,25.445,2176.04092,-0.00773584443173192
2026-06-24 14:34:16.559585+02:00,25.447,2176.331733,-0.005735844431733028
2026-06-24 14:34:16.853016+02:00,25.446,2176.625164,-0.006735844431730698
2026-06-24 14:34:17.143727+02:00,25.444,2176.915875,-0.008735844431733142
2026-06-24 14:34:17.436581+02:00,25.444,2177.208729,-0.008735844431733142
2026-06-24 14:34:17.730430+02:00,25.443,2177.502578,-0.009735844431730811
2026-06-24 14:34:18.025361+02:00,25.443,2177.797509,-0.009735844431730811
2026-06-24 14:34:18.320752+02:00,25.443,2178.0929,-0.009735844431730811
2026-06-24 14:34:18.613518+02:00,25.44,2178.385666,-0.012735844431730925
2026-06-24 14:34:18.903725+02:00,25.439,2178.675873,-0.013735844431732147
2026-06-24 14:34:19.193732+02:00,25.441,2178.96588,-0.011735844431733256
2026-06-24 14:34:19.491762+02:00,25.44,2179.26391,-0.012735844431730925
2026-06-24 14:34:19.784519+02:00,25.439,2179.556667,-0.013735844431732147
2026-06-24 14:34:20.076711+02:00,25.437,2179.848859,-0.01573584443173104
2026-06-24 14:34:20.367804+02:00,25.434,2180.139952,-0.018735844431731152
2026-06-24 14:34:20.663286+02:00,25.434,2180.435434,-0.018735844431731152
2026-06-24 14:34:20.967130+02:00,25.434,2180.739278,-0.018735844431731152
2026-06-24 14:34:21.266632+02:00,25.433,2181.03878,-0.019735844431732374
2026-06-24 14:34:21.561161+02:00,25.434,2181.333309,-0.018735844431731152
2026-06-24 14:34:21.857998+02:00,25.434,2181.630146,-0.018735844431731152
2026-06-24 14:34:22.147085+02:00,25.433,2181.919233,-0.019735844431732374
2026-06-24 14:34:22.441917+02:00,25.432,2182.214065,-0.020735844431733597
2026-06-24 14:34:22.731863+02:00,25.43,2182.504011,-0.022735844431732488
2026-06-24 14:34:23.024485+02:00,25.43,2182.796633,-0.022735844431732488
2026-06-24 14:34:23.316451+02:00,25.429,2183.088599,-0.02373584443173371
2026-06-24 14:34:23.608311+02:00,25.429,2183.380459,-0.02373584443173371
2026-06-24 14:34:23.905373+02:00,25.427,2183.677521,-0.025735844431732602
2026-06-24 14:34:24.200410+02:00,25.427,2183.972558,-0.025735844431732602
2026-06-24 14:34:24.490082+02:00,25.426,2184.26223,-0.026735844431733824
2026-06-24 14:34:24.785924+02:00,25.428,2184.558072,-0.02473584443173138
2026-06-24 14:34:25.077762+02:00,25.427,2184.84991,-0.025735844431732602
2026-06-24 14:34:25.369122+02:00,25.423,2185.14127,-0.029735844431733938
2026-06-24 14:34:25.663441+02:00,25.421,2185.435589,-0.03173584443173283
2026-06-24 14:34:25.955657+02:00,25.423,2185.727805,-0.029735844431733938
2026-06-24 14:34:26.256326+02:00,25.421,2186.028474,-0.03173584443173283
2026-06-24 14:34:26.550779+02:00,25.422,2186.322927,-0.030735844431731607
2026-06-24 14:34:26.850997+02:00,25.422,2186.623145,-0.030735844431731607
2026-06-24 14:34:27.153098+02:00,25.419,2186.925246,-0.03373584443173172
2026-06-24 14:34:27.448033+02:00,25.421,2187.220181,-0.03173584443173283
2026-06-24 14:34:27.739183+02:00,25.419,2187.511331,-0.03373584443173172
2026-06-24 14:34:28.030114+02:00,25.418,2187.802262,-0.03473584443173294
2026-06-24 14:34:28.324222+02:00,25.417,2188.09637,-0.03573584443173061
2026-06-24 14:34:28.621919+02:00,25.417,2188.394067,-0.03573584443173061
2026-06-24 14:34:28.915012+02:00,25.415,2188.68716,-0.03773584443173306
2026-06-24 14:34:29.203930+02:00,25.416,2188.976078,-0.036735844431731834
2026-06-24 14:34:29.503060+02:00,25.414,2189.275208,-0.038735844431730726
2026-06-24 14:34:29.794305+02:00,25.413,2189.566453,-0.03973584443173195
2026-06-24 14:34:30.088138+02:00,25.413,2189.860286,-0.03973584443173195
2026-06-24 14:34:30.379006+02:00,25.411,2190.151154,-0.04173584443173084
2026-06-24 14:34:30.670599+02:00,25.41,2190.442747,-0.04273584443173206
2026-06-24 14:34:30.965281+02:00,25.407,2190.737429,-0.045735844431732176
2026-06-24 14:34:31.254707+02:00,25.411,2191.026855,-0.04173584443173084
2026-06-24 14:34:31.548740+02:00,25.408,2191.320888,-0.04473584443173095
2026-06-24 14:34:31.841139+02:00,25.405,2191.613287,-0.04773584443173107
2026-06-24 14:34:32.141571+02:00,25.407,2191.913719,-0.045735844431732176
2026-06-24 14:34:32.433227+02:00,25.406,2192.205375,-0.0467358444317334
2026-06-24 14:34:32.731804+02:00,25.404,2192.503952,-0.04873584443173229
2026-06-24 14:34:33.028287+02:00,25.401,2192.800435,-0.0517358444317324
2026-06-24 14:34:33.332447+02:00,25.403,2193.104595,-0.04973584443173351
2026-06-24 14:34:33.626097+02:00,25.401,2193.398245,-0.0517358444317324
2026-06-24 14:34:33.924129+02:00,25.401,2193.696277,-0.0517358444317324
2026-06-24 14:34:34.217565+02:00,25.4,2193.989713,-0.052735844431733625
2026-06-24 14:34:34.508322+02:00,25.4,2194.28047,-0.052735844431733625
2026-06-24 14:34:34.800342+02:00,25.4,2194.57249,-0.052735844431733625
2026-06-24 14:34:35.096474+02:00,25.401,2194.868622,-0.0517358444317324
2026-06-24 14:34:35.386324+02:00,25.399,2195.158472,-0.053735844431731294
2026-06-24 14:34:35.676666+02:00,25.397,2195.448814,-0.05573584443173374
2026-06-24 14:34:35.971828+02:00,25.395,2195.743976,-0.05773584443173263
2026-06-24 14:34:36.265190+02:00,25.393,2196.037338,-0.05973584443173152
2026-06-24 14:34:36.558336+02:00,25.392,2196.330484,-0.060735844431732744
2026-06-24 14:34:36.850868+02:00,25.39,2196.623016,-0.06273584443173164
2026-06-24 14:34:37.141237+02:00,25.39,2196.913385,-0.06273584443173164
2026-06-24 14:34:37.435424+02:00,25.389,2197.207572,-0.06373584443173286
2026-06-24 14:34:37.727572+02:00,25.388,2197.49972,-0.06473584443173053
2026-06-24 14:34:38.017887+02:00,25.387,2197.790035,-0.06573584443173175
2026-06-24 14:34:38.309618+02:00,25.386,2198.081766,-0.06673584443173297
2026-06-24 14:34:38.609733+02:00,25.388,2198.381881,-0.06473584443173053
2026-06-24 14:34:38.910735+02:00,25.386,2198.682883,-0.06673584443173297
2026-06-24 14:34:39.206023+02:00,25.386,2198.978171,-0.06673584443173297
2026-06-24 14:34:39.510398+02:00,25.386,2199.282546,-0.06673584443173297
2026-06-24 14:34:39.811972+02:00,25.382,2199.58412,-0.07073584443173075
2026-06-24 14:34:40.109040+02:00,25.381,2199.881188,-0.07173584443173198
2026-06-24 14:34:40.408742+02:00,25.382,2200.18089,-0.07073584443173075
2026-06-24 14:34:40.707796+02:00,25.381,2200.479944,-0.07173584443173198
2026-06-24 14:34:40.998287+02:00,25.38,2200.770435,-0.0727358444317332
2026-06-24 14:34:41.289887+02:00,25.381,2201.062035,-0.07173584443173198
2026-06-24 14:34:41.585891+02:00,25.377,2201.358039,-0.07573584443173331
2026-06-24 14:34:41.878963+02:00,25.377,2201.651111,-0.07573584443173331
2026-06-24 14:34:42.173862+02:00,25.378,2201.94601,-0.07473584443173209
2026-06-24 14:34:42.464185+02:00,25.377,2202.236333,-0.07573584443173331
2026-06-24 14:34:42.753692+02:00,25.377,2202.52584,-0.07573584443173331
2026-06-24 14:34:43.051648+02:00,25.375,2202.823796,-0.0777358444317322
2026-06-24 14:34:43.351142+02:00,25.374,2203.12329,-0.07873584443173343
2026-06-24 14:34:43.650600+02:00,25.374,2203.422748,-0.07873584443173343
2026-06-24 14:34:43.941804+02:00,25.373,2203.713952,-0.0797358444317311
2026-06-24 14:34:44.235498+02:00,25.373,2204.007646,-0.0797358444317311
2026-06-24 14:34:44.527565+02:00,25.373,2204.299713,-0.0797358444317311
2026-06-24 14:34:44.831026+02:00,25.369,2204.603174,-0.08373584443173243
2026-06-24 14:34:45.121845+02:00,25.368,2204.893993,-0.08473584443173365
2026-06-24 14:34:45.410777+02:00,25.369,2205.182925,-0.08373584443173243
2026-06-24 14:34:45.702286+02:00,25.369,2205.474434,-0.08373584443173243
2026-06-24 14:34:45.997552+02:00,25.367,2205.7697,-0.08573584443173132
2026-06-24 14:34:46.287449+02:00,25.364,2206.059597,-0.08873584443173144
2026-06-24 14:34:46.579827+02:00,25.364,2206.351975,-0.08873584443173144
2026-06-24 14:34:46.878159+02:00,25.36,2206.650307,-0.09273584443173277
2026-06-24 14:34:47.169229+02:00,25.363,2206.941377,-0.08973584443173266
2026-06-24 14:34:47.462138+02:00,25.36,2207.234286,-0.09273584443173277
2026-06-24 14:34:47.752378+02:00,25.36,2207.524526,-0.09273584443173277
2026-06-24 14:34:48.043905+02:00,25.358,2207.816053,-0.09473584443173166
2026-06-24 14:34:48.335111+02:00,25.358,2208.107259,-0.09473584443173166
2026-06-24 14:34:48.625839+02:00,25.357,2208.397987,-0.09573584443173289
2026-06-24 14:34:48.917842+02:00,25.36,2208.68999,-0.09273584443173277
2026-06-24 14:34:49.210363+02:00,25.359,2208.982511,-0.09373584443173044
2026-06-24 14:34:49.502335+02:00,25.357,2209.274483,-0.09573584443173289
2026-06-24 14:34:49.794660+02:00,25.356,2209.566808,-0.09673584443173056
2026-06-24 14:34:50.088532+02:00,25.355,2209.86068,-0.09773584443173178
2026-06-24 14:34:50.389493+02:00,25.355,2210.161641,-0.09773584443173178
2026-06-24 14:34:50.689971+02:00,25.354,2210.462119,-0.098735844431733
2026-06-24 14:34:50.993659+02:00,25.352,2210.765807,-0.10073584443173189
2026-06-24 14:34:51.284142+02:00,25.351,2211.05629,-0.10173584443173311
2026-06-24 14:34:51.581804+02:00,25.35,2211.353952,-0.10273584443173078
2026-06-24 14:34:51.886626+02:00,25.349,2211.658774,-0.103735844431732
2026-06-24 14:34:52.186350+02:00,25.347,2211.958498,-0.1057358444317309
2026-06-24 14:34:52.477384+02:00,25.347,2212.249532,-0.1057358444317309
2026-06-24 14:34:52.772049+02:00,25.345,2212.544197,-0.10773584443173334
2026-06-24 14:34:53.063858+02:00,25.345,2212.836006,-0.10773584443173334
2026-06-24 14:34:53.359901+02:00,25.345,2213.132049,-0.10773584443173334
2026-06-24 14:34:53.652464+02:00,25.345,2213.424612,-0.10773584443173334
2026-06-24 14:34:53.944286+02:00,25.347,2213.716434,-0.1057358444317309
2026-06-24 14:34:54.237043+02:00,25.347,2214.009191,-0.1057358444317309
2026-06-24 14:34:54.529495+02:00,25.343,2214.301643,-0.10973584443173223
2026-06-24 14:34:54.821637+02:00,25.344,2214.593785,-0.10873584443173101
2026-06-24 14:34:55.112523+02:00,25.344,2214.884671,-0.10873584443173101
2026-06-24 14:34:55.405248+02:00,25.342,2215.177396,-0.11073584443173345
2026-06-24 14:34:55.697976+02:00,25.342,2215.470124,-0.11073584443173345
2026-06-24 14:34:55.988908+02:00,25.341,2215.761056,-0.11173584443173112
2026-06-24 14:34:56.289908+02:00,25.342,2216.062056,-0.11073584443173345
2026-06-24 14:34:56.589869+02:00,25.339,2216.362017,-0.11373584443173357
2026-06-24 14:34:56.886136+02:00,25.339,2216.658284,-0.11373584443173357
2026-06-24 14:34:57.177420+02:00,25.337,2216.949568,-0.11573584443173246
2026-06-24 14:34:57.467995+02:00,25.337,2217.240143,-0.11573584443173246
2026-06-24 14:34:57.761486+02:00,25.336,2217.533634,-0.11673584443173368
2026-06-24 14:34:58.051983+02:00,25.334,2217.824131,-0.11873584443173257
2026-06-24 14:34:58.346074+02:00,25.334,2218.118222,-0.11873584443173257
2026-06-24 14:34:58.639662+02:00,25.333,2218.41181,-0.1197358444317338
2026-06-24 14:34:58.931864+02:00,25.332,2218.704012,-0.12073584443173146
2026-06-24 14:34:59.234592+02:00,25.331,2219.00674,-0.12173584443173269
2026-06-24 14:34:59.531421+02:00,25.332,2219.303569,-0.12073584443173146
2026-06-24 14:34:59.826700+02:00,25.331,2219.598848,-0.12173584443173269
2026-06-24 14:35:00.118785+02:00,25.329,2219.890933,-0.12373584443173158
2026-06-24 14:35:00.412530+02:00,25.331,2220.184678,-0.12173584443173269
2026-06-24 14:35:00.704423+02:00,25.328,2220.476571,-0.1247358444317328
2026-06-24 14:35:00.994328+02:00,25.327,2220.766476,-0.12573584443173047
2026-06-24 14:35:01.286658+02:00,25.329,2221.058806,-0.12373584443173158
2026-06-24 14:35:01.587844+02:00,25.327,2221.359992,-0.12573584443173047
2026-06-24 14:35:01.886234+02:00,25.325,2221.658382,-0.12773584443173291
2026-06-24 14:35:02.177899+02:00,25.325,2221.950047,-0.12773584443173291
2026-06-24 14:35:02.472620+02:00,25.325,2222.244768,-0.12773584443173291
2026-06-24 14:35:02.764858+02:00,25.324,2222.537006,-0.12873584443173058
2026-06-24 14:35:03.059578+02:00,25.323,2222.831726,-0.1297358444317318
2026-06-24 14:35:03.348719+02:00,25.322,2223.120867,-0.13073584443173303
2026-06-24 14:35:03.644459+02:00,25.324,2223.416607,-0.12873584443173058
2026-06-24 14:35:03.935853+02:00,25.321,2223.708001,-0.1317358444317307
2026-06-24 14:35:04.230884+02:00,25.318,2224.003032,-0.1347358444317308
2026-06-24 14:35:04.524285+02:00,25.32,2224.296433,-0.13273584443173192
2026-06-24 14:35:04.817949+02:00,25.317,2224.590097,-0.13573584443173203
2026-06-24 14:35:05.111915+02:00,25.319,2224.884063,-0.13373584443173314
2026-06-24 14:35:05.403391+02:00,25.316,2225.175539,-0.13673584443173326
2026-06-24 14:35:05.693915+02:00,25.313,2225.466063,-0.13973584443173337
2026-06-24 14:35:05.986414+02:00,25.313,2225.758562,-0.13973584443173337
2026-06-24 14:35:06.279681+02:00,25.313,2226.051829,-0.13973584443173337
2026-06-24 14:35:06.584587+02:00,25.313,2226.356735,-0.13973584443173337
2026-06-24 14:35:06.875101+02:00,25.31,2226.647249,-0.14273584443173348
2026-06-24 14:35:07.168165+02:00,25.309,2226.940313,-0.14373584443173115
2026-06-24 14:35:07.462302+02:00,25.31,2227.23445,-0.14273584443173348
2026-06-24 14:35:07.755037+02:00,25.307,2227.527185,-0.1457358444317336
2026-06-24 14:35:08.049544+02:00,25.307,2227.821692,-0.1457358444317336
2026-06-24 14:35:08.341559+02:00,25.304,2228.113707,-0.1487358444317337
2026-06-24 14:35:08.634246+02:00,25.306,2228.406394,-0.14673584443173127
2026-06-24 14:35:08.928688+02:00,25.304,2228.700836,-0.1487358444317337
2026-06-24 14:35:09.221639+02:00,25.304,2228.993787,-0.1487358444317337
2026-06-24 14:35:09.514990+02:00,25.301,2229.287138,-0.15173584443173382
2026-06-24 14:35:09.807051+02:00,25.301,2229.579199,-0.15173584443173382
2026-06-24 14:35:10.099545+02:00,25.301,2229.871693,-0.15173584443173382
2026-06-24 14:35:10.391621+02:00,25.3,2230.163769,-0.1527358444317315
2026-06-24 14:35:10.685168+02:00,25.3,2230.457316,-0.1527358444317315
2026-06-24 14:35:10.978872+02:00,25.298,2230.75102,-0.15473584443173394
2026-06-24 14:35:11.275342+02:00,25.3,2231.04749,-0.1527358444317315
2026-06-24 14:35:11.575505+02:00,25.298,2231.347653,-0.15473584443173394
2026-06-24 14:35:11.870793+02:00,25.296,2231.642941,-0.15673584443173283
2026-06-24 14:35:12.161188+02:00,25.297,2231.933336,-0.1557358444317316
2026-06-24 14:35:12.451939+02:00,25.296,2232.224087,-0.15673584443173283
2026-06-24 14:35:12.746490+02:00,25.294,2232.518638,-0.15873584443173172
2026-06-24 14:35:13.035380+02:00,25.291,2232.807528,-0.16173584443173183
2026-06-24 14:35:13.329590+02:00,25.292,2233.101738,-0.1607358444317306
2026-06-24 14:35:13.622446+02:00,25.291,2233.394594,-0.16173584443173183
2026-06-24 14:35:13.914829+02:00,25.289,2233.686977,-0.16373584443173073
2026-06-24 14:35:14.213819+02:00,25.287,2233.985967,-0.16573584443173317
2026-06-24 14:35:14.512540+02:00,25.288,2234.284688,-0.16473584443173195
2026-06-24 14:35:14.806252+02:00,25.287,2234.5784,-0.16573584443173317
2026-06-24 14:35:15.099949+02:00,25.284,2234.872097,-0.16873584443173328
2026-06-24 14:35:15.393474+02:00,25.284,2235.165622,-0.16873584443173328
2026-06-24 14:35:15.683930+02:00,25.285,2235.456078,-0.16773584443173206
2026-06-24 14:35:15.978116+02:00,25.284,2235.750264,-0.16873584443173328
2026-06-24 14:35:16.271848+02:00,25.28,2236.043996,-0.17273584443173107
2026-06-24 14:35:16.564310+02:00,25.281,2236.336458,-0.1717358444317334
2026-06-24 14:35:16.853062+02:00,25.28,2236.62521,-0.17273584443173107
2026-06-24 14:35:17.143381+02:00,25.277,2236.915529,-0.17573584443173118
2026-06-24 14:35:17.442872+02:00,25.274,2237.21502,-0.1787358444317313
2026-06-24 14:35:17.738091+02:00,25.274,2237.510239,-0.1787358444317313
2026-06-24 14:35:18.032485+02:00,25.273,2237.804633,-0.17973584443173252
2026-06-24 14:35:18.324114+02:00,25.272,2238.096262,-0.18073584443173374
2026-06-24 14:35:18.618974+02:00,25.271,2238.391122,-0.1817358444317314
2026-06-24 14:35:18.915629+02:00,25.268,2238.687777,-0.18473584443173152
2026-06-24 14:35:19.207203+02:00,25.269,2238.979351,-0.18373584443173385
2026-06-24 14:35:19.502369+02:00,25.269,2239.274517,-0.18373584443173385
2026-06-24 14:35:19.792240+02:00,25.267,2239.564388,-0.18573584443173274
2026-06-24 14:35:20.086941+02:00,25.264,2239.859089,-0.18873584443173286
2026-06-24 14:35:20.381826+02:00,25.265,2240.153974,-0.18773584443173164
2026-06-24 14:35:20.673409+02:00,25.263,2240.445557,-0.18973584443173053
2026-06-24 14:35:20.977894+02:00,25.265,2240.750042,-0.18773584443173164
2026-06-24 14:35:21.284064+02:00,25.262,2241.056212,-0.19073584443173175
2026-06-24 14:35:21.579037+02:00,25.264,2241.351185,-0.18873584443173286
2026-06-24 14:35:21.873803+02:00,25.262,2241.645951,-0.19073584443173175
2026-06-24 14:35:22.165662+02:00,25.261,2241.93781,-0.19173584443173297
2026-06-24 14:35:22.459188+02:00,25.258,2242.231336,-0.19473584443173309
2026-06-24 14:35:22.753433+02:00,25.258,2242.525581,-0.19473584443173309
2026-06-24 14:35:23.049478+02:00,25.258,2242.821626,-0.19473584443173309
2026-06-24 14:35:23.340587+02:00,25.258,2243.112735,-0.19473584443173309
2026-06-24 14:35:23.630405+02:00,25.256,2243.402553,-0.19673584443173198
2026-06-24 14:35:23.927268+02:00,25.254,2243.699416,-0.19873584443173087
2026-06-24 14:35:24.219897+02:00,25.254,2243.992045,-0.19873584443173087
2026-06-24 14:35:24.520932+02:00,25.253,2244.29308,-0.1997358444317321
2026-06-24 14:35:24.823091+02:00,25.252,2244.595239,-0.2007358444317333
2026-06-24 14:35:25.118761+02:00,25.251,2244.890909,-0.20173584443173098
2026-06-24 14:35:25.410359+02:00,25.25,2245.182507,-0.2027358444317322
2026-06-24 14:35:25.704588+02:00,25.249,2245.476736,-0.20373584443173343
2026-06-24 14:35:25.995950+02:00,25.252,2245.768098,-0.2007358444317333
2026-06-24 14:35:26.289530+02:00,25.247,2246.061678,-0.20573584443173232
2026-06-24 14:35:26.581393+02:00,25.248,2246.353541,-0.2047358444317311
2026-06-24 14:35:26.873483+02:00,25.25,2246.645631,-0.2027358444317322
2026-06-24 14:35:27.164155+02:00,25.246,2246.936303,-0.20673584443173354
2026-06-24 14:35:27.465697+02:00,25.246,2247.237845,-0.20673584443173354
2026-06-24 14:35:27.760296+02:00,25.245,2247.532444,-0.2077358444317312
2026-06-24 14:35:28.050055+02:00,25.243,2247.822203,-0.20973584443173365
2026-06-24 14:35:28.341561+02:00,25.243,2248.113709,-0.20973584443173365
2026-06-24 14:35:28.633064+02:00,25.242,2248.405212,-0.21073584443173132
2026-06-24 14:35:28.923031+02:00,25.242,2248.695179,-0.21073584443173132
2026-06-24 14:35:29.219838+02:00,25.241,2248.991986,-0.21173584443173254
2026-06-24 14:35:29.513277+02:00,25.242,2249.285425,-0.21073584443173132
2026-06-24 14:35:29.805352+02:00,25.241,2249.5775,-0.21173584443173254
2026-06-24 14:35:30.098550+02:00,25.241,2249.870698,-0.21173584443173254
2026-06-24 14:35:30.395392+02:00,25.238,2250.16754,-0.21473584443173266
2026-06-24 14:35:30.684020+02:00,25.235,2250.456168,-0.21773584443173277
2026-06-24 14:35:30.976898+02:00,25.237,2250.749046,-0.21573584443173388
2026-06-24 14:35:31.273901+02:00,25.235,2251.046049,-0.21773584443173277
2026-06-24 14:35:31.571167+02:00,25.236,2251.343315,-0.21673584443173155
2026-06-24 14:35:31.870438+02:00,25.23,2251.642586,-0.22273584443173178
2026-06-24 14:35:32.168865+02:00,25.233,2251.941013,-0.21973584443173166
2026-06-24 14:35:32.458629+02:00,25.231,2252.230777,-0.22173584443173056
2026-06-24 14:35:32.749047+02:00,25.232,2252.521195,-0.22073584443173289
2026-06-24 14:35:33.041200+02:00,25.229,2252.813348,-0.223735844431733
2026-06-24 14:35:33.339157+02:00,25.227,2253.111305,-0.2257358444317319
2026-06-24 14:35:33.630284+02:00,25.228,2253.402432,-0.22473584443173067
2026-06-24 14:35:33.920411+02:00,25.227,2253.692559,-0.2257358444317319
2026-06-24 14:35:34.213607+02:00,25.227,2253.985755,-0.2257358444317319
2026-06-24 14:35:34.514828+02:00,25.225,2254.286976,-0.22773584443173078
2026-06-24 14:35:34.808070+02:00,25.228,2254.580218,-0.22473584443173067
2026-06-24 14:35:35.098165+02:00,25.222,2254.870313,-0.2307358444317309
2026-06-24 14:35:35.389900+02:00,25.224,2255.162048,-0.228735844431732
2026-06-24 14:35:35.680318+02:00,25.221,2255.452466,-0.23173584443173212
2026-06-24 14:35:35.988504+02:00,25.22,2255.760652,-0.23273584443173334
2026-06-24 14:35:36.280595+02:00,25.218,2256.052743,-0.23473584443173223
2026-06-24 14:35:36.587069+02:00,25.217,2256.359217,-0.23573584443173345
2026-06-24 14:35:36.886023+02:00,25.217,2256.658171,-0.23573584443173345
2026-06-24 14:35:37.181556+02:00,25.215,2256.953704,-0.23773584443173235
2026-06-24 14:35:37.484102+02:00,25.217,2257.25625,-0.23573584443173345
2026-06-24 14:35:37.775984+02:00,25.216,2257.548132,-0.23673584443173112
2026-06-24 14:35:38.067278+02:00,25.213,2257.839426,-0.23973584443173124
2026-06-24 14:35:38.358652+02:00,25.212,2258.1308,-0.24073584443173246
2026-06-24 14:35:38.653333+02:00,25.211,2258.425481,-0.24173584443173368
2026-06-24 14:35:38.946589+02:00,25.21,2258.718737,-0.24273584443173135
2026-06-24 14:35:39.238506+02:00,25.211,2259.010654,-0.24173584443173368
2026-06-24 14:35:39.533746+02:00,25.21,2259.305894,-0.24273584443173135
2026-06-24 14:35:39.828499+02:00,25.21,2259.600647,-0.24273584443173135
2026-06-24 14:35:40.120427+02:00,25.209,2259.892575,-0.24373584443173257
2026-06-24 14:35:40.413083+02:00,25.207,2260.185231,-0.24573584443173146
2026-06-24 14:35:40.704982+02:00,25.206,2260.47713,-0.2467358444317327
2026-06-24 14:35:40.993578+02:00,25.206,2260.765726,-0.2467358444317327
2026-06-24 14:35:41.286620+02:00,25.205,2261.058768,-0.2477358444317339
2026-06-24 14:35:41.578860+02:00,25.202,2261.351008,-0.25073584443173047
2026-06-24 14:35:41.881375+02:00,25.201,2261.653523,-0.2517358444317317
2026-06-24 14:35:42.174973+02:00,25.202,2261.947121,-0.25073584443173047
2026-06-24 14:35:42.477915+02:00,25.201,2262.250063,-0.2517358444317317
2026-06-24 14:35:42.770462+02:00,25.2,2262.54261,-0.2527358444317329
2026-06-24 14:35:43.062908+02:00,25.197,2262.835056,-0.25573584443173303
2026-06-24 14:35:43.353217+02:00,25.199,2263.125365,-0.2537358444317306
2026-06-24 14:35:43.643830+02:00,25.196,2263.415978,-0.2567358444317307
2026-06-24 14:35:43.935507+02:00,25.198,2263.707655,-0.2547358444317318
2026-06-24 14:35:44.226788+02:00,25.198,2263.998936,-0.2547358444317318
2026-06-24 14:35:44.522851+02:00,25.195,2264.294999,-0.2577358444317319
2026-06-24 14:35:44.826745+02:00,25.193,2264.598893,-0.2597358444317308
2026-06-24 14:35:45.124559+02:00,25.191,2264.896707,-0.26173584443173326
2026-06-24 14:35:45.415896+02:00,25.192,2265.188044,-0.26073584443173203
2026-06-24 14:35:45.708033+02:00,25.19,2265.480181,-0.2627358444317309
2026-06-24 14:35:46.004456+02:00,25.19,2265.776604,-0.2627358444317309
2026-06-24 14:35:46.297173+02:00,25.186,2266.069321,-0.26673584443173226
2026-06-24 14:35:46.595798+02:00,25.186,2266.367946,-0.26673584443173226
2026-06-24 14:35:46.888717+02:00,25.185,2266.660865,-0.2677358444317335
2026-06-24 14:35:47.180842+02:00,25.184,2266.95299,-0.26873584443173115
2026-06-24 14:35:47.471045+02:00,25.183,2267.243193,-0.2697358444317324
2026-06-24 14:35:47.772137+02:00,25.185,2267.544285,-0.2677358444317335
2026-06-24 14:35:48.071521+02:00,25.183,2267.843669,-0.2697358444317324
2026-06-24 14:35:48.363774+02:00,25.182,2268.135922,-0.2707358444317336
2026-06-24 14:35:48.655759+02:00,25.179,2268.427907,-0.2737358444317337
2026-06-24 14:35:48.952442+02:00,25.178,2268.72459,-0.2747358444317314
2026-06-24 14:35:49.244672+02:00,25.179,2269.01682,-0.2737358444317337
2026-06-24 14:35:49.535412+02:00,25.178,2269.30756,-0.2747358444317314
2026-06-24 14:35:49.826646+02:00,25.177,2269.598794,-0.2757358444317326
2026-06-24 14:35:50.117676+02:00,25.174,2269.889824,-0.2787358444317327
2026-06-24 14:35:50.414727+02:00,25.173,2270.186875,-0.27973584443173394
2026-06-24 14:35:50.716337+02:00,25.175,2270.488485,-0.2777358444317315
2026-06-24 14:35:51.015342+02:00,25.174,2270.78749,-0.2787358444317327
2026-06-24 14:35:51.307371+02:00,25.174,2271.079519,-0.2787358444317327
2026-06-24 14:35:51.599375+02:00,25.174,2271.371523,-0.2787358444317327
2026-06-24 14:35:51.890455+02:00,25.17,2271.662603,-0.2827358444317305
2026-06-24 14:35:52.186794+02:00,25.171,2271.958942,-0.28173584443173283
2026-06-24 14:35:52.480668+02:00,25.17,2272.252816,-0.2827358444317305
2026-06-24 14:35:52.772402+02:00,25.169,2272.54455,-0.2837358444317317
2026-06-24 14:35:53.065512+02:00,25.168,2272.83766,-0.28473584443173294
2026-06-24 14:35:53.361152+02:00,25.165,2273.1333,-0.28773584443173306
2026-06-24 14:35:53.657127+02:00,25.166,2273.429275,-0.28673584443173183
2026-06-24 14:35:53.951618+02:00,25.165,2273.723766,-0.28773584443173306
2026-06-24 14:35:54.245965+02:00,25.165,2274.018113,-0.28773584443173306
2026-06-24 14:35:54.535752+02:00,25.163,2274.3079,-0.28973584443173195
2026-06-24 14:35:54.833195+02:00,25.164,2274.605343,-0.2887358444317307
2026-06-24 14:35:55.125890+02:00,25.166,2274.898038,-0.28673584443173183
2026-06-24 14:35:55.417193+02:00,25.163,2275.189341,-0.28973584443173195
2026-06-24 14:35:55.707383+02:00,25.163,2275.479531,-0.28973584443173195
2026-06-24 14:35:56.003998+02:00,25.161,2275.776146,-0.29173584443173084
2026-06-24 14:35:56.295976+02:00,25.161,2276.068124,-0.29173584443173084
2026-06-24 14:35:56.586427+02:00,25.159,2276.358575,-0.2937358444317333
2026-06-24 14:35:56.881125+02:00,25.159,2276.653273,-0.2937358444317333
2026-06-24 14:35:57.173586+02:00,25.158,2276.945734,-0.29473584443173095
2026-06-24 14:35:57.463919+02:00,25.161,2277.236067,-0.29173584443173084
2026-06-24 14:35:57.755656+02:00,25.157,2277.527804,-0.2957358444317322
2026-06-24 14:35:58.050282+02:00,25.154,2277.82243,-0.2987358444317323
2026-06-24 14:35:58.344710+02:00,25.156,2278.116858,-0.2967358444317334
2026-06-24 14:35:58.639948+02:00,25.153,2278.412096,-0.2997358444317335
2026-06-24 14:35:58.943005+02:00,25.156,2278.715153,-0.2967358444317334
2026-06-24 14:35:59.245567+02:00,25.152,2279.017715,-0.3007358444317312
2026-06-24 14:35:59.539899+02:00,25.154,2279.312047,-0.2987358444317323
2026-06-24 14:35:59.832760+02:00,25.153,2279.604908,-0.2997358444317335
2026-06-24 14:36:00.124193+02:00,25.15,2279.896341,-0.3027358444317336
2026-06-24 14:36:00.417332+02:00,25.149,2280.18948,-0.3037358444317313
2026-06-24 14:36:00.714190+02:00,25.147,2280.486338,-0.30573584443173374
2026-06-24 14:36:01.007999+02:00,25.149,2280.780147,-0.3037358444317313
2026-06-24 14:36:01.309757+02:00,25.146,2281.081905,-0.3067358444317314
2026-06-24 14:36:01.610750+02:00,25.144,2281.382898,-0.30873584443173385
2026-06-24 14:36:01.903622+02:00,25.147,2281.67577,-0.30573584443173374
2026-06-24 14:36:02.197157+02:00,25.144,2281.969305,-0.30873584443173385
2026-06-24 14:36:02.488185+02:00,25.143,2282.260333,-0.3097358444317315
2026-06-24 14:36:02.782910+02:00,25.145,2282.555058,-0.30773584443173263
2026-06-24 14:36:03.074389+02:00,25.141,2282.846537,-0.31173584443173397
2026-06-24 14:36:03.369341+02:00,25.143,2283.141489,-0.3097358444317315
2026-06-24 14:36:03.661886+02:00,25.14,2283.434034,-0.31273584443173164
2026-06-24 14:36:03.956148+02:00,25.138,2283.728296,-0.3147358444317305
2026-06-24 14:36:04.247649+02:00,25.136,2284.019797,-0.31673584443173297
2026-06-24 14:36:04.542507+02:00,25.135,2284.314655,-0.31773584443173064
2026-06-24 14:36:04.834347+02:00,25.137,2284.606495,-0.31573584443173175
2026-06-24 14:36:05.126244+02:00,25.134,2284.898392,-0.31873584443173186
2026-06-24 14:36:05.418634+02:00,25.137,2285.190782,-0.31573584443173175
2026-06-24 14:36:05.708077+02:00,25.136,2285.480225,-0.31673584443173297
2026-06-24 14:36:06.005381+02:00,25.133,2285.777529,-0.3197358444317331
2026-06-24 14:36:06.297251+02:00,25.133,2286.069399,-0.3197358444317331
2026-06-24 14:36:06.594434+02:00,25.132,2286.366582,-0.32073584443173075
2026-06-24 14:36:06.893456+02:00,25.131,2286.665604,-0.321735844431732
2026-06-24 14:36:07.186457+02:00,25.129,2286.958605,-0.32373584443173087
2026-06-24 14:36:07.476675+02:00,25.13,2287.248823,-0.3227358444317332
2026-06-24 14:36:07.766607+02:00,25.129,2287.538755,-0.32373584443173087
2026-06-24 14:36:08.059447+02:00,25.131,2287.831595,-0.321735844431732
2026-06-24 14:36:08.354391+02:00,25.126,2288.126539,-0.326735844431731
2026-06-24 14:36:08.644427+02:00,25.125,2288.416575,-0.3277358444317322
2026-06-24 14:36:08.936848+02:00,25.126,2288.708996,-0.326735844431731
2026-06-24 14:36:09.232146+02:00,25.125,2289.004294,-0.3277358444317322
2026-06-24 14:36:09.527231+02:00,25.125,2289.299379,-0.3277358444317322
2026-06-24 14:36:09.828216+02:00,25.123,2289.600364,-0.3297358444317311
2026-06-24 14:36:10.125685+02:00,25.121,2289.897833,-0.33173584443173354
2026-06-24 14:36:10.419348+02:00,25.123,2290.191496,-0.3297358444317311
2026-06-24 14:36:10.710017+02:00,25.122,2290.482165,-0.3307358444317323
2026-06-24 14:36:11.001343+02:00,25.121,2290.773491,-0.33173584443173354
2026-06-24 14:36:11.300500+02:00,25.122,2291.072648,-0.3307358444317323
2026-06-24 14:36:11.592540+02:00,25.119,2291.364688,-0.33373584443173243
2026-06-24 14:36:11.885172+02:00,25.121,2291.65732,-0.33173584443173354
2026-06-24 14:36:12.178429+02:00,25.119,2291.950577,-0.33373584443173243
2026-06-24 14:36:12.476003+02:00,25.118,2292.248151,-0.33473584443173365
2026-06-24 14:36:12.771015+02:00,25.117,2292.543163,-0.3357358444317313
2026-06-24 14:36:13.079240+02:00,25.116,2292.851388,-0.33673584443173254
2026-06-24 14:36:13.380450+02:00,25.116,2293.152598,-0.33673584443173254
2026-06-24 14:36:13.673903+02:00,25.116,2293.446051,-0.33673584443173254
2026-06-24 14:36:13.967614+02:00,25.116,2293.739762,-0.33673584443173254
2026-06-24 14:36:14.262125+02:00,25.115,2294.034273,-0.33773584443173377
2026-06-24 14:36:14.551500+02:00,25.112,2294.323648,-0.3407358444317339
2026-06-24 14:36:14.843055+02:00,25.113,2294.615203,-0.33973584443173266
2026-06-24 14:36:15.134107+02:00,25.11,2294.906255,-0.3427358444317328
2026-06-24 14:36:15.427803+02:00,25.114,2295.199951,-0.33873584443173144
2026-06-24 14:36:15.721563+02:00,25.108,2295.493711,-0.34473584443173166
2026-06-24 14:36:16.013280+02:00,25.112,2295.785428,-0.3407358444317339
2026-06-24 14:36:16.305512+02:00,25.111,2296.07766,-0.34173584443173155
2026-06-24 14:36:16.599520+02:00,25.109,2296.371668,-0.34373584443173044
2026-06-24 14:36:16.893572+02:00,25.107,2296.66572,-0.3457358444317329
2026-06-24 14:36:17.188856+02:00,25.104,2296.961004,-0.348735844431733
2026-06-24 14:36:17.482906+02:00,25.106,2297.255054,-0.34673584443173056
2026-06-24 14:36:17.780989+02:00,25.106,2297.553137,-0.34673584443173056
2026-06-24 14:36:18.070415+02:00,25.103,2297.842563,-0.34973584443173067
2026-06-24 14:36:18.361015+02:00,25.105,2298.133163,-0.3477358444317318
2026-06-24 14:36:18.653401+02:00,25.101,2298.425549,-0.3517358444317331
2026-06-24 14:36:18.949562+02:00,25.1,2298.72171,-0.3527358444317308
2026-06-24 14:36:19.240640+02:00,25.1,2299.012788,-0.3527358444317308
2026-06-24 14:36:19.534248+02:00,25.097,2299.306396,-0.3557358444317309
2026-06-24 14:36:19.825942+02:00,25.099,2299.59809,-0.353735844431732
2026-06-24 14:36:20.125984+02:00,25.099,2299.898132,-0.353735844431732
2026-06-24 14:36:20.421957+02:00,25.093,2300.194105,-0.35973584443173223
2026-06-24 14:36:20.713575+02:00,25.096,2300.485723,-0.3567358444317321
2026-06-24 14:36:21.006707+02:00,25.093,2300.778855,-0.35973584443173223
2026-06-24 14:36:21.295756+02:00,25.093,2301.067904,-0.35973584443173223
2026-06-24 14:36:21.586147+02:00,25.09,2301.358295,-0.36273584443173235
2026-06-24 14:36:21.880426+02:00,25.091,2301.652574,-0.3617358444317311
2026-06-24 14:36:22.175336+02:00,25.09,2301.947484,-0.36273584443173235
2026-06-24 14:36:22.468680+02:00,25.091,2302.240828,-0.3617358444317311
2026-06-24 14:36:22.760520+02:00,25.094,2302.532668,-0.358735844431731
2026-06-24 14:36:23.068197+02:00,25.092,2302.840345,-0.36073584443173345
2026-06-24 14:36:23.366137+02:00,25.089,2303.138285,-0.36373584443173357
2026-06-24 14:36:23.661235+02:00,25.089,2303.433383,-0.36373584443173357
2026-06-24 14:36:23.957577+02:00,25.087,2303.729725,-0.36573584443173246
2026-06-24 14:36:24.248859+02:00,25.084,2304.021007,-0.3687358444317326
2026-06-24 14:36:24.540192+02:00,25.087,2304.31234,-0.36573584443173246
2026-06-24 14:36:24.833582+02:00,25.085,2304.60573,-0.36773584443173135
2026-06-24 14:36:25.125460+02:00,25.083,2304.897608,-0.3697358444317338
2026-06-24 14:36:25.419471+02:00,25.083,2305.191619,-0.3697358444317338
2026-06-24 14:36:25.712238+02:00,25.083,2305.484386,-0.3697358444317338
2026-06-24 14:36:26.004892+02:00,25.082,2305.77704,-0.37073584443173146
2026-06-24 14:36:26.301023+02:00,25.084,2306.073171,-0.3687358444317326
2026-06-24 14:36:26.605733+02:00,25.082,2306.377881,-0.37073584443173146
2026-06-24 14:36:26.900385+02:00,25.08,2306.672533,-0.3727358444317339
2026-06-24 14:36:27.203151+02:00,25.079,2306.975299,-0.3737358444317316
2026-06-24 14:36:27.506141+02:00,25.079,2307.278289,-0.3737358444317316
2026-06-24 14:36:27.801116+02:00,25.078,2307.573264,-0.3747358444317328
2026-06-24 14:36:28.096165+02:00,25.078,2307.868313,-0.3747358444317328
2026-06-24 14:36:28.389182+02:00,25.078,2308.16133,-0.3747358444317328
2026-06-24 14:36:28.679682+02:00,25.081,2308.45183,-0.3717358444317327
2026-06-24 14:36:28.969982+02:00,25.079,2308.74213,-0.3737358444317316
2026-06-24 14:36:29.262857+02:00,25.076,2309.035005,-0.3767358444317317
2026-06-24 14:36:29.561030+02:00,25.075,2309.333178,-0.3777358444317329
2026-06-24 14:36:29.855093+02:00,25.076,2309.627241,-0.3767358444317317
2026-06-24 14:36:30.156102+02:00,25.071,2309.92825,-0.3817358444317307
2026-06-24 14:36:30.457427+02:00,25.071,2310.229575,-0.3817358444317307
2026-06-24 14:36:30.750933+02:00,25.071,2310.523081,-0.3817358444317307
2026-06-24 14:36:31.041565+02:00,25.069,2310.813713,-0.38373584443173314
2026-06-24 14:36:31.335192+02:00,25.069,2311.10734,-0.38373584443173314
2026-06-24 14:36:31.626372+02:00,25.067,2311.39852,-0.38573584443173203
2026-06-24 14:36:31.917149+02:00,25.069,2311.689297,-0.38373584443173314
2026-06-24 14:36:32.206400+02:00,25.065,2311.978548,-0.3877358444317309
2026-06-24 14:36:32.500851+02:00,25.065,2312.272999,-0.3877358444317309
2026-06-24 14:36:32.791828+02:00,25.065,2312.563976,-0.3877358444317309
2026-06-24 14:36:33.086108+02:00,25.062,2312.858256,-0.39073584443173104
2026-06-24 14:36:33.377999+02:00,25.063,2313.150147,-0.38973584443173337
2026-06-24 14:36:33.674257+02:00,25.062,2313.446405,-0.39073584443173104
2026-06-24 14:36:33.967971+02:00,25.06,2313.740119,-0.3927358444317335
2026-06-24 14:36:34.259629+02:00,25.06,2314.031777,-0.3927358444317335
2026-06-24 14:36:34.550259+02:00,25.058,2314.322407,-0.3947358444317324
2026-06-24 14:36:34.847622+02:00,25.06,2314.61977,-0.3927358444317335
2026-06-24 14:36:35.149763+02:00,25.056,2314.921911,-0.39673584443173127
2026-06-24 14:36:35.450180+02:00,25.055,2315.222328,-0.3977358444317325
2026-06-24 14:36:35.749380+02:00,25.056,2315.521528,-0.39673584443173127
2026-06-24 14:36:36.045826+02:00,25.052,2315.817974,-0.4007358444317326
2026-06-24 14:36:36.342821+02:00,25.054,2316.114969,-0.3987358444317337
2026-06-24 14:36:36.638490+02:00,25.052,2316.410638,-0.4007358444317326
2026-06-24 14:36:36.931335+02:00,25.052,2316.703483,-0.4007358444317326
2026-06-24 14:36:37.223161+02:00,25.05,2316.995309,-0.4027358444317315
2026-06-24 14:36:37.514336+02:00,25.05,2317.286484,-0.4027358444317315
2026-06-24 14:36:37.808706+02:00,25.048,2317.580854,-0.40473584443173394
2026-06-24 14:36:38.099598+02:00,25.048,2317.871746,-0.40473584443173394
2026-06-24 14:36:38.388568+02:00,25.046,2318.160716,-0.40673584443173283
2026-06-24 14:36:38.681814+02:00,25.044,2318.453962,-0.4087358444317317
2026-06-24 14:36:38.973224+02:00,25.045,2318.745372,-0.4077358444317305
2026-06-24 14:36:39.270969+02:00,25.044,2319.043117,-0.4087358444317317
2026-06-24 14:36:39.562761+02:00,25.045,2319.334909,-0.4077358444317305
2026-06-24 14:36:39.856593+02:00,25.044,2319.628741,-0.4087358444317317
2026-06-24 14:36:40.147650+02:00,25.042,2319.919798,-0.4107358444317306
2026-06-24 14:36:40.437875+02:00,25.042,2320.210023,-0.4107358444317306
2026-06-24 14:36:40.730358+02:00,25.04,2320.502506,-0.41273584443173306
2026-06-24 14:36:41.026747+02:00,25.04,2320.798895,-0.41273584443173306
2026-06-24 14:36:41.328877+02:00,25.038,2321.101025,-0.41473584443173195
2026-06-24 14:36:41.625470+02:00,25.038,2321.397618,-0.41473584443173195
2026-06-24 14:36:41.926911+02:00,25.037,2321.699059,-0.41573584443173317
2026-06-24 14:36:42.218159+02:00,25.035,2321.990307,-0.41773584443173206
2026-06-24 14:36:42.511085+02:00,25.036,2322.283233,-0.41673584443173084
2026-06-24 14:36:42.802670+02:00,25.036,2322.574818,-0.41673584443173084
2026-06-24 14:36:43.093843+02:00,25.034,2322.865991,-0.4187358444317333
2026-06-24 14:36:43.385978+02:00,25.034,2323.158126,-0.4187358444317333
2026-06-24 14:36:43.682635+02:00,25.034,2323.454783,-0.4187358444317333
2026-06-24 14:36:43.975780+02:00,25.032,2323.747928,-0.4207358444317322
2026-06-24 14:36:44.276557+02:00,25.031,2324.048705,-0.4217358444317334
2026-06-24 14:36:44.567721+02:00,25.03,2324.339869,-0.42273584443173107
2026-06-24 14:36:44.859858+02:00,25.027,2324.632006,-0.4257358444317312
2026-06-24 14:36:45.152667+02:00,25.024,2324.924815,-0.4287358444317313
2026-06-24 14:36:45.448642+02:00,25.023,2325.22079,-0.4297358444317325
2026-06-24 14:36:45.743347+02:00,25.024,2325.515495,-0.4287358444317313
2026-06-24 14:36:46.034804+02:00,25.024,2325.806952,-0.4287358444317313
2026-06-24 14:36:46.333667+02:00,25.023,2326.105815,-0.4297358444317325
2026-06-24 14:36:46.634955+02:00,25.023,2326.407103,-0.4297358444317325
2026-06-24 14:36:46.933508+02:00,25.024,2326.705656,-0.4287358444317313
2026-06-24 14:36:47.224972+02:00,25.023,2326.99712,-0.4297358444317325
2026-06-24 14:36:47.518126+02:00,25.02,2327.290274,-0.43273584443173263
2026-06-24 14:36:47.813652+02:00,25.021,2327.5858,-0.4317358444317314
2026-06-24 14:36:48.103995+02:00,25.015,2327.876143,-0.43773584443173164
2026-06-24 14:36:48.396804+02:00,25.016,2328.168952,-0.43673584443173397
2026-06-24 14:36:48.688175+02:00,25.016,2328.460323,-0.43673584443173397
2026-06-24 14:36:48.985150+02:00,25.015,2328.757298,-0.43773584443173164
2026-06-24 14:36:49.283330+02:00,25.014,2329.055478,-0.43873584443173286
2026-06-24 14:36:49.575913+02:00,25.013,2329.348061,-0.4397358444317305
2026-06-24 14:36:49.868427+02:00,25.014,2329.640575,-0.43873584443173286
2026-06-24 14:36:50.164557+02:00,25.012,2329.936705,-0.44073584443173175
2026-06-24 14:36:50.454988+02:00,25.009,2330.227136,-0.44373584443173186
2026-06-24 14:36:50.753922+02:00,25.012,2330.52607,-0.44073584443173175
2026-06-24 14:36:51.049001+02:00,25.01,2330.821149,-0.44273584443173064
2026-06-24 14:36:51.339682+02:00,25.008,2331.11183,-0.4447358444317331
2026-06-24 14:36:51.633284+02:00,25.008,2331.405432,-0.4447358444317331
2026-06-24 14:36:51.926226+02:00,25.006,2331.698374,-0.446735844431732
2026-06-24 14:36:52.218192+02:00,25.006,2331.99034,-0.446735844431732
2026-06-24 14:36:52.509055+02:00,25.006,2332.281203,-0.446735844431732
2026-06-24 14:36:52.799408+02:00,25.007,2332.571556,-0.44573584443173075
2026-06-24 14:36:53.094236+02:00,25.005,2332.866384,-0.4477358444317332
2026-06-24 14:36:53.388194+02:00,25.004,2333.160342,-0.44873584443173087
2026-06-24 14:36:53.682144+02:00,25.003,2333.454292,-0.4497358444317321
2026-06-24 14:36:53.972720+02:00,25.0,2333.744868,-0.4527358444317322
2026-06-24 14:36:54.264741+02:00,25.0,2334.036889,-0.4527358444317322
2026-06-24 14:36:54.560248+02:00,25.002,2334.332396,-0.4507358444317333
2026-06-24 14:36:54.860685+02:00,25.0,2334.632833,-0.4527358444317322
2026-06-24 14:36:55.150871+02:00,24.999,2334.923019,-0.4537358444317334
2026-06-24 14:36:55.443107+02:00,24.996,2335.215255,-0.45673584443173354
2026-06-24 14:36:55.734563+02:00,24.997,2335.506711,-0.4557358444317323
2026-06-24 14:36:56.023769+02:00,24.997,2335.795917,-0.4557358444317323
2026-06-24 14:36:56.314872+02:00,24.994,2336.08702,-0.45873584443173243
2026-06-24 14:36:56.609044+02:00,24.994,2336.381192,-0.45873584443173243
2026-06-24 14:36:56.909179+02:00,24.993,2336.681327,-0.45973584443173365
2026-06-24 14:36:57.202570+02:00,24.992,2336.974718,-0.4607358444317313
2026-06-24 14:36:57.493291+02:00,24.992,2337.265439,-0.4607358444317313
2026-06-24 14:36:57.784222+02:00,24.992,2337.55637,-0.4607358444317313
2026-06-24 14:36:58.075966+02:00,24.99,2337.848114,-0.46273584443173377
2026-06-24 14:36:58.371120+02:00,24.987,2338.143268,-0.4657358444317339
2026-06-24 14:36:58.667682+02:00,24.988,2338.43983,-0.46473584443173266
2026-06-24 14:36:58.959768+02:00,24.987,2338.731916,-0.4657358444317339
2026-06-24 14:36:59.251386+02:00,24.984,2339.023534,-0.46873584443173044
2026-06-24 14:36:59.553107+02:00,24.988,2339.325255,-0.46473584443173266
2026-06-24 14:36:59.844438+02:00,24.984,2339.616586,-0.46873584443173044
2026-06-24 14:37:00.140311+02:00,24.984,2339.912459,-0.46873584443173044
2026-06-24 14:37:00.433694+02:00,24.982,2340.205842,-0.4707358444317329
2026-06-24 14:37:00.724643+02:00,24.984,2340.496791,-0.46873584443173044
2026-06-24 14:37:01.018123+02:00,24.98,2340.790271,-0.4727358444317318
2026-06-24 14:37:01.308196+02:00,24.979,2341.080344,-0.473735844431733
2026-06-24 14:37:01.599888+02:00,24.98,2341.372036,-0.4727358444317318
2026-06-24 14:37:01.895791+02:00,24.98,2341.667939,-0.4727358444317318
2026-06-24 14:37:02.192927+02:00,24.98,2341.965075,-0.4727358444317318
2026-06-24 14:37:02.488000+02:00,24.975,2342.260148,-0.4777358444317308
2026-06-24 14:37:02.779633+02:00,24.976,2342.551781,-0.4767358444317331
2026-06-24 14:37:03.071747+02:00,24.974,2342.843895,-0.478735844431732
2026-06-24 14:37:03.364733+02:00,24.975,2343.136881,-0.4777358444317308
2026-06-24 14:37:03.657489+02:00,24.973,2343.429637,-0.4797358444317332
2026-06-24 14:37:03.946041+02:00,24.972,2343.718189,-0.4807358444317309
2026-06-24 14:37:04.241549+02:00,24.971,2344.013697,-0.4817358444317321
2026-06-24 14:37:04.534067+02:00,24.972,2344.306215,-0.4807358444317309
2026-06-24 14:37:04.824302+02:00,24.971,2344.59645,-0.4817358444317321
2026-06-24 14:37:05.118167+02:00,24.968,2344.890315,-0.48473584443173223
2026-06-24 14:37:05.408562+02:00,24.967,2345.18071,-0.48573584443173345
2026-06-24 14:37:05.704163+02:00,24.968,2345.476311,-0.48473584443173223
2026-06-24 14:37:05.993686+02:00,24.966,2345.765834,-0.4867358444317311
2026-06-24 14:37:06.285964+02:00,24.965,2346.058112,-0.48773584443173235
2026-06-24 14:37:06.577689+02:00,24.962,2346.349837,-0.49073584443173246
2026-06-24 14:37:06.877038+02:00,24.962,2346.649186,-0.49073584443173246
2026-06-24 14:37:07.166424+02:00,24.963,2346.938572,-0.48973584443173124
2026-06-24 14:37:07.461458+02:00,24.96,2347.233606,-0.49273584443173135
2026-06-24 14:37:07.754193+02:00,24.961,2347.526341,-0.4917358444317337
2026-06-24 14:37:08.044787+02:00,24.962,2347.816935,-0.49073584443173246
2026-06-24 14:37:08.336081+02:00,24.959,2348.108229,-0.4937358444317326
2026-06-24 14:37:08.635168+02:00,24.963,2348.407316,-0.48973584443173124
2026-06-24 14:37:08.933092+02:00,24.96,2348.70524,-0.49273584443173135
2026-06-24 14:37:09.225655+02:00,24.961,2348.997803,-0.4917358444317337
2026-06-24 14:37:09.517203+02:00,24.958,2349.289351,-0.4947358444317338
2026-06-24 14:37:09.816625+02:00,24.957,2349.588773,-0.49573584443173146
2026-06-24 14:37:10.110152+02:00,24.957,2349.8823,-0.49573584443173146
2026-06-24 14:37:10.403186+02:00,24.954,2350.175334,-0.4987358444317316
2026-06-24 14:37:10.692780+02:00,24.958,2350.464928,-0.4947358444317338
2026-06-24 14:37:10.983352+02:00,24.955,2350.7555,-0.4977358444317339
2026-06-24 14:37:11.275611+02:00,24.954,2351.047759,-0.4987358444317316
2026-06-24 14:37:11.568702+02:00,24.954,2351.34085,-0.4987358444317316
2026-06-24 14:37:11.863926+02:00,24.951,2351.636074,-0.5017358444317317
2026-06-24 14:37:12.162476+02:00,24.948,2351.934624,-0.5047358444317318
2026-06-24 14:37:12.460435+02:00,24.95,2352.232583,-0.5027358444317329
2026-06-24 14:37:12.752227+02:00,24.95,2352.524375,-0.5027358444317329
2026-06-24 14:37:13.045707+02:00,24.95,2352.817855,-0.5027358444317329
2026-06-24 14:37:13.335510+02:00,24.949,2353.107658,-0.5037358444317306
2026-06-24 14:37:13.625189+02:00,24.946,2353.397337,-0.5067358444317307
2026-06-24 14:37:13.917685+02:00,24.947,2353.689833,-0.505735844431733
2026-06-24 14:37:14.215867+02:00,24.944,2353.988015,-0.5087358444317331
2026-06-24 14:37:14.510837+02:00,24.946,2354.282985,-0.5067358444317307
2026-06-24 14:37:14.806640+02:00,24.948,2354.578788,-0.5047358444317318
2026-06-24 14:37:15.098650+02:00,24.945,2354.870798,-0.5077358444317319
2026-06-24 14:37:15.390946+02:00,24.943,2355.163094,-0.5097358444317308
2026-06-24 14:37:15.682195+02:00,24.943,2355.454343,-0.5097358444317308
2026-06-24 14:37:15.975475+02:00,24.94,2355.747623,-0.5127358444317309
2026-06-24 14:37:16.267036+02:00,24.942,2356.039184,-0.510735844431732
2026-06-24 14:37:16.559304+02:00,24.939,2356.331452,-0.5137358444317321
2026-06-24 14:37:16.848799+02:00,24.938,2356.620947,-0.5147358444317334
2026-06-24 14:37:17.141053+02:00,24.937,2356.913201,-0.515735844431731
2026-06-24 14:37:17.436349+02:00,24.937,2357.208497,-0.515735844431731
2026-06-24 14:37:17.730223+02:00,24.936,2357.502371,-0.5167358444317323
2026-06-24 14:37:18.021908+02:00,24.937,2357.794056,-0.515735844431731
2026-06-24 14:37:18.313549+02:00,24.934,2358.085697,-0.5187358444317312
2026-06-24 14:37:18.604694+02:00,24.935,2358.376842,-0.5177358444317335
2026-06-24 14:37:18.905393+02:00,24.933,2358.677541,-0.5197358444317324
2026-06-24 14:37:19.197551+02:00,24.933,2358.969699,-0.5197358444317324
2026-06-24 14:37:19.493679+02:00,24.93,2359.265827,-0.5227358444317325
2026-06-24 14:37:19.783432+02:00,24.932,2359.55558,-0.5207358444317336
2026-06-24 14:37:20.075042+02:00,24.931,2359.84719,-0.5217358444317313
2026-06-24 14:37:20.369183+02:00,24.93,2360.141331,-0.5227358444317325
2026-06-24 14:37:20.661336+02:00,24.929,2360.433484,-0.5237358444317337
2026-06-24 14:37:20.953232+02:00,24.927,2360.72538,-0.5257358444317326
2026-06-24 14:37:21.246163+02:00,24.93,2361.018311,-0.5227358444317325
2026-06-24 14:37:21.540093+02:00,24.928,2361.312241,-0.5247358444317314
2026-06-24 14:37:21.832837+02:00,24.929,2361.604985,-0.5237358444317337
2026-06-24 14:37:22.122561+02:00,24.923,2361.894709,-0.5297358444317339
2026-06-24 14:37:22.418916+02:00,24.925,2362.191064,-0.5277358444317315
2026-06-24 14:37:22.708265+02:00,24.924,2362.480413,-0.5287358444317327
2026-06-24 14:37:22.999692+02:00,24.923,2362.77184,-0.5297358444317339
2026-06-24 14:37:23.293514+02:00,24.923,2363.065662,-0.5297358444317339
2026-06-24 14:37:23.583075+02:00,24.923,2363.355223,-0.5297358444317339
2026-06-24 14:37:23.883871+02:00,24.923,2363.656019,-0.5297358444317339
2026-06-24 14:37:24.175292+02:00,24.921,2363.94744,-0.5317358444317328
2026-06-24 14:37:24.469351+02:00,24.921,2364.241499,-0.5317358444317328
2026-06-24 14:37:24.759844+02:00,24.921,2364.531992,-0.5317358444317328
2026-06-24 14:37:25.057586+02:00,24.921,2364.829734,-0.5317358444317328
2026-06-24 14:37:25.351108+02:00,24.919,2365.123256,-0.5337358444317317
2026-06-24 14:37:25.641038+02:00,24.919,2365.413186,-0.5337358444317317
2026-06-24 14:37:25.933141+02:00,24.918,2365.705289,-0.5347358444317329
2026-06-24 14:37:26.224157+02:00,24.915,2365.996305,-0.5377358444317331
2026-06-24 14:37:26.523704+02:00,24.916,2366.295852,-0.5367358444317318
2026-06-24 14:37:26.821508+02:00,24.915,2366.593656,-0.5377358444317331
2026-06-24 14:37:27.125291+02:00,24.914,2366.897439,-0.5387358444317307
2026-06-24 14:37:27.422772+02:00,24.914,2367.19492,-0.5387358444317307
2026-06-24 14:37:27.715557+02:00,24.914,2367.487705,-0.5387358444317307
2026-06-24 14:37:28.006030+02:00,24.913,2367.778178,-0.539735844431732
2026-06-24 14:37:28.298089+02:00,24.915,2368.070237,-0.5377358444317331
2026-06-24 14:37:28.590904+02:00,24.914,2368.363052,-0.5387358444317307
2026-06-24 14:37:28.880730+02:00,24.911,2368.652878,-0.5417358444317308
2026-06-24 14:37:29.172045+02:00,24.913,2368.944193,-0.539735844431732
2026-06-24 14:37:29.462814+02:00,24.911,2369.234962,-0.5417358444317308
2026-06-24 14:37:29.766016+02:00,24.913,2369.538164,-0.539735844431732
2026-06-24 14:37:30.058116+02:00,24.91,2369.830264,-0.5427358444317321
2026-06-24 14:37:30.353804+02:00,24.911,2370.125952,-0.5417358444317308
2026-06-24 14:37:30.645586+02:00,24.909,2370.417734,-0.5437358444317333
2026-06-24 14:37:30.940789+02:00,24.908,2370.712937,-0.544735844431731
2026-06-24 14:37:31.230404+02:00,24.908,2371.002552,-0.544735844431731
2026-06-24 14:37:31.524393+02:00,24.907,2371.296541,-0.5457358444317322
2026-06-24 14:37:31.815730+02:00,24.907,2371.587878,-0.5457358444317322
2026-06-24 14:37:32.119909+02:00,24.906,2371.892057,-0.5467358444317334
2026-06-24 14:37:32.415774+02:00,24.909,2372.187922,-0.5437358444317333
2026-06-24 14:37:32.709523+02:00,24.905,2372.481671,-0.5477358444317311
2026-06-24 14:37:33.005209+02:00,24.906,2372.777357,-0.5467358444317334
2026-06-24 14:37:33.295965+02:00,24.904,2373.068113,-0.5487358444317323
2026-06-24 14:37:33.590940+02:00,24.906,2373.363088,-0.5467358444317334
2026-06-24 14:37:33.881517+02:00,24.903,2373.653665,-0.5497358444317335
2026-06-24 14:37:34.171141+02:00,24.901,2373.943289,-0.5517358444317324
2026-06-24 14:37:34.461548+02:00,24.904,2374.233696,-0.5487358444317323
2026-06-24 14:37:34.755292+02:00,24.903,2374.52744,-0.5497358444317335
2026-06-24 14:37:35.045728+02:00,24.904,2374.817876,-0.5487358444317323
2026-06-24 14:37:35.337743+02:00,24.901,2375.109891,-0.5517358444317324
2026-06-24 14:37:35.630003+02:00,24.901,2375.402151,-0.5517358444317324
2026-06-24 14:37:35.921452+02:00,24.903,2375.6936,-0.5497358444317335
2026-06-24 14:37:36.212723+02:00,24.897,2375.984871,-0.5557358444317337
2026-06-24 14:37:36.505510+02:00,24.899,2376.277658,-0.5537358444317313
2026-06-24 14:37:36.802476+02:00,24.899,2376.574624,-0.5537358444317313
2026-06-24 14:37:37.093371+02:00,24.897,2376.865519,-0.5557358444317337
2026-06-24 14:37:37.383283+02:00,24.898,2377.155431,-0.5547358444317325
2026-06-24 14:37:37.673354+02:00,24.896,2377.445502,-0.5567358444317314
2026-06-24 14:37:37.972059+02:00,24.895,2377.744207,-0.5577358444317326
2026-06-24 14:37:38.262388+02:00,24.895,2378.034536,-0.5577358444317326
2026-06-24 14:37:38.554938+02:00,24.897,2378.327086,-0.5557358444317337
2026-06-24 14:37:38.851813+02:00,24.897,2378.623961,-0.5557358444317337
2026-06-24 14:37:39.154950+02:00,24.897,2378.927098,-0.5557358444317337
2026-06-24 14:37:39.455899+02:00,24.896,2379.228047,-0.5567358444317314
2026-06-24 14:37:39.747449+02:00,24.896,2379.519597,-0.5567358444317314
2026-06-24 14:37:40.043985+02:00,24.895,2379.816133,-0.5577358444317326
2026-06-24 14:37:40.336282+02:00,24.895,2380.10843,-0.5577358444317326
2026-06-24 14:37:40.628532+02:00,24.891,2380.40068,-0.561735844431734
2026-06-24 14:37:40.922693+02:00,24.896,2380.694841,-0.5567358444317314
2026-06-24 14:37:41.216092+02:00,24.895,2380.98824,-0.5577358444317326
2026-06-24 14:37:41.504968+02:00,24.892,2381.277116,-0.5607358444317327
2026-06-24 14:37:41.796237+02:00,24.893,2381.568385,-0.5597358444317315
2026-06-24 14:37:42.088368+02:00,24.891,2381.860516,-0.561735844431734
2026-06-24 14:37:42.378863+02:00,24.892,2382.151011,-0.5607358444317327
2026-06-24 14:37:42.681488+02:00,24.893,2382.453636,-0.5597358444317315
2026-06-24 14:37:42.974437+02:00,24.891,2382.746585,-0.561735844431734
2026-06-24 14:37:43.263782+02:00,24.893,2383.03593,-0.5597358444317315
2026-06-24 14:37:43.560198+02:00,24.895,2383.332346,-0.5577358444317326
2026-06-24 14:37:43.858134+02:00,24.891,2383.630282,-0.561735844431734
2026-06-24 14:37:44.148248+02:00,24.89,2383.920396,-0.5627358444317316
2026-06-24 14:37:44.441623+02:00,24.889,2384.213771,-0.5637358444317329
2026-06-24 14:37:44.740030+02:00,24.89,2384.512178,-0.5627358444317316
2026-06-24 14:37:45.034281+02:00,24.889,2384.806429,-0.5637358444317329
2026-06-24 14:37:45.326234+02:00,24.889,2385.098382,-0.5637358444317329
2026-06-24 14:37:45.619180+02:00,24.893,2385.391328,-0.5597358444317315
2026-06-24 14:37:45.912590+02:00,24.891,2385.684738,-0.561735844431734
2026-06-24 14:37:46.205466+02:00,24.891,2385.977614,-0.561735844431734
2026-06-24 14:37:46.498838+02:00,24.89,2386.270986,-0.5627358444317316
2026-06-24 14:37:46.792022+02:00,24.889,2386.56417,-0.5637358444317329
2026-06-24 14:37:47.087963+02:00,24.889,2386.860111,-0.5637358444317329
2026-06-24 14:37:47.382412+02:00,24.889,2387.15456,-0.5637358444317329
2026-06-24 14:37:47.677480+02:00,24.89,2387.449628,-0.5627358444317316
2026-06-24 14:37:47.968064+02:00,24.885,2387.740212,-0.5677358444317306
2026-06-24 14:37:48.261710+02:00,24.889,2388.033858,-0.5637358444317329
2026-06-24 14:37:48.553548+02:00,24.886,2388.325696,-0.566735844431733
2026-06-24 14:37:48.844859+02:00,24.886,2388.617007,-0.566735844431733
2026-06-24 14:37:49.136470+02:00,24.885,2388.908618,-0.5677358444317306
2026-06-24 14:37:49.429188+02:00,24.887,2389.201336,-0.5657358444317317
2026-06-24 14:37:49.726615+02:00,24.888,2389.498763,-0.5647358444317305
2026-06-24 14:37:50.022657+02:00,24.885,2389.794805,-0.5677358444317306
2026-06-24 14:37:50.316391+02:00,24.887,2390.088539,-0.5657358444317317
2026-06-24 14:37:50.613088+02:00,24.886,2390.385236,-0.566735844431733
2026-06-24 14:37:50.902280+02:00,24.885,2390.674428,-0.5677358444317306
2026-06-24 14:37:51.194397+02:00,24.885,2390.966545,-0.5677358444317306
2026-06-24 14:37:51.486018+02:00,24.885,2391.258166,-0.5677358444317306
2026-06-24 14:37:51.779191+02:00,24.884,2391.551339,-0.5687358444317319
2026-06-24 14:37:52.080222+02:00,24.884,2391.85237,-0.5687358444317319
2026-06-24 14:37:52.375751+02:00,24.886,2392.147899,-0.566735844431733
2026-06-24 14:37:52.673495+02:00,24.886,2392.445643,-0.566735844431733
2026-06-24 14:37:52.964892+02:00,24.887,2392.73704,-0.5657358444317317
2026-06-24 14:37:53.262746+02:00,24.886,2393.034894,-0.566735844431733
2026-06-24 14:37:53.550516+02:00,24.887,2393.322664,-0.5657358444317317
2026-06-24 14:37:53.850523+02:00,24.884,2393.622671,-0.5687358444317319
2026-06-24 14:37:54.140673+02:00,24.884,2393.912821,-0.5687358444317319
2026-06-24 14:37:54.430592+02:00,24.884,2394.20274,-0.5687358444317319
2026-06-24 14:37:54.725483+02:00,24.888,2394.497631,-0.5647358444317305
2026-06-24 14:37:55.020777+02:00,24.887,2394.792925,-0.5657358444317317
2026-06-24 14:37:55.320191+02:00,24.885,2395.092339,-0.5677358444317306
2026-06-24 14:37:55.617523+02:00,24.884,2395.389671,-0.5687358444317319
2026-06-24 14:37:55.911056+02:00,24.885,2395.683204,-0.5677358444317306
2026-06-24 14:37:56.201392+02:00,24.884,2395.97354,-0.5687358444317319
2026-06-24 14:37:56.495364+02:00,24.884,2396.267512,-0.5687358444317319
2026-06-24 14:37:56.792758+02:00,24.887,2396.564906,-0.5657358444317317
2026-06-24 14:37:57.085196+02:00,24.885,2396.857344,-0.5677358444317306
2026-06-24 14:37:57.377483+02:00,24.885,2397.149631,-0.5677358444317306
2026-06-24 14:37:57.668784+02:00,24.882,2397.440932,-0.5707358444317308
2026-06-24 14:37:57.962734+02:00,24.885,2397.734882,-0.5677358444317306
2026-06-24 14:37:58.259705+02:00,24.883,2398.031853,-0.5697358444317331
2026-06-24 14:37:58.565822+02:00,24.885,2398.33797,-0.5677358444317306
2026-06-24 14:37:58.864933+02:00,24.884,2398.637081,-0.5687358444317319
2026-06-24 14:37:59.161332+02:00,24.884,2398.93348,-0.5687358444317319
2026-06-24 14:37:59.463678+02:00,24.882,2399.235826,-0.5707358444317308
2026-06-24 14:37:59.755567+02:00,24.887,2399.527715,-0.5657358444317317
2026-06-24 14:38:00.044711+02:00,24.887,2399.816859,-0.5657358444317317
2026-06-24 14:38:00.335283+02:00,24.883,2400.107431,-0.5697358444317331
2026-06-24 14:38:00.626545+02:00,24.885,2400.398693,-0.5677358444317306
2026-06-24 14:38:00.919456+02:00,24.888,2400.691604,-0.5647358444317305
2026-06-24 14:38:01.214520+02:00,24.887,2400.986668,-0.5657358444317317
2026-06-24 14:38:01.503811+02:00,24.887,2401.275959,-0.5657358444317317
2026-06-24 14:38:01.795341+02:00,24.887,2401.567489,-0.5657358444317317
2026-06-24 14:38:02.092523+02:00,24.888,2401.864671,-0.5647358444317305
2026-06-24 14:38:02.385363+02:00,24.886,2402.157511,-0.566735844431733
2026-06-24 14:38:02.683240+02:00,24.887,2402.455388,-0.5657358444317317
2026-06-24 14:38:02.981554+02:00,24.887,2402.753702,-0.5657358444317317
2026-06-24 14:38:03.272501+02:00,24.883,2403.044649,-0.5697358444317331
2026-06-24 14:38:03.563062+02:00,24.888,2403.33521,-0.5647358444317305
2026-06-24 14:38:03.856879+02:00,24.885,2403.629027,-0.5677358444317306
2026-06-24 14:38:04.153545+02:00,24.887,2403.925693,-0.5657358444317317
2026-06-24 14:38:04.445028+02:00,24.893,2404.217176,-0.5597358444317315
2026-06-24 14:38:04.737545+02:00,24.89,2404.509693,-0.5627358444317316
2026-06-24 14:38:05.027783+02:00,24.888,2404.799931,-0.5647358444317305
2026-06-24 14:38:05.321358+02:00,24.885,2405.093506,-0.5677358444317306
2026-06-24 14:38:05.613669+02:00,24.888,2405.385817,-0.5647358444317305
2026-06-24 14:38:05.905069+02:00,24.889,2405.677217,-0.5637358444317329
2026-06-24 14:38:06.204898+02:00,24.887,2405.977046,-0.5657358444317317
2026-06-24 14:38:06.502059+02:00,24.89,2406.274207,-0.5627358444317316
2026-06-24 14:38:06.801191+02:00,24.89,2406.573339,-0.5627358444317316
2026-06-24 14:38:07.091877+02:00,24.89,2406.864025,-0.5627358444317316
2026-06-24 14:38:07.383432+02:00,24.889,2407.15558,-0.5637358444317329
2026-06-24 14:38:07.679454+02:00,24.891,2407.451602,-0.561735844431734
2026-06-24 14:38:07.974416+02:00,24.892,2407.746564,-0.5607358444317327
2026-06-24 14:38:08.274413+02:00,24.891,2408.046561,-0.561735844431734
2026-06-24 14:38:08.567115+02:00,24.891,2408.339263,-0.561735844431734
2026-06-24 14:38:08.856993+02:00,24.892,2408.629141,-0.5607358444317327
2026-06-24 14:38:09.148285+02:00,24.891,2408.920433,-0.561735844431734
2026-06-24 14:38:09.439162+02:00,24.891,2409.21131,-0.561735844431734
2026-06-24 14:38:09.729111+02:00,24.892,2409.501259,-0.5607358444317327
2026-06-24 14:38:10.024884+02:00,24.891,2409.797032,-0.561735844431734
2026-06-24 14:38:10.315723+02:00,24.89,2410.087871,-0.5627358444317316
2026-06-24 14:38:10.606943+02:00,24.894,2410.379091,-0.5587358444317339
2026-06-24 14:38:10.906710+02:00,24.892,2410.678858,-0.5607358444317327
2026-06-24 14:38:11.198476+02:00,24.893,2410.970624,-0.5597358444317315
2026-06-24 14:38:11.490276+02:00,24.895,2411.262424,-0.5577358444317326
2026-06-24 14:38:11.783564+02:00,24.896,2411.555712,-0.5567358444317314
2026-06-24 14:38:12.077138+02:00,24.894,2411.849286,-0.5587358444317339
2026-06-24 14:38:12.369611+02:00,24.894,2412.141759,-0.5587358444317339
2026-06-24 14:38:12.663600+02:00,24.897,2412.435748,-0.5557358444317337
2026-06-24 14:38:12.955898+02:00,24.896,2412.728046,-0.5567358444317314
2026-06-24 14:38:13.246044+02:00,24.898,2413.018192,-0.5547358444317325
2026-06-24 14:38:13.541837+02:00,24.895,2413.313985,-0.5577358444317326
2026-06-24 14:38:13.843481+02:00,24.896,2413.615629,-0.5567358444317314
2026-06-24 14:38:14.140474+02:00,24.893,2413.912622,-0.5597358444317315
2026-06-24 14:38:14.437687+02:00,24.899,2414.209835,-0.5537358444317313
2026-06-24 14:38:14.731579+02:00,24.898,2414.503727,-0.5547358444317325
2026-06-24 14:38:15.027362+02:00,24.898,2414.79951,-0.5547358444317325
2026-06-24 14:38:15.319396+02:00,24.901,2415.091544,-0.5517358444317324
2026-06-24 14:38:15.618307+02:00,24.897,2415.390455,-0.5557358444317337
2026-06-24 14:38:15.912420+02:00,24.896,2415.684568,-0.5567358444317314
2026-06-24 14:38:16.200934+02:00,24.899,2415.973082,-0.5537358444317313
2026-06-24 14:38:16.491795+02:00,24.901,2416.263943,-0.5517358444317324
2026-06-24 14:38:16.782674+02:00,24.901,2416.554822,-0.5517358444317324
2026-06-24 14:38:17.082227+02:00,24.903,2416.854375,-0.5497358444317335
2026-06-24 14:38:17.378868+02:00,24.901,2417.151016,-0.5517358444317324
2026-06-24 14:38:17.671943+02:00,24.902,2417.444091,-0.5507358444317312
2026-06-24 14:38:17.964815+02:00,24.903,2417.736963,-0.5497358444317335
2026-06-24 14:38:18.254687+02:00,24.905,2418.026835,-0.5477358444317311
2026-06-24 14:38:18.548347+02:00,24.903,2418.320495,-0.5497358444317335
2026-06-24 14:38:18.847015+02:00,24.906,2418.619163,-0.5467358444317334
2026-06-24 14:38:19.145744+02:00,24.907,2418.917892,-0.5457358444317322
2026-06-24 14:38:19.438924+02:00,24.906,2419.211072,-0.5467358444317334
2026-06-24 14:38:19.731302+02:00,24.908,2419.50345,-0.544735844431731
2026-06-24 14:38:20.027267+02:00,24.908,2419.799415,-0.544735844431731
2026-06-24 14:38:20.326078+02:00,24.905,2420.098226,-0.5477358444317311
2026-06-24 14:38:20.628423+02:00,24.907,2420.400571,-0.5457358444317322
2026-06-24 14:38:20.925075+02:00,24.908,2420.697223,-0.544735844431731
2026-06-24 14:38:21.217407+02:00,24.911,2420.989555,-0.5417358444317308
2026-06-24 14:38:21.520931+02:00,24.908,2421.293079,-0.544735844431731
2026-06-24 14:38:21.817828+02:00,24.907,2421.589976,-0.5457358444317322
2026-06-24 14:38:22.111202+02:00,24.91,2421.88335,-0.5427358444317321
2026-06-24 14:38:22.405901+02:00,24.912,2422.178049,-0.5407358444317332
2026-06-24 14:38:22.696121+02:00,24.913,2422.468269,-0.539735844431732
2026-06-24 14:38:22.989040+02:00,24.912,2422.761188,-0.5407358444317332
2026-06-24 14:38:23.281568+02:00,24.912,2423.053716,-0.5407358444317332
2026-06-24 14:38:23.574373+02:00,24.911,2423.346521,-0.5417358444317308
2026-06-24 14:38:23.872617+02:00,24.915,2423.644765,-0.5377358444317331
2026-06-24 14:38:24.164073+02:00,24.915,2423.936221,-0.5377358444317331
2026-06-24 14:38:24.456843+02:00,24.916,2424.228991,-0.5367358444317318
2026-06-24 14:38:24.749942+02:00,24.917,2424.52209,-0.5357358444317306
2026-06-24 14:38:25.048242+02:00,24.917,2424.82039,-0.5357358444317306
2026-06-24 14:38:25.343755+02:00,24.918,2425.115903,-0.5347358444317329
2026-06-24 14:38:25.638572+02:00,24.921,2425.41072,-0.5317358444317328
2026-06-24 14:38:25.936583+02:00,24.918,2425.708731,-0.5347358444317329
2026-06-24 14:38:26.236606+02:00,24.922,2426.008754,-0.5307358444317316
2026-06-24 14:38:26.527632+02:00,24.921,2426.29978,-0.5317358444317328
2026-06-24 14:38:26.816828+02:00,24.925,2426.588976,-0.5277358444317315
2026-06-24 14:38:27.111350+02:00,24.924,2426.883498,-0.5287358444317327
2026-06-24 14:38:27.407244+02:00,24.927,2427.179392,-0.5257358444317326
2026-06-24 14:38:27.700112+02:00,24.926,2427.47226,-0.5267358444317338
2026-06-24 14:38:27.990816+02:00,24.925,2427.762964,-0.5277358444317315
2026-06-24 14:38:28.285231+02:00,24.925,2428.057379,-0.5277358444317315
2026-06-24 14:38:28.583249+02:00,24.927,2428.355397,-0.5257358444317326
2026-06-24 14:38:28.874105+02:00,24.931,2428.646253,-0.5217358444317313
2026-06-24 14:38:29.166339+02:00,24.932,2428.938487,-0.5207358444317336
2026-06-24 14:38:29.457983+02:00,24.932,2429.230131,-0.5207358444317336
2026-06-24 14:38:29.750341+02:00,24.936,2429.522489,-0.5167358444317323
2026-06-24 14:38:30.047001+02:00,24.936,2429.819149,-0.5167358444317323
2026-06-24 14:38:30.340109+02:00,24.941,2430.112257,-0.5117358444317333
2026-06-24 14:38:30.630803+02:00,24.937,2430.402951,-0.515735844431731
2026-06-24 14:38:30.918724+02:00,24.938,2430.690872,-0.5147358444317334
2026-06-24 14:38:31.208629+02:00,24.936,2430.980777,-0.5167358444317323
2026-06-24 14:38:31.499015+02:00,24.939,2431.271163,-0.5137358444317321
2026-06-24 14:38:31.792583+02:00,24.94,2431.564731,-0.5127358444317309
2026-06-24 14:38:32.088984+02:00,24.941,2431.861132,-0.5117358444317333
2026-06-24 14:38:32.381121+02:00,24.942,2432.153269,-0.510735844431732
2026-06-24 14:38:32.671685+02:00,24.944,2432.443833,-0.5087358444317331
2026-06-24 14:38:32.967357+02:00,24.944,2432.739505,-0.5087358444317331
2026-06-24 14:38:33.261251+02:00,24.945,2433.033399,-0.5077358444317319
2026-06-24 14:38:33.552925+02:00,24.946,2433.325073,-0.5067358444317307
2026-06-24 14:38:33.845534+02:00,24.948,2433.617682,-0.5047358444317318
2026-06-24 14:38:34.145909+02:00,24.948,2433.918057,-0.5047358444317318
2026-06-24 14:38:34.440977+02:00,24.949,2434.213125,-0.5037358444317306
2026-06-24 14:38:34.734550+02:00,24.95,2434.506698,-0.5027358444317329
2026-06-24 14:38:35.026664+02:00,24.951,2434.798812,-0.5017358444317317
2026-06-24 14:38:35.320315+02:00,24.952,2435.092463,-0.5007358444317305
2026-06-24 14:38:35.613275+02:00,24.953,2435.385423,-0.4997358444317328
2026-06-24 14:38:35.905321+02:00,24.953,2435.677469,-0.4997358444317328
2026-06-24 14:38:36.194989+02:00,24.953,2435.967137,-0.4997358444317328
2026-06-24 14:38:36.485429+02:00,24.955,2436.257577,-0.4977358444317339
2026-06-24 14:38:36.779471+02:00,24.956,2436.551619,-0.4967358444317327
2026-06-24 14:38:37.089133+02:00,24.953,2436.861281,-0.4997358444317328
2026-06-24 14:38:37.385702+02:00,24.957,2437.15785,-0.49573584443173146
2026-06-24 14:38:37.685974+02:00,24.958,2437.458122,-0.4947358444317338
2026-06-24 14:38:37.989060+02:00,24.958,2437.761208,-0.4947358444317338
2026-06-24 14:38:38.290220+02:00,24.961,2438.062368,-0.4917358444317337
2026-06-24 14:38:38.587540+02:00,24.959,2438.359688,-0.4937358444317326
2026-06-24 14:38:38.880679+02:00,24.962,2438.652827,-0.49073584443173246
2026-06-24 14:38:39.185530+02:00,24.962,2438.957678,-0.49073584443173246
2026-06-24 14:38:39.484802+02:00,24.964,2439.25695,-0.48873584443173357
2026-06-24 14:38:39.786834+02:00,24.966,2439.558982,-0.4867358444317311
2026-06-24 14:38:40.084904+02:00,24.966,2439.857052,-0.4867358444317311
2026-06-24 14:38:40.384221+02:00,24.97,2440.156369,-0.48273584443173334
2026-06-24 14:38:40.674339+02:00,24.97,2440.446487,-0.48273584443173334
2026-06-24 14:38:40.968217+02:00,24.973,2440.740365,-0.4797358444317332
2026-06-24 14:38:41.261979+02:00,24.972,2441.034127,-0.4807358444317309
2026-06-24 14:38:41.555814+02:00,24.976,2441.327962,-0.4767358444317331
2026-06-24 14:38:41.850599+02:00,24.978,2441.622747,-0.47473584443173067
2026-06-24 14:38:42.141539+02:00,24.975,2441.913687,-0.4777358444317308
2026-06-24 14:38:42.432215+02:00,24.979,2442.204363,-0.473735844431733
2026-06-24 14:38:42.727694+02:00,24.98,2442.499842,-0.4727358444317318
2026-06-24 14:38:43.020063+02:00,24.983,2442.792211,-0.46973584443173166
2026-06-24 14:38:43.311960+02:00,24.982,2443.084108,-0.4707358444317329
2026-06-24 14:38:43.602285+02:00,24.986,2443.374433,-0.46673584443173155
2026-06-24 14:38:43.897846+02:00,24.986,2443.669994,-0.46673584443173155
2026-06-24 14:38:44.190234+02:00,24.987,2443.962382,-0.4657358444317339
2026-06-24 14:38:44.481984+02:00,24.986,2444.254132,-0.46673584443173155
2026-06-24 14:38:44.777079+02:00,24.992,2444.549227,-0.4607358444317313
2026-06-24 14:38:45.077207+02:00,24.988,2444.849355,-0.46473584443173266
2026-06-24 14:38:45.376614+02:00,24.991,2445.148762,-0.46173584443173254
2026-06-24 14:38:45.671741+02:00,24.993,2445.443889,-0.45973584443173365
2026-06-24 14:38:45.968435+02:00,24.992,2445.740583,-0.4607358444317313
2026-06-24 14:38:46.259183+02:00,24.996,2446.031331,-0.45673584443173354
2026-06-24 14:38:46.554699+02:00,24.996,2446.326847,-0.45673584443173354
2026-06-24 14:38:46.845282+02:00,24.999,2446.61743,-0.4537358444317334
2026-06-24 14:38:47.138862+02:00,24.998,2446.91101,-0.4547358444317311
2026-06-24 14:38:47.432519+02:00,25.0,2447.204667,-0.4527358444317322
2026-06-24 14:38:47.721644+02:00,25.001,2447.493792,-0.451735844431731
2026-06-24 14:38:48.016653+02:00,25.001,2447.788801,-0.451735844431731
2026-06-24 14:38:48.322207+02:00,25.002,2448.094355,-0.4507358444317333
2026-06-24 14:38:48.620569+02:00,25.003,2448.392717,-0.4497358444317321
2026-06-24 14:38:48.912276+02:00,25.005,2448.684424,-0.4477358444317332
2026-06-24 14:38:49.203785+02:00,25.008,2448.975933,-0.4447358444317331
2026-06-24 14:38:49.498277+02:00,25.008,2449.270425,-0.4447358444317331
2026-06-24 14:38:49.788889+02:00,25.01,2449.561037,-0.44273584443173064
2026-06-24 14:38:50.083543+02:00,25.009,2449.855691,-0.44373584443173186
2026-06-24 14:38:50.375429+02:00,25.016,2450.147577,-0.43673584443173397
2026-06-24 14:38:50.669414+02:00,25.014,2450.441562,-0.43873584443173286
2026-06-24 14:38:50.962888+02:00,25.018,2450.735036,-0.4347358444317315
2026-06-24 14:38:51.257219+02:00,25.015,2451.029367,-0.43773584443173164
2026-06-24 14:38:51.550360+02:00,25.02,2451.322508,-0.43273584443173263
2026-06-24 14:38:51.845357+02:00,25.021,2451.617505,-0.4317358444317314
2026-06-24 14:38:52.137484+02:00,25.022,2451.909632,-0.43073584443173374
2026-06-24 14:38:52.429925+02:00,25.023,2452.202073,-0.4297358444317325
2026-06-24 14:38:52.718624+02:00,25.022,2452.490772,-0.43073584443173374
2026-06-24 14:38:53.009412+02:00,25.027,2452.78156,-0.4257358444317312
2026-06-24 14:38:53.299015+02:00,25.028,2453.071163,-0.4247358444317335
2026-06-24 14:38:53.601749+02:00,25.026,2453.373897,-0.4267358444317324
2026-06-24 14:38:53.899234+02:00,25.027,2453.671382,-0.4257358444317312
2026-06-24 14:38:54.192603+02:00,25.028,2453.964751,-0.4247358444317335
2026-06-24 14:38:54.483349+02:00,25.029,2454.255497,-0.4237358444317323
2026-06-24 14:38:54.779080+02:00,25.03,2454.551228,-0.42273584443173107
2026-06-24 14:38:55.070747+02:00,25.033,2454.842895,-0.41973584443173095
2026-06-24 14:38:55.363302+02:00,25.032,2455.13545,-0.4207358444317322
2026-06-24 14:38:55.652768+02:00,25.034,2455.424916,-0.4187358444317333
2026-06-24 14:38:55.951985+02:00,25.035,2455.724133,-0.41773584443173206
2026-06-24 14:38:56.245342+02:00,25.036,2456.01749,-0.41673584443173084
2026-06-24 14:38:56.536630+02:00,25.038,2456.308778,-0.41473584443173195
2026-06-24 14:38:56.829387+02:00,25.04,2456.601535,-0.41273584443173306
2026-06-24 14:38:57.120537+02:00,25.041,2456.892685,-0.41173584443173183
2026-06-24 14:38:57.411977+02:00,25.041,2457.184125,-0.41173584443173183
2026-06-24 14:38:57.703851+02:00,25.043,2457.475999,-0.40973584443173294
2026-06-24 14:38:57.995381+02:00,25.042,2457.767529,-0.4107358444317306
2026-06-24 14:38:58.286685+02:00,25.042,2458.058833,-0.4107358444317306
2026-06-24 14:38:58.579112+02:00,25.045,2458.35126,-0.4077358444317305
2026-06-24 14:38:58.875983+02:00,25.047,2458.648131,-0.4057358444317316
2026-06-24 14:38:59.171175+02:00,25.049,2458.943323,-0.4037358444317327
2026-06-24 14:38:59.461175+02:00,25.047,2459.233323,-0.4057358444317316
2026-06-24 14:38:59.754241+02:00,25.05,2459.526389,-0.4027358444317315
2026-06-24 14:39:00.046127+02:00,25.05,2459.818275,-0.4027358444317315
2026-06-24 14:39:00.342375+02:00,25.052,2460.114523,-0.4007358444317326
2026-06-24 14:39:00.638430+02:00,25.055,2460.410578,-0.3977358444317325
2026-06-24 14:39:00.930532+02:00,25.054,2460.70268,-0.3987358444317337
2026-06-24 14:39:01.224610+02:00,25.057,2460.996758,-0.3957358444317336
2026-06-24 14:39:01.516555+02:00,25.057,2461.288703,-0.3957358444317336
2026-06-24 14:39:01.807336+02:00,25.058,2461.579484,-0.3947358444317324
2026-06-24 14:39:02.100641+02:00,25.059,2461.872789,-0.39373584443173115
2026-06-24 14:39:02.392410+02:00,25.058,2462.164558,-0.3947358444317324
2026-06-24 14:39:02.684934+02:00,25.061,2462.457082,-0.39173584443173226
2026-06-24 14:39:02.976324+02:00,25.063,2462.748472,-0.38973584443173337
2026-06-24 14:39:03.276644+02:00,25.065,2463.048792,-0.3877358444317309
2026-06-24 14:39:03.566868+02:00,25.063,2463.339016,-0.38973584443173337
2026-06-24 14:39:03.863685+02:00,25.068,2463.635833,-0.3847358444317308
2026-06-24 14:39:04.154404+02:00,25.068,2463.926552,-0.3847358444317308
2026-06-24 14:39:04.451931+02:00,25.07,2464.224079,-0.3827358444317319
2026-06-24 14:39:04.751040+02:00,25.073,2464.523188,-0.3797358444317318
2026-06-24 14:39:05.047571+02:00,25.071,2464.819719,-0.3817358444317307
2026-06-24 14:39:05.338759+02:00,25.072,2465.110907,-0.38073584443173303
2026-06-24 14:39:05.629891+02:00,25.075,2465.402039,-0.3777358444317329
2026-06-24 14:39:05.920192+02:00,25.077,2465.69234,-0.37573584443173047
2026-06-24 14:39:06.220496+02:00,25.076,2465.992644,-0.3767358444317317
2026-06-24 14:39:06.520234+02:00,25.078,2466.292382,-0.3747358444317328
2026-06-24 14:39:06.815109+02:00,25.081,2466.587257,-0.3717358444317327
2026-06-24 14:39:07.104603+02:00,25.081,2466.876751,-0.3717358444317327
2026-06-24 14:39:07.400931+02:00,25.081,2467.173079,-0.3717358444317327
2026-06-24 14:39:07.694490+02:00,25.083,2467.466638,-0.3697358444317338
2026-06-24 14:39:07.987297+02:00,25.08,2467.759445,-0.3727358444317339
2026-06-24 14:39:08.280046+02:00,25.083,2468.052194,-0.3697358444317338
2026-06-24 14:39:08.572802+02:00,25.083,2468.34495,-0.3697358444317338
2026-06-24 14:39:08.865957+02:00,25.087,2468.638105,-0.36573584443173246
2026-06-24 14:39:09.160812+02:00,25.087,2468.93296,-0.36573584443173246
2026-06-24 14:39:09.450284+02:00,25.089,2469.222432,-0.36373584443173357
2026-06-24 14:39:09.753605+02:00,25.089,2469.525753,-0.36373584443173357
2026-06-24 14:39:10.050784+02:00,25.092,2469.822932,-0.36073584443173345
2026-06-24 14:39:10.347022+02:00,25.096,2470.11917,-0.3567358444317321
2026-06-24 14:39:10.638915+02:00,25.096,2470.411063,-0.3567358444317321
2026-06-24 14:39:10.931293+02:00,25.094,2470.703441,-0.358735844431731
2026-06-24 14:39:11.224992+02:00,25.098,2470.99714,-0.3547358444317332
2026-06-24 14:39:11.523862+02:00,25.097,2471.29601,-0.3557358444317309
2026-06-24 14:39:11.817225+02:00,25.099,2471.589373,-0.353735844431732
2026-06-24 14:39:12.105891+02:00,25.103,2471.878039,-0.34973584443173067
2026-06-24 14:39:12.398560+02:00,25.105,2472.170708,-0.3477358444317318
2026-06-24 14:39:12.690641+02:00,25.108,2472.462789,-0.34473584443173166
2026-06-24 14:39:12.988849+02:00,25.109,2472.760997,-0.34373584443173044
2026-06-24 14:39:13.283037+02:00,25.11,2473.055185,-0.3427358444317328
2026-06-24 14:39:13.574775+02:00,25.112,2473.346923,-0.3407358444317339
2026-06-24 14:39:13.867974+02:00,25.114,2473.640122,-0.33873584443173144
2026-06-24 14:39:14.158564+02:00,25.115,2473.930712,-0.33773584443173377
2026-06-24 14:39:14.455782+02:00,25.118,2474.22793,-0.33473584443173365
2026-06-24 14:39:14.754537+02:00,25.117,2474.526685,-0.3357358444317313
2026-06-24 14:39:15.045077+02:00,25.119,2474.817225,-0.33373584443173243
2026-06-24 14:39:15.337078+02:00,25.119,2475.109226,-0.33373584443173243
2026-06-24 14:39:15.629591+02:00,25.121,2475.401739,-0.33173584443173354
2026-06-24 14:39:15.922123+02:00,25.122,2475.694271,-0.3307358444317323
2026-06-24 14:39:16.213536+02:00,25.122,2475.985684,-0.3307358444317323
2026-06-24 14:39:16.506532+02:00,25.125,2476.27868,-0.3277358444317322
2026-06-24 14:39:16.802673+02:00,25.125,2476.574821,-0.3277358444317322
2026-06-24 14:39:17.094268+02:00,25.125,2476.866416,-0.3277358444317322
2026-06-24 14:39:17.387382+02:00,25.126,2477.15953,-0.326735844431731
2026-06-24 14:39:17.678575+02:00,25.129,2477.450723,-0.32373584443173087
2026-06-24 14:39:17.968915+02:00,25.129,2477.741063,-0.32373584443173087
2026-06-24 14:39:18.265276+02:00,25.131,2478.037424,-0.321735844431732
2026-06-24 14:39:18.562895+02:00,25.131,2478.335043,-0.321735844431732
2026-06-24 14:39:18.857500+02:00,25.134,2478.629648,-0.31873584443173186
2026-06-24 14:39:19.149492+02:00,25.133,2478.92164,-0.3197358444317331
2026-06-24 14:39:19.442056+02:00,25.135,2479.214204,-0.31773584443173064
2026-06-24 14:39:19.733372+02:00,25.136,2479.50552,-0.31673584443173297
2026-06-24 14:39:20.024762+02:00,25.133,2479.79691,-0.3197358444317331
2026-06-24 14:39:20.323792+02:00,25.136,2480.09594,-0.31673584443173297
2026-06-24 14:39:20.614512+02:00,25.138,2480.38666,-0.3147358444317305
2026-06-24 14:39:20.907696+02:00,25.142,2480.679844,-0.31073584443173274
2026-06-24 14:39:21.201830+02:00,25.143,2480.973978,-0.3097358444317315
2026-06-24 14:39:21.495811+02:00,25.143,2481.267959,-0.3097358444317315
2026-06-24 14:39:21.786155+02:00,25.144,2481.558303,-0.30873584443173385
2026-06-24 14:39:22.079453+02:00,25.146,2481.851601,-0.3067358444317314
2026-06-24 14:39:22.370632+02:00,25.149,2482.14278,-0.3037358444317313
2026-06-24 14:39:22.670532+02:00,25.147,2482.44268,-0.30573584443173374
2026-06-24 14:39:22.959557+02:00,25.15,2482.731705,-0.3027358444317336
2026-06-24 14:39:23.251992+02:00,25.151,2483.02414,-0.3017358444317324
2026-06-24 14:39:23.547758+02:00,25.154,2483.319906,-0.2987358444317323
2026-06-24 14:39:23.840726+02:00,25.153,2483.612874,-0.2997358444317335
2026-06-24 14:39:24.129782+02:00,25.157,2483.90193,-0.2957358444317322
2026-06-24 14:39:24.423679+02:00,25.158,2484.195827,-0.29473584443173095
2026-06-24 14:39:24.727201+02:00,25.156,2484.499349,-0.2967358444317334
2026-06-24 14:39:25.022785+02:00,25.16,2484.794933,-0.29273584443173206
2026-06-24 14:39:25.320764+02:00,25.162,2485.092912,-0.29073584443173317
2026-06-24 14:39:25.616689+02:00,25.16,2485.388837,-0.29273584443173206
2026-06-24 14:39:25.909118+02:00,25.16,2485.681266,-0.29273584443173206
2026-06-24 14:39:26.199635+02:00,25.161,2485.971783,-0.29173584443173084
2026-06-24 14:39:26.495257+02:00,25.163,2486.267405,-0.28973584443173195
2026-06-24 14:39:26.789012+02:00,25.164,2486.56116,-0.2887358444317307
2026-06-24 14:39:27.083092+02:00,25.165,2486.85524,-0.28773584443173306
2026-06-24 14:39:27.373402+02:00,25.166,2487.14555,-0.28673584443173183
2026-06-24 14:39:27.664447+02:00,25.165,2487.436595,-0.28773584443173306
2026-06-24 14:39:27.959681+02:00,25.165,2487.731829,-0.28773584443173306
2026-06-24 14:39:28.260601+02:00,25.169,2488.032749,-0.2837358444317317
2026-06-24 14:39:28.559044+02:00,25.171,2488.331192,-0.28173584443173283
2026-06-24 14:39:28.851406+02:00,25.171,2488.623554,-0.28173584443173283
2026-06-24 14:39:29.145400+02:00,25.175,2488.917548,-0.2777358444317315
2026-06-24 14:39:29.434771+02:00,25.173,2489.206919,-0.27973584443173394
2026-06-24 14:39:29.726595+02:00,25.175,2489.498743,-0.2777358444317315
2026-06-24 14:39:30.025733+02:00,25.175,2489.797881,-0.2777358444317315
2026-06-24 14:39:30.317218+02:00,25.173,2490.089366,-0.27973584443173394
2026-06-24 14:39:30.606773+02:00,25.179,2490.378921,-0.2737358444317337
2026-06-24 14:39:30.903637+02:00,25.177,2490.675785,-0.2757358444317326
2026-06-24 14:39:31.203481+02:00,25.182,2490.975629,-0.2707358444317336
2026-06-24 14:39:31.502281+02:00,25.183,2491.274429,-0.2697358444317324
2026-06-24 14:39:31.803436+02:00,25.183,2491.575584,-0.2697358444317324
2026-06-24 14:39:32.105161+02:00,25.185,2491.877309,-0.2677358444317335
2026-06-24 14:39:32.407703+02:00,25.188,2492.179851,-0.26473584443173337
2026-06-24 14:39:32.700680+02:00,25.19,2492.472828,-0.2627358444317309
2026-06-24 14:39:32.997865+02:00,25.19,2492.770013,-0.2627358444317309
2026-06-24 14:39:33.289629+02:00,25.189,2493.061777,-0.26373584443173215
2026-06-24 14:39:33.581317+02:00,25.191,2493.353465,-0.26173584443173326
2026-06-24 14:39:33.873495+02:00,25.194,2493.645643,-0.25873584443173314
2026-06-24 14:39:34.163148+02:00,25.196,2493.935296,-0.2567358444317307
2026-06-24 14:39:34.456047+02:00,25.198,2494.228195,-0.2547358444317318
2026-06-24 14:39:34.747864+02:00,25.196,2494.520012,-0.2567358444317307
2026-06-24 14:39:35.042635+02:00,25.199,2494.814783,-0.2537358444317306
2026-06-24 14:39:35.333512+02:00,25.2,2495.10566,-0.2527358444317329
2026-06-24 14:39:35.626402+02:00,25.201,2495.39855,-0.2517358444317317
2026-06-24 14:39:35.921819+02:00,25.202,2495.693967,-0.25073584443173047
2026-06-24 14:39:36.214179+02:00,25.203,2495.986327,-0.2497358444317328
2026-06-24 14:39:36.504534+02:00,25.199,2496.276682,-0.2537358444317306
2026-06-24 14:39:36.795761+02:00,25.201,2496.567909,-0.2517358444317317
2026-06-24 14:39:37.095656+02:00,25.205,2496.867804,-0.2477358444317339
2026-06-24 14:39:37.387006+02:00,25.204,2497.159154,-0.24873584443173158
2026-06-24 14:39:37.679990+02:00,25.207,2497.452138,-0.24573584443173146
2026-06-24 14:39:37.977593+02:00,25.208,2497.749741,-0.2447358444317338
2026-06-24 14:39:38.275999+02:00,25.208,2498.048147,-0.2447358444317338
2026-06-24 14:39:38.566946+02:00,25.209,2498.339094,-0.24373584443173257
2026-06-24 14:39:38.859371+02:00,25.208,2498.631519,-0.2447358444317338
2026-06-24 14:39:39.154280+02:00,25.212,2498.926428,-0.24073584443173246
2026-06-24 14:39:39.453238+02:00,25.214,2499.225386,-0.23873584443173357
2026-06-24 14:39:39.746782+02:00,25.214,2499.51893,-0.23873584443173357
2026-06-24 14:39:40.037163+02:00,25.216,2499.809311,-0.23673584443173112
2026-06-24 14:39:40.331351+02:00,25.215,2500.103499,-0.23773584443173235
2026-06-24 14:39:40.621349+02:00,25.214,2500.393497,-0.23873584443173357
2026-06-24 14:39:40.914049+02:00,25.216,2500.686197,-0.23673584443173112
2026-06-24 14:39:41.205246+02:00,25.217,2500.977394,-0.23573584443173345
2026-06-24 14:39:41.495918+02:00,25.218,2501.268066,-0.23473584443173223
2026-06-24 14:39:41.789574+02:00,25.22,2501.561722,-0.23273584443173334
2026-06-24 14:39:42.081591+02:00,25.223,2501.853739,-0.22973584443173323
2026-06-24 14:39:42.373084+02:00,25.223,2502.145232,-0.22973584443173323
2026-06-24 14:39:42.667439+02:00,25.229,2502.439587,-0.223735844431733
2026-06-24 14:39:42.967641+02:00,25.228,2502.739789,-0.22473584443173067
2026-06-24 14:39:43.256665+02:00,25.228,2503.028813,-0.22473584443173067
2026-06-24 14:39:43.549101+02:00,25.228,2503.321249,-0.22473584443173067
2026-06-24 14:39:43.841271+02:00,25.226,2503.613419,-0.2267358444317331
2026-06-24 14:39:44.142842+02:00,25.23,2503.91499,-0.22273584443173178
2026-06-24 14:39:44.438470+02:00,25.233,2504.210618,-0.21973584443173166
2026-06-24 14:39:44.734698+02:00,25.231,2504.506846,-0.22173584443173056
2026-06-24 14:39:45.038823+02:00,25.229,2504.810971,-0.223735844431733
2026-06-24 14:39:45.330279+02:00,25.235,2505.102427,-0.21773584443173277
2026-06-24 14:39:45.622956+02:00,25.234,2505.395104,-0.21873584443173044
2026-06-24 14:39:45.916218+02:00,25.235,2505.688366,-0.21773584443173277
2026-06-24 14:39:46.208002+02:00,25.236,2505.98015,-0.21673584443173155
2026-06-24 14:39:46.500103+02:00,25.236,2506.272251,-0.21673584443173155
2026-06-24 14:39:46.790510+02:00,25.236,2506.562658,-0.21673584443173155
2026-06-24 14:39:47.082827+02:00,25.238,2506.854975,-0.21473584443173266
2026-06-24 14:39:47.374463+02:00,25.24,2507.146611,-0.21273584443173377
2026-06-24 14:39:47.676320+02:00,25.239,2507.448468,-0.21373584443173144
2026-06-24 14:39:47.969037+02:00,25.24,2507.741185,-0.21273584443173377
2026-06-24 14:39:48.260454+02:00,25.241,2508.032602,-0.21173584443173254
2026-06-24 14:39:48.552942+02:00,25.242,2508.32509,-0.21073584443173132
2026-06-24 14:39:48.851499+02:00,25.244,2508.623647,-0.20873584443173243
2026-06-24 14:39:49.143630+02:00,25.245,2508.915778,-0.2077358444317312
2026-06-24 14:39:49.436132+02:00,25.245,2509.20828,-0.2077358444317312
2026-06-24 14:39:49.728063+02:00,25.246,2509.500211,-0.20673584443173354
2026-06-24 14:39:50.024440+02:00,25.246,2509.796588,-0.20673584443173354
2026-06-24 14:39:50.322587+02:00,25.246,2510.094735,-0.20673584443173354
2026-06-24 14:39:50.624614+02:00,25.248,2510.396762,-0.2047358444317311
2026-06-24 14:39:50.924254+02:00,25.248,2510.696402,-0.2047358444317311
2026-06-24 14:39:51.217185+02:00,25.248,2510.989333,-0.2047358444317311
2026-06-24 14:39:51.517420+02:00,25.249,2511.289568,-0.20373584443173343
2026-06-24 14:39:51.808218+02:00,25.249,2511.580366,-0.20373584443173343
2026-06-24 14:39:52.106421+02:00,25.249,2511.878569,-0.20373584443173343
2026-06-24 14:39:52.403392+02:00,25.25,2512.17554,-0.2027358444317322
2026-06-24 14:39:52.700520+02:00,25.25,2512.472668,-0.2027358444317322
2026-06-24 14:39:52.993413+02:00,25.25,2512.765561,-0.2027358444317322
2026-06-24 14:39:53.284221+02:00,25.253,2513.056369,-0.1997358444317321
2026-06-24 14:39:53.577065+02:00,25.252,2513.349213,-0.2007358444317333
2026-06-24 14:39:53.870287+02:00,25.255,2513.642435,-0.1977358444317332
2026-06-24 14:39:54.161362+02:00,25.258,2513.93351,-0.19473584443173309
2026-06-24 14:39:54.452356+02:00,25.255,2514.224504,-0.1977358444317332
2026-06-24 14:39:54.745906+02:00,25.256,2514.518054,-0.19673584443173198
2026-06-24 14:39:55.044467+02:00,25.256,2514.816615,-0.19673584443173198
2026-06-24 14:39:55.334986+02:00,25.258,2515.107134,-0.19473584443173309
2026-06-24 14:39:55.626717+02:00,25.257,2515.398865,-0.19573584443173075
2026-06-24 14:39:55.918087+02:00,25.26,2515.690235,-0.19273584443173064
2026-06-24 14:39:56.212477+02:00,25.26,2515.984625,-0.19273584443173064
2026-06-24 14:39:56.510868+02:00,25.264,2516.283016,-0.18873584443173286
2026-06-24 14:39:56.811135+02:00,25.261,2516.583283,-0.19173584443173297
2026-06-24 14:39:57.107636+02:00,25.264,2516.879784,-0.18873584443173286
2026-06-24 14:39:57.399588+02:00,25.264,2517.171736,-0.18873584443173286
2026-06-24 14:39:57.693466+02:00,25.265,2517.465614,-0.18773584443173164
2026-06-24 14:39:57.989834+02:00,25.269,2517.761982,-0.18373584443173385
2026-06-24 14:39:58.284942+02:00,25.266,2518.05709,-0.18673584443173397
2026-06-24 14:39:58.576247+02:00,25.267,2518.348395,-0.18573584443173274
2026-06-24 14:39:58.868837+02:00,25.268,2518.640985,-0.18473584443173152
2026-06-24 14:39:59.160667+02:00,25.27,2518.932815,-0.18273584443173263
2026-06-24 14:39:59.462349+02:00,25.27,2519.234497,-0.18273584443173263
2026-06-24 14:39:59.758259+02:00,25.273,2519.530407,-0.17973584443173252
2026-06-24 14:40:00.059144+02:00,25.27,2519.831292,-0.18273584443173263
2026-06-24 14:40:00.348996+02:00,25.273,2520.121144,-0.17973584443173252
2026-06-24 14:40:00.641733+02:00,25.274,2520.413881,-0.1787358444317313
2026-06-24 14:40:00.932371+02:00,25.273,2520.704519,-0.17973584443173252
2026-06-24 14:40:01.224923+02:00,25.273,2520.997071,-0.17973584443173252
2026-06-24 14:40:01.518186+02:00,25.271,2521.290334,-0.1817358444317314
2026-06-24 14:40:01.821552+02:00,25.276,2521.5937,-0.1767358444317324
2026-06-24 14:40:02.121930+02:00,25.276,2521.894078,-0.1767358444317324
2026-06-24 14:40:02.424351+02:00,25.274,2522.196499,-0.1787358444317313
2026-06-24 14:40:02.726724+02:00,25.277,2522.498872,-0.17573584443173118
2026-06-24 14:40:03.023817+02:00,25.276,2522.795965,-0.1767358444317324
2026-06-24 14:40:03.318021+02:00,25.275,2523.090169,-0.17773584443173363
2026-06-24 14:40:03.608977+02:00,25.279,2523.381125,-0.1737358444317323
2026-06-24 14:40:03.900014+02:00,25.279,2523.672162,-0.1737358444317323
2026-06-24 14:40:04.192571+02:00,25.277,2523.964719,-0.17573584443173118
2026-06-24 14:40:04.484778+02:00,25.281,2524.256926,-0.1717358444317334
2026-06-24 14:40:04.775820+02:00,25.28,2524.547968,-0.17273584443173107
2026-06-24 14:40:05.066432+02:00,25.281,2524.83858,-0.1717358444317334
2026-06-24 14:40:05.360871+02:00,25.283,2525.133019,-0.16973584443173095
2026-06-24 14:40:05.653894+02:00,25.282,2525.426042,-0.17073584443173218
2026-06-24 14:40:05.949925+02:00,25.279,2525.722073,-0.1737358444317323
2026-06-24 14:40:06.239966+02:00,25.284,2526.012114,-0.16873584443173328
2026-06-24 14:40:06.533963+02:00,25.285,2526.306111,-0.16773584443173206
2026-06-24 14:40:06.832076+02:00,25.284,2526.604224,-0.16873584443173328
2026-06-24 14:40:07.123538+02:00,25.285,2526.895686,-0.16773584443173206
2026-06-24 14:40:07.417100+02:00,25.284,2527.189248,-0.16873584443173328
2026-06-24 14:40:07.709726+02:00,25.284,2527.481874,-0.16873584443173328
2026-06-24 14:40:08.006262+02:00,25.286,2527.77841,-0.16673584443173084
2026-06-24 14:40:08.307165+02:00,25.284,2528.079313,-0.16873584443173328
2026-06-24 14:40:08.602008+02:00,25.287,2528.374156,-0.16573584443173317
2026-06-24 14:40:08.894116+02:00,25.284,2528.666264,-0.16873584443173328
2026-06-24 14:40:09.186520+02:00,25.285,2528.958668,-0.16773584443173206
2026-06-24 14:40:09.479145+02:00,25.287,2529.251293,-0.16573584443173317
2026-06-24 14:40:09.771152+02:00,25.285,2529.5433,-0.16773584443173206
2026-06-24 14:40:10.061241+02:00,25.287,2529.833389,-0.16573584443173317
2026-06-24 14:40:10.350487+02:00,25.287,2530.122635,-0.16573584443173317
2026-06-24 14:40:10.646254+02:00,25.285,2530.418402,-0.16773584443173206
2026-06-24 14:40:10.941623+02:00,25.288,2530.713771,-0.16473584443173195
2026-06-24 14:40:11.240343+02:00,25.29,2531.012491,-0.16273584443173306
2026-06-24 14:40:11.539409+02:00,25.292,2531.311557,-0.1607358444317306
2026-06-24 14:40:11.831141+02:00,25.29,2531.603289,-0.16273584443173306
2026-06-24 14:40:12.122288+02:00,25.29,2531.894436,-0.16273584443173306
2026-06-24 14:40:12.412499+02:00,25.291,2532.184647,-0.16173584443173183
2026-06-24 14:40:12.711171+02:00,25.29,2532.483319,-0.16273584443173306
2026-06-24 14:40:13.001667+02:00,25.287,2532.773815,-0.16573584443173317
2026-06-24 14:40:13.292468+02:00,25.289,2533.064616,-0.16373584443173073
2026-06-24 14:40:13.591244+02:00,25.293,2533.363392,-0.15973584443173294
2026-06-24 14:40:13.893848+02:00,25.293,2533.665996,-0.15973584443173294
2026-06-24 14:40:14.189755+02:00,25.291,2533.961903,-0.16173584443173183
2026-06-24 14:40:14.491990+02:00,25.294,2534.264138,-0.15873584443173172
2026-06-24 14:40:14.787910+02:00,25.294,2534.560058,-0.15873584443173172
2026-06-24 14:40:15.078994+02:00,25.292,2534.851142,-0.1607358444317306
2026-06-24 14:40:15.372491+02:00,25.295,2535.144639,-0.1577358444317305
2026-06-24 14:40:15.663308+02:00,25.295,2535.435456,-0.1577358444317305
2026-06-24 14:40:15.954419+02:00,25.296,2535.726567,-0.15673584443173283
2026-06-24 14:40:16.252819+02:00,25.297,2536.024967,-0.1557358444317316
2026-06-24 14:40:16.544903+02:00,25.293,2536.317051,-0.15973584443173294
2026-06-24 14:40:16.839713+02:00,25.297,2536.611861,-0.1557358444317316
2026-06-24 14:40:17.130608+02:00,25.296,2536.902756,-0.15673584443173283
2026-06-24 14:40:17.424971+02:00,25.296,2537.197119,-0.15673584443173283
2026-06-24 14:40:17.726999+02:00,25.3,2537.499147,-0.1527358444317315
2026-06-24 14:40:18.027913+02:00,25.298,2537.800061,-0.15473584443173394
2026-06-24 14:40:18.320658+02:00,25.3,2538.092806,-0.1527358444317315
2026-06-24 14:40:18.613170+02:00,25.298,2538.385318,-0.15473584443173394
2026-06-24 14:40:18.909391+02:00,25.3,2538.681539,-0.1527358444317315
2026-06-24 14:40:19.200106+02:00,25.302,2538.972254,-0.1507358444317326
2026-06-24 14:40:19.491133+02:00,25.296,2539.263281,-0.15673584443173283
2026-06-24 14:40:19.785192+02:00,25.298,2539.55734,-0.15473584443173394
2026-06-24 14:40:20.078848+02:00,25.302,2539.850996,-0.1507358444317326
2026-06-24 14:40:20.370809+02:00,25.301,2540.142957,-0.15173584443173382
2026-06-24 14:40:20.675590+02:00,25.302,2540.447738,-0.1507358444317326
2026-06-24 14:40:20.971385+02:00,25.302,2540.743533,-0.1507358444317326
2026-06-24 14:40:21.263343+02:00,25.302,2541.035491,-0.1507358444317326
2026-06-24 14:40:21.555158+02:00,25.302,2541.327306,-0.1507358444317326
2026-06-24 14:40:21.849913+02:00,25.299,2541.622061,-0.15373584443173272
2026-06-24 14:40:22.140293+02:00,25.3,2541.912441,-0.1527358444317315
2026-06-24 14:40:22.430629+02:00,25.303,2542.202777,-0.14973584443173138
2026-06-24 14:40:22.721114+02:00,25.303,2542.493262,-0.14973584443173138
2026-06-24 14:40:23.013705+02:00,25.302,2542.785853,-0.1507358444317326
2026-06-24 14:40:23.305399+02:00,25.302,2543.077547,-0.1507358444317326
2026-06-24 14:40:23.597352+02:00,25.303,2543.3695,-0.14973584443173138
2026-06-24 14:40:23.893177+02:00,25.306,2543.665325,-0.14673584443173127
2026-06-24 14:40:24.183576+02:00,25.309,2543.955724,-0.14373584443173115
2026-06-24 14:40:24.473152+02:00,25.309,2544.2453,-0.14373584443173115
2026-06-24 14:40:24.769934+02:00,25.305,2544.542082,-0.1477358444317325
2026-06-24 14:40:25.061701+02:00,25.304,2544.833849,-0.1487358444317337
2026-06-24 14:40:25.356993+02:00,25.306,2545.129141,-0.14673584443173127
2026-06-24 14:40:25.656288+02:00,25.307,2545.428436,-0.1457358444317336
2026-06-24 14:40:25.953259+02:00,25.307,2545.725407,-0.1457358444317336
2026-06-24 14:40:26.250383+02:00,25.308,2546.022531,-0.14473584443173237
2026-06-24 14:40:26.548170+02:00,25.307,2546.320318,-0.1457358444317336
2026-06-24 14:40:26.855027+02:00,25.308,2546.627175,-0.14473584443173237
2026-06-24 14:40:27.148478+02:00,25.308,2546.920626,-0.14473584443173237
2026-06-24 14:40:27.440208+02:00,25.307,2547.212356,-0.1457358444317336
2026-06-24 14:40:27.731508+02:00,25.307,2547.503656,-0.1457358444317336
2026-06-24 14:40:28.023719+02:00,25.308,2547.795867,-0.14473584443173237
2026-06-24 14:40:28.322247+02:00,25.307,2548.094395,-0.1457358444317336
2026-06-24 14:40:28.621187+02:00,25.308,2548.393335,-0.14473584443173237
2026-06-24 14:40:28.920390+02:00,25.311,2548.692538,-0.14173584443173226
2026-06-24 14:40:29.210634+02:00,25.309,2548.982782,-0.14373584443173115
2026-06-24 14:40:29.501112+02:00,25.311,2549.27326,-0.14173584443173226
2026-06-24 14:40:29.796357+02:00,25.312,2549.568505,-0.14073584443173104
2026-06-24 14:40:30.091306+02:00,25.31,2549.863454,-0.14273584443173348
2026-06-24 14:40:30.392330+02:00,25.314,2550.164478,-0.13873584443173215
2026-06-24 14:40:30.687998+02:00,25.314,2550.460146,-0.13873584443173215
2026-06-24 14:40:30.980470+02:00,25.311,2550.752618,-0.14173584443173226
2026-06-24 14:40:31.269599+02:00,25.314,2551.041747,-0.13873584443173215
2026-06-24 14:40:31.564303+02:00,25.313,2551.336451,-0.13973584443173337
2026-06-24 14:40:31.855255+02:00,25.315,2551.627403,-0.13773584443173092
2026-06-24 14:40:32.146637+02:00,25.317,2551.918785,-0.13573584443173203
2026-06-24 14:40:32.444286+02:00,25.318,2552.216434,-0.1347358444317308
2026-06-24 14:40:32.734316+02:00,25.318,2552.506464,-0.1347358444317308
2026-06-24 14:40:33.023132+02:00,25.315,2552.79528,-0.13773584443173092
2026-06-24 14:40:33.317094+02:00,25.317,2553.089242,-0.13573584443173203
2026-06-24 14:40:33.609739+02:00,25.319,2553.381887,-0.13373584443173314
2026-06-24 14:40:33.899819+02:00,25.318,2553.671967,-0.1347358444317308
2026-06-24 14:40:34.194589+02:00,25.317,2553.966737,-0.13573584443173203
2026-06-24 14:40:34.486872+02:00,25.317,2554.25902,-0.13573584443173203
2026-06-24 14:40:34.787108+02:00,25.317,2554.559256,-0.13573584443173203
2026-06-24 14:40:35.078088+02:00,25.321,2554.850236,-0.1317358444317307
2026-06-24 14:40:35.371030+02:00,25.321,2555.143178,-0.1317358444317307
2026-06-24 14:40:35.662203+02:00,25.32,2555.434351,-0.13273584443173192
2026-06-24 14:40:35.961385+02:00,25.32,2555.733533,-0.13273584443173192
2026-06-24 14:40:36.251402+02:00,25.321,2556.02355,-0.1317358444317307
2026-06-24 14:40:36.540351+02:00,25.324,2556.312499,-0.12873584443173058
2026-06-24 14:40:36.832538+02:00,25.32,2556.604686,-0.13273584443173192
2026-06-24 14:40:37.125583+02:00,25.321,2556.897731,-0.1317358444317307
2026-06-24 14:40:37.431739+02:00,25.324,2557.203887,-0.12873584443173058
2026-06-24 14:40:37.730405+02:00,25.324,2557.502553,-0.12873584443173058
2026-06-24 14:40:38.033029+02:00,25.323,2557.805177,-0.1297358444317318
2026-06-24 14:40:38.332780+02:00,25.322,2558.104928,-0.13073584443173303
2026-06-24 14:40:38.632408+02:00,25.321,2558.404556,-0.1317358444317307
2026-06-24 14:40:38.922459+02:00,25.322,2558.694607,-0.13073584443173303
2026-06-24 14:40:39.214612+02:00,25.322,2558.98676,-0.13073584443173303
2026-06-24 14:40:39.507741+02:00,25.321,2559.279889,-0.1317358444317307
2026-06-24 14:40:39.800089+02:00,25.323,2559.572237,-0.1297358444317318
2026-06-24 14:40:40.092990+02:00,25.323,2559.865138,-0.1297358444317318
2026-06-24 14:40:40.387775+02:00,25.324,2560.159923,-0.12873584443173058
2026-06-24 14:40:40.683683+02:00,25.324,2560.455831,-0.12873584443173058
2026-06-24 14:40:40.976821+02:00,25.326,2560.748969,-0.1267358444317317
2026-06-24 14:40:41.274467+02:00,25.326,2561.046615,-0.1267358444317317
2026-06-24 14:40:41.577004+02:00,25.325,2561.349152,-0.12773584443173291
2026-06-24 14:40:41.875908+02:00,25.325,2561.648056,-0.12773584443173291
2026-06-24 14:40:42.169406+02:00,25.327,2561.941554,-0.12573584443173047
2026-06-24 14:40:42.463692+02:00,25.327,2562.23584,-0.12573584443173047
2026-06-24 14:40:42.757319+02:00,25.327,2562.529467,-0.12573584443173047
2026-06-24 14:40:43.055681+02:00,25.327,2562.827829,-0.12573584443173047
2026-06-24 14:40:43.350408+02:00,25.329,2563.122556,-0.12373584443173158
2026-06-24 14:40:43.641934+02:00,25.329,2563.414082,-0.12373584443173158
2026-06-24 14:40:43.938086+02:00,25.329,2563.710234,-0.12373584443173158
2026-06-24 14:40:44.229147+02:00,25.328,2564.001295,-0.1247358444317328
2026-06-24 14:40:44.523572+02:00,25.329,2564.29572,-0.12373584443173158
2026-06-24 14:40:44.816040+02:00,25.329,2564.588188,-0.12373584443173158
2026-06-24 14:40:45.111139+02:00,25.33,2564.883287,-0.12273584443173391
2026-06-24 14:40:45.413048+02:00,25.328,2565.185196,-0.1247358444317328
2026-06-24 14:40:45.703677+02:00,25.329,2565.475825,-0.12373584443173158
2026-06-24 14:40:45.995029+02:00,25.33,2565.767177,-0.12273584443173391
2026-06-24 14:40:46.290214+02:00,25.329,2566.062362,-0.12373584443173158
2026-06-24 14:40:46.581002+02:00,25.328,2566.35315,-0.1247358444317328
2026-06-24 14:40:46.876805+02:00,25.33,2566.648953,-0.12273584443173391
2026-06-24 14:40:47.168842+02:00,25.33,2566.94099,-0.12273584443173391
2026-06-24 14:40:47.460752+02:00,25.333,2567.2329,-0.1197358444317338
2026-06-24 14:40:47.753370+02:00,25.332,2567.525518,-0.12073584443173146
2026-06-24 14:40:48.044332+02:00,25.334,2567.81648,-0.11873584443173257
2026-06-24 14:40:48.338234+02:00,25.331,2568.110382,-0.12173584443173269
2026-06-24 14:40:48.629416+02:00,25.331,2568.401564,-0.12173584443173269
2026-06-24 14:40:48.919480+02:00,25.332,2568.691628,-0.12073584443173146
2026-06-24 14:40:49.211210+02:00,25.334,2568.983358,-0.11873584443173257
2026-06-24 14:40:49.506541+02:00,25.333,2569.278689,-0.1197358444317338
2026-06-24 14:40:49.798599+02:00,25.333,2569.570747,-0.1197358444317338
2026-06-24 14:40:50.092488+02:00,25.332,2569.864636,-0.12073584443173146
2026-06-24 14:40:50.382361+02:00,25.331,2570.154509,-0.12173584443173269
2026-06-24 14:40:50.673729+02:00,25.335,2570.445877,-0.11773584443173135
2026-06-24 14:40:50.970860+02:00,25.334,2570.743008,-0.11873584443173257
2026-06-24 14:40:51.264449+02:00,25.335,2571.036597,-0.11773584443173135
2026-06-24 14:40:51.554689+02:00,25.333,2571.326837,-0.1197358444317338
2026-06-24 14:40:51.850849+02:00,25.333,2571.622997,-0.1197358444317338
2026-06-24 14:40:52.143837+02:00,25.334,2571.915985,-0.11873584443173257
2026-06-24 14:40:52.435218+02:00,25.336,2572.207366,-0.11673584443173368
2026-06-24 14:40:52.734587+02:00,25.334,2572.506735,-0.11873584443173257
2026-06-24 14:40:53.025716+02:00,25.335,2572.797864,-0.11773584443173135
2026-06-24 14:40:53.316366+02:00,25.335,2573.088514,-0.11773584443173135
2026-06-24 14:40:53.610589+02:00,25.338,2573.382737,-0.11473584443173124
2026-06-24 14:40:53.902774+02:00,25.338,2573.674922,-0.11473584443173124
2026-06-24 14:40:54.199050+02:00,25.337,2573.971198,-0.11573584443173246
2026-06-24 14:40:54.489607+02:00,25.339,2574.261755,-0.11373584443173357
2026-06-24 14:40:54.780025+02:00,25.339,2574.552173,-0.11373584443173357
2026-06-24 14:40:55.083224+02:00,25.34,2574.855372,-0.11273584443173235
2026-06-24 14:40:55.374923+02:00,25.34,2575.147071,-0.11273584443173235
2026-06-24 14:40:55.668277+02:00,25.338,2575.440425,-0.11473584443173124
2026-06-24 14:40:55.969363+02:00,25.338,2575.741511,-0.11473584443173124
2026-06-24 14:40:56.268500+02:00,25.338,2576.040648,-0.11473584443173124
2026-06-24 14:40:56.565013+02:00,25.337,2576.337161,-0.11573584443173246
2026-06-24 14:40:56.853687+02:00,25.337,2576.625835,-0.11573584443173246
2026-06-24 14:40:57.146781+02:00,25.337,2576.918929,-0.11573584443173246
2026-06-24 14:40:57.439567+02:00,25.339,2577.211715,-0.11373584443173357
2026-06-24 14:40:57.730677+02:00,25.34,2577.502825,-0.11273584443173235
2026-06-24 14:40:58.021979+02:00,25.339,2577.794127,-0.11373584443173357
2026-06-24 14:40:58.313092+02:00,25.341,2578.08524,-0.11173584443173112
2026-06-24 14:40:58.611446+02:00,25.34,2578.383594,-0.11273584443173235
2026-06-24 14:40:58.901784+02:00,25.343,2578.673932,-0.10973584443173223
2026-06-24 14:40:59.203629+02:00,25.341,2578.975777,-0.11173584443173112
2026-06-24 14:40:59.505757+02:00,25.341,2579.277905,-0.11173584443173112
2026-06-24 14:40:59.799936+02:00,25.342,2579.572084,-0.11073584443173345
2026-06-24 14:41:00.101798+02:00,25.343,2579.873946,-0.10973584443173223
2026-06-24 14:41:00.399821+02:00,25.343,2580.171969,-0.10973584443173223
2026-06-24 14:41:00.705770+02:00,25.343,2580.477918,-0.10973584443173223
2026-06-24 14:41:00.997048+02:00,25.342,2580.769196,-0.11073584443173345
2026-06-24 14:41:01.287839+02:00,25.343,2581.059987,-0.10973584443173223
2026-06-24 14:41:01.587636+02:00,25.342,2581.359784,-0.11073584443173345
2026-06-24 14:41:01.880585+02:00,25.343,2581.652733,-0.10973584443173223
2026-06-24 14:41:02.178861+02:00,25.342,2581.951009,-0.11073584443173345
2026-06-24 14:41:02.478621+02:00,25.344,2582.250769,-0.10873584443173101
2026-06-24 14:41:02.775768+02:00,25.344,2582.547916,-0.10873584443173101
2026-06-24 14:41:03.068571+02:00,25.343,2582.840719,-0.10973584443173223
2026-06-24 14:41:03.358112+02:00,25.345,2583.13026,-0.10773584443173334
2026-06-24 14:41:03.653033+02:00,25.343,2583.425181,-0.10973584443173223
2026-06-24 14:41:03.948635+02:00,25.346,2583.720783,-0.10673584443173212
2026-06-24 14:41:04.239040+02:00,25.346,2584.011188,-0.10673584443173212
2026-06-24 14:41:04.533018+02:00,25.345,2584.305166,-0.10773584443173334
2026-06-24 14:41:04.833160+02:00,25.347,2584.605308,-0.1057358444317309
2026-06-24 14:41:05.127282+02:00,25.345,2584.89943,-0.10773584443173334
2026-06-24 14:41:05.423078+02:00,25.348,2585.195226,-0.10473584443173323
2026-06-24 14:41:05.722838+02:00,25.346,2585.494986,-0.10673584443173212
2026-06-24 14:41:06.014531+02:00,25.347,2585.786679,-0.1057358444317309
2026-06-24 14:41:06.306554+02:00,25.347,2586.078702,-0.1057358444317309
2026-06-24 14:41:06.600481+02:00,25.347,2586.372629,-0.1057358444317309
2026-06-24 14:41:06.892885+02:00,25.349,2586.665033,-0.103735844431732
2026-06-24 14:41:07.187850+02:00,25.349,2586.959998,-0.103735844431732
2026-06-24 14:41:07.483544+02:00,25.348,2587.255692,-0.10473584443173323
2026-06-24 14:41:07.773810+02:00,25.346,2587.545958,-0.10673584443173212
2026-06-24 14:41:08.066335+02:00,25.347,2587.838483,-0.1057358444317309
2026-06-24 14:41:08.361813+02:00,25.347,2588.133961,-0.1057358444317309
2026-06-24 14:41:08.656446+02:00,25.348,2588.428594,-0.10473584443173323
2026-06-24 14:41:08.948590+02:00,25.348,2588.720738,-0.10473584443173323
2026-06-24 14:41:09.240483+02:00,25.349,2589.012631,-0.103735844431732
2026-06-24 14:41:09.532918+02:00,25.347,2589.305066,-0.1057358444317309
2026-06-24 14:41:09.835288+02:00,25.348,2589.607436,-0.10473584443173323
2026-06-24 14:41:10.137092+02:00,25.348,2589.90924,-0.10473584443173323
2026-06-24 14:41:10.430043+02:00,25.35,2590.202191,-0.10273584443173078
2026-06-24 14:41:10.725038+02:00,25.35,2590.497186,-0.10273584443173078
2026-06-24 14:41:11.014893+02:00,25.347,2590.787041,-0.1057358444317309
2026-06-24 14:41:11.307609+02:00,25.347,2591.079757,-0.1057358444317309
2026-06-24 14:41:11.605978+02:00,25.347,2591.378126,-0.1057358444317309
2026-06-24 14:41:11.905561+02:00,25.35,2591.677709,-0.10273584443173078
2026-06-24 14:41:12.194064+02:00,25.351,2591.966212,-0.10173584443173311
2026-06-24 14:41:12.485299+02:00,25.347,2592.257447,-0.1057358444317309
2026-06-24 14:41:12.784110+02:00,25.349,2592.556258,-0.103735844431732
2026-06-24 14:41:13.080007+02:00,25.349,2592.852155,-0.103735844431732
2026-06-24 14:41:13.379675+02:00,25.349,2593.151823,-0.103735844431732
2026-06-24 14:41:13.682796+02:00,25.35,2593.454944,-0.10273584443173078
2026-06-24 14:41:13.978292+02:00,25.353,2593.75044,-0.09973584443173067
2026-06-24 14:41:14.278933+02:00,25.352,2594.051081,-0.10073584443173189
2026-06-24 14:41:14.582270+02:00,25.352,2594.354418,-0.10073584443173189
2026-06-24 14:41:14.880357+02:00,25.353,2594.652505,-0.09973584443173067
2026-06-24 14:41:15.171392+02:00,25.354,2594.94354,-0.098735844431733
2026-06-24 14:41:15.463975+02:00,25.354,2595.236123,-0.098735844431733
2026-06-24 14:41:15.759390+02:00,25.356,2595.531538,-0.09673584443173056
2026-06-24 14:41:16.051945+02:00,25.357,2595.824093,-0.09573584443173289
2026-06-24 14:41:16.341186+02:00,25.358,2596.113334,-0.09473584443173166
2026-06-24 14:41:16.637068+02:00,25.358,2596.409216,-0.09473584443173166
2026-06-24 14:41:16.929722+02:00,25.358,2596.70187,-0.09473584443173166
2026-06-24 14:41:17.225051+02:00,25.359,2596.997199,-0.09373584443173044
2026-06-24 14:41:17.526416+02:00,25.36,2597.298564,-0.09273584443173277
2026-06-24 14:41:17.818790+02:00,25.359,2597.590938,-0.09373584443173044
2026-06-24 14:41:18.109330+02:00,25.358,2597.881478,-0.09473584443173166
2026-06-24 14:41:18.401466+02:00,25.359,2598.173614,-0.09373584443173044
2026-06-24 14:41:18.697909+02:00,25.361,2598.470057,-0.09173584443173155
2026-06-24 14:41:18.992196+02:00,25.362,2598.764344,-0.09073584443173388
2026-06-24 14:41:19.282878+02:00,25.36,2599.055026,-0.09273584443173277
2026-06-24 14:41:19.573937+02:00,25.361,2599.346085,-0.09173584443173155
2026-06-24 14:41:19.868890+02:00,25.362,2599.641038,-0.09073584443173388
2026-06-24 14:41:20.160048+02:00,25.361,2599.932196,-0.09173584443173155
2026-06-24 14:41:20.452244+02:00,25.363,2600.224392,-0.08973584443173266
2026-06-24 14:41:20.749359+02:00,25.366,2600.521507,-0.08673584443173254
2026-06-24 14:41:21.044570+02:00,25.365,2600.816718,-0.08773584443173377
2026-06-24 14:41:21.337851+02:00,25.365,2601.109999,-0.08773584443173377
2026-06-24 14:41:21.638037+02:00,25.366,2601.410185,-0.08673584443173254
2026-06-24 14:41:21.930092+02:00,25.367,2601.70224,-0.08573584443173132
2026-06-24 14:41:22.222580+02:00,25.365,2601.994728,-0.08773584443173377
2026-06-24 14:41:22.512428+02:00,25.364,2602.284576,-0.08873584443173144
2026-06-24 14:41:22.808753+02:00,25.368,2602.580901,-0.08473584443173365
2026-06-24 14:41:23.099763+02:00,25.364,2602.871911,-0.08873584443173144
2026-06-24 14:41:23.390774+02:00,25.365,2603.162922,-0.08773584443173377
2026-06-24 14:41:23.680099+02:00,25.368,2603.452247,-0.08473584443173365
2026-06-24 14:41:23.974152+02:00,25.368,2603.7463,-0.08473584443173365
2026-06-24 14:41:24.264238+02:00,25.369,2604.036386,-0.08373584443173243
2026-06-24 14:41:24.556414+02:00,25.369,2604.328562,-0.08373584443173243
2026-06-24 14:41:24.858432+02:00,25.368,2604.63058,-0.08473584443173365
2026-06-24 14:41:25.151725+02:00,25.37,2604.923873,-0.08273584443173121
2026-06-24 14:41:25.449442+02:00,25.371,2605.22159,-0.08173584443173354
2026-06-24 14:41:25.751073+02:00,25.372,2605.523221,-0.08073584443173232
2026-06-24 14:41:26.042771+02:00,25.37,2605.814919,-0.08273584443173121
2026-06-24 14:41:26.333811+02:00,25.37,2606.105959,-0.08273584443173121
2026-06-24 14:41:26.627304+02:00,25.371,2606.399452,-0.08173584443173354
2026-06-24 14:41:26.923115+02:00,25.372,2606.695263,-0.08073584443173232
2026-06-24 14:41:27.213879+02:00,25.373,2606.986027,-0.0797358444317311
2026-06-24 14:41:27.506148+02:00,25.373,2607.278296,-0.0797358444317311
2026-06-24 14:41:27.803537+02:00,25.374,2607.575685,-0.07873584443173343
2026-06-24 14:41:28.093547+02:00,25.373,2607.865695,-0.0797358444317311
2026-06-24 14:41:28.385735+02:00,25.375,2608.157883,-0.0777358444317322
2026-06-24 14:41:28.679696+02:00,25.374,2608.451844,-0.07873584443173343
2026-06-24 14:41:28.978759+02:00,25.373,2608.750907,-0.0797358444317311
2026-06-24 14:41:29.273784+02:00,25.377,2609.045932,-0.07573584443173331
2026-06-24 14:41:29.561744+02:00,25.376,2609.333892,-0.07673584443173098
2026-06-24 14:41:29.853557+02:00,25.379,2609.625705,-0.07373584443173087
2026-06-24 14:41:30.145113+02:00,25.378,2609.917261,-0.07473584443173209
2026-06-24 14:41:30.436908+02:00,25.376,2610.209056,-0.07673584443173098
2026-06-24 14:41:30.739673+02:00,25.376,2610.511821,-0.07673584443173098
2026-06-24 14:41:31.031760+02:00,25.377,2610.803908,-0.07573584443173331
2026-06-24 14:41:31.323530+02:00,25.378,2611.095678,-0.07473584443173209
2026-06-24 14:41:31.616021+02:00,25.379,2611.388169,-0.07373584443173087
2026-06-24 14:41:31.908837+02:00,25.378,2611.680985,-0.07473584443173209
2026-06-24 14:41:32.201052+02:00,25.38,2611.9732,-0.0727358444317332
2026-06-24 14:41:32.490256+02:00,25.379,2612.262404,-0.07373584443173087
2026-06-24 14:41:32.787759+02:00,25.381,2612.559907,-0.07173584443173198
2026-06-24 14:41:33.081580+02:00,25.382,2612.853728,-0.07073584443173075
2026-06-24 14:41:33.379420+02:00,25.379,2613.151568,-0.07373584443173087
2026-06-24 14:41:33.671761+02:00,25.381,2613.443909,-0.07173584443173198
2026-06-24 14:41:33.965563+02:00,25.379,2613.737711,-0.07373584443173087
2026-06-24 14:41:34.262052+02:00,25.382,2614.0342,-0.07073584443173075
2026-06-24 14:41:34.555232+02:00,25.382,2614.32738,-0.07073584443173075
2026-06-24 14:41:34.846358+02:00,25.384,2614.618506,-0.06873584443173186
2026-06-24 14:41:35.138620+02:00,25.383,2614.910768,-0.06973584443173309
2026-06-24 14:41:35.432908+02:00,25.383,2615.205056,-0.06973584443173309
2026-06-24 14:41:35.733689+02:00,25.382,2615.505837,-0.07073584443173075
2026-06-24 14:41:36.025617+02:00,25.383,2615.797765,-0.06973584443173309
2026-06-24 14:41:36.317932+02:00,25.385,2616.09008,-0.06773584443173064
2026-06-24 14:41:36.611200+02:00,25.383,2616.383348,-0.06973584443173309
2026-06-24 14:41:36.903595+02:00,25.385,2616.675743,-0.06773584443173064
2026-06-24 14:41:37.196601+02:00,25.382,2616.968749,-0.07073584443173075
2026-06-24 14:41:37.486839+02:00,25.382,2617.258987,-0.07073584443173075
2026-06-24 14:41:37.781255+02:00,25.384,2617.553403,-0.06873584443173186
2026-06-24 14:41:38.073871+02:00,25.385,2617.846019,-0.06773584443173064
2026-06-24 14:41:38.365102+02:00,25.385,2618.13725,-0.06773584443173064
2026-06-24 14:41:38.657020+02:00,25.385,2618.429168,-0.06773584443173064
2026-06-24 14:41:38.951260+02:00,25.386,2618.723408,-0.06673584443173297
2026-06-24 14:41:39.242235+02:00,25.389,2619.014383,-0.06373584443173286
2026-06-24 14:41:39.533886+02:00,25.389,2619.306034,-0.06373584443173286
2026-06-24 14:41:39.825971+02:00,25.387,2619.598119,-0.06573584443173175
2026-06-24 14:41:40.118411+02:00,25.39,2619.890559,-0.06273584443173164
2026-06-24 14:41:40.408706+02:00,25.389,2620.180854,-0.06373584443173286
2026-06-24 14:41:40.698532+02:00,25.391,2620.47068,-0.061735844431733966
2026-06-24 14:41:40.997874+02:00,25.391,2620.770022,-0.061735844431733966
2026-06-24 14:41:41.290919+02:00,25.387,2621.063067,-0.06573584443173175
2026-06-24 14:41:41.583664+02:00,25.39,2621.355812,-0.06273584443173164
2026-06-24 14:41:41.875115+02:00,25.391,2621.647263,-0.061735844431733966
2026-06-24 14:41:42.167489+02:00,25.394,2621.939637,-0.05873584443173385
2026-06-24 14:41:42.467037+02:00,25.393,2622.239185,-0.05973584443173152
2026-06-24 14:41:42.759250+02:00,25.391,2622.531398,-0.061735844431733966
2026-06-24 14:41:43.050501+02:00,25.39,2622.822649,-0.06273584443173164
2026-06-24 14:41:43.343548+02:00,25.395,2623.115696,-0.05773584443173263
2026-06-24 14:41:43.644481+02:00,25.393,2623.416629,-0.05973584443173152
2026-06-24 14:41:43.937786+02:00,25.393,2623.709934,-0.05973584443173152
2026-06-24 14:41:44.230007+02:00,25.392,2624.002155,-0.060735844431732744
2026-06-24 14:41:44.521528+02:00,25.394,2624.293676,-0.05873584443173385
2026-06-24 14:41:44.814098+02:00,25.394,2624.586246,-0.05873584443173385
2026-06-24 14:41:45.107621+02:00,25.393,2624.879769,-0.05973584443173152
2026-06-24 14:41:45.402355+02:00,25.396,2625.174503,-0.05673584443173141
2026-06-24 14:41:45.694089+02:00,25.397,2625.466237,-0.05573584443173374
2026-06-24 14:41:45.997164+02:00,25.395,2625.769312,-0.05773584443173263
2026-06-24 14:41:46.291964+02:00,25.394,2626.064112,-0.05873584443173385
2026-06-24 14:41:46.595738+02:00,25.395,2626.367886,-0.05773584443173263
2026-06-24 14:41:46.898656+02:00,25.396,2626.670804,-0.05673584443173141
2026-06-24 14:41:47.190204+02:00,25.396,2626.962352,-0.05673584443173141
2026-06-24 14:41:47.483378+02:00,25.396,2627.255526,-0.05673584443173141
2026-06-24 14:41:47.773152+02:00,25.401,2627.5453,-0.0517358444317324
2026-06-24 14:41:48.064846+02:00,25.401,2627.836994,-0.0517358444317324
2026-06-24 14:41:48.360338+02:00,25.396,2628.132486,-0.05673584443173141
2026-06-24 14:41:48.651171+02:00,25.401,2628.423319,-0.0517358444317324
2026-06-24 14:41:48.945754+02:00,25.401,2628.717902,-0.0517358444317324
2026-06-24 14:41:49.241510+02:00,25.4,2629.013658,-0.052735844431733625
2026-06-24 14:41:49.532704+02:00,25.401,2629.304852,-0.0517358444317324
2026-06-24 14:41:49.823607+02:00,25.401,2629.595755,-0.0517358444317324
2026-06-24 14:41:50.116118+02:00,25.403,2629.888266,-0.04973584443173351
2026-06-24 14:41:50.410845+02:00,25.405,2630.182993,-0.04773584443173107
2026-06-24 14:41:50.708299+02:00,25.404,2630.480447,-0.04873584443173229
2026-06-24 14:41:51.003498+02:00,25.406,2630.775646,-0.0467358444317334
2026-06-24 14:41:51.293104+02:00,25.405,2631.065252,-0.04773584443173107
2026-06-24 14:41:51.587051+02:00,25.406,2631.359199,-0.0467358444317334
2026-06-24 14:41:51.878989+02:00,25.404,2631.651137,-0.04873584443173229
2026-06-24 14:41:52.180089+02:00,25.407,2631.952237,-0.045735844431732176
2026-06-24 14:41:52.481068+02:00,25.409,2632.253216,-0.043735844431733284
2026-06-24 14:41:52.776358+02:00,25.408,2632.548506,-0.04473584443173095
2026-06-24 14:41:53.068712+02:00,25.41,2632.84086,-0.04273584443173206
2026-06-24 14:41:53.361678+02:00,25.41,2633.133826,-0.04273584443173206
2026-06-24 14:41:53.654082+02:00,25.408,2633.42623,-0.04473584443173095
2026-06-24 14:41:53.949959+02:00,25.407,2633.722107,-0.045735844431732176
2026-06-24 14:41:54.249348+02:00,25.408,2634.021496,-0.04473584443173095
2026-06-24 14:41:54.542111+02:00,25.409,2634.314259,-0.043735844431733284
2026-06-24 14:41:54.835803+02:00,25.41,2634.607951,-0.04273584443173206
2026-06-24 14:41:55.132515+02:00,25.409,2634.904663,-0.043735844431733284
2026-06-24 14:41:55.430477+02:00,25.41,2635.202625,-0.04273584443173206
2026-06-24 14:41:55.721711+02:00,25.411,2635.493859,-0.04173584443173084
2026-06-24 14:41:56.016194+02:00,25.412,2635.788342,-0.04073584443173317
2026-06-24 14:41:56.307297+02:00,25.411,2636.079445,-0.04173584443173084
2026-06-24 14:41:56.609332+02:00,25.414,2636.38148,-0.038735844431730726
2026-06-24 14:41:56.905339+02:00,25.413,2636.677487,-0.03973584443173195
2026-06-24 14:41:57.198332+02:00,25.414,2636.97048,-0.038735844431730726
2026-06-24 14:41:57.487668+02:00,25.414,2637.259816,-0.038735844431730726
2026-06-24 14:41:57.789035+02:00,25.414,2637.561183,-0.038735844431730726
2026-06-24 14:41:58.085585+02:00,25.411,2637.857733,-0.04173584443173084
2026-06-24 14:41:58.375807+02:00,25.414,2638.147955,-0.038735844431730726
2026-06-24 14:41:58.673222+02:00,25.416,2638.44537,-0.036735844431731834
2026-06-24 14:41:58.965165+02:00,25.415,2638.737313,-0.03773584443173306
2026-06-24 14:41:59.255426+02:00,25.413,2639.027574,-0.03973584443173195
2026-06-24 14:41:59.546756+02:00,25.417,2639.318904,-0.03573584443173061
2026-06-24 14:41:59.846536+02:00,25.418,2639.618684,-0.03473584443173294
2026-06-24 14:42:00.140164+02:00,25.418,2639.912312,-0.03473584443173294
2026-06-24 14:42:00.436095+02:00,25.417,2640.208243,-0.03573584443173061
2026-06-24 14:42:00.726811+02:00,25.419,2640.498959,-0.03373584443173172
2026-06-24 14:42:01.015155+02:00,25.418,2640.787303,-0.03473584443173294
2026-06-24 14:42:01.308225+02:00,25.418,2641.080373,-0.03473584443173294
2026-06-24 14:42:01.604244+02:00,25.42,2641.376392,-0.0327358444317305
2026-06-24 14:42:01.895706+02:00,25.419,2641.667854,-0.03373584443173172
2026-06-24 14:42:02.187985+02:00,25.42,2641.960133,-0.0327358444317305
2026-06-24 14:42:02.485284+02:00,25.417,2642.257432,-0.03573584443173061
2026-06-24 14:42:02.777963+02:00,25.42,2642.550111,-0.0327358444317305
2026-06-24 14:42:03.069078+02:00,25.418,2642.841226,-0.03473584443173294
2026-06-24 14:42:03.360639+02:00,25.42,2643.132787,-0.0327358444317305
2026-06-24 14:42:03.652675+02:00,25.42,2643.424823,-0.0327358444317305
2026-06-24 14:42:03.943187+02:00,25.42,2643.715335,-0.0327358444317305
2026-06-24 14:42:04.235559+02:00,25.421,2644.007707,-0.03173584443173283
2026-06-24 14:42:04.530269+02:00,25.422,2644.302417,-0.030735844431731607
2026-06-24 14:42:04.824070+02:00,25.421,2644.596218,-0.03173584443173283
2026-06-24 14:42:05.115000+02:00,25.422,2644.887148,-0.030735844431731607
2026-06-24 14:42:05.405356+02:00,25.422,2645.177504,-0.030735844431731607
2026-06-24 14:42:05.706494+02:00,25.424,2645.478642,-0.028735844431732716
2026-06-24 14:42:05.997437+02:00,25.422,2645.769585,-0.030735844431731607
2026-06-24 14:42:06.293581+02:00,25.423,2646.065729,-0.029735844431733938
2026-06-24 14:42:06.583707+02:00,25.422,2646.355855,-0.030735844431731607
2026-06-24 14:42:06.873534+02:00,25.424,2646.645682,-0.028735844431732716
2026-06-24 14:42:07.174124+02:00,25.424,2646.946272,-0.028735844431732716
2026-06-24 14:42:07.464674+02:00,25.424,2647.236822,-0.028735844431732716
2026-06-24 14:42:07.754138+02:00,25.425,2647.526286,-0.027735844431731493
2026-06-24 14:42:08.047414+02:00,25.426,2647.819562,-0.026735844431733824
2026-06-24 14:42:08.348196+02:00,25.425,2648.120344,-0.027735844431731493
2026-06-24 14:42:08.640247+02:00,25.426,2648.412395,-0.026735844431733824
2026-06-24 14:42:08.947439+02:00,25.428,2648.719587,-0.02473584443173138
2026-06-24 14:42:09.238259+02:00,25.426,2649.010407,-0.026735844431733824
2026-06-24 14:42:09.529978+02:00,25.427,2649.302126,-0.025735844431732602
2026-06-24 14:42:09.825071+02:00,25.426,2649.597219,-0.026735844431733824
2026-06-24 14:42:10.118753+02:00,25.428,2649.890901,-0.02473584443173138
2026-06-24 14:42:10.411413+02:00,25.426,2650.183561,-0.026735844431733824
2026-06-24 14:42:10.702603+02:00,25.427,2650.474751,-0.025735844431732602
2026-06-24 14:42:10.993894+02:00,25.426,2650.766042,-0.026735844431733824
2026-06-24 14:42:11.289820+02:00,25.426,2651.061968,-0.026735844431733824
2026-06-24 14:42:11.584487+02:00,25.429,2651.356635,-0.02373584443173371
2026-06-24 14:42:11.884899+02:00,25.429,2651.657047,-0.02373584443173371
2026-06-24 14:42:12.175378+02:00,25.428,2651.947526,-0.02473584443173138
2026-06-24 14:42:12.470585+02:00,25.429,2652.242733,-0.02373584443173371
2026-06-24 14:42:12.765677+02:00,25.428,2652.537825,-0.02473584443173138
2026-06-24 14:42:13.056887+02:00,25.432,2652.829035,-0.020735844431733597
2026-06-24 14:42:13.347878+02:00,25.429,2653.120026,-0.02373584443173371
2026-06-24 14:42:13.639672+02:00,25.43,2653.41182,-0.022735844431732488
2026-06-24 14:42:13.931220+02:00,25.43,2653.703368,-0.022735844431732488
2026-06-24 14:42:14.222740+02:00,25.434,2653.994888,-0.018735844431731152
2026-06-24 14:42:14.521009+02:00,25.434,2654.293157,-0.018735844431731152
2026-06-24 14:42:14.813393+02:00,25.433,2654.585541,-0.019735844431732374
2026-06-24 14:42:15.105183+02:00,25.432,2654.877331,-0.020735844431733597
2026-06-24 14:42:15.397848+02:00,25.431,2655.169996,-0.021735844431731266
2026-06-24 14:42:15.696804+02:00,25.432,2655.468952,-0.020735844431733597
2026-06-24 14:42:15.988636+02:00,25.431,2655.760784,-0.021735844431731266
2026-06-24 14:42:16.281944+02:00,25.432,2656.054092,-0.020735844431733597
2026-06-24 14:42:16.571400+02:00,25.432,2656.343548,-0.020735844431733597
2026-06-24 14:42:16.872701+02:00,25.431,2656.644849,-0.021735844431731266
2026-06-24 14:42:17.171310+02:00,25.433,2656.943458,-0.019735844431732374
2026-06-24 14:42:17.467313+02:00,25.433,2657.239461,-0.019735844431732374
2026-06-24 14:42:17.767890+02:00,25.434,2657.540038,-0.018735844431731152
2026-06-24 14:42:18.066690+02:00,25.435,2657.838838,-0.017735844431733483
2026-06-24 14:42:18.362794+02:00,25.436,2658.134942,-0.01673584443173226
2026-06-24 14:42:18.658786+02:00,25.435,2658.430934,-0.017735844431733483
2026-06-24 14:42:18.952334+02:00,25.437,2658.724482,-0.01573584443173104
2026-06-24 14:42:19.246967+02:00,25.436,2659.019115,-0.01673584443173226
2026-06-24 14:42:19.540711+02:00,25.437,2659.312859,-0.01573584443173104
2026-06-24 14:42:19.834280+02:00,25.44,2659.606428,-0.012735844431730925
2026-06-24 14:42:20.123998+02:00,25.437,2659.896146,-0.01573584443173104
2026-06-24 14:42:20.412788+02:00,25.438,2660.184936,-0.01473584443173337
2026-06-24 14:42:20.706557+02:00,25.442,2660.478705,-0.010735844431732033
2026-06-24 14:42:21.000581+02:00,25.438,2660.772729,-0.01473584443173337
2026-06-24 14:42:21.300595+02:00,25.441,2661.072743,-0.011735844431733256
2026-06-24 14:42:21.598807+02:00,25.441,2661.370955,-0.011735844431733256
2026-06-24 14:42:21.889584+02:00,25.443,2661.661732,-0.009735844431730811
2026-06-24 14:42:22.182344+02:00,25.443,2661.954492,-0.009735844431730811
2026-06-24 14:42:22.479080+02:00,25.438,2662.251228,-0.01473584443173337
2026-06-24 14:42:22.777708+02:00,25.446,2662.549856,-0.006735844431730698
2026-06-24 14:42:23.070910+02:00,25.446,2662.843058,-0.006735844431730698
2026-06-24 14:42:23.363946+02:00,25.448,2663.136094,-0.004735844431731806
2026-06-24 14:42:23.654164+02:00,25.446,2663.426312,-0.006735844431730698
2026-06-24 14:42:23.948500+02:00,25.448,2663.720648,-0.004735844431731806
2026-06-24 14:42:24.241831+02:00,25.45,2664.013979,-0.0027358444317329145
2026-06-24 14:42:24.537101+02:00,25.449,2664.309249,-0.003735844431730584
2026-06-24 14:42:24.830708+02:00,25.449,2664.602856,-0.003735844431730584
2026-06-24 14:42:25.127114+02:00,25.451,2664.899262,-0.0017358444317316923
2026-06-24 14:42:25.416697+02:00,25.449,2665.188845,-0.003735844431730584
2026-06-24 14:42:25.715267+02:00,25.45,2665.487415,-0.0027358444317329145
2026-06-24 14:42:26.006150+02:00,25.449,2665.778298,-0.003735844431730584
2026-06-24 14:42:26.298163+02:00,25.45,2666.070311,-0.0027358444317329145
2026-06-24 14:42:26.589496+02:00,25.452,2666.361644,-0.0007358444317304702
2026-06-24 14:42:26.881561+02:00,25.453,2666.653709,0.0002641555682671992
2026-06-24 14:42:27.173988+02:00,25.454,2666.946136,0.0012641555682684213
2026-06-24 14:42:27.464923+02:00,25.454,2667.237071,0.0012641555682684213
2026-06-24 14:42:27.756786+02:00,25.454,2667.528934,0.0012641555682684213
2026-06-24 14:42:28.049407+02:00,25.453,2667.821555,0.0002641555682671992
2026-06-24 14:42:28.343206+02:00,25.454,2668.115354,0.0012641555682684213
2026-06-24 14:42:28.636253+02:00,25.458,2668.408401,0.0052641555682662045
2026-06-24 14:42:28.941933+02:00,25.459,2668.714081,0.006264155568267427
2026-06-24 14:42:29.235454+02:00,25.458,2669.007602,0.0052641555682662045
2026-06-24 14:42:29.527907+02:00,25.459,2669.300055,0.006264155568267427
2026-06-24 14:42:29.829982+02:00,25.46,2669.60213,0.007264155568268649
2026-06-24 14:42:30.123986+02:00,25.458,2669.896134,0.0052641555682662045
2026-06-24 14:42:30.415134+02:00,25.46,2670.187282,0.007264155568268649
2026-06-24 14:42:30.705166+02:00,25.46,2670.477314,0.007264155568268649
2026-06-24 14:42:30.997624+02:00,25.461,2670.769772,0.008264155568266318
2026-06-24 14:42:31.288895+02:00,25.461,2671.061043,0.008264155568266318
2026-06-24 14:42:31.583181+02:00,25.462,2671.355329,0.00926415556826754
2026-06-24 14:42:31.877473+02:00,25.462,2671.649621,0.00926415556826754
2026-06-24 14:42:32.170162+02:00,25.462,2671.94231,0.00926415556826754
2026-06-24 14:42:32.473611+02:00,25.465,2672.245759,0.012264155568267654
2026-06-24 14:42:32.766877+02:00,25.464,2672.539025,0.011264155568266432
2026-06-24 14:42:33.058838+02:00,25.465,2672.830986,0.012264155568267654
2026-06-24 14:42:33.354096+02:00,25.465,2673.126244,0.012264155568267654
2026-06-24 14:42:33.647421+02:00,25.467,2673.419569,0.014264155568266546
2026-06-24 14:42:33.939780+02:00,25.465,2673.711928,0.012264155568267654
2026-06-24 14:42:34.231788+02:00,25.466,2674.003936,0.013264155568268876
2026-06-24 14:42:34.524185+02:00,25.468,2674.296333,0.015264155568267768
2026-06-24 14:42:34.819114+02:00,25.468,2674.591262,0.015264155568267768
2026-06-24 14:42:35.111764+02:00,25.466,2674.883912,0.013264155568268876
2026-06-24 14:42:35.403417+02:00,25.468,2675.175565,0.015264155568267768
2026-06-24 14:42:35.701948+02:00,25.47,2675.474096,0.01726415556826666
2026-06-24 14:42:35.992933+02:00,25.47,2675.765081,0.01726415556826666
2026-06-24 14:42:36.284051+02:00,25.471,2676.056199,0.01826415556826788
2026-06-24 14:42:36.577559+02:00,25.473,2676.349707,0.020264155568266773
2026-06-24 14:42:36.887384+02:00,25.47,2676.659532,0.01726415556826666
2026-06-24 14:42:37.180819+02:00,25.47,2676.952967,0.01726415556826666
2026-06-24 14:42:37.473670+02:00,25.473,2677.245818,0.020264155568266773
2026-06-24 14:42:37.767589+02:00,25.476,2677.539737,0.023264155568266887
2026-06-24 14:42:38.058684+02:00,25.475,2677.830832,0.022264155568269217
2026-06-24 14:42:38.352379+02:00,25.477,2678.124527,0.02426415556826811
2026-06-24 14:42:38.641151+02:00,25.476,2678.413299,0.023264155568266887
2026-06-24 14:42:38.933436+02:00,25.479,2678.705584,0.026264155568267
2026-06-24 14:42:39.223883+02:00,25.476,2678.996031,0.023264155568266887
2026-06-24 14:42:39.522981+02:00,25.48,2679.295129,0.027264155568268222
2026-06-24 14:42:39.815775+02:00,25.479,2679.587923,0.026264155568267
2026-06-24 14:42:40.118527+02:00,25.478,2679.890675,0.02526415556826933
2026-06-24 14:42:40.416457+02:00,25.477,2680.188605,0.02426415556826811
2026-06-24 14:42:40.706608+02:00,25.48,2680.478756,0.027264155568268222
2026-06-24 14:42:41.001396+02:00,25.48,2680.773544,0.027264155568268222
2026-06-24 14:42:41.296623+02:00,25.481,2681.068771,0.028264155568269445
2026-06-24 14:42:41.586856+02:00,25.483,2681.359004,0.030264155568268336
2026-06-24 14:42:41.880123+02:00,25.483,2681.652271,0.030264155568268336
2026-06-24 14:42:42.170466+02:00,25.481,2681.942614,0.028264155568269445
2026-06-24 14:42:42.465939+02:00,25.483,2682.238087,0.030264155568268336
2026-06-24 14:42:42.763184+02:00,25.484,2682.535332,0.03126415556826956
2026-06-24 14:42:43.057882+02:00,25.485,2682.83003,0.03226415556826723
2026-06-24 14:42:43.348838+02:00,25.486,2683.120986,0.03326415556826845
2026-06-24 14:42:43.640653+02:00,25.489,2683.412801,0.03626415556826856
2026-06-24 14:42:43.939997+02:00,25.486,2683.712145,0.03326415556826845
2026-06-24 14:42:44.229466+02:00,25.486,2684.001614,0.03326415556826845
2026-06-24 14:42:44.522625+02:00,25.488,2684.294773,0.03526415556826734
2026-06-24 14:42:44.815032+02:00,25.489,2684.58718,0.03626415556826856
2026-06-24 14:42:45.107070+02:00,25.49,2684.879218,0.03726415556826623
2026-06-24 14:42:45.407190+02:00,25.491,2685.179338,0.038264155568267455
2026-06-24 14:42:45.702312+02:00,25.489,2685.47446,0.03626415556826856
2026-06-24 14:42:45.992886+02:00,25.489,2685.765034,0.03626415556826856
2026-06-24 14:42:46.287869+02:00,25.491,2686.060017,0.038264155568267455
2026-06-24 14:42:46.586876+02:00,25.49,2686.359024,0.03726415556826623
2026-06-24 14:42:46.884524+02:00,25.488,2686.656672,0.03526415556826734
2026-06-24 14:42:47.176694+02:00,25.493,2686.948842,0.04026415556826635
2026-06-24 14:42:47.466684+02:00,25.492,2687.238832,0.03926415556826868
2026-06-24 14:42:47.759513+02:00,25.492,2687.531661,0.03926415556826868
2026-06-24 14:42:48.057989+02:00,25.492,2687.830137,0.03926415556826868
2026-06-24 14:42:48.355735+02:00,25.493,2688.127883,0.04026415556826635
2026-06-24 14:42:48.652531+02:00,25.497,2688.424679,0.04426415556826768
2026-06-24 14:42:48.943574+02:00,25.499,2688.715722,0.046264155568266574
2026-06-24 14:42:49.236471+02:00,25.496,2689.008619,0.04326415556826646
2026-06-24 14:42:49.530642+02:00,25.496,2689.30279,0.04326415556826646
2026-06-24 14:42:49.822923+02:00,25.497,2689.595071,0.04426415556826768
2026-06-24 14:42:50.120706+02:00,25.496,2689.892854,0.04326415556826646
2026-06-24 14:42:50.413091+02:00,25.497,2690.185239,0.04426415556826768
2026-06-24 14:42:50.709592+02:00,25.496,2690.48174,0.04326415556826646
2026-06-24 14:42:51.005439+02:00,25.497,2690.777587,0.04426415556826768
2026-06-24 14:42:51.297190+02:00,25.502,2691.069338,0.04926415556826669
2026-06-24 14:42:51.594026+02:00,25.5,2691.366174,0.047264155568267796
2026-06-24 14:42:51.885321+02:00,25.499,2691.657469,0.046264155568266574
2026-06-24 14:42:52.177985+02:00,25.5,2691.950133,0.047264155568267796
2026-06-24 14:42:52.468620+02:00,25.501,2692.240768,0.04826415556826902
2026-06-24 14:42:52.768538+02:00,25.502,2692.540686,0.04926415556826669
2026-06-24 14:42:53.066979+02:00,25.502,2692.839127,0.04926415556826669
2026-06-24 14:42:53.357452+02:00,25.503,2693.1296,0.05026415556826791
2026-06-24 14:42:53.649668+02:00,25.502,2693.421816,0.04926415556826669
2026-06-24 14:42:53.947826+02:00,25.504,2693.719974,0.05126415556826913
2026-06-24 14:42:54.244570+02:00,25.504,2694.016718,0.05126415556826913
2026-06-24 14:42:54.536985+02:00,25.505,2694.309133,0.0522641555682668
2026-06-24 14:42:54.829239+02:00,25.505,2694.601387,0.0522641555682668
2026-06-24 14:42:55.120048+02:00,25.505,2694.892196,0.0522641555682668
2026-06-24 14:42:55.409554+02:00,25.504,2695.181702,0.05126415556826913
2026-06-24 14:42:55.701971+02:00,25.508,2695.474119,0.055264155568266915
2026-06-24 14:42:55.993271+02:00,25.507,2695.765419,0.054264155568269246
2026-06-24 14:42:56.283813+02:00,25.509,2696.055961,0.05626415556826814
2026-06-24 14:42:56.576305+02:00,25.509,2696.348453,0.05626415556826814
2026-06-24 14:42:56.870367+02:00,25.509,2696.642515,0.05626415556826814
2026-06-24 14:42:57.161064+02:00,25.509,2696.933212,0.05626415556826814
2026-06-24 14:42:57.461272+02:00,25.51,2697.23342,0.05726415556826936
2026-06-24 14:42:57.759174+02:00,25.51,2697.531322,0.05726415556826936
2026-06-24 14:42:58.057729+02:00,25.51,2697.829877,0.05726415556826936
2026-06-24 14:42:58.353440+02:00,25.511,2698.125588,0.05826415556826703
2026-06-24 14:42:58.646096+02:00,25.514,2698.418244,0.06126415556826714
2026-06-24 14:42:58.950481+02:00,25.513,2698.722629,0.06026415556826947
2026-06-24 14:42:59.240623+02:00,25.512,2699.012771,0.05926415556826825
2026-06-24 14:42:59.532563+02:00,25.515,2699.304711,0.062264155568268365
2026-06-24 14:42:59.837825+02:00,25.514,2699.609973,0.06126415556826714
2026-06-24 14:43:00.130115+02:00,25.516,2699.902263,0.06326415556826603
2026-06-24 14:43:00.421050+02:00,25.514,2700.193198,0.06126415556826714
2026-06-24 14:43:00.715646+02:00,25.517,2700.487794,0.06426415556826726
2026-06-24 14:43:01.005597+02:00,25.516,2700.777745,0.06326415556826603
2026-06-24 14:43:01.296195+02:00,25.517,2701.068343,0.06426415556826726
2026-06-24 14:43:01.598075+02:00,25.518,2701.370223,0.06526415556826848
2026-06-24 14:43:01.889751+02:00,25.518,2701.661899,0.06526415556826848
2026-06-24 14:43:02.183012+02:00,25.52,2701.95516,0.06726415556826737
2026-06-24 14:43:02.479726+02:00,25.519,2702.251874,0.06626415556826615
2026-06-24 14:43:02.774212+02:00,25.521,2702.54636,0.06826415556826859
2026-06-24 14:43:03.065155+02:00,25.52,2702.837303,0.06726415556826737
2026-06-24 14:43:03.356112+02:00,25.52,2703.12826,0.06726415556826737
2026-06-24 14:43:03.650609+02:00,25.519,2703.422757,0.06626415556826615
2026-06-24 14:43:03.941383+02:00,25.52,2703.713531,0.06726415556826737
2026-06-24 14:43:04.237490+02:00,25.524,2704.009638,0.0712641555682687
2026-06-24 14:43:04.529199+02:00,25.524,2704.301347,0.0712641555682687
2026-06-24 14:43:04.824338+02:00,25.526,2704.596486,0.0732641555682676
2026-06-24 14:43:05.116660+02:00,25.525,2704.888808,0.07226415556826637
2026-06-24 14:43:05.416985+02:00,25.522,2705.189133,0.06926415556826626
2026-06-24 14:43:05.716308+02:00,25.526,2705.488456,0.0732641555682676
2026-06-24 14:43:06.009156+02:00,25.522,2705.781304,0.06926415556826626
2026-06-24 14:43:06.302245+02:00,25.524,2706.074393,0.0712641555682687
2026-06-24 14:43:06.592377+02:00,25.527,2706.364525,0.07426415556826882
2026-06-24 14:43:06.884741+02:00,25.527,2706.656889,0.07426415556826882
2026-06-24 14:43:07.181289+02:00,25.524,2706.953437,0.0712641555682687
2026-06-24 14:43:07.476636+02:00,25.527,2707.248784,0.07426415556826882
2026-06-24 14:43:07.769350+02:00,25.528,2707.541498,0.07526415556826649
2026-06-24 14:43:08.067209+02:00,25.529,2707.839357,0.07626415556826771
2026-06-24 14:43:08.361580+02:00,25.531,2708.133728,0.0782641555682666
2026-06-24 14:43:08.652247+02:00,25.531,2708.424395,0.0782641555682666
2026-06-24 14:43:08.942966+02:00,25.531,2708.715114,0.0782641555682666
2026-06-24 14:43:09.232884+02:00,25.532,2709.005032,0.07926415556826782
2026-06-24 14:43:09.525566+02:00,25.535,2709.297714,0.08226415556826794
2026-06-24 14:43:09.818296+02:00,25.534,2709.590444,0.08126415556826672
2026-06-24 14:43:10.110829+02:00,25.535,2709.882977,0.08226415556826794
2026-06-24 14:43:10.404570+02:00,25.533,2710.176718,0.08026415556826905
2026-06-24 14:43:10.703168+02:00,25.534,2710.475316,0.08126415556826672
2026-06-24 14:43:10.995146+02:00,25.537,2710.767294,0.08426415556826683
2026-06-24 14:43:11.288779+02:00,25.539,2711.060927,0.08626415556826927
2026-06-24 14:43:11.582087+02:00,25.536,2711.354235,0.08326415556826916
2026-06-24 14:43:11.880341+02:00,25.54,2711.652489,0.08726415556826694
2026-06-24 14:43:12.173811+02:00,25.539,2711.945959,0.08626415556826927
2026-06-24 14:43:12.468243+02:00,25.54,2712.240391,0.08726415556826694
2026-06-24 14:43:12.763973+02:00,25.542,2712.536121,0.08926415556826939
2026-06-24 14:43:13.063396+02:00,25.543,2712.835544,0.09026415556826706
2026-06-24 14:43:13.354203+02:00,25.544,2713.126351,0.09126415556826828
2026-06-24 14:43:13.645795+02:00,25.544,2713.417943,0.09126415556826828
2026-06-24 14:43:13.934659+02:00,25.543,2713.706807,0.09026415556826706
2026-06-24 14:43:14.227174+02:00,25.544,2713.999322,0.09126415556826828
2026-06-24 14:43:14.518170+02:00,25.546,2714.290318,0.09326415556826717
2026-06-24 14:43:14.808783+02:00,25.544,2714.580931,0.09126415556826828
2026-06-24 14:43:15.105613+02:00,25.546,2714.877761,0.09326415556826717
2026-06-24 14:43:15.400811+02:00,25.549,2715.172959,0.09626415556826728
2026-06-24 14:43:15.706725+02:00,25.548,2715.478873,0.09526415556826606
2026-06-24 14:43:16.006845+02:00,25.55,2715.778993,0.0972641555682685
2026-06-24 14:43:16.307034+02:00,25.55,2716.079182,0.0972641555682685
2026-06-24 14:43:16.607331+02:00,25.548,2716.379479,0.09526415556826606
2026-06-24 14:43:16.904116+02:00,25.55,2716.676264,0.0972641555682685
2026-06-24 14:43:17.197998+02:00,25.551,2716.970146,0.09826415556826618
2026-06-24 14:43:17.487463+02:00,25.551,2717.259611,0.09826415556826618
2026-06-24 14:43:17.780897+02:00,25.552,2717.553045,0.0992641555682674
2026-06-24 14:43:18.075513+02:00,25.554,2717.847661,0.10126415556826629
2026-06-24 14:43:18.371897+02:00,25.554,2718.144045,0.10126415556826629
2026-06-24 14:43:18.662627+02:00,25.555,2718.434775,0.10226415556826751
2026-06-24 14:43:18.953498+02:00,25.555,2718.725646,0.10226415556826751
2026-06-24 14:43:19.245331+02:00,25.558,2719.017479,0.10526415556826763
2026-06-24 14:43:19.544404+02:00,25.556,2719.316552,0.10326415556826873
2026-06-24 14:43:19.847792+02:00,25.558,2719.61994,0.10526415556826763
2026-06-24 14:43:20.143537+02:00,25.558,2719.915685,0.10526415556826763
2026-06-24 14:43:20.443315+02:00,25.558,2720.215463,0.10526415556826763
2026-06-24 14:43:20.742279+02:00,25.56,2720.514427,0.10726415556826652
2026-06-24 14:43:21.039627+02:00,25.56,2720.811775,0.10726415556826652
2026-06-24 14:43:21.338185+02:00,25.563,2721.110333,0.11026415556826663
2026-06-24 14:43:21.643735+02:00,25.563,2721.415883,0.11026415556826663
2026-06-24 14:43:21.936045+02:00,25.564,2721.708193,0.11126415556826785
2026-06-24 14:43:22.227527+02:00,25.564,2721.999675,0.11126415556826785
2026-06-24 14:43:22.520528+02:00,25.565,2722.292676,0.11226415556826908
2026-06-24 14:43:22.812609+02:00,25.567,2722.584757,0.11426415556826797
2026-06-24 14:43:23.111527+02:00,25.569,2722.883675,0.11626415556826686
2026-06-24 14:43:23.400606+02:00,25.568,2723.172754,0.11526415556826919
2026-06-24 14:43:23.693344+02:00,25.566,2723.465492,0.11326415556826674
2026-06-24 14:43:23.985691+02:00,25.57,2723.757839,0.11726415556826808
2026-06-24 14:43:24.277929+02:00,25.567,2724.050077,0.11426415556826797
2026-06-24 14:43:24.569649+02:00,25.569,2724.341797,0.11626415556826686
2026-06-24 14:43:24.862450+02:00,25.57,2724.634598,0.11726415556826808
2026-06-24 14:43:25.152146+02:00,25.569,2724.924294,0.11626415556826686
2026-06-24 14:43:25.442900+02:00,25.577,2725.215048,0.12426415556826953
2026-06-24 14:43:25.737333+02:00,25.577,2725.509481,0.12426415556826953
2026-06-24 14:43:26.028432+02:00,25.576,2725.80058,0.12326415556826831
2026-06-24 14:43:26.329462+02:00,25.575,2726.10161,0.12226415556826709
2026-06-24 14:43:26.630331+02:00,25.576,2726.402479,0.12326415556826831
2026-06-24 14:43:26.921041+02:00,25.576,2726.693189,0.12326415556826831
2026-06-24 14:43:27.213116+02:00,25.577,2726.985264,0.12426415556826953
2026-06-24 14:43:27.501725+02:00,25.577,2727.273873,0.12426415556826953
2026-06-24 14:43:27.797408+02:00,25.579,2727.569556,0.12626415556826842
2026-06-24 14:43:28.096542+02:00,25.58,2727.86869,0.1272641555682661
2026-06-24 14:43:28.387243+02:00,25.581,2728.159391,0.1282641555682673
2026-06-24 14:43:28.678164+02:00,25.581,2728.450312,0.1282641555682673
2026-06-24 14:43:28.972720+02:00,25.581,2728.744868,0.1282641555682673
2026-06-24 14:43:29.267671+02:00,25.582,2729.039819,0.12926415556826854
2026-06-24 14:43:29.560042+02:00,25.584,2729.33219,0.13126415556826743
2026-06-24 14:43:29.858076+02:00,25.585,2729.630224,0.13226415556826865
2026-06-24 14:43:30.148572+02:00,25.585,2729.92072,0.13226415556826865
2026-06-24 14:43:30.441265+02:00,25.586,2730.213413,0.13326415556826632
2026-06-24 14:43:30.735585+02:00,25.586,2730.507733,0.13326415556826632
2026-06-24 14:43:31.026116+02:00,25.587,2730.798264,0.13426415556826754
2026-06-24 14:43:31.324816+02:00,25.587,2731.096964,0.13426415556826754
2026-06-24 14:43:31.614297+02:00,25.588,2731.386445,0.13526415556826876
2026-06-24 14:43:31.905880+02:00,25.588,2731.678028,0.13526415556826876
2026-06-24 14:43:32.198847+02:00,25.588,2731.970995,0.13526415556826876
2026-06-24 14:43:32.495497+02:00,25.59,2732.267645,0.13726415556826765
2026-06-24 14:43:32.794208+02:00,25.591,2732.566356,0.13826415556826888
2026-06-24 14:43:33.085474+02:00,25.592,2732.857622,0.13926415556826655
2026-06-24 14:43:33.377767+02:00,25.593,2733.149915,0.14026415556826777
2026-06-24 14:43:33.669537+02:00,25.591,2733.441685,0.13826415556826888
2026-06-24 14:43:33.963504+02:00,25.589,2733.735652,0.13626415556826643
2026-06-24 14:43:34.257937+02:00,25.592,2734.030085,0.13926415556826655
2026-06-24 14:43:34.549740+02:00,25.592,2734.321888,0.13926415556826655
2026-06-24 14:43:34.845222+02:00,25.593,2734.61737,0.14026415556826777
2026-06-24 14:43:35.147528+02:00,25.595,2734.919676,0.14226415556826666
2026-06-24 14:43:35.445060+02:00,25.594,2735.217208,0.141264155568269
2026-06-24 14:43:35.740828+02:00,25.596,2735.512976,0.14326415556826788
2026-06-24 14:43:36.037478+02:00,25.595,2735.809626,0.14226415556826666
2026-06-24 14:43:36.333110+02:00,25.595,2736.105258,0.14226415556826666
2026-06-24 14:43:36.622499+02:00,25.597,2736.394647,0.1442641555682691
2026-06-24 14:43:36.914868+02:00,25.598,2736.687016,0.14526415556826677
2026-06-24 14:43:37.207937+02:00,25.598,2736.980085,0.14526415556826677
2026-06-24 14:43:37.501427+02:00,25.601,2737.273575,0.1482641555682669
2026-06-24 14:43:37.797537+02:00,25.603,2737.569685,0.15026415556826933
2026-06-24 14:43:38.094188+02:00,25.605,2737.866336,0.15226415556826822
2026-06-24 14:43:38.383127+02:00,25.602,2738.155275,0.1492641555682681
2026-06-24 14:43:38.674844+02:00,25.601,2738.446992,0.1482641555682669
2026-06-24 14:43:38.968724+02:00,25.602,2738.740872,0.1492641555682681
2026-06-24 14:43:39.263714+02:00,25.602,2739.035862,0.1492641555682681
2026-06-24 14:43:39.557294+02:00,25.603,2739.329442,0.15026415556826933
2026-06-24 14:43:39.853235+02:00,25.602,2739.625383,0.1492641555682681
2026-06-24 14:43:40.144232+02:00,25.604,2739.91638,0.151264155568267
2026-06-24 14:43:40.438168+02:00,25.607,2740.210316,0.15426415556826711
2026-06-24 14:43:40.740928+02:00,25.607,2740.513076,0.15426415556826711
2026-06-24 14:43:41.037376+02:00,25.606,2740.809524,0.15326415556826944
2026-06-24 14:43:41.332299+02:00,25.607,2741.104447,0.15426415556826711
2026-06-24 14:43:41.620618+02:00,25.606,2741.392766,0.15326415556826944
2026-06-24 14:43:41.914821+02:00,25.608,2741.686969,0.15526415556826834
2026-06-24 14:43:42.204055+02:00,25.609,2741.976203,0.15626415556826956
2026-06-24 14:43:42.505070+02:00,25.609,2742.277218,0.15626415556826956
2026-06-24 14:43:42.797584+02:00,25.613,2742.569732,0.16026415556826734
2026-06-24 14:43:43.087376+02:00,25.61,2742.859524,0.15726415556826723
2026-06-24 14:43:43.379014+02:00,25.612,2743.151162,0.15926415556826612
2026-06-24 14:43:43.675075+02:00,25.612,2743.447223,0.15926415556826612
2026-06-24 14:43:43.965557+02:00,25.615,2743.737705,0.16226415556826623
2026-06-24 14:43:44.266683+02:00,25.617,2744.038831,0.16426415556826868
2026-06-24 14:43:44.557096+02:00,25.616,2744.329244,0.16326415556826746
2026-06-24 14:43:44.849043+02:00,25.617,2744.621191,0.16426415556826868
2026-06-24 14:43:45.141509+02:00,25.618,2744.913657,0.16526415556826635
2026-06-24 14:43:45.432713+02:00,25.619,2745.204861,0.16626415556826757
2026-06-24 14:43:45.725829+02:00,25.619,2745.497977,0.16626415556826757
2026-06-24 14:43:46.021064+02:00,25.621,2745.793212,0.16826415556826646
2026-06-24 14:43:46.321002+02:00,25.62,2746.09315,0.1672641555682688
2026-06-24 14:43:46.611087+02:00,25.619,2746.383235,0.16626415556826757
2026-06-24 14:43:46.904039+02:00,25.621,2746.676187,0.16826415556826646
2026-06-24 14:43:47.198070+02:00,25.621,2746.970218,0.16826415556826646
2026-06-24 14:43:47.492707+02:00,25.623,2747.264855,0.1702641555682689
2026-06-24 14:43:47.790890+02:00,25.623,2747.563038,0.1702641555682689
2026-06-24 14:43:48.082040+02:00,25.626,2747.854188,0.17326415556826902
2026-06-24 14:43:48.375347+02:00,25.627,2748.147495,0.1742641555682667
2026-06-24 14:43:48.667705+02:00,25.628,2748.439853,0.1752641555682679
2026-06-24 14:43:48.959772+02:00,25.629,2748.73192,0.17626415556826913
2026-06-24 14:43:49.253199+02:00,25.627,2749.025347,0.1742641555682667
2026-06-24 14:43:49.549558+02:00,25.629,2749.321706,0.17626415556826913
2026-06-24 14:43:49.851709+02:00,25.63,2749.623857,0.1772641555682668
2026-06-24 14:43:50.141804+02:00,25.631,2749.913952,0.17826415556826802
2026-06-24 14:43:50.434020+02:00,25.631,2750.206168,0.17826415556826802
2026-06-24 14:43:50.727261+02:00,25.631,2750.499409,0.17826415556826802
2026-06-24 14:43:51.018724+02:00,25.632,2750.790872,0.17926415556826925
2026-06-24 14:43:51.310590+02:00,25.632,2751.082738,0.17926415556826925
2026-06-24 14:43:51.602232+02:00,25.634,2751.37438,0.18126415556826814
2026-06-24 14:43:51.893599+02:00,25.634,2751.665747,0.18126415556826814
2026-06-24 14:43:52.187188+02:00,25.634,2751.959336,0.18126415556826814
2026-06-24 14:43:52.479940+02:00,25.635,2752.252088,0.18226415556826936
2026-06-24 14:43:52.769455+02:00,25.636,2752.541603,0.18326415556826703
2026-06-24 14:43:53.060063+02:00,25.637,2752.832211,0.18426415556826825
2026-06-24 14:43:53.355491+02:00,25.637,2753.127639,0.18426415556826825
2026-06-24 14:43:53.651048+02:00,25.636,2753.423196,0.18326415556826703
2026-06-24 14:43:53.950676+02:00,25.641,2753.722824,0.18826415556826603
2026-06-24 14:43:54.248316+02:00,25.642,2754.020464,0.18926415556826726
2026-06-24 14:43:54.551189+02:00,25.64,2754.323337,0.18726415556826836
2026-06-24 14:43:54.849966+02:00,25.641,2754.622114,0.18826415556826603
2026-06-24 14:43:55.141156+02:00,25.641,2754.913304,0.18826415556826603
2026-06-24 14:43:55.433632+02:00,25.643,2755.20578,0.19026415556826848
2026-06-24 14:43:55.732437+02:00,25.643,2755.504585,0.19026415556826848
2026-06-24 14:43:56.027686+02:00,25.641,2755.799834,0.18826415556826603
2026-06-24 14:43:56.321592+02:00,25.643,2756.09374,0.19026415556826848
2026-06-24 14:43:56.612466+02:00,25.642,2756.384614,0.18926415556826726
2026-06-24 14:43:56.906779+02:00,25.647,2756.678927,0.19426415556826626
2026-06-24 14:43:57.200776+02:00,25.647,2756.972924,0.19426415556826626
2026-06-24 14:43:57.498896+02:00,25.649,2757.271044,0.1962641555682687
2026-06-24 14:43:57.800180+02:00,25.648,2757.572328,0.19526415556826748
2026-06-24 14:43:58.097815+02:00,25.652,2757.869963,0.19926415556826882
2026-06-24 14:43:58.398229+02:00,25.652,2758.170377,0.19926415556826882
2026-06-24 14:43:58.688212+02:00,25.652,2758.46036,0.19926415556826882
2026-06-24 14:43:58.979868+02:00,25.652,2758.752016,0.19926415556826882
2026-06-24 14:43:59.279472+02:00,25.652,2759.05162,0.19926415556826882
2026-06-24 14:43:59.570351+02:00,25.654,2759.342499,0.2012641555682677
2026-06-24 14:43:59.863400+02:00,25.654,2759.635548,0.2012641555682677
2026-06-24 14:44:00.154418+02:00,25.655,2759.926566,0.20226415556826893
2026-06-24 14:44:00.445644+02:00,25.658,2760.217792,0.20526415556826905
2026-06-24 14:44:00.741783+02:00,25.658,2760.513931,0.20526415556826905
2026-06-24 14:44:01.042391+02:00,25.657,2760.814539,0.20426415556826782
2026-06-24 14:44:01.336337+02:00,25.659,2761.108485,0.20626415556826672
2026-06-24 14:44:01.627283+02:00,25.661,2761.399431,0.20826415556826916
2026-06-24 14:44:01.919505+02:00,25.659,2761.691653,0.20626415556826672
2026-06-24 14:44:02.211486+02:00,25.659,2761.983634,0.20626415556826672
2026-06-24 14:44:02.501707+02:00,25.661,2762.273855,0.20826415556826916
2026-06-24 14:44:02.792592+02:00,25.661,2762.56474,0.20826415556826916
2026-06-24 14:44:03.094533+02:00,25.662,2762.866681,0.20926415556826683
2026-06-24 14:44:03.393624+02:00,25.661,2763.165772,0.20826415556826916
2026-06-24 14:44:03.684890+02:00,25.664,2763.457038,0.21126415556826927
2026-06-24 14:44:03.985078+02:00,25.663,2763.757226,0.21026415556826805
2026-06-24 14:44:04.279328+02:00,25.663,2764.051476,0.21026415556826805
2026-06-24 14:44:04.570136+02:00,25.665,2764.342284,0.21226415556826694
2026-06-24 14:44:04.862598+02:00,25.668,2764.634746,0.21526415556826706
2026-06-24 14:44:05.160686+02:00,25.669,2764.932834,0.21626415556826828
2026-06-24 14:44:05.454590+02:00,25.67,2765.226738,0.2172641555682695
2026-06-24 14:44:05.746080+02:00,25.67,2765.518228,0.2172641555682695
2026-06-24 14:44:06.038255+02:00,25.67,2765.810403,0.2172641555682695
2026-06-24 14:44:06.331826+02:00,25.671,2766.103974,0.21826415556826717
2026-06-24 14:44:06.627297+02:00,25.67,2766.399445,0.2172641555682695
2026-06-24 14:44:06.930652+02:00,25.673,2766.7028,0.22026415556826606
2026-06-24 14:44:07.222637+02:00,25.674,2766.994785,0.22126415556826728
2026-06-24 14:44:07.515385+02:00,25.674,2767.287533,0.22126415556826728
2026-06-24 14:44:07.809998+02:00,25.673,2767.582146,0.22026415556826606
2026-06-24 14:44:08.098758+02:00,25.676,2767.870906,0.22326415556826618
2026-06-24 14:44:08.389601+02:00,25.677,2768.161749,0.2242641555682674
2026-06-24 14:44:08.680198+02:00,25.677,2768.452346,0.2242641555682674
2026-06-24 14:44:08.972773+02:00,25.677,2768.744921,0.2242641555682674
2026-06-24 14:44:09.264261+02:00,25.678,2769.036409,0.22526415556826862
2026-06-24 14:44:09.569575+02:00,25.676,2769.341723,0.22326415556826618
2026-06-24 14:44:09.867762+02:00,25.679,2769.63991,0.2262641555682663
2026-06-24 14:44:10.164908+02:00,25.678,2769.937056,0.22526415556826862
2026-06-24 14:44:10.467163+02:00,25.678,2770.239311,0.22526415556826862
2026-06-24 14:44:10.766204+02:00,25.68,2770.538352,0.2272641555682675
2026-06-24 14:44:11.060815+02:00,25.68,2770.832963,0.2272641555682675
2026-06-24 14:44:11.357695+02:00,25.683,2771.129843,0.23026415556826763
2026-06-24 14:44:11.657021+02:00,25.683,2771.429169,0.23026415556826763
2026-06-24 14:44:11.946947+02:00,25.684,2771.719095,0.23126415556826885
2026-06-24 14:44:12.236158+02:00,25.684,2772.008306,0.23126415556826885
2026-06-24 14:44:12.529863+02:00,25.684,2772.302011,0.23126415556826885
2026-06-24 14:44:12.821947+02:00,25.686,2772.594095,0.23326415556826774
2026-06-24 14:44:13.111314+02:00,25.684,2772.883462,0.23126415556826885
2026-06-24 14:44:13.402531+02:00,25.685,2773.174679,0.23226415556826652
2026-06-24 14:44:13.697027+02:00,25.686,2773.469175,0.23326415556826774
2026-06-24 14:44:14.000841+02:00,25.688,2773.772989,0.23526415556826663
2026-06-24 14:44:14.295124+02:00,25.689,2774.067272,0.23626415556826785
2026-06-24 14:44:14.589219+02:00,25.689,2774.361367,0.23626415556826785
2026-06-24 14:44:14.879987+02:00,25.691,2774.652135,0.23826415556826674
2026-06-24 14:44:15.173444+02:00,25.69,2774.945592,0.23726415556826908
2026-06-24 14:44:15.463782+02:00,25.69,2775.23593,0.23726415556826908
2026-06-24 14:44:15.756410+02:00,25.692,2775.528558,0.23926415556826797
2026-06-24 14:44:16.048110+02:00,25.691,2775.820258,0.23826415556826674
2026-06-24 14:44:16.347397+02:00,25.691,2776.119545,0.23826415556826674
2026-06-24 14:44:16.640124+02:00,25.693,2776.412272,0.2402641555682692
2026-06-24 14:44:16.936909+02:00,25.694,2776.709057,0.24126415556826686
2026-06-24 14:44:17.233556+02:00,25.694,2777.005704,0.24126415556826686
2026-06-24 14:44:17.522872+02:00,25.7,2777.29502,0.24726415556826709
2026-06-24 14:44:17.814431+02:00,25.699,2777.586579,0.24626415556826942
2026-06-24 14:44:18.106493+02:00,25.699,2777.878641,0.24626415556826942
2026-06-24 14:44:18.396169+02:00,25.7,2778.168317,0.24726415556826709
2026-06-24 14:44:18.687578+02:00,25.699,2778.459726,0.24626415556826942
2026-06-24 14:44:18.980729+02:00,25.7,2778.752877,0.24726415556826709
2026-06-24 14:44:19.270759+02:00,25.7,2779.042907,0.24726415556826709
2026-06-24 14:44:19.566660+02:00,25.705,2779.338808,0.2522641555682661
2026-06-24 14:44:19.860658+02:00,25.704,2779.632806,0.2512641555682684
2026-06-24 14:44:20.152807+02:00,25.706,2779.924955,0.2532641555682673
2026-06-24 14:44:20.444209+02:00,25.707,2780.216357,0.25426415556826854
2026-06-24 14:44:20.735776+02:00,25.706,2780.507924,0.2532641555682673
2026-06-24 14:44:21.027291+02:00,25.71,2780.799439,0.25726415556826865
2026-06-24 14:44:21.320706+02:00,25.71,2781.092854,0.25726415556826865
2026-06-24 14:44:21.618439+02:00,25.711,2781.390587,0.2582641555682663
2026-06-24 14:44:21.916389+02:00,25.712,2781.688537,0.25926415556826754
2026-06-24 14:44:22.211700+02:00,25.714,2781.983848,0.26126415556826643
2026-06-24 14:44:22.504157+02:00,25.706,2782.276305,0.2532641555682673
2026-06-24 14:44:22.794114+02:00,25.711,2782.566262,0.2582641555682663
2026-06-24 14:44:23.088355+02:00,25.714,2782.860503,0.26126415556826643
2026-06-24 14:44:23.378110+02:00,25.714,2783.150258,0.26126415556826643
2026-06-24 14:44:23.669380+02:00,25.713,2783.441528,0.26026415556826876
2026-06-24 14:44:23.960249+02:00,25.713,2783.732397,0.26026415556826876
2026-06-24 14:44:24.257442+02:00,25.717,2784.02959,0.26426415556826655
2026-06-24 14:44:24.552056+02:00,25.718,2784.324204,0.26526415556826777
2026-06-24 14:44:24.842642+02:00,25.716,2784.61479,0.2632641555682689
2026-06-24 14:44:25.134533+02:00,25.719,2784.906681,0.266264155568269
2026-06-24 14:44:25.424661+02:00,25.72,2785.196809,0.26726415556826666
2026-06-24 14:44:25.720256+02:00,25.719,2785.492404,0.266264155568269
2026-06-24 14:44:26.009446+02:00,25.72,2785.781594,0.26726415556826666
2026-06-24 14:44:26.300677+02:00,25.721,2786.072825,0.2682641555682679
2026-06-24 14:44:26.595140+02:00,25.723,2786.367288,0.2702641555682668
2026-06-24 14:44:26.886949+02:00,25.722,2786.659097,0.2692641555682691
2026-06-24 14:44:27.181095+02:00,25.725,2786.953243,0.2722641555682692
2026-06-24 14:44:27.472498+02:00,25.726,2787.244646,0.2732641555682669
2026-06-24 14:44:27.763610+02:00,25.724,2787.535758,0.271264155568268
2026-06-24 14:44:28.061758+02:00,25.726,2787.833906,0.2732641555682669
2026-06-24 14:44:28.355812+02:00,25.726,2788.12796,0.2732641555682669
2026-06-24 14:44:28.646420+02:00,25.725,2788.418568,0.2722641555682692
2026-06-24 14:44:28.941808+02:00,25.726,2788.713956,0.2732641555682669
2026-06-24 14:44:29.234191+02:00,25.727,2789.006339,0.2742641555682681
2026-06-24 14:44:29.534468+02:00,25.728,2789.306616,0.27526415556826933
2026-06-24 14:44:29.830830+02:00,25.728,2789.602978,0.27526415556826933
2026-06-24 14:44:30.120994+02:00,25.729,2789.893142,0.276264155568267
2026-06-24 14:44:30.416078+02:00,25.728,2790.188226,0.27526415556826933
2026-06-24 14:44:30.711908+02:00,25.731,2790.484056,0.27826415556826944
2026-06-24 14:44:31.004699+02:00,25.732,2790.776847,0.2792641555682671
2026-06-24 14:44:31.296590+02:00,25.733,2791.068738,0.28026415556826834
2026-06-24 14:44:31.585852+02:00,25.735,2791.358,0.2822641555682672
2026-06-24 14:44:31.884223+02:00,25.735,2791.656371,0.2822641555682672
2026-06-24 14:44:32.183053+02:00,25.737,2791.955201,0.2842641555682661
2026-06-24 14:44:32.473757+02:00,25.736,2792.245905,0.28326415556826845
2026-06-24 14:44:32.768290+02:00,25.739,2792.540438,0.28626415556826856
2026-06-24 14:44:33.064440+02:00,25.741,2792.836588,0.28826415556826746
2026-06-24 14:44:33.354781+02:00,25.738,2793.126929,0.28526415556826734
2026-06-24 14:44:33.646075+02:00,25.74,2793.418223,0.28726415556826623
2026-06-24 14:44:33.940027+02:00,25.737,2793.712175,0.2842641555682661
2026-06-24 14:44:34.231753+02:00,25.737,2794.003901,0.2842641555682661
2026-06-24 14:44:34.527471+02:00,25.74,2794.299619,0.28726415556826623
2026-06-24 14:44:34.818726+02:00,25.742,2794.590874,0.2892641555682687
2026-06-24 14:44:35.118507+02:00,25.742,2794.890655,0.2892641555682687
2026-06-24 14:44:35.413160+02:00,25.742,2795.185308,0.2892641555682687
2026-06-24 14:44:35.702127+02:00,25.743,2795.474275,0.29026415556826635
2026-06-24 14:44:35.995227+02:00,25.747,2795.767375,0.2942641555682677
2026-06-24 14:44:36.290970+02:00,25.747,2796.063118,0.2942641555682677
2026-06-24 14:44:36.582228+02:00,25.748,2796.354376,0.2952641555682689
2026-06-24 14:44:36.878786+02:00,25.75,2796.650934,0.2972641555682678
2026-06-24 14:44:37.175384+02:00,25.748,2796.947532,0.2952641555682689
2026-06-24 14:44:37.469146+02:00,25.748,2797.241294,0.2952641555682689
2026-06-24 14:44:37.759491+02:00,25.75,2797.531639,0.2972641555682678
2026-06-24 14:44:38.049252+02:00,25.751,2797.8214,0.298264155568269
2026-06-24 14:44:38.344296+02:00,25.75,2798.116444,0.2972641555682678
2026-06-24 14:44:38.633760+02:00,25.751,2798.405908,0.298264155568269
2026-06-24 14:44:38.934407+02:00,25.754,2798.706555,0.30126415556826913
2026-06-24 14:44:39.225021+02:00,25.756,2798.997169,0.303264155568268
2026-06-24 14:44:39.516769+02:00,25.756,2799.288917,0.303264155568268
2026-06-24 14:44:39.818288+02:00,25.754,2799.590436,0.30126415556826913
2026-06-24 14:44:40.110659+02:00,25.757,2799.882807,0.30426415556826925
2026-06-24 14:44:40.401688+02:00,25.755,2800.173836,0.3022641555682668
2026-06-24 14:44:40.692344+02:00,25.755,2800.464492,0.3022641555682668
2026-06-24 14:44:40.984436+02:00,25.756,2800.756584,0.303264155568268
2026-06-24 14:44:41.276026+02:00,25.755,2801.048174,0.3022641555682668
2026-06-24 14:44:41.569180+02:00,25.758,2801.341328,0.3052641555682669
2026-06-24 14:44:41.861979+02:00,25.76,2801.634127,0.30726415556826936
2026-06-24 14:44:42.154072+02:00,25.758,2801.92622,0.3052641555682669
2026-06-24 14:44:42.446464+02:00,25.76,2802.218612,0.30726415556826936
2026-06-24 14:44:42.742129+02:00,25.758,2802.514277,0.3052641555682669
2026-06-24 14:44:43.032924+02:00,25.76,2802.805072,0.30726415556826936
2026-06-24 14:44:43.323229+02:00,25.762,2803.095377,0.30926415556826825
2026-06-24 14:44:43.615860+02:00,25.761,2803.388008,0.30826415556826703
2026-06-24 14:44:43.908282+02:00,25.761,2803.68043,0.30826415556826703
2026-06-24 14:44:44.200239+02:00,25.762,2803.972387,0.30926415556826825
2026-06-24 14:44:44.490333+02:00,25.764,2804.262481,0.31126415556826714
2026-06-24 14:44:44.785191+02:00,25.765,2804.557339,0.31226415556826836
2026-06-24 14:44:45.077114+02:00,25.766,2804.849262,0.31326415556826603
2026-06-24 14:44:45.367978+02:00,25.765,2805.140126,0.31226415556826836
2026-06-24 14:44:45.667417+02:00,25.767,2805.439565,0.31426415556826726
2026-06-24 14:44:45.960527+02:00,25.767,2805.732675,0.31426415556826726
2026-06-24 14:44:46.252035+02:00,25.768,2806.024183,0.3152641555682685
2026-06-24 14:44:46.546546+02:00,25.771,2806.318694,0.3182641555682686
2026-06-24 14:44:46.844886+02:00,25.771,2806.617034,0.3182641555682686
2026-06-24 14:44:47.136248+02:00,25.769,2806.908396,0.31626415556826615
2026-06-24 14:44:47.428386+02:00,25.77,2807.200534,0.31726415556826737
2026-06-24 14:44:47.720668+02:00,25.772,2807.492816,0.31926415556826626
2026-06-24 14:44:48.015232+02:00,25.772,2807.78738,0.31926415556826626
2026-06-24 14:44:48.305561+02:00,25.773,2808.077709,0.3202641555682675
2026-06-24 14:44:48.594493+02:00,25.771,2808.366641,0.3182641555682686
2026-06-24 14:44:48.889574+02:00,25.774,2808.661722,0.3212641555682687
2026-06-24 14:44:49.183102+02:00,25.775,2808.95525,0.3222641555682664
2026-06-24 14:44:49.482792+02:00,25.775,2809.25494,0.3222641555682664
2026-06-24 14:44:49.779194+02:00,25.773,2809.551342,0.3202641555682675
2026-06-24 14:44:50.069467+02:00,25.776,2809.841615,0.3232641555682676
2026-06-24 14:44:50.361214+02:00,25.778,2810.133362,0.3252641555682665
2026-06-24 14:44:50.651405+02:00,25.777,2810.423553,0.3242641555682688
2026-06-24 14:44:50.944727+02:00,25.777,2810.716875,0.3242641555682688
2026-06-24 14:44:51.237892+02:00,25.779,2811.01004,0.3262641555682677
2026-06-24 14:44:51.531316+02:00,25.779,2811.303464,0.3262641555682677
2026-06-24 14:44:51.827489+02:00,25.779,2811.599637,0.3262641555682677
2026-06-24 14:44:52.131081+02:00,25.779,2811.903229,0.3262641555682677
2026-06-24 14:44:52.430387+02:00,25.781,2812.202535,0.3282641555682666
2026-06-24 14:44:52.723550+02:00,25.782,2812.495698,0.3292641555682678
2026-06-24 14:44:53.025889+02:00,25.783,2812.798037,0.33026415556826905
2026-06-24 14:44:53.322073+02:00,25.786,2813.094221,0.33326415556826916
2026-06-24 14:44:53.614964+02:00,25.783,2813.387112,0.33026415556826905
2026-06-24 14:44:53.906810+02:00,25.783,2813.678958,0.33026415556826905
2026-06-24 14:44:54.196823+02:00,25.786,2813.968971,0.33326415556826916
2026-06-24 14:44:54.487370+02:00,25.784,2814.259518,0.3312641555682667
2026-06-24 14:44:54.784757+02:00,25.786,2814.556905,0.33326415556826916
2026-06-24 14:44:55.074894+02:00,25.788,2814.847042,0.33526415556826805
2026-06-24 14:44:55.376780+02:00,25.789,2815.148928,0.3362641555682693
2026-06-24 14:44:55.670828+02:00,25.79,2815.442976,0.33726415556826694
2026-06-24 14:44:55.963052+02:00,25.789,2815.7352,0.3362641555682693
2026-06-24 14:44:56.256661+02:00,25.793,2816.028809,0.34026415556826706
2026-06-24 14:44:56.548550+02:00,25.793,2816.320698,0.34026415556826706
2026-06-24 14:44:56.838247+02:00,25.793,2816.610395,0.34026415556826706
2026-06-24 14:44:57.133356+02:00,25.793,2816.905504,0.34026415556826706
2026-06-24 14:44:57.431736+02:00,25.794,2817.203884,0.3412641555682683
2026-06-24 14:44:57.722014+02:00,25.794,2817.494162,0.3412641555682683
2026-06-24 14:44:58.022731+02:00,25.795,2817.794879,0.3422641555682695
2026-06-24 14:44:58.326317+02:00,25.796,2818.098465,0.34326415556826717
2026-06-24 14:44:58.617517+02:00,25.796,2818.389665,0.34326415556826717
2026-06-24 14:44:58.913242+02:00,25.796,2818.68539,0.34326415556826717
2026-06-24 14:44:59.203224+02:00,25.796,2818.975372,0.34326415556826717
2026-06-24 14:44:59.496100+02:00,25.8,2819.268248,0.3472641555682685
2026-06-24 14:44:59.790091+02:00,25.796,2819.562239,0.34326415556826717
2026-06-24 14:45:00.082784+02:00,25.801,2819.854932,0.3482641555682662
2026-06-24 14:45:00.376480+02:00,25.799,2820.148628,0.3462641555682673
2026-06-24 14:45:00.668518+02:00,25.802,2820.440666,0.3492641555682674
2026-06-24 14:45:00.969819+02:00,25.8,2820.741967,0.3472641555682685
2026-06-24 14:45:01.262590+02:00,25.803,2821.034738,0.3502641555682686
2026-06-24 14:45:01.554429+02:00,25.802,2821.326577,0.3492641555682674
2026-06-24 14:45:01.849233+02:00,25.803,2821.621381,0.3502641555682686
2026-06-24 14:45:02.142473+02:00,25.803,2821.914621,0.3502641555682686
2026-06-24 14:45:02.434976+02:00,25.804,2822.207124,0.3512641555682663
2026-06-24 14:45:02.728486+02:00,25.805,2822.500634,0.3522641555682675
2026-06-24 14:45:03.022786+02:00,25.805,2822.794934,0.3522641555682675
2026-06-24 14:45:03.313770+02:00,25.806,2823.085918,0.35326415556826873
2026-06-24 14:45:03.606001+02:00,25.808,2823.378149,0.3552641555682676
2026-06-24 14:45:03.897191+02:00,25.809,2823.669339,0.35626415556826885
2026-06-24 14:45:04.191162+02:00,25.81,2823.96331,0.3572641555682665
2026-06-24 14:45:04.490878+02:00,25.81,2824.263026,0.3572641555682665
2026-06-24 14:45:04.783631+02:00,25.81,2824.555779,0.3572641555682665
2026-06-24 14:45:05.073610+02:00,25.812,2824.845758,0.35926415556826896
2026-06-24 14:45:05.367150+02:00,25.813,2825.139298,0.36026415556826663
2026-06-24 14:45:05.657557+02:00,25.812,2825.429705,0.35926415556826896
2026-06-24 14:45:05.949786+02:00,25.812,2825.721934,0.35926415556826896
2026-06-24 14:45:06.240566+02:00,25.815,2826.012714,0.3622641555682691
2026-06-24 14:45:06.532699+02:00,25.814,2826.304847,0.36126415556826785
2026-06-24 14:45:06.823806+02:00,25.814,2826.595954,0.36126415556826785
2026-06-24 14:45:07.119269+02:00,25.812,2826.891417,0.35926415556826896
2026-06-24 14:45:07.411221+02:00,25.812,2827.183369,0.35926415556826896
2026-06-24 14:45:07.710866+02:00,25.814,2827.483014,0.36126415556826785
2026-06-24 14:45:08.004817+02:00,25.814,2827.776965,0.36126415556826785
2026-06-24 14:45:08.301784+02:00,25.815,2828.073932,0.3622641555682691
2026-06-24 14:45:08.593587+02:00,25.818,2828.365735,0.3652641555682692
2026-06-24 14:45:08.884004+02:00,25.819,2828.656152,0.36626415556826686
2026-06-24 14:45:09.181894+02:00,25.817,2828.954042,0.36426415556826797
2026-06-24 14:45:09.477174+02:00,25.818,2829.249322,0.3652641555682692
2026-06-24 14:45:09.765941+02:00,25.821,2829.538089,0.3682641555682693
2026-06-24 14:45:10.060343+02:00,25.821,2829.832491,0.3682641555682693
2026-06-24 14:45:10.358930+02:00,25.82,2830.131078,0.3672641555682681
2026-06-24 14:45:10.660327+02:00,25.821,2830.432475,0.3682641555682693
2026-06-24 14:45:10.951571+02:00,25.818,2830.723719,0.3652641555682692
2026-06-24 14:45:11.244271+02:00,25.82,2831.016419,0.3672641555682681
2026-06-24 14:45:11.533777+02:00,25.822,2831.305925,0.36926415556826697
2026-06-24 14:45:11.825070+02:00,25.822,2831.597218,0.36926415556826697
2026-06-24 14:45:12.118017+02:00,25.823,2831.890165,0.3702641555682682
2026-06-24 14:45:12.407682+02:00,25.827,2832.17983,0.37426415556826953
2026-06-24 14:45:12.700681+02:00,25.826,2832.472829,0.3732641555682683
2026-06-24 14:45:13.001080+02:00,25.828,2832.773228,0.3752641555682672
2026-06-24 14:45:13.297059+02:00,25.829,2833.069207,0.3762641555682684
2026-06-24 14:45:13.594566+02:00,25.829,2833.366714,0.3762641555682684
2026-06-24 14:45:13.891077+02:00,25.83,2833.663225,0.3772641555682661
2026-06-24 14:45:14.197545+02:00,25.83,2833.969693,0.3772641555682661
2026-06-24 14:45:14.486988+02:00,25.83,2834.259136,0.3772641555682661
2026-06-24 14:45:14.780741+02:00,25.833,2834.552889,0.3802641555682662
2026-06-24 14:45:15.071252+02:00,25.832,2834.8434,0.37926415556826854
2026-06-24 14:45:15.370697+02:00,25.835,2835.142845,0.38226415556826865
2026-06-24 14:45:15.661941+02:00,25.835,2835.434089,0.38226415556826865
2026-06-24 14:45:15.951350+02:00,25.834,2835.723498,0.3812641555682674
2026-06-24 14:45:16.253127+02:00,25.836,2836.025275,0.3832641555682663
2026-06-24 14:45:16.548345+02:00,25.834,2836.320493,0.3812641555682674
2026-06-24 14:45:16.840589+02:00,25.833,2836.612737,0.3802641555682662
2026-06-24 14:45:17.132456+02:00,25.836,2836.904604,0.3832641555682663
2026-06-24 14:45:17.426732+02:00,25.838,2837.19888,0.38526415556826876
2026-06-24 14:45:17.717579+02:00,25.837,2837.489727,0.38426415556826754
2026-06-24 14:45:18.009632+02:00,25.837,2837.78178,0.38426415556826754
2026-06-24 14:45:18.300742+02:00,25.838,2838.07289,0.38526415556826876
2026-06-24 14:45:18.591333+02:00,25.837,2838.363481,0.38426415556826754
2026-06-24 14:45:18.888165+02:00,25.839,2838.660313,0.38626415556826643
2026-06-24 14:45:19.180417+02:00,25.839,2838.952565,0.38626415556826643
2026-06-24 14:45:19.470188+02:00,25.842,2839.242336,0.38926415556826655
2026-06-24 14:45:19.763074+02:00,25.839,2839.535222,0.38626415556826643
2026-06-24 14:45:20.057408+02:00,25.84,2839.829556,0.38726415556826765
2026-06-24 14:45:20.349828+02:00,25.841,2840.121976,0.3882641555682689
2026-06-24 14:45:20.641051+02:00,25.841,2840.413199,0.3882641555682689
2026-06-24 14:45:20.938838+02:00,25.842,2840.710986,0.38926415556826655
2026-06-24 14:45:21.229384+02:00,25.841,2841.001532,0.3882641555682689
2026-06-24 14:45:21.524158+02:00,25.843,2841.296306,0.39026415556826777
2026-06-24 14:45:21.816547+02:00,25.844,2841.588695,0.391264155568269
2026-06-24 14:45:22.116009+02:00,25.848,2841.888157,0.3952641555682668
2026-06-24 14:45:22.407301+02:00,25.846,2842.179449,0.3932641555682679
2026-06-24 14:45:22.697054+02:00,25.848,2842.469202,0.3952641555682668
2026-06-24 14:45:22.989314+02:00,25.848,2842.761462,0.3952641555682668
2026-06-24 14:45:23.279123+02:00,25.848,2843.051271,0.3952641555682668
2026-06-24 14:45:23.578636+02:00,25.849,2843.350784,0.396264155568268
2026-06-24 14:45:23.877940+02:00,25.849,2843.650088,0.396264155568268
2026-06-24 14:45:24.174734+02:00,25.85,2843.946882,0.3972641555682692
2026-06-24 14:45:24.465548+02:00,25.85,2844.237696,0.3972641555682692
2026-06-24 14:45:24.756333+02:00,25.852,2844.528481,0.3992641555682681
2026-06-24 14:45:25.046965+02:00,25.852,2844.819113,0.3992641555682681
2026-06-24 14:45:25.337376+02:00,25.852,2845.109524,0.3992641555682681
2026-06-24 14:45:25.629973+02:00,25.853,2845.402121,0.40026415556826933
2026-06-24 14:45:25.924289+02:00,25.85,2845.696437,0.3972641555682692
2026-06-24 14:45:26.215122+02:00,25.854,2845.98727,0.401264155568267
2026-06-24 14:45:26.507411+02:00,25.853,2846.279559,0.40026415556826933
2026-06-24 14:45:26.798607+02:00,25.853,2846.570755,0.40026415556826933
2026-06-24 14:45:27.088268+02:00,25.855,2846.860416,0.4022641555682682
2026-06-24 14:45:27.380555+02:00,25.856,2847.152703,0.40326415556826944
2026-06-24 14:45:27.671143+02:00,25.856,2847.443291,0.40326415556826944
2026-06-24 14:45:27.967211+02:00,25.859,2847.739359,0.40626415556826956
2026-06-24 14:45:28.259771+02:00,25.857,2848.031919,0.4042641555682671
2026-06-24 14:45:28.552751+02:00,25.858,2848.324899,0.40526415556826834
2026-06-24 14:45:28.841722+02:00,25.862,2848.61387,0.4092641555682661
2026-06-24 14:45:29.132871+02:00,25.858,2848.905019,0.40526415556826834
2026-06-24 14:45:29.424402+02:00,25.859,2849.19655,0.40626415556826956
2026-06-24 14:45:29.716769+02:00,25.861,2849.488917,0.40826415556826845
2026-06-24 14:45:30.011054+02:00,25.861,2849.783202,0.40826415556826845
2026-06-24 14:45:30.304390+02:00,25.862,2850.076538,0.4092641555682661
2026-06-24 14:45:30.596319+02:00,25.863,2850.368467,0.41026415556826734
2026-06-24 14:45:30.890683+02:00,25.863,2850.662831,0.41026415556826734
2026-06-24 14:45:31.183761+02:00,25.865,2850.955909,0.41226415556826623
2026-06-24 14:45:31.474649+02:00,25.863,2851.246797,0.41026415556826734
2026-06-24 14:45:31.765159+02:00,25.863,2851.537307,0.41026415556826734
2026-06-24 14:45:32.057580+02:00,25.862,2851.829728,0.4092641555682661
2026-06-24 14:45:32.346374+02:00,25.864,2852.118522,0.41126415556826856
2026-06-24 14:45:32.640105+02:00,25.864,2852.412253,0.41126415556826856
2026-06-24 14:45:32.937798+02:00,25.866,2852.709946,0.41326415556826746
2026-06-24 14:45:33.231056+02:00,25.869,2853.003204,0.41626415556826757
2026-06-24 14:45:33.519337+02:00,25.867,2853.291485,0.4142641555682687
2026-06-24 14:45:33.809910+02:00,25.871,2853.582058,0.41826415556826646
2026-06-24 14:45:34.103938+02:00,25.872,2853.876086,0.4192641555682677
2026-06-24 14:45:34.399378+02:00,25.87,2854.171526,0.4172641555682688
2026-06-24 14:45:34.703019+02:00,25.87,2854.475167,0.4172641555682688
2026-06-24 14:45:34.994863+02:00,25.872,2854.767011,0.4192641555682677
2026-06-24 14:45:35.288929+02:00,25.871,2855.061077,0.41826415556826646
2026-06-24 14:45:35.579500+02:00,25.872,2855.351648,0.4192641555682677
2026-06-24 14:45:35.868617+02:00,25.873,2855.640765,0.4202641555682689
2026-06-24 14:45:36.160030+02:00,25.872,2855.932178,0.4192641555682677
2026-06-24 14:45:36.449911+02:00,25.872,2856.222059,0.4192641555682677
2026-06-24 14:45:36.751883+02:00,25.874,2856.524031,0.4212641555682666
2026-06-24 14:45:37.040457+02:00,25.876,2856.812605,0.423264155568269
2026-06-24 14:45:37.332253+02:00,25.876,2857.104401,0.423264155568269
2026-06-24 14:45:37.624112+02:00,25.874,2857.39626,0.4212641555682666
2026-06-24 14:45:37.918545+02:00,25.876,2857.690693,0.423264155568269
2026-06-24 14:45:38.210578+02:00,25.876,2857.982726,0.423264155568269
2026-06-24 14:45:38.502060+02:00,25.878,2858.274208,0.4252641555682679
2026-06-24 14:45:38.802889+02:00,25.878,2858.575037,0.4252641555682679
2026-06-24 14:45:39.100889+02:00,25.877,2858.873037,0.4242641555682667
2026-06-24 14:45:39.401018+02:00,25.878,2859.173166,0.4252641555682679
2026-06-24 14:45:39.702047+02:00,25.879,2859.474195,0.42626415556826913
2026-06-24 14:45:39.999668+02:00,25.881,2859.771816,0.428264155568268
2026-06-24 14:45:40.299208+02:00,25.882,2860.071356,0.42926415556826925
2026-06-24 14:45:40.595968+02:00,25.881,2860.368116,0.428264155568268
2026-06-24 14:45:40.886686+02:00,25.881,2860.658834,0.428264155568268
2026-06-24 14:45:41.181237+02:00,25.88,2860.953385,0.4272641555682668
2026-06-24 14:45:41.477863+02:00,25.883,2861.250011,0.4302641555682669
2026-06-24 14:45:41.773926+02:00,25.88,2861.546074,0.4272641555682668
2026-06-24 14:45:42.062870+02:00,25.881,2861.835018,0.428264155568268
2026-06-24 14:45:42.354941+02:00,25.882,2862.127089,0.42926415556826925
2026-06-24 14:45:42.653096+02:00,25.883,2862.425244,0.4302641555682669
2026-06-24 14:45:42.948934+02:00,25.882,2862.721082,0.42926415556826925
2026-06-24 14:45:43.244377+02:00,25.886,2863.016525,0.43326415556826703
2026-06-24 14:45:43.538583+02:00,25.885,2863.310731,0.43226415556826936
2026-06-24 14:45:43.833539+02:00,25.887,2863.605687,0.43426415556826825
2026-06-24 14:45:44.126420+02:00,25.884,2863.898568,0.43126415556826814
2026-06-24 14:45:44.415692+02:00,25.885,2864.18784,0.43226415556826936
2026-06-24 14:45:44.708422+02:00,25.887,2864.48057,0.43426415556826825
2026-06-24 14:45:44.999256+02:00,25.885,2864.771404,0.43226415556826936
2026-06-24 14:45:45.290220+02:00,25.886,2865.062368,0.43326415556826703
2026-06-24 14:45:45.585139+02:00,25.888,2865.357287,0.4352641555682695
2026-06-24 14:45:45.884172+02:00,25.887,2865.65632,0.43426415556826825
2026-06-24 14:45:46.176860+02:00,25.888,2865.949008,0.4352641555682695
2026-06-24 14:45:46.472296+02:00,25.887,2866.244444,0.43426415556826825
2026-06-24 14:45:46.767242+02:00,25.888,2866.53939,0.4352641555682695
2026-06-24 14:45:47.059300+02:00,25.89,2866.831448,0.43726415556826836
2026-06-24 14:45:47.351835+02:00,25.89,2867.123983,0.43726415556826836
2026-06-24 14:45:47.653424+02:00,25.89,2867.425572,0.43726415556826836
2026-06-24 14:45:47.947991+02:00,25.891,2867.720139,0.43826415556826603
2026-06-24 14:45:48.252430+02:00,25.892,2868.024578,0.43926415556826726
2026-06-24 14:45:48.550308+02:00,25.891,2868.322456,0.43826415556826603
2026-06-24 14:45:48.851352+02:00,25.89,2868.6235,0.43726415556826836
2026-06-24 14:45:49.149356+02:00,25.891,2868.921504,0.43826415556826603
2026-06-24 14:45:49.448774+02:00,25.892,2869.220922,0.43926415556826726
2026-06-24 14:45:49.747086+02:00,25.893,2869.519234,0.4402641555682685
2026-06-24 14:45:50.041147+02:00,25.893,2869.813295,0.4402641555682685
2026-06-24 14:45:50.335395+02:00,25.892,2870.107543,0.43926415556826726
2026-06-24 14:45:50.625908+02:00,25.893,2870.398056,0.4402641555682685
2026-06-24 14:45:50.923368+02:00,25.893,2870.695516,0.4402641555682685
2026-06-24 14:45:51.218672+02:00,25.893,2870.99082,0.4402641555682685
2026-06-24 14:45:51.509202+02:00,25.893,2871.28135,0.4402641555682685
2026-06-24 14:45:51.807263+02:00,25.896,2871.579411,0.4432641555682686
2026-06-24 14:45:52.104052+02:00,25.894,2871.8762,0.44126415556826615
2026-06-24 14:45:52.400089+02:00,25.897,2872.172237,0.44426415556826626
2026-06-24 14:45:52.689736+02:00,25.893,2872.461884,0.4402641555682685
2026-06-24 14:45:52.982251+02:00,25.895,2872.754399,0.44226415556826737
2026-06-24 14:45:53.271546+02:00,25.895,2873.043694,0.44226415556826737
2026-06-24 14:45:53.566378+02:00,25.896,2873.338526,0.4432641555682686
2026-06-24 14:45:53.860591+02:00,25.896,2873.632739,0.4432641555682686
2026-06-24 14:45:54.151754+02:00,25.896,2873.923902,0.4432641555682686
2026-06-24 14:45:54.448592+02:00,25.898,2874.22074,0.4452641555682675
2026-06-24 14:45:54.743168+02:00,25.899,2874.515316,0.4462641555682687
2026-06-24 14:45:55.041188+02:00,25.898,2874.813336,0.4452641555682675
2026-06-24 14:45:55.331665+02:00,25.901,2875.103813,0.4482641555682676
2026-06-24 14:45:55.625173+02:00,25.901,2875.397321,0.4482641555682676
2026-06-24 14:45:55.916187+02:00,25.903,2875.688335,0.4502641555682665
2026-06-24 14:45:56.214233+02:00,25.901,2875.986381,0.4482641555682676
2026-06-24 14:45:56.513688+02:00,25.903,2876.285836,0.4502641555682665
2026-06-24 14:45:56.806265+02:00,25.904,2876.578413,0.4512641555682677
2026-06-24 14:45:57.099746+02:00,25.904,2876.871894,0.4512641555682677
2026-06-24 14:45:57.390922+02:00,25.904,2877.16307,0.4512641555682677
2026-06-24 14:45:57.692089+02:00,25.906,2877.464237,0.4532641555682666
2026-06-24 14:45:57.984762+02:00,25.906,2877.75691,0.4532641555682666
2026-06-24 14:45:58.290340+02:00,25.907,2878.062488,0.4542641555682678
2026-06-24 14:45:58.586188+02:00,25.908,2878.358336,0.45526415556826905
2026-06-24 14:45:58.880779+02:00,25.905,2878.652927,0.45226415556826893
2026-06-24 14:45:59.172237+02:00,25.906,2878.944385,0.4532641555682666
2026-06-24 14:45:59.463401+02:00,25.906,2879.235549,0.4532641555682666
2026-06-24 14:45:59.753018+02:00,25.909,2879.525166,0.4562641555682667
2026-06-24 14:46:00.043935+02:00,25.907,2879.816083,0.4542641555682678
2026-06-24 14:46:00.342700+02:00,25.91,2880.114848,0.45726415556826794
2026-06-24 14:46:00.636707+02:00,25.908,2880.408855,0.45526415556826905
2026-06-24 14:46:00.929822+02:00,25.913,2880.70197,0.46026415556826805
2026-06-24 14:46:01.220535+02:00,25.911,2880.992683,0.45826415556826916
2026-06-24 14:46:01.518283+02:00,25.91,2881.290431,0.45726415556826794
2026-06-24 14:46:01.817944+02:00,25.909,2881.590092,0.4562641555682667
2026-06-24 14:46:02.110313+02:00,25.912,2881.882461,0.45926415556826683
2026-06-24 14:46:02.402984+02:00,25.914,2882.175132,0.4612641555682693
2026-06-24 14:46:02.695992+02:00,25.914,2882.46814,0.4612641555682693
2026-06-24 14:46:02.993866+02:00,25.915,2882.766014,0.46226415556826694
2026-06-24 14:46:03.284826+02:00,25.915,2883.056974,0.46226415556826694
2026-06-24 14:46:03.578743+02:00,25.916,2883.350891,0.46326415556826817
2026-06-24 14:46:03.877014+02:00,25.913,2883.649162,0.46026415556826805
2026-06-24 14:46:04.171775+02:00,25.915,2883.943923,0.46226415556826694
2026-06-24 14:46:04.462221+02:00,25.915,2884.234369,0.46226415556826694
2026-06-24 14:46:04.758602+02:00,25.919,2884.53075,0.4662641555682683
2026-06-24 14:46:05.053389+02:00,25.921,2884.825537,0.46826415556826717
2026-06-24 14:46:05.351965+02:00,25.92,2885.124113,0.4672641555682695
2026-06-24 14:46:05.651064+02:00,25.92,2885.423212,0.4672641555682695
2026-06-24 14:46:05.943510+02:00,25.921,2885.715658,0.46826415556826717
2026-06-24 14:46:06.236627+02:00,25.922,2886.008775,0.4692641555682684
2026-06-24 14:46:06.533479+02:00,25.925,2886.305627,0.4722641555682685
2026-06-24 14:46:06.825439+02:00,25.92,2886.597587,0.4672641555682695
2026-06-24 14:46:07.118301+02:00,25.921,2886.890449,0.46826415556826717
2026-06-24 14:46:07.409055+02:00,25.925,2887.181203,0.4722641555682685
2026-06-24 14:46:07.702396+02:00,25.923,2887.474544,0.47026415556826606
2026-06-24 14:46:07.994176+02:00,25.923,2887.766324,0.47026415556826606
2026-06-24 14:46:08.286746+02:00,25.927,2888.058894,0.4742641555682674
2026-06-24 14:46:08.578975+02:00,25.925,2888.351123,0.4722641555682685
2026-06-24 14:46:08.872518+02:00,25.928,2888.644666,0.4752641555682686
2026-06-24 14:46:09.166326+02:00,25.926,2888.938474,0.4732641555682662
2026-06-24 14:46:09.464049+02:00,25.928,2889.236197,0.4752641555682686
2026-06-24 14:46:09.765135+02:00,25.928,2889.537283,0.4752641555682686
2026-06-24 14:46:10.059958+02:00,25.928,2889.832106,0.4752641555682686
2026-06-24 14:46:10.354003+02:00,25.927,2890.126151,0.4742641555682674
2026-06-24 14:46:10.646726+02:00,25.929,2890.418874,0.4762641555682663
2026-06-24 14:46:10.939951+02:00,25.929,2890.712099,0.4762641555682663
2026-06-24 14:46:11.230227+02:00,25.928,2891.002375,0.4752641555682686
2026-06-24 14:46:11.526420+02:00,25.93,2891.298568,0.4772641555682675
2026-06-24 14:46:11.824041+02:00,25.929,2891.596189,0.4762641555682663
2026-06-24 14:46:12.120520+02:00,25.931,2891.892668,0.47826415556826873
2026-06-24 14:46:12.413416+02:00,25.927,2892.185564,0.4742641555682674
2026-06-24 14:46:12.704831+02:00,25.932,2892.476979,0.4792641555682664
2026-06-24 14:46:12.996318+02:00,25.932,2892.768466,0.4792641555682664
2026-06-24 14:46:13.288698+02:00,25.932,2893.060846,0.4792641555682664
2026-06-24 14:46:13.586215+02:00,25.935,2893.358363,0.4822641555682665
2026-06-24 14:46:13.885087+02:00,25.932,2893.657235,0.4792641555682664
2026-06-24 14:46:14.182342+02:00,25.933,2893.95449,0.4802641555682676
2026-06-24 14:46:14.473112+02:00,25.933,2894.24526,0.4802641555682676
2026-06-24 14:46:14.765412+02:00,25.934,2894.53756,0.48126415556826885
2026-06-24 14:46:15.056157+02:00,25.935,2894.828305,0.4822641555682665
2026-06-24 14:46:15.349075+02:00,25.938,2895.121223,0.48526415556826663
2026-06-24 14:46:15.643835+02:00,25.937,2895.415983,0.48426415556826896
2026-06-24 14:46:15.944994+02:00,25.936,2895.717142,0.48326415556826774
2026-06-24 14:46:16.237781+02:00,25.937,2896.009929,0.48426415556826896
2026-06-24 14:46:16.531036+02:00,25.94,2896.303184,0.4872641555682691
2026-06-24 14:46:16.821870+02:00,25.938,2896.594018,0.48526415556826663
2026-06-24 14:46:17.113103+02:00,25.939,2896.885251,0.48626415556826785
2026-06-24 14:46:17.412098+02:00,25.941,2897.184246,0.48826415556826674
2026-06-24 14:46:17.705680+02:00,25.942,2897.477828,0.48926415556826797
2026-06-24 14:46:18.004608+02:00,25.937,2897.776756,0.48426415556826896
2026-06-24 14:46:18.297202+02:00,25.941,2898.06935,0.48826415556826674
2026-06-24 14:46:18.587931+02:00,25.942,2898.360079,0.48926415556826797
2026-06-24 14:46:18.877954+02:00,25.941,2898.650102,0.48826415556826674
2026-06-24 14:46:19.182467+02:00,25.94,2898.954615,0.4872641555682691
2026-06-24 14:46:19.484769+02:00,25.942,2899.256917,0.48926415556826797
2026-06-24 14:46:19.779204+02:00,25.943,2899.551352,0.4902641555682692
2026-06-24 14:46:20.079261+02:00,25.941,2899.851409,0.48826415556826674
2026-06-24 14:46:20.370956+02:00,25.946,2900.143104,0.4932641555682693
2026-06-24 14:46:20.663855+02:00,25.944,2900.436003,0.49126415556826686
2026-06-24 14:46:20.958444+02:00,25.942,2900.730592,0.48926415556826797
2026-06-24 14:46:21.255216+02:00,25.943,2901.027364,0.4902641555682692
2026-06-24 14:46:21.548284+02:00,25.943,2901.320432,0.4902641555682692
2026-06-24 14:46:21.847493+02:00,25.944,2901.619641,0.49126415556826686
2026-06-24 14:46:22.138780+02:00,25.942,2901.910928,0.48926415556826797
2026-06-24 14:46:22.438801+02:00,25.943,2902.210949,0.4902641555682692
2026-06-24 14:46:22.733841+02:00,25.942,2902.505989,0.48926415556826797
2026-06-24 14:46:23.034328+02:00,25.944,2902.806476,0.49126415556826686
2026-06-24 14:46:23.323650+02:00,25.947,2903.095798,0.49426415556826697
2026-06-24 14:46:23.621309+02:00,25.944,2903.393457,0.49126415556826686
2026-06-24 14:46:23.911178+02:00,25.944,2903.683326,0.49126415556826686
2026-06-24 14:46:24.203420+02:00,25.946,2903.975568,0.4932641555682693
2026-06-24 14:46:24.496637+02:00,25.945,2904.268785,0.4922641555682681
2026-06-24 14:46:24.789559+02:00,25.947,2904.561707,0.49426415556826697
2026-06-24 14:46:25.079361+02:00,25.948,2904.851509,0.4952641555682682
2026-06-24 14:46:25.371926+02:00,25.947,2905.144074,0.49426415556826697
2026-06-24 14:46:25.666084+02:00,25.947,2905.438232,0.49426415556826697
2026-06-24 14:46:25.965932+02:00,25.948,2905.73808,0.4952641555682682
2026-06-24 14:46:26.268168+02:00,25.948,2906.040316,0.4952641555682682
2026-06-24 14:46:26.569148+02:00,25.949,2906.341296,0.4962641555682694
2026-06-24 14:46:26.870133+02:00,25.952,2906.642281,0.49926415556826953
2026-06-24 14:46:27.163255+02:00,25.95,2906.935403,0.4972641555682671
2026-06-24 14:46:27.454188+02:00,25.953,2907.226336,0.5002641555682672
2026-06-24 14:46:27.747557+02:00,25.953,2907.519705,0.5002641555682672
2026-06-24 14:46:28.048001+02:00,25.952,2907.820149,0.49926415556826953
2026-06-24 14:46:28.343351+02:00,25.953,2908.115499,0.5002641555682672
2026-06-24 14:46:28.635266+02:00,25.953,2908.407414,0.5002641555682672
2026-06-24 14:46:28.927149+02:00,25.948,2908.699297,0.4952641555682682
2026-06-24 14:46:29.220637+02:00,25.951,2908.992785,0.4982641555682683
2026-06-24 14:46:29.513804+02:00,25.951,2909.285952,0.4982641555682683
2026-06-24 14:46:29.812382+02:00,25.952,2909.58453,0.49926415556826953
2026-06-24 14:46:30.114050+02:00,25.955,2909.886198,0.5022641555682661
2026-06-24 14:46:30.409979+02:00,25.954,2910.182127,0.5012641555682684
2026-06-24 14:46:30.699636+02:00,25.955,2910.471784,0.5022641555682661
2026-06-24 14:46:31.005114+02:00,25.953,2910.777262,0.5002641555682672
2026-06-24 14:46:31.296105+02:00,25.954,2911.068253,0.5012641555682684
2026-06-24 14:46:31.595306+02:00,25.954,2911.367454,0.5012641555682684
2026-06-24 14:46:31.886358+02:00,25.958,2911.658506,0.5052641555682662
2026-06-24 14:46:32.185475+02:00,25.955,2911.957623,0.5022641555682661
2026-06-24 14:46:32.476567+02:00,25.958,2912.248715,0.5052641555682662
2026-06-24 14:46:32.767894+02:00,25.954,2912.540042,0.5012641555682684
2026-06-24 14:46:33.058932+02:00,25.956,2912.83108,0.5032641555682673
2026-06-24 14:46:33.348775+02:00,25.961,2913.120923,0.5082641555682663
2026-06-24 14:46:33.647819+02:00,25.961,2913.419967,0.5082641555682663
2026-06-24 14:46:33.942255+02:00,25.96,2913.714403,0.5072641555682686
2026-06-24 14:46:34.233837+02:00,25.96,2914.005985,0.5072641555682686
2026-06-24 14:46:34.531796+02:00,25.961,2914.303944,0.5082641555682663
2026-06-24 14:46:34.830387+02:00,25.964,2914.602535,0.5112641555682664
2026-06-24 14:46:35.128923+02:00,25.963,2914.901071,0.5102641555682688
2026-06-24 14:46:35.420023+02:00,25.965,2915.192171,0.5122641555682677
2026-06-24 14:46:35.718097+02:00,25.962,2915.490245,0.5092641555682675
2026-06-24 14:46:36.010822+02:00,25.962,2915.78297,0.5092641555682675
2026-06-24 14:46:36.307197+02:00,25.963,2916.079345,0.5102641555682688
2026-06-24 14:46:36.603180+02:00,25.962,2916.375328,0.5092641555682675
2026-06-24 14:46:36.898724+02:00,25.961,2916.670872,0.5082641555682663
2026-06-24 14:46:37.189314+02:00,25.964,2916.961462,0.5112641555682664
2026-06-24 14:46:37.478981+02:00,25.964,2917.251129,0.5112641555682664
2026-06-24 14:46:37.772255+02:00,25.96,2917.544403,0.5072641555682686
2026-06-24 14:46:38.062731+02:00,25.963,2917.834879,0.5102641555682688
2026-06-24 14:46:38.355831+02:00,25.965,2918.127979,0.5122641555682677
2026-06-24 14:46:38.656392+02:00,25.966,2918.42854,0.5132641555682689
2026-06-24 14:46:38.957905+02:00,25.965,2918.730053,0.5122641555682677
2026-06-24 14:46:39.251459+02:00,25.963,2919.023607,0.5102641555682688
2026-06-24 14:46:39.549801+02:00,25.963,2919.321949,0.5102641555682688
2026-06-24 14:46:39.839863+02:00,25.961,2919.612011,0.5082641555682663
2026-06-24 14:46:40.133692+02:00,25.966,2919.90584,0.5132641555682689
2026-06-24 14:46:40.424336+02:00,25.967,2920.196484,0.5142641555682665
2026-06-24 14:46:40.722455+02:00,25.966,2920.494603,0.5132641555682689
2026-06-24 14:46:41.014701+02:00,25.965,2920.786849,0.5122641555682677
2026-06-24 14:46:41.305847+02:00,25.966,2921.077995,0.5132641555682689
2026-06-24 14:46:41.604629+02:00,25.967,2921.376777,0.5142641555682665
2026-06-24 14:46:41.903165+02:00,25.969,2921.675313,0.516264155568269
2026-06-24 14:46:42.198415+02:00,25.968,2921.970563,0.5152641555682678
2026-06-24 14:46:42.496004+02:00,25.966,2922.268152,0.5132641555682689
2026-06-24 14:46:42.793001+02:00,25.969,2922.565149,0.516264155568269
2026-06-24 14:46:43.083582+02:00,25.969,2922.85573,0.516264155568269
2026-06-24 14:46:43.376581+02:00,25.97,2923.148729,0.5172641555682667
2026-06-24 14:46:43.665328+02:00,25.97,2923.437476,0.5172641555682667
2026-06-24 14:46:43.956316+02:00,25.972,2923.728464,0.5192641555682691
2026-06-24 14:46:44.246223+02:00,25.971,2924.018371,0.5182641555682679
2026-06-24 14:46:44.548559+02:00,25.972,2924.320707,0.5192641555682691
2026-06-24 14:46:44.842892+02:00,25.97,2924.61504,0.5172641555682667
2026-06-24 14:46:45.138231+02:00,25.971,2924.910379,0.5182641555682679
2026-06-24 14:46:45.434161+02:00,25.972,2925.206309,0.5192641555682691
2026-06-24 14:46:45.725759+02:00,25.97,2925.497907,0.5172641555682667
2026-06-24 14:46:46.017468+02:00,25.971,2925.789616,0.5182641555682679
2026-06-24 14:46:46.309088+02:00,25.971,2926.081236,0.5182641555682679
2026-06-24 14:46:46.606573+02:00,25.97,2926.378721,0.5172641555682667
2026-06-24 14:46:46.896904+02:00,25.97,2926.669052,0.5172641555682667
2026-06-24 14:46:47.187341+02:00,25.972,2926.959489,0.5192641555682691
2026-06-24 14:46:47.482880+02:00,25.974,2927.255028,0.521264155568268
2026-06-24 14:46:47.776735+02:00,25.974,2927.548883,0.521264155568268
2026-06-24 14:46:48.068181+02:00,25.97,2927.840329,0.5172641555682667
2026-06-24 14:46:48.357215+02:00,25.972,2928.129363,0.5192641555682691
2026-06-24 14:46:48.650066+02:00,25.973,2928.422214,0.5202641555682668
2026-06-24 14:46:48.941591+02:00,25.974,2928.713739,0.521264155568268
2026-06-24 14:46:49.234948+02:00,25.972,2929.007096,0.5192641555682691
2026-06-24 14:46:49.526838+02:00,25.974,2929.298986,0.521264155568268
2026-06-24 14:46:49.823677+02:00,25.976,2929.595825,0.5232641555682669
2026-06-24 14:46:50.125574+02:00,25.973,2929.897722,0.5202641555682668
2026-06-24 14:46:50.420385+02:00,25.973,2930.192533,0.5202641555682668
2026-06-24 14:46:50.711302+02:00,25.974,2930.48345,0.521264155568268
2026-06-24 14:46:51.004916+02:00,25.975,2930.777064,0.5222641555682692
2026-06-24 14:46:51.293316+02:00,25.974,2931.065464,0.521264155568268
2026-06-24 14:46:51.587841+02:00,25.97,2931.359989,0.5172641555682667
2026-06-24 14:46:51.879849+02:00,25.975,2931.651997,0.5222641555682692
2026-06-24 14:46:52.173815+02:00,25.973,2931.945963,0.5202641555682668
2026-06-24 14:46:52.469222+02:00,25.975,2932.24137,0.5222641555682692
2026-06-24 14:46:52.766681+02:00,25.973,2932.538829,0.5202641555682668
2026-06-24 14:46:53.064750+02:00,25.974,2932.836898,0.521264155568268
2026-06-24 14:46:53.362058+02:00,25.975,2933.134206,0.5222641555682692
2026-06-24 14:46:53.659872+02:00,25.975,2933.43202,0.5222641555682692
2026-06-24 14:46:53.950884+02:00,25.974,2933.723032,0.521264155568268
2026-06-24 14:46:54.245564+02:00,25.973,2934.017712,0.5202641555682668
2026-06-24 14:46:54.542630+02:00,25.975,2934.314778,0.5222641555682692
2026-06-24 14:46:54.837997+02:00,25.976,2934.610145,0.5232641555682669
2026-06-24 14:46:55.128338+02:00,25.976,2934.900486,0.5232641555682669
2026-06-24 14:46:55.419550+02:00,25.977,2935.191698,0.5242641555682681
2026-06-24 14:46:55.714172+02:00,25.975,2935.48632,0.5222641555682692
2026-06-24 14:46:56.015260+02:00,25.975,2935.787408,0.5222641555682692
2026-06-24 14:46:56.315653+02:00,25.975,2936.087801,0.5222641555682692
2026-06-24 14:46:56.607145+02:00,25.977,2936.379293,0.5242641555682681
2026-06-24 14:46:56.904136+02:00,25.975,2936.676284,0.5222641555682692
2026-06-24 14:46:57.201151+02:00,25.973,2936.973299,0.5202641555682668
2026-06-24 14:46:57.494390+02:00,25.974,2937.266538,0.521264155568268
2026-06-24 14:46:57.785339+02:00,25.977,2937.557487,0.5242641555682681
2026-06-24 14:46:58.077411+02:00,25.977,2937.849559,0.5242641555682681
2026-06-24 14:46:58.368828+02:00,25.978,2938.140976,0.5252641555682693
2026-06-24 14:46:58.669876+02:00,25.978,2938.442024,0.5252641555682693
2026-06-24 14:46:58.959020+02:00,25.979,2938.731168,0.526264155568267
2026-06-24 14:46:59.255445+02:00,25.979,2939.027593,0.526264155568267
2026-06-24 14:46:59.560556+02:00,25.98,2939.332704,0.5272641555682682
2026-06-24 14:46:59.860619+02:00,25.978,2939.632767,0.5252641555682693
2026-06-24 14:47:00.150924+02:00,25.979,2939.923072,0.526264155568267
2026-06-24 14:47:00.443726+02:00,25.977,2940.215874,0.5242641555682681
2026-06-24 14:47:00.734713+02:00,25.977,2940.506861,0.5242641555682681
2026-06-24 14:47:01.031743+02:00,25.979,2940.803891,0.526264155568267
2026-06-24 14:47:01.323490+02:00,25.979,2941.095638,0.526264155568267
2026-06-24 14:47:01.613452+02:00,25.979,2941.3856,0.526264155568267
2026-06-24 14:47:01.905120+02:00,25.977,2941.677268,0.5242641555682681
2026-06-24 14:47:02.197941+02:00,25.98,2941.970089,0.5272641555682682
2026-06-24 14:47:02.488698+02:00,25.981,2942.260846,0.5282641555682694
2026-06-24 14:47:02.781009+02:00,25.978,2942.553157,0.5252641555682693
2026-06-24 14:47:03.073554+02:00,25.979,2942.845702,0.526264155568267
2026-06-24 14:47:03.367764+02:00,25.98,2943.139912,0.5272641555682682
2026-06-24 14:47:03.658494+02:00,25.978,2943.430642,0.5252641555682693
2026-06-24 14:47:03.951013+02:00,25.978,2943.723161,0.5252641555682693
2026-06-24 14:47:04.239591+02:00,25.978,2944.011739,0.5252641555682693
2026-06-24 14:47:04.541033+02:00,25.976,2944.313181,0.5232641555682669
2026-06-24 14:47:04.841523+02:00,25.978,2944.613671,0.5252641555682693
2026-06-24 14:47:05.135186+02:00,25.979,2944.907334,0.526264155568267
2026-06-24 14:47:05.430152+02:00,25.978,2945.2023,0.5252641555682693
2026-06-24 14:47:05.721303+02:00,25.979,2945.493451,0.526264155568267
2026-06-24 14:47:06.011442+02:00,25.977,2945.78359,0.5242641555682681
2026-06-24 14:47:06.302872+02:00,25.979,2946.07502,0.526264155568267
2026-06-24 14:47:06.594887+02:00,25.98,2946.367035,0.5272641555682682
2026-06-24 14:47:06.887087+02:00,25.979,2946.659235,0.526264155568267
2026-06-24 14:47:07.179527+02:00,25.981,2946.951675,0.5282641555682694
2026-06-24 14:47:07.477750+02:00,25.977,2947.249898,0.5242641555682681
2026-06-24 14:47:07.770212+02:00,25.979,2947.54236,0.526264155568267
2026-06-24 14:47:08.068333+02:00,25.977,2947.840481,0.5242641555682681
2026-06-24 14:47:08.357435+02:00,25.978,2948.129583,0.5252641555682693
2026-06-24 14:47:08.649962+02:00,25.978,2948.42211,0.5252641555682693
2026-06-24 14:47:08.940414+02:00,25.979,2948.712562,0.526264155568267
2026-06-24 14:47:09.246619+02:00,25.976,2949.018767,0.5232641555682669
2026-06-24 14:47:09.541264+02:00,25.978,2949.313412,0.5252641555682693
2026-06-24 14:47:09.833309+02:00,25.978,2949.605457,0.5252641555682693
2026-06-24 14:47:10.126115+02:00,25.978,2949.898263,0.5252641555682693
2026-06-24 14:47:10.421901+02:00,25.978,2950.194049,0.5252641555682693
2026-06-24 14:47:10.712899+02:00,25.978,2950.485047,0.5252641555682693
2026-06-24 14:47:11.010965+02:00,25.979,2950.783113,0.526264155568267
2026-06-24 14:47:11.305210+02:00,25.978,2951.077358,0.5252641555682693
2026-06-24 14:47:11.595727+02:00,25.979,2951.367875,0.526264155568267
2026-06-24 14:47:11.886938+02:00,25.977,2951.659086,0.5242641555682681
2026-06-24 14:47:12.181389+02:00,25.978,2951.953537,0.5252641555682693
2026-06-24 14:47:12.472004+02:00,25.978,2952.244152,0.5252641555682693
2026-06-24 14:47:12.764583+02:00,25.978,2952.536731,0.5252641555682693
2026-06-24 14:47:13.062850+02:00,25.979,2952.834998,0.526264155568267
2026-06-24 14:47:13.354905+02:00,25.981,2953.127053,0.5282641555682694
2026-06-24 14:47:13.647058+02:00,25.98,2953.419206,0.5272641555682682
2026-06-24 14:47:13.939455+02:00,25.977,2953.711603,0.5242641555682681
2026-06-24 14:47:14.229303+02:00,25.978,2954.001451,0.5252641555682693
2026-06-24 14:47:14.524573+02:00,25.978,2954.296721,0.5252641555682693
2026-06-24 14:47:14.823563+02:00,25.979,2954.595711,0.526264155568267
2026-06-24 14:47:15.116173+02:00,25.98,2954.888321,0.5272641555682682
2026-06-24 14:47:15.411416+02:00,25.98,2955.183564,0.5272641555682682
2026-06-24 14:47:15.706911+02:00,25.978,2955.479059,0.5252641555682693
2026-06-24 14:47:16.000358+02:00,25.977,2955.772506,0.5242641555682681
2026-06-24 14:47:16.291453+02:00,25.979,2956.063601,0.526264155568267
2026-06-24 14:47:16.582374+02:00,25.978,2956.354522,0.5252641555682693
2026-06-24 14:47:16.876792+02:00,25.98,2956.64894,0.5272641555682682
2026-06-24 14:47:17.173112+02:00,25.98,2956.94526,0.5272641555682682
2026-06-24 14:47:17.472436+02:00,25.98,2957.244584,0.5272641555682682
2026-06-24 14:47:17.764266+02:00,25.98,2957.536414,0.5272641555682682
2026-06-24 14:47:18.059357+02:00,25.978,2957.831505,0.5252641555682693
2026-06-24 14:47:18.347695+02:00,25.98,2958.119843,0.5272641555682682
2026-06-24 14:47:18.640641+02:00,25.981,2958.412789,0.5282641555682694
2026-06-24 14:47:18.932781+02:00,25.98,2958.704929,0.5272641555682682
2026-06-24 14:47:19.231818+02:00,25.98,2959.003966,0.5272641555682682
2026-06-24 14:47:19.525236+02:00,25.979,2959.297384,0.526264155568267
2026-06-24 14:47:19.818994+02:00,25.979,2959.591142,0.526264155568267
2026-06-24 14:47:20.110122+02:00,25.979,2959.88227,0.526264155568267
2026-06-24 14:47:20.401240+02:00,25.978,2960.173388,0.5252641555682693
2026-06-24 14:47:20.690882+02:00,25.978,2960.46303,0.5252641555682693
2026-06-24 14:47:20.988715+02:00,25.979,2960.760863,0.526264155568267
2026-06-24 14:47:21.281608+02:00,25.979,2961.053756,0.526264155568267
2026-06-24 14:47:21.576264+02:00,25.977,2961.348412,0.5242641555682681
2026-06-24 14:47:21.867713+02:00,25.978,2961.639861,0.5252641555682693
2026-06-24 14:47:22.161692+02:00,25.978,2961.93384,0.5252641555682693
2026-06-24 14:47:22.455373+02:00,25.977,2962.227521,0.5242641555682681
2026-06-24 14:47:22.748474+02:00,25.98,2962.520622,0.5272641555682682
2026-06-24 14:47:23.040976+02:00,25.979,2962.813124,0.526264155568267
2026-06-24 14:47:23.338739+02:00,25.978,2963.110887,0.5252641555682693
2026-06-24 14:47:23.637487+02:00,25.98,2963.409635,0.5272641555682682
2026-06-24 14:47:23.929114+02:00,25.98,2963.701262,0.5272641555682682
2026-06-24 14:47:24.223244+02:00,25.98,2963.995392,0.5272641555682682
2026-06-24 14:47:24.525296+02:00,25.977,2964.297444,0.5242641555682681
2026-06-24 14:47:24.816785+02:00,25.978,2964.588933,0.5252641555682693
2026-06-24 14:47:25.118484+02:00,25.981,2964.890632,0.5282641555682694
2026-06-24 14:47:25.414182+02:00,25.979,2965.18633,0.526264155568267
2026-06-24 14:47:25.711611+02:00,25.976,2965.483759,0.5232641555682669
2026-06-24 14:47:26.011816+02:00,25.98,2965.783964,0.5272641555682682
2026-06-24 14:47:26.312715+02:00,25.979,2966.084863,0.526264155568267
2026-06-24 14:47:26.610990+02:00,25.979,2966.383138,0.526264155568267
2026-06-24 14:47:26.912611+02:00,25.979,2966.684759,0.526264155568267
2026-06-24 14:47:27.205329+02:00,25.978,2966.977477,0.5252641555682693
2026-06-24 14:47:27.498682+02:00,25.979,2967.27083,0.526264155568267
2026-06-24 14:47:27.790028+02:00,25.98,2967.562176,0.5272641555682682
2026-06-24 14:47:28.079974+02:00,25.979,2967.852122,0.526264155568267
2026-06-24 14:47:28.373728+02:00,25.979,2968.145876,0.526264155568267
2026-06-24 14:47:28.666963+02:00,25.977,2968.439111,0.5242641555682681
2026-06-24 14:47:28.967863+02:00,25.979,2968.740011,0.526264155568267
2026-06-24 14:47:29.262593+02:00,25.979,2969.034741,0.526264155568267
2026-06-24 14:47:29.551846+02:00,25.98,2969.323994,0.5272641555682682
2026-06-24 14:47:29.848270+02:00,25.981,2969.620418,0.5282641555682694
2026-06-24 14:47:30.140914+02:00,25.979,2969.913062,0.526264155568267
2026-06-24 14:47:30.431363+02:00,25.979,2970.203511,0.526264155568267
2026-06-24 14:47:30.721528+02:00,25.98,2970.493676,0.5272641555682682
2026-06-24 14:47:31.018617+02:00,25.981,2970.790765,0.5282641555682694
2026-06-24 14:47:31.312135+02:00,25.98,2971.084283,0.5272641555682682
2026-06-24 14:47:31.614274+02:00,25.981,2971.386422,0.5282641555682694
2026-06-24 14:47:31.910601+02:00,25.98,2971.682749,0.5272641555682682
2026-06-24 14:47:32.207937+02:00,25.98,2971.980085,0.5272641555682682
2026-06-24 14:47:32.508981+02:00,25.98,2972.281129,0.5272641555682682
2026-06-24 14:47:32.802945+02:00,25.981,2972.575093,0.5282641555682694
2026-06-24 14:47:33.096241+02:00,25.979,2972.868389,0.526264155568267
2026-06-24 14:47:33.389989+02:00,25.98,2973.162137,0.5272641555682682
2026-06-24 14:47:33.683834+02:00,25.98,2973.455982,0.5272641555682682
2026-06-24 14:47:33.976494+02:00,25.981,2973.748642,0.5282641555682694
2026-06-24 14:47:34.267200+02:00,25.981,2974.039348,0.5282641555682694
2026-06-24 14:47:34.559233+02:00,25.978,2974.331381,0.5252641555682693
2026-06-24 14:47:34.860494+02:00,25.979,2974.632642,0.526264155568267
2026-06-24 14:47:35.161155+02:00,25.98,2974.933303,0.5272641555682682
2026-06-24 14:47:35.463109+02:00,25.98,2975.235257,0.5272641555682682
2026-06-24 14:47:35.757720+02:00,25.982,2975.529868,0.5292641555682671
2026-06-24 14:47:36.049093+02:00,25.981,2975.821241,0.5282641555682694
2026-06-24 14:47:36.341145+02:00,25.982,2976.113293,0.5292641555682671
2026-06-24 14:47:36.632515+02:00,25.982,2976.404663,0.5292641555682671
2026-06-24 14:47:36.922965+02:00,25.981,2976.695113,0.5282641555682694
2026-06-24 14:47:37.213579+02:00,25.983,2976.985727,0.5302641555682683
2026-06-24 14:47:37.508415+02:00,25.984,2977.280563,0.5312641555682696
2026-06-24 14:47:37.812167+02:00,25.981,2977.584315,0.5282641555682694
2026-06-24 14:47:38.106542+02:00,25.982,2977.87869,0.5292641555682671
2026-06-24 14:47:38.399026+02:00,25.983,2978.171174,0.5302641555682683
2026-06-24 14:47:38.689384+02:00,25.981,2978.461532,0.5282641555682694
2026-06-24 14:47:38.979115+02:00,25.982,2978.751263,0.5292641555682671
2026-06-24 14:47:39.272591+02:00,25.98,2979.044739,0.5272641555682682
2026-06-24 14:47:39.563999+02:00,25.981,2979.336147,0.5282641555682694
2026-06-24 14:47:39.857913+02:00,25.983,2979.630061,0.5302641555682683
2026-06-24 14:47:40.147257+02:00,25.982,2979.919405,0.5292641555682671
2026-06-24 14:47:40.442799+02:00,25.984,2980.214947,0.5312641555682696
2026-06-24 14:47:40.734386+02:00,25.981,2980.506534,0.5282641555682694
2026-06-24 14:47:41.024986+02:00,25.981,2980.797134,0.5282641555682694
2026-06-24 14:47:41.319844+02:00,25.98,2981.091992,0.5272641555682682
2026-06-24 14:47:41.614718+02:00,25.981,2981.386866,0.5282641555682694
2026-06-24 14:47:41.905536+02:00,25.979,2981.677684,0.526264155568267
2026-06-24 14:47:42.199140+02:00,25.984,2981.971288,0.5312641555682696
2026-06-24 14:47:42.497159+02:00,25.984,2982.269307,0.5312641555682696
2026-06-24 14:47:42.789706+02:00,25.982,2982.561854,0.5292641555682671
2026-06-24 14:47:43.080939+02:00,25.981,2982.853087,0.5282641555682694
2026-06-24 14:47:43.378087+02:00,25.983,2983.150235,0.5302641555682683
2026-06-24 14:47:43.674863+02:00,25.981,2983.447011,0.5282641555682694
2026-06-24 14:47:43.969184+02:00,25.982,2983.741332,0.5292641555682671
2026-06-24 14:47:44.263373+02:00,25.982,2984.035521,0.5292641555682671
2026-06-24 14:47:44.560210+02:00,25.981,2984.332358,0.5282641555682694
2026-06-24 14:47:44.851493+02:00,25.983,2984.623641,0.5302641555682683
2026-06-24 14:47:45.144257+02:00,25.98,2984.916405,0.5272641555682682
2026-06-24 14:47:45.445247+02:00,25.982,2985.217395,0.5292641555682671
2026-06-24 14:47:45.741912+02:00,25.98,2985.51406,0.5272641555682682
2026-06-24 14:47:46.040191+02:00,25.981,2985.812339,0.5282641555682694
2026-06-24 14:47:46.333694+02:00,25.98,2986.105842,0.5272641555682682
2026-06-24 14:47:46.627546+02:00,25.981,2986.399694,0.5282641555682694
2026-06-24 14:47:46.919924+02:00,25.98,2986.692072,0.5272641555682682
2026-06-24 14:47:47.214996+02:00,25.983,2986.987144,0.5302641555682683
2026-06-24 14:47:47.512716+02:00,25.98,2987.284864,0.5272641555682682
2026-06-24 14:47:47.805388+02:00,25.979,2987.577536,0.526264155568267
2026-06-24 14:47:48.097186+02:00,25.98,2987.869334,0.5272641555682682
2026-06-24 14:47:48.387785+02:00,25.982,2988.159933,0.5292641555682671
2026-06-24 14:47:48.685746+02:00,25.981,2988.457894,0.5282641555682694
2026-06-24 14:47:48.983940+02:00,25.98,2988.756088,0.5272641555682682
2026-06-24 14:47:49.288374+02:00,25.977,2989.060522,0.5242641555682681
2026-06-24 14:47:49.585397+02:00,25.98,2989.357545,0.5272641555682682
2026-06-24 14:47:49.884345+02:00,25.981,2989.656493,0.5282641555682694
2026-06-24 14:47:50.174953+02:00,25.979,2989.947101,0.526264155568267
2026-06-24 14:47:50.475591+02:00,25.98,2990.247739,0.5272641555682682
2026-06-24 14:47:50.767553+02:00,25.979,2990.539701,0.526264155568267
2026-06-24 14:47:51.056993+02:00,25.979,2990.829141,0.526264155568267
2026-06-24 14:47:51.348104+02:00,25.981,2991.120252,0.5282641555682694
2026-06-24 14:47:51.641071+02:00,25.978,2991.413219,0.5252641555682693
2026-06-24 14:47:51.935092+02:00,25.979,2991.70724,0.526264155568267
2026-06-24 14:47:52.231787+02:00,25.978,2992.003935,0.5252641555682693
2026-06-24 14:47:52.522309+02:00,25.977,2992.294457,0.5242641555682681
2026-06-24 14:47:52.812753+02:00,25.977,2992.584901,0.5242641555682681
2026-06-24 14:47:53.105697+02:00,25.98,2992.877845,0.5272641555682682
2026-06-24 14:47:53.397152+02:00,25.977,2993.1693,0.5242641555682681
2026-06-24 14:47:53.695421+02:00,25.979,2993.467569,0.526264155568267
2026-06-24 14:47:53.989082+02:00,25.978,2993.76123,0.5252641555682693
2026-06-24 14:47:54.285888+02:00,25.976,2994.058036,0.5232641555682669
2026-06-24 14:47:54.586760+02:00,25.978,2994.358908,0.5252641555682693
2026-06-24 14:47:54.877965+02:00,25.979,2994.650113,0.526264155568267
2026-06-24 14:47:55.167996+02:00,25.978,2994.940144,0.5252641555682693
2026-06-24 14:47:55.459145+02:00,25.978,2995.231293,0.5252641555682693
2026-06-24 14:47:55.750736+02:00,25.979,2995.522884,0.526264155568267
2026-06-24 14:47:56.044038+02:00,25.979,2995.816186,0.526264155568267
2026-06-24 14:47:56.344532+02:00,25.979,2996.11668,0.526264155568267
2026-06-24 14:47:56.644239+02:00,25.978,2996.416387,0.5252641555682693
2026-06-24 14:47:56.947983+02:00,25.978,2996.720131,0.5252641555682693
2026-06-24 14:47:57.248235+02:00,25.979,2997.020383,0.526264155568267
2026-06-24 14:47:57.541176+02:00,25.978,2997.313324,0.5252641555682693
2026-06-24 14:47:57.836116+02:00,25.979,2997.608264,0.526264155568267
2026-06-24 14:47:58.125963+02:00,25.978,2997.898111,0.5252641555682693
2026-06-24 14:47:58.414449+02:00,25.976,2998.186597,0.5232641555682669
2026-06-24 14:47:58.705950+02:00,25.978,2998.478098,0.5252641555682693
2026-06-24 14:47:58.996602+02:00,25.977,2998.76875,0.5242641555682681
2026-06-24 14:47:59.297006+02:00,25.975,2999.069154,0.5222641555682692
2026-06-24 14:47:59.586635+02:00,25.977,2999.358783,0.5242641555682681
2026-06-24 14:47:59.885247+02:00,25.979,2999.657395,0.526264155568267
2026-06-24 14:48:00.178132+02:00,25.975,2999.95028,0.5222641555682692
2026-06-24 14:48:00.468543+02:00,25.975,3000.240691,0.5222641555682692
2026-06-24 14:48:00.768573+02:00,25.975,3000.540721,0.5222641555682692
2026-06-24 14:48:01.066734+02:00,25.975,3000.838882,0.5222641555682692
2026-06-24 14:48:01.357101+02:00,25.975,3001.129249,0.5222641555682692
2026-06-24 14:48:01.650225+02:00,25.975,3001.422373,0.5222641555682692
2026-06-24 14:48:01.950347+02:00,25.976,3001.722495,0.5232641555682669
2026-06-24 14:48:02.248794+02:00,25.973,3002.020942,0.5202641555682668
2026-06-24 14:48:02.550114+02:00,25.974,3002.322262,0.521264155568268
2026-06-24 14:48:02.848648+02:00,25.975,3002.620796,0.5222641555682692
2026-06-24 14:48:03.140128+02:00,25.973,3002.912276,0.5202641555682668
2026-06-24 14:48:03.432230+02:00,25.971,3003.204378,0.5182641555682679
2026-06-24 14:48:03.730416+02:00,25.974,3003.502564,0.521264155568268
2026-06-24 14:48:04.027818+02:00,25.972,3003.799966,0.5192641555682691
2026-06-24 14:48:04.320575+02:00,25.974,3004.092723,0.521264155568268
2026-06-24 14:48:04.610264+02:00,25.973,3004.382412,0.5202641555682668
2026-06-24 14:48:04.904761+02:00,25.974,3004.676909,0.521264155568268
2026-06-24 14:48:05.200742+02:00,25.971,3004.97289,0.5182641555682679
2026-06-24 14:48:05.500181+02:00,25.972,3005.272329,0.5192641555682691
2026-06-24 14:48:05.792122+02:00,25.973,3005.56427,0.5202641555682668
2026-06-24 14:48:06.084163+02:00,25.974,3005.856311,0.521264155568268
2026-06-24 14:48:06.374770+02:00,25.971,3006.146918,0.5182641555682679
2026-06-24 14:48:06.666263+02:00,25.974,3006.438411,0.521264155568268
2026-06-24 14:48:06.957631+02:00,25.974,3006.729779,0.521264155568268
2026-06-24 14:48:07.248139+02:00,25.972,3007.020287,0.5192641555682691
2026-06-24 14:48:07.545460+02:00,25.97,3007.317608,0.5172641555682667
2026-06-24 14:48:07.835474+02:00,25.972,3007.607622,0.5192641555682691
2026-06-24 14:48:08.128044+02:00,25.971,3007.900192,0.5182641555682679
2026-06-24 14:48:08.424674+02:00,25.969,3008.196822,0.516264155568269
2026-06-24 14:48:08.716619+02:00,25.971,3008.488767,0.5182641555682679
2026-06-24 14:48:09.010749+02:00,25.968,3008.782897,0.5152641555682678
2026-06-24 14:48:09.304249+02:00,25.966,3009.076397,0.5132641555682689
2026-06-24 14:48:09.598609+02:00,25.967,3009.370757,0.5142641555682665
2026-06-24 14:48:09.892735+02:00,25.966,3009.664883,0.5132641555682689
2026-06-24 14:48:10.188772+02:00,25.969,3009.96092,0.516264155568269
2026-06-24 14:48:10.479543+02:00,25.965,3010.251691,0.5122641555682677
2026-06-24 14:48:10.771347+02:00,25.967,3010.543495,0.5142641555682665
2026-06-24 14:48:11.063249+02:00,25.968,3010.835397,0.5152641555682678
2026-06-24 14:48:11.357236+02:00,25.964,3011.129384,0.5112641555682664
2026-06-24 14:48:11.651109+02:00,25.966,3011.423257,0.5132641555682689
2026-06-24 14:48:11.943019+02:00,25.966,3011.715167,0.5132641555682689
2026-06-24 14:48:12.236325+02:00,25.966,3012.008473,0.5132641555682689
2026-06-24 14:48:12.533420+02:00,25.967,3012.305568,0.5142641555682665
2026-06-24 14:48:12.824238+02:00,25.966,3012.596386,0.5132641555682689
2026-06-24 14:48:13.114548+02:00,25.965,3012.886696,0.5122641555682677
2026-06-24 14:48:13.405875+02:00,25.964,3013.178023,0.5112641555682664
2026-06-24 14:48:13.699018+02:00,25.964,3013.471166,0.5112641555682664
2026-06-24 14:48:13.995283+02:00,25.964,3013.767431,0.5112641555682664
2026-06-24 14:48:14.291602+02:00,25.964,3014.06375,0.5112641555682664
2026-06-24 14:48:14.585355+02:00,25.962,3014.357503,0.5092641555682675
2026-06-24 14:48:14.878734+02:00,25.962,3014.650882,0.5092641555682675
2026-06-24 14:48:15.177835+02:00,25.961,3014.949983,0.5082641555682663
2026-06-24 14:48:15.468257+02:00,25.964,3015.240405,0.5112641555682664
2026-06-24 14:48:15.760401+02:00,25.962,3015.532549,0.5092641555682675
2026-06-24 14:48:16.054528+02:00,25.963,3015.826676,0.5102641555682688
2026-06-24 14:48:16.344574+02:00,25.963,3016.116722,0.5102641555682688
2026-06-24 14:48:16.638274+02:00,25.966,3016.410422,0.5132641555682689
2026-06-24 14:48:16.933578+02:00,25.965,3016.705726,0.5122641555682677
2026-06-24 14:48:17.225166+02:00,25.962,3016.997314,0.5092641555682675
2026-06-24 14:48:17.521244+02:00,25.96,3017.293392,0.5072641555682686
2026-06-24 14:48:17.820107+02:00,25.961,3017.592255,0.5082641555682663
2026-06-24 14:48:18.119163+02:00,25.96,3017.891311,0.5072641555682686
2026-06-24 14:48:18.416391+02:00,25.959,3018.188539,0.5062641555682674
2026-06-24 14:48:18.715786+02:00,25.962,3018.487934,0.5092641555682675
2026-06-24 14:48:19.008927+02:00,25.962,3018.781075,0.5092641555682675
2026-06-24 14:48:19.301422+02:00,25.96,3019.07357,0.5072641555682686
2026-06-24 14:48:19.591038+02:00,25.962,3019.363186,0.5092641555682675
2026-06-24 14:48:19.892787+02:00,25.96,3019.664935,0.5072641555682686
2026-06-24 14:48:20.191727+02:00,25.961,3019.963875,0.5082641555682663
2026-06-24 14:48:20.491142+02:00,25.959,3020.26329,0.5062641555682674
2026-06-24 14:48:20.789287+02:00,25.959,3020.561435,0.5062641555682674
2026-06-24 14:48:21.080470+02:00,25.961,3020.852618,0.5082641555682663
2026-06-24 14:48:21.371812+02:00,25.962,3021.14396,0.5092641555682675
2026-06-24 14:48:21.662739+02:00,25.96,3021.434887,0.5072641555682686
2026-06-24 14:48:21.954627+02:00,25.962,3021.726775,0.5092641555682675
2026-06-24 14:48:22.244547+02:00,25.961,3022.016695,0.5082641555682663
2026-06-24 14:48:22.534098+02:00,25.959,3022.306246,0.5062641555682674
2026-06-24 14:48:22.829763+02:00,25.958,3022.601911,0.5052641555682662
2026-06-24 14:48:23.125171+02:00,25.959,3022.897319,0.5062641555682674
2026-06-24 14:48:23.425891+02:00,25.956,3023.198039,0.5032641555682673
2026-06-24 14:48:23.717805+02:00,25.953,3023.489953,0.5002641555682672
2026-06-24 14:48:24.008822+02:00,25.956,3023.78097,0.5032641555682673
2026-06-24 14:48:24.298771+02:00,25.954,3024.070919,0.5012641555682684
2026-06-24 14:48:24.594867+02:00,25.958,3024.367015,0.5052641555682662
2026-06-24 14:48:24.886200+02:00,25.957,3024.658348,0.5042641555682685
2026-06-24 14:48:25.178776+02:00,25.96,3024.950924,0.5072641555682686
2026-06-24 14:48:25.469083+02:00,25.956,3025.241231,0.5032641555682673
2026-06-24 14:48:25.763899+02:00,25.957,3025.536047,0.5042641555682685
2026-06-24 14:48:26.059169+02:00,25.956,3025.831317,0.5032641555682673
2026-06-24 14:48:26.353291+02:00,25.955,3026.125439,0.5022641555682661
2026-06-24 14:48:26.648538+02:00,25.956,3026.420686,0.5032641555682673
2026-06-24 14:48:26.947343+02:00,25.956,3026.719491,0.5032641555682673
2026-06-24 14:48:27.249931+02:00,25.955,3027.022079,0.5022641555682661
2026-06-24 14:48:27.544196+02:00,25.956,3027.316344,0.5032641555682673
2026-06-24 14:48:27.835889+02:00,25.954,3027.608037,0.5012641555682684
2026-06-24 14:48:28.130504+02:00,25.954,3027.902652,0.5012641555682684
2026-06-24 14:48:28.421459+02:00,25.953,3028.193607,0.5002641555682672
2026-06-24 14:48:28.715372+02:00,25.954,3028.48752,0.5012641555682684
2026-06-24 14:48:29.013069+02:00,25.95,3028.785217,0.4972641555682671
2026-06-24 14:48:29.301278+02:00,25.951,3029.073426,0.4982641555682683
2026-06-24 14:48:29.593130+02:00,25.949,3029.365278,0.4962641555682694
2026-06-24 14:48:29.892636+02:00,25.949,3029.664784,0.4962641555682694
2026-06-24 14:48:30.183647+02:00,25.951,3029.955795,0.4982641555682683
2026-06-24 14:48:30.474589+02:00,25.951,3030.246737,0.4982641555682683
2026-06-24 14:48:30.765349+02:00,25.948,3030.537497,0.4952641555682682
2026-06-24 14:48:31.056438+02:00,25.947,3030.828586,0.49426415556826697
2026-06-24 14:48:31.352639+02:00,25.948,3031.124787,0.4952641555682682
2026-06-24 14:48:31.644640+02:00,25.947,3031.416788,0.49426415556826697
2026-06-24 14:48:31.943816+02:00,25.945,3031.715964,0.4922641555682681
2026-06-24 14:48:32.236548+02:00,25.948,3032.008696,0.4952641555682682
2026-06-24 14:48:32.535634+02:00,25.947,3032.307782,0.49426415556826697
2026-06-24 14:48:32.827900+02:00,25.943,3032.600048,0.4902641555682692
2026-06-24 14:48:33.118561+02:00,25.947,3032.890709,0.49426415556826697
2026-06-24 14:48:33.408934+02:00,25.944,3033.181082,0.49126415556826686
2026-06-24 14:48:33.701877+02:00,25.945,3033.474025,0.4922641555682681
2026-06-24 14:48:33.992941+02:00,25.944,3033.765089,0.49126415556826686
2026-06-24 14:48:34.286843+02:00,25.942,3034.058991,0.48926415556826797
2026-06-24 14:48:34.579719+02:00,25.943,3034.351867,0.4902641555682692
2026-06-24 14:48:34.872207+02:00,25.946,3034.644355,0.4932641555682693
2026-06-24 14:48:35.164442+02:00,25.944,3034.93659,0.49126415556826686
2026-06-24 14:48:35.455371+02:00,25.941,3035.227519,0.48826415556826674
2026-06-24 14:48:35.753200+02:00,25.94,3035.525348,0.4872641555682691
2026-06-24 14:48:36.048589+02:00,25.942,3035.820737,0.48926415556826797
2026-06-24 14:48:36.337281+02:00,25.943,3036.109429,0.4902641555682692
2026-06-24 14:48:36.637339+02:00,25.942,3036.409487,0.48926415556826797
2026-06-24 14:48:36.927034+02:00,25.939,3036.699182,0.48626415556826785
2026-06-24 14:48:37.225241+02:00,25.942,3036.997389,0.48926415556826797
2026-06-24 14:48:37.522663+02:00,25.941,3037.294811,0.48826415556826674
2026-06-24 14:48:37.812001+02:00,25.939,3037.584149,0.48626415556826785
2026-06-24 14:48:38.106908+02:00,25.942,3037.879056,0.48926415556826797
2026-06-24 14:48:38.399601+02:00,25.939,3038.171749,0.48626415556826785
2026-06-24 14:48:38.689643+02:00,25.94,3038.461791,0.4872641555682691
2026-06-24 14:48:38.980466+02:00,25.938,3038.752614,0.48526415556826663
2026-06-24 14:48:39.269558+02:00,25.939,3039.041706,0.48626415556826785
2026-06-24 14:48:39.567455+02:00,25.94,3039.339603,0.4872641555682691
2026-06-24 14:48:39.860250+02:00,25.938,3039.632398,0.48526415556826663
2026-06-24 14:48:40.154423+02:00,25.939,3039.926571,0.48626415556826785
2026-06-24 14:48:40.448018+02:00,25.94,3040.220166,0.4872641555682691
2026-06-24 14:48:40.740339+02:00,25.94,3040.512487,0.4872641555682691
2026-06-24 14:48:41.034385+02:00,25.937,3040.806533,0.48426415556826896
2026-06-24 14:48:41.329830+02:00,25.938,3041.101978,0.48526415556826663
2026-06-24 14:48:41.622507+02:00,25.936,3041.394655,0.48326415556826774
2026-06-24 14:48:41.914749+02:00,25.937,3041.686897,0.48426415556826896
2026-06-24 14:48:42.216504+02:00,25.938,3041.988652,0.48526415556826663
2026-06-24 14:48:42.514636+02:00,25.937,3042.286784,0.48426415556826896
2026-06-24 14:48:42.816562+02:00,25.938,3042.58871,0.48526415556826663
2026-06-24 14:48:43.108974+02:00,25.938,3042.881122,0.48526415556826663
2026-06-24 14:48:43.410538+02:00,25.937,3043.182686,0.48426415556826896
2026-06-24 14:48:43.710772+02:00,25.936,3043.48292,0.48326415556826774
2026-06-24 14:48:44.013639+02:00,25.937,3043.785787,0.48426415556826896
2026-06-24 14:48:44.311587+02:00,25.936,3044.083735,0.48326415556826774
2026-06-24 14:48:44.602667+02:00,25.936,3044.374815,0.48326415556826774
2026-06-24 14:48:44.895149+02:00,25.934,3044.667297,0.48126415556826885
2026-06-24 14:48:45.188283+02:00,25.935,3044.960431,0.4822641555682665
2026-06-24 14:48:45.481620+02:00,25.934,3045.253768,0.48126415556826885
2026-06-24 14:48:45.778624+02:00,25.936,3045.550772,0.48326415556826774
2026-06-24 14:48:46.069487+02:00,25.935,3045.841635,0.4822641555682665
2026-06-24 14:48:46.362339+02:00,25.936,3046.134487,0.48326415556826774
2026-06-24 14:48:46.656901+02:00,25.935,3046.429049,0.4822641555682665
2026-06-24 14:48:46.947036+02:00,25.934,3046.719184,0.48126415556826885
2026-06-24 14:48:47.242382+02:00,25.935,3047.01453,0.4822641555682665
2026-06-24 14:48:47.534566+02:00,25.932,3047.306714,0.4792641555682664
2026-06-24 14:48:47.828814+02:00,25.932,3047.600962,0.4792641555682664
2026-06-24 14:48:48.127155+02:00,25.934,3047.899303,0.48126415556826885
2026-06-24 14:48:48.426814+02:00,25.933,3048.198962,0.4802641555682676
2026-06-24 14:48:48.716640+02:00,25.932,3048.488788,0.4792641555682664
2026-06-24 14:48:49.009346+02:00,25.931,3048.781494,0.47826415556826873
2026-06-24 14:48:49.301849+02:00,25.932,3049.073997,0.4792641555682664
2026-06-24 14:48:49.598480+02:00,25.932,3049.370628,0.4792641555682664
2026-06-24 14:48:49.901743+02:00,25.933,3049.673891,0.4802641555682676
2026-06-24 14:48:50.202361+02:00,25.93,3049.974509,0.4772641555682675
2026-06-24 14:48:50.494247+02:00,25.932,3050.266395,0.4792641555682664
2026-06-24 14:48:50.786446+02:00,25.929,3050.558594,0.4762641555682663
2026-06-24 14:48:51.081704+02:00,25.929,3050.853852,0.4762641555682663
2026-06-24 14:48:51.380724+02:00,25.927,3051.152872,0.4742641555682674
2026-06-24 14:48:51.675085+02:00,25.93,3051.447233,0.4772641555682675
2026-06-24 14:48:51.969579+02:00,25.93,3051.741727,0.4772641555682675
2026-06-24 14:48:52.261897+02:00,25.927,3052.034045,0.4742641555682674
2026-06-24 14:48:52.552867+02:00,25.928,3052.325015,0.4752641555682686
2026-06-24 14:48:52.849199+02:00,25.927,3052.621347,0.4742641555682674
2026-06-24 14:48:53.141074+02:00,25.928,3052.913222,0.4752641555682686
2026-06-24 14:48:53.432898+02:00,25.927,3053.205046,0.4742641555682674
2026-06-24 14:48:53.730318+02:00,25.926,3053.502466,0.4732641555682662
2026-06-24 14:48:54.028464+02:00,25.927,3053.800612,0.4742641555682674
2026-06-24 14:48:54.321555+02:00,25.925,3054.093703,0.4722641555682685
2026-06-24 14:48:54.614045+02:00,25.925,3054.386193,0.4722641555682685
2026-06-24 14:48:54.907234+02:00,25.924,3054.679382,0.4712641555682673
2026-06-24 14:48:55.213587+02:00,25.926,3054.985735,0.4732641555682662
2026-06-24 14:48:55.509958+02:00,25.924,3055.282106,0.4712641555682673
2026-06-24 14:48:55.803364+02:00,25.926,3055.575512,0.4732641555682662
2026-06-24 14:48:56.110199+02:00,25.924,3055.882347,0.4712641555682673
2026-06-24 14:48:56.404555+02:00,25.922,3056.176703,0.4692641555682684
2026-06-24 14:48:56.707151+02:00,25.921,3056.479299,0.46826415556826717
2026-06-24 14:48:57.002828+02:00,25.92,3056.774976,0.4672641555682695
2026-06-24 14:48:57.294579+02:00,25.919,3057.066727,0.4662641555682683
2026-06-24 14:48:57.587500+02:00,25.92,3057.359648,0.4672641555682695
2026-06-24 14:48:57.880027+02:00,25.922,3057.652175,0.4692641555682684
2026-06-24 14:48:58.177001+02:00,25.921,3057.949149,0.46826415556826717
2026-06-24 14:48:58.473699+02:00,25.921,3058.245847,0.46826415556826717
2026-06-24 14:48:58.764884+02:00,25.921,3058.537032,0.46826415556826717
2026-06-24 14:48:59.057254+02:00,25.92,3058.829402,0.4672641555682695
2026-06-24 14:48:59.347596+02:00,25.919,3059.119744,0.4662641555682683
2026-06-24 14:48:59.644905+02:00,25.923,3059.417053,0.47026415556826606
2026-06-24 14:48:59.946718+02:00,25.919,3059.718866,0.4662641555682683
2026-06-24 14:49:00.239545+02:00,25.918,3060.011693,0.46526415556826706
2026-06-24 14:49:00.530616+02:00,25.918,3060.302764,0.46526415556826706
2026-06-24 14:49:00.820582+02:00,25.916,3060.59273,0.46326415556826817
2026-06-24 14:49:01.113980+02:00,25.914,3060.886128,0.4612641555682693
2026-06-24 14:49:01.404908+02:00,25.919,3061.177056,0.4662641555682683
2026-06-24 14:49:01.698191+02:00,25.915,3061.470339,0.46226415556826694
2026-06-24 14:49:01.988118+02:00,25.916,3061.760266,0.46326415556826817
2026-06-24 14:49:02.289360+02:00,25.915,3062.061508,0.46226415556826694
2026-06-24 14:49:02.582537+02:00,25.914,3062.354685,0.4612641555682693
2026-06-24 14:49:02.874854+02:00,25.911,3062.647002,0.45826415556826916
2026-06-24 14:49:03.165955+02:00,25.911,3062.938103,0.45826415556826916
2026-06-24 14:49:03.460781+02:00,25.91,3063.232929,0.45726415556826794
2026-06-24 14:49:03.751396+02:00,25.913,3063.523544,0.46026415556826805
2026-06-24 14:49:04.041957+02:00,25.913,3063.814105,0.46026415556826805
2026-06-24 14:49:04.332749+02:00,25.91,3064.104897,0.45726415556826794
2026-06-24 14:49:04.623834+02:00,25.912,3064.395982,0.45926415556826683
2026-06-24 14:49:04.913587+02:00,25.908,3064.685735,0.45526415556826905
2026-06-24 14:49:05.205004+02:00,25.911,3064.977152,0.45826415556826916
2026-06-24 14:49:05.502050+02:00,25.911,3065.274198,0.45826415556826916
2026-06-24 14:49:05.793618+02:00,25.911,3065.565766,0.45826415556826916
2026-06-24 14:49:06.086045+02:00,25.911,3065.858193,0.45826415556826916
2026-06-24 14:49:06.379255+02:00,25.907,3066.151403,0.4542641555682678
2026-06-24 14:49:06.682533+02:00,25.91,3066.454681,0.45726415556826794
2026-06-24 14:49:06.983150+02:00,25.908,3066.755298,0.45526415556826905
2026-06-24 14:49:07.278332+02:00,25.906,3067.05048,0.4532641555682666
2026-06-24 14:49:07.573055+02:00,25.906,3067.345203,0.4532641555682666
2026-06-24 14:49:07.874527+02:00,25.905,3067.646675,0.45226415556826893
2026-06-24 14:49:08.165073+02:00,25.905,3067.937221,0.45226415556826893
2026-06-24 14:49:08.465001+02:00,25.906,3068.237149,0.4532641555682666
2026-06-24 14:49:08.755961+02:00,25.906,3068.528109,0.4532641555682666
2026-06-24 14:49:09.051726+02:00,25.902,3068.823874,0.4492641555682688
2026-06-24 14:49:09.346041+02:00,25.904,3069.118189,0.4512641555682677
2026-06-24 14:49:09.644793+02:00,25.902,3069.416941,0.4492641555682688
2026-06-24 14:49:09.939832+02:00,25.903,3069.71198,0.4502641555682665
2026-06-24 14:49:10.238146+02:00,25.903,3070.010294,0.4502641555682665
2026-06-24 14:49:10.528753+02:00,25.902,3070.300901,0.4492641555682688
2026-06-24 14:49:10.820272+02:00,25.901,3070.59242,0.4482641555682676
2026-06-24 14:49:11.113021+02:00,25.899,3070.885169,0.4462641555682687
2026-06-24 14:49:11.407946+02:00,25.9,3071.180094,0.4472641555682664
2026-06-24 14:49:11.701231+02:00,25.9,3071.473379,0.4472641555682664
2026-06-24 14:49:11.989960+02:00,25.901,3071.762108,0.4482641555682676
2026-06-24 14:49:12.281178+02:00,25.898,3072.053326,0.4452641555682675
2026-06-24 14:49:12.575197+02:00,25.898,3072.347345,0.4452641555682675
2026-06-24 14:49:12.864686+02:00,25.898,3072.636834,0.4452641555682675
2026-06-24 14:49:13.155944+02:00,25.897,3072.928092,0.44426415556826626
2026-06-24 14:49:13.447829+02:00,25.895,3073.219977,0.44226415556826737
2026-06-24 14:49:13.750842+02:00,25.898,3073.52299,0.4452641555682675
2026-06-24 14:49:14.051254+02:00,25.896,3073.823402,0.4432641555682686
2026-06-24 14:49:14.353120+02:00,25.894,3074.125268,0.44126415556826615
2026-06-24 14:49:14.646070+02:00,25.893,3074.418218,0.4402641555682685
2026-06-24 14:49:14.938066+02:00,25.894,3074.710214,0.44126415556826615
2026-06-24 14:49:15.228844+02:00,25.891,3075.000992,0.43826415556826603
2026-06-24 14:49:15.521348+02:00,25.895,3075.293496,0.44226415556826737
2026-06-24 14:49:15.816276+02:00,25.893,3075.588424,0.4402641555682685
2026-06-24 14:49:16.111169+02:00,25.892,3075.883317,0.43926415556826726
2026-06-24 14:49:16.404232+02:00,25.894,3076.17638,0.44126415556826615
2026-06-24 14:49:16.695793+02:00,25.892,3076.467941,0.43926415556826726
2026-06-24 14:49:16.989034+02:00,25.892,3076.761182,0.43926415556826726
2026-06-24 14:49:17.279955+02:00,25.894,3077.052103,0.44126415556826615
2026-06-24 14:49:17.568802+02:00,25.892,3077.34095,0.43926415556826726
2026-06-24 14:49:17.861314+02:00,25.892,3077.633462,0.43926415556826726
2026-06-24 14:49:18.153474+02:00,25.89,3077.925622,0.43726415556826836
2026-06-24 14:49:18.449814+02:00,25.891,3078.221962,0.43826415556826603
2026-06-24 14:49:18.739398+02:00,25.89,3078.511546,0.43726415556826836
2026-06-24 14:49:19.033124+02:00,25.889,3078.805272,0.43626415556826714
2026-06-24 14:49:19.330168+02:00,25.889,3079.102316,0.43626415556826714
2026-06-24 14:49:19.620819+02:00,25.889,3079.392967,0.43626415556826714
2026-06-24 14:49:19.920652+02:00,25.889,3079.6928,0.43626415556826714
2026-06-24 14:49:20.210572+02:00,25.889,3079.98272,0.43626415556826714
2026-06-24 14:49:20.503427+02:00,25.89,3080.275575,0.43726415556826836
2026-06-24 14:49:20.795321+02:00,25.888,3080.567469,0.4352641555682695
2026-06-24 14:49:21.098253+02:00,25.888,3080.870401,0.4352641555682695
2026-06-24 14:49:21.391640+02:00,25.886,3081.163788,0.43326415556826703
2026-06-24 14:49:21.684024+02:00,25.887,3081.456172,0.43426415556826825
2026-06-24 14:49:21.974491+02:00,25.887,3081.746639,0.43426415556826825
2026-06-24 14:49:22.270647+02:00,25.885,3082.042795,0.43226415556826936
2026-06-24 14:49:22.558803+02:00,25.886,3082.330951,0.43326415556826703
2026-06-24 14:49:22.850763+02:00,25.885,3082.622911,0.43226415556826936
2026-06-24 14:49:23.145870+02:00,25.887,3082.918018,0.43426415556826825
2026-06-24 14:49:23.445495+02:00,25.885,3083.217643,0.43226415556826936
2026-06-24 14:49:23.736042+02:00,25.888,3083.50819,0.4352641555682695
2026-06-24 14:49:24.027639+02:00,25.884,3083.799787,0.43126415556826814
2026-06-24 14:49:24.323634+02:00,25.885,3084.095782,0.43226415556826936
2026-06-24 14:49:24.618223+02:00,25.883,3084.390371,0.4302641555682669
2026-06-24 14:49:24.914702+02:00,25.885,3084.68685,0.43226415556826936
2026-06-24 14:49:25.214330+02:00,25.88,3084.986478,0.4272641555682668
2026-06-24 14:49:25.506403+02:00,25.882,3085.278551,0.42926415556826925
2026-06-24 14:49:25.797028+02:00,25.878,3085.569176,0.4252641555682679
2026-06-24 14:49:26.089962+02:00,25.879,3085.86211,0.42626415556826913
2026-06-24 14:49:26.382604+02:00,25.877,3086.154752,0.4242641555682667
2026-06-24 14:49:26.678187+02:00,25.878,3086.450335,0.4252641555682679
2026-06-24 14:49:26.969882+02:00,25.876,3086.74203,0.423264155568269
2026-06-24 14:49:27.267456+02:00,25.877,3087.039604,0.4242641555682667
2026-06-24 14:49:27.564452+02:00,25.875,3087.3366,0.4222641555682678
2026-06-24 14:49:27.862892+02:00,25.878,3087.63504,0.4252641555682679
2026-06-24 14:49:28.153819+02:00,25.877,3087.925967,0.4242641555682667
2026-06-24 14:49:28.443264+02:00,25.876,3088.215412,0.423264155568269
2026-06-24 14:49:28.741554+02:00,25.875,3088.513702,0.4222641555682678
2026-06-24 14:49:29.040027+02:00,25.875,3088.812175,0.4222641555682678
2026-06-24 14:49:29.337984+02:00,25.873,3089.110132,0.4202641555682689
2026-06-24 14:49:29.639459+02:00,25.87,3089.411607,0.4172641555682688
2026-06-24 14:49:29.938846+02:00,25.874,3089.710994,0.4212641555682666
2026-06-24 14:49:30.228817+02:00,25.872,3090.000965,0.4192641555682677
2026-06-24 14:49:30.520504+02:00,25.872,3090.292652,0.4192641555682677
2026-06-24 14:49:30.815246+02:00,25.871,3090.587394,0.41826415556826646
2026-06-24 14:49:31.113033+02:00,25.87,3090.885181,0.4172641555682688
2026-06-24 14:49:31.402727+02:00,25.871,3091.174875,0.41826415556826646
2026-06-24 14:49:31.694854+02:00,25.869,3091.467002,0.41626415556826757
2026-06-24 14:49:31.988684+02:00,25.871,3091.760832,0.41826415556826646
2026-06-24 14:49:32.282270+02:00,25.87,3092.054418,0.4172641555682688
2026-06-24 14:49:32.581459+02:00,25.87,3092.353607,0.4172641555682688
2026-06-24 14:49:32.872267+02:00,25.869,3092.644415,0.41626415556826757
2026-06-24 14:49:33.164390+02:00,25.87,3092.936538,0.4172641555682688
2026-06-24 14:49:33.458315+02:00,25.87,3093.230463,0.4172641555682688
2026-06-24 14:49:33.747808+02:00,25.867,3093.519956,0.4142641555682687
2026-06-24 14:49:34.039206+02:00,25.869,3093.811354,0.41626415556826757
2026-06-24 14:49:34.338103+02:00,25.868,3094.110251,0.41526415556826635
2026-06-24 14:49:34.637416+02:00,25.866,3094.409564,0.41326415556826746
2026-06-24 14:49:34.939715+02:00,25.866,3094.711863,0.41326415556826746
2026-06-24 14:49:35.230714+02:00,25.867,3095.002862,0.4142641555682687
2026-06-24 14:49:35.522481+02:00,25.866,3095.294629,0.41326415556826746
2026-06-24 14:49:35.815652+02:00,25.866,3095.5878,0.41326415556826746
2026-06-24 14:49:36.111863+02:00,25.863,3095.884011,0.41026415556826734
2026-06-24 14:49:36.406553+02:00,25.861,3096.178701,0.40826415556826845
2026-06-24 14:49:36.701021+02:00,25.863,3096.473169,0.41026415556826734
2026-06-24 14:49:36.995588+02:00,25.862,3096.767736,0.4092641555682661
2026-06-24 14:49:37.288168+02:00,25.862,3097.060316,0.4092641555682661
2026-06-24 14:49:37.588844+02:00,25.862,3097.360992,0.4092641555682661
2026-06-24 14:49:37.885864+02:00,25.864,3097.658012,0.41126415556826856
2026-06-24 14:49:38.177909+02:00,25.864,3097.950057,0.41126415556826856
2026-06-24 14:49:38.473371+02:00,25.861,3098.245519,0.40826415556826845
2026-06-24 14:49:38.765409+02:00,25.862,3098.537557,0.4092641555682661
2026-06-24 14:49:39.063987+02:00,25.859,3098.836135,0.40626415556826956
2026-06-24 14:49:39.357862+02:00,25.86,3099.13001,0.4072641555682672
2026-06-24 14:49:39.647961+02:00,25.859,3099.420109,0.40626415556826956
2026-06-24 14:49:39.940691+02:00,25.859,3099.712839,0.40626415556826956
2026-06-24 14:49:40.231910+02:00,25.859,3100.004058,0.40626415556826956
2026-06-24 14:49:40.526356+02:00,25.857,3100.298504,0.4042641555682671
2026-06-24 14:49:40.822738+02:00,25.857,3100.594886,0.4042641555682671
2026-06-24 14:49:41.113255+02:00,25.856,3100.885403,0.40326415556826944
2026-06-24 14:49:41.405500+02:00,25.855,3101.177648,0.4022641555682682
2026-06-24 14:49:41.701607+02:00,25.857,3101.473755,0.4042641555682671
2026-06-24 14:49:41.999734+02:00,25.856,3101.771882,0.40326415556826944
2026-06-24 14:49:42.290493+02:00,25.855,3102.062641,0.4022641555682682
2026-06-24 14:49:42.584561+02:00,25.854,3102.356709,0.401264155568267
2026-06-24 14:49:42.874379+02:00,25.855,3102.646527,0.4022641555682682
2026-06-24 14:49:43.174557+02:00,25.854,3102.946705,0.401264155568267
2026-06-24 14:49:43.464622+02:00,25.856,3103.23677,0.40326415556826944
2026-06-24 14:49:43.757786+02:00,25.853,3103.529934,0.40026415556826933
2026-06-24 14:49:44.046520+02:00,25.854,3103.818668,0.401264155568267
2026-06-24 14:49:44.345714+02:00,25.852,3104.117862,0.3992641555682681
2026-06-24 14:49:44.646106+02:00,25.854,3104.418254,0.401264155568267
2026-06-24 14:49:44.935542+02:00,25.853,3104.70769,0.40026415556826933
2026-06-24 14:49:45.233116+02:00,25.851,3105.005264,0.3982641555682669
2026-06-24 14:49:45.524558+02:00,25.852,3105.296706,0.3992641555682681
2026-06-24 14:49:45.813936+02:00,25.85,3105.586084,0.3972641555682692
2026-06-24 14:49:46.107258+02:00,25.85,3105.879406,0.3972641555682692
2026-06-24 14:49:46.398249+02:00,25.849,3106.170397,0.396264155568268
2026-06-24 14:49:46.691225+02:00,25.85,3106.463373,0.3972641555682692
2026-06-24 14:49:46.989933+02:00,25.85,3106.762081,0.3972641555682692
2026-06-24 14:49:47.280520+02:00,25.848,3107.052668,0.3952641555682668
2026-06-24 14:49:47.571150+02:00,25.847,3107.343298,0.3942641555682691
2026-06-24 14:49:47.865348+02:00,25.847,3107.637496,0.3942641555682691
2026-06-24 14:49:48.156274+02:00,25.847,3107.928422,0.3942641555682691
2026-06-24 14:49:48.447358+02:00,25.846,3108.219506,0.3932641555682679
2026-06-24 14:49:48.738119+02:00,25.846,3108.510267,0.3932641555682679
2026-06-24 14:49:49.038660+02:00,25.847,3108.810808,0.3942641555682691
2026-06-24 14:49:49.330947+02:00,25.847,3109.103095,0.3942641555682691
2026-06-24 14:49:49.621471+02:00,25.845,3109.393619,0.39226415556826666
2026-06-24 14:49:49.913116+02:00,25.844,3109.685264,0.391264155568269
2026-06-24 14:49:50.202756+02:00,25.843,3109.974904,0.39026415556826777
2026-06-24 14:49:50.499439+02:00,25.844,3110.271587,0.391264155568269
2026-06-24 14:49:50.799435+02:00,25.842,3110.571583,0.38926415556826655
2026-06-24 14:49:51.095992+02:00,25.844,3110.86814,0.391264155568269
2026-06-24 14:49:51.395204+02:00,25.842,3111.167352,0.38926415556826655
2026-06-24 14:49:51.698118+02:00,25.843,3111.470266,0.39026415556826777
2026-06-24 14:49:51.994092+02:00,25.841,3111.76624,0.3882641555682689
2026-06-24 14:49:52.286556+02:00,25.842,3112.058704,0.38926415556826655
2026-06-24 14:49:52.576259+02:00,25.842,3112.348407,0.38926415556826655
2026-06-24 14:49:52.869278+02:00,25.841,3112.641426,0.3882641555682689
2026-06-24 14:49:53.163230+02:00,25.837,3112.935378,0.38426415556826754
2026-06-24 14:49:53.456475+02:00,25.84,3113.228623,0.38726415556826765
2026-06-24 14:49:53.747758+02:00,25.84,3113.519906,0.38726415556826765
2026-06-24 14:49:54.040182+02:00,25.84,3113.81233,0.38726415556826765
2026-06-24 14:49:54.332909+02:00,25.838,3114.105057,0.38526415556826876
2026-06-24 14:49:54.633235+02:00,25.838,3114.405383,0.38526415556826876
2026-06-24 14:49:54.924664+02:00,25.836,3114.696812,0.3832641555682663
2026-06-24 14:49:55.216181+02:00,25.836,3114.988329,0.3832641555682663
2026-06-24 14:49:55.508033+02:00,25.834,3115.280181,0.3812641555682674
2026-06-24 14:49:55.798872+02:00,25.836,3115.57102,0.3832641555682663
2026-06-24 14:49:56.097266+02:00,25.834,3115.869414,0.3812641555682674
2026-06-24 14:49:56.397224+02:00,25.835,3116.169372,0.38226415556826865
2026-06-24 14:49:56.689149+02:00,25.832,3116.461297,0.37926415556826854
2026-06-24 14:49:56.981674+02:00,25.831,3116.753822,0.3782641555682673
2026-06-24 14:49:57.273970+02:00,25.831,3117.046118,0.3782641555682673
2026-06-24 14:49:57.569129+02:00,25.832,3117.341277,0.37926415556826854
2026-06-24 14:49:57.864221+02:00,25.832,3117.636369,0.37926415556826854
2026-06-24 14:49:58.156276+02:00,25.831,3117.928424,0.3782641555682673
2026-06-24 14:49:58.446926+02:00,25.831,3118.219074,0.3782641555682673
2026-06-24 14:49:58.737135+02:00,25.828,3118.509283,0.3752641555682672
2026-06-24 14:49:59.028808+02:00,25.829,3118.800956,0.3762641555682684
2026-06-24 14:49:59.322016+02:00,25.829,3119.094164,0.3762641555682684
2026-06-24 14:49:59.625177+02:00,25.825,3119.397325,0.3722641555682671
2026-06-24 14:49:59.916689+02:00,25.827,3119.688837,0.37426415556826953
2026-06-24 14:50:00.208394+02:00,25.828,3119.980542,0.3752641555682672
2026-06-24 14:50:00.503705+02:00,25.825,3120.275853,0.3722641555682671
2026-06-24 14:50:00.793009+02:00,25.827,3120.565157,0.37426415556826953
2026-06-24 14:50:01.092131+02:00,25.826,3120.864279,0.3732641555682683
2026-06-24 14:50:01.385020+02:00,25.825,3121.157168,0.3722641555682671
2026-06-24 14:50:01.680685+02:00,25.824,3121.452833,0.3712641555682694
2026-06-24 14:50:01.977029+02:00,25.825,3121.749177,0.3722641555682671
2026-06-24 14:50:02.270464+02:00,25.822,3122.042612,0.36926415556826697
2026-06-24 14:50:02.564369+02:00,25.822,3122.336517,0.36926415556826697
2026-06-24 14:50:02.856414+02:00,25.823,3122.628562,0.3702641555682682
2026-06-24 14:50:03.152841+02:00,25.819,3122.924989,0.36626415556826686
2026-06-24 14:50:03.442702+02:00,25.821,3123.21485,0.3682641555682693
2026-06-24 14:50:03.735651+02:00,25.82,3123.507799,0.3672641555682681
2026-06-24 14:50:04.037543+02:00,25.822,3123.809691,0.36926415556826697
2026-06-24 14:50:04.335377+02:00,25.82,3124.107525,0.3672641555682681
2026-06-24 14:50:04.631684+02:00,25.819,3124.403832,0.36626415556826686
2026-06-24 14:50:04.925864+02:00,25.82,3124.698012,0.3672641555682681
2026-06-24 14:50:05.220682+02:00,25.818,3124.99283,0.3652641555682692
2026-06-24 14:50:05.515280+02:00,25.817,3125.287428,0.36426415556826797
2026-06-24 14:50:05.812824+02:00,25.816,3125.584972,0.36326415556826674
2026-06-24 14:50:06.104637+02:00,25.815,3125.876785,0.3622641555682691
2026-06-24 14:50:06.396544+02:00,25.814,3126.168692,0.36126415556826785
2026-06-24 14:50:06.688614+02:00,25.814,3126.460762,0.36126415556826785
2026-06-24 14:50:06.985782+02:00,25.813,3126.75793,0.36026415556826663
2026-06-24 14:50:07.278468+02:00,25.813,3127.050616,0.36026415556826663
2026-06-24 14:50:07.572916+02:00,25.811,3127.345064,0.35826415556826774
2026-06-24 14:50:07.863176+02:00,25.81,3127.635324,0.3572641555682665
2026-06-24 14:50:08.158206+02:00,25.811,3127.930354,0.35826415556826774
2026-06-24 14:50:08.449892+02:00,25.811,3128.22204,0.35826415556826774
2026-06-24 14:50:08.751521+02:00,25.809,3128.523669,0.35626415556826885
2026-06-24 14:50:09.046083+02:00,25.807,3128.818231,0.3542641555682664
2026-06-24 14:50:09.344210+02:00,25.809,3129.116358,0.35626415556826885
2026-06-24 14:50:09.636149+02:00,25.809,3129.408297,0.35626415556826885
2026-06-24 14:50:09.929749+02:00,25.807,3129.701897,0.3542641555682664
2026-06-24 14:50:10.223242+02:00,25.807,3129.99539,0.3542641555682664
2026-06-24 14:50:10.515458+02:00,25.807,3130.287606,0.3542641555682664
2026-06-24 14:50:10.807805+02:00,25.807,3130.579953,0.3542641555682664
2026-06-24 14:50:11.100608+02:00,25.807,3130.872756,0.3542641555682664
2026-06-24 14:50:11.395009+02:00,25.806,3131.167157,0.35326415556826873
2026-06-24 14:50:11.688302+02:00,25.809,3131.46045,0.35626415556826885
2026-06-24 14:50:11.985304+02:00,25.807,3131.757452,0.3542641555682664
2026-06-24 14:50:12.278799+02:00,25.805,3132.050947,0.3522641555682675
2026-06-24 14:50:12.570674+02:00,25.804,3132.342822,0.3512641555682663
2026-06-24 14:50:12.863575+02:00,25.804,3132.635723,0.3512641555682663
2026-06-24 14:50:13.159240+02:00,25.803,3132.931388,0.3502641555682686
2026-06-24 14:50:13.452507+02:00,25.802,3133.224655,0.3492641555682674
2026-06-24 14:50:13.749486+02:00,25.8,3133.521634,0.3472641555682685
2026-06-24 14:50:14.042083+02:00,25.8,3133.814231,0.3472641555682685
2026-06-24 14:50:14.332629+02:00,25.801,3134.104777,0.3482641555682662
2026-06-24 14:50:14.626747+02:00,25.801,3134.398895,0.3482641555682662
2026-06-24 14:50:14.918600+02:00,25.798,3134.690748,0.34526415556826606
2026-06-24 14:50:15.208587+02:00,25.796,3134.980735,0.34326415556826717
2026-06-24 14:50:15.506805+02:00,25.796,3135.278953,0.34326415556826717
2026-06-24 14:50:15.797633+02:00,25.794,3135.569781,0.3412641555682683
2026-06-24 14:50:16.093055+02:00,25.796,3135.865203,0.34326415556826717
2026-06-24 14:50:16.388008+02:00,25.799,3136.160156,0.3462641555682673
2026-06-24 14:50:16.680168+02:00,25.798,3136.452316,0.34526415556826606
2026-06-24 14:50:16.972875+02:00,25.795,3136.745023,0.3422641555682695
2026-06-24 14:50:17.266094+02:00,25.797,3137.038242,0.3442641555682684
2026-06-24 14:50:17.557943+02:00,25.792,3137.330091,0.3392641555682694
2026-06-24 14:50:17.848358+02:00,25.792,3137.620506,0.3392641555682694
2026-06-24 14:50:18.137010+02:00,25.793,3137.909158,0.34026415556826706
2026-06-24 14:50:18.437176+02:00,25.792,3138.209324,0.3392641555682694
2026-06-24 14:50:18.730738+02:00,25.793,3138.502886,0.34026415556826706
2026-06-24 14:50:19.030708+02:00,25.791,3138.802856,0.33826415556826817
2026-06-24 14:50:19.330518+02:00,25.788,3139.102666,0.33526415556826805
2026-06-24 14:50:19.625799+02:00,25.788,3139.397947,0.33526415556826805
2026-06-24 14:50:19.918290+02:00,25.792,3139.690438,0.3392641555682694
2026-06-24 14:50:20.212220+02:00,25.787,3139.984368,0.33426415556826683
2026-06-24 14:50:20.501607+02:00,25.789,3140.273755,0.3362641555682693
2026-06-24 14:50:20.796644+02:00,25.784,3140.568792,0.3312641555682667
2026-06-24 14:50:21.087282+02:00,25.787,3140.85943,0.33426415556826683
2026-06-24 14:50:21.379535+02:00,25.786,3141.151683,0.33326415556826916
2026-06-24 14:50:21.680498+02:00,25.785,3141.452646,0.33226415556826794
2026-06-24 14:50:21.979294+02:00,25.785,3141.751442,0.33226415556826794
2026-06-24 14:50:22.276174+02:00,25.784,3142.048322,0.3312641555682667
2026-06-24 14:50:22.573749+02:00,25.782,3142.345897,0.3292641555682678
2026-06-24 14:50:22.863145+02:00,25.783,3142.635293,0.33026415556826905
2026-06-24 14:50:23.154392+02:00,25.783,3142.92654,0.33026415556826905
2026-06-24 14:50:23.447184+02:00,25.778,3143.219332,0.3252641555682665
2026-06-24 14:50:23.746401+02:00,25.778,3143.518549,0.3252641555682665
2026-06-24 14:50:24.039067+02:00,25.78,3143.811215,0.32726415556826893
2026-06-24 14:50:24.328668+02:00,25.778,3144.100816,0.3252641555682665
2026-06-24 14:50:24.622113+02:00,25.777,3144.394261,0.3242641555682688
2026-06-24 14:50:24.924895+02:00,25.778,3144.697043,0.3252641555682665
2026-06-24 14:50:25.218657+02:00,25.776,3144.990805,0.3232641555682676
2026-06-24 14:50:25.513441+02:00,25.778,3145.285589,0.3252641555682665
2026-06-24 14:50:25.802985+02:00,25.774,3145.575133,0.3212641555682687
2026-06-24 14:50:26.100933+02:00,25.775,3145.873081,0.3222641555682664
2026-06-24 14:50:26.397935+02:00,25.773,3146.170083,0.3202641555682675
2026-06-24 14:50:26.693282+02:00,25.771,3146.46543,0.3182641555682686
2026-06-24 14:50:26.983095+02:00,25.772,3146.755243,0.31926415556826626
2026-06-24 14:50:27.276230+02:00,25.77,3147.048378,0.31726415556826737
2026-06-24 14:50:27.573426+02:00,25.771,3147.345574,0.3182641555682686
2026-06-24 14:50:27.872925+02:00,25.77,3147.645073,0.31726415556826737
2026-06-24 14:50:28.172225+02:00,25.768,3147.944373,0.3152641555682685
2026-06-24 14:50:28.472356+02:00,25.77,3148.244504,0.31726415556826737
2026-06-24 14:50:28.773893+02:00,25.77,3148.546041,0.31726415556826737
2026-06-24 14:50:29.068728+02:00,25.765,3148.840876,0.31226415556826836
2026-06-24 14:50:29.366887+02:00,25.767,3149.139035,0.31426415556826726
2026-06-24 14:50:29.662666+02:00,25.765,3149.434814,0.31226415556826836
2026-06-24 14:50:29.957396+02:00,25.765,3149.729544,0.31226415556826836
2026-06-24 14:50:30.247854+02:00,25.764,3150.020002,0.31126415556826714
2026-06-24 14:50:30.537422+02:00,25.763,3150.30957,0.3102641555682695
2026-06-24 14:50:30.830947+02:00,25.765,3150.603095,0.31226415556826836
2026-06-24 14:50:31.121471+02:00,25.764,3150.893619,0.31126415556826714
2026-06-24 14:50:31.413780+02:00,25.766,3151.185928,0.31326415556826603
2026-06-24 14:50:31.706851+02:00,25.766,3151.478999,0.31326415556826603
2026-06-24 14:50:32.012408+02:00,25.763,3151.784556,0.3102641555682695
2026-06-24 14:50:32.311015+02:00,25.762,3152.083163,0.30926415556826825
2026-06-24 14:50:32.602855+02:00,25.761,3152.375003,0.30826415556826703
2026-06-24 14:50:32.894107+02:00,25.761,3152.666255,0.30826415556826703
2026-06-24 14:50:33.184569+02:00,25.761,3152.956717,0.30826415556826703
2026-06-24 14:50:33.477247+02:00,25.761,3153.249395,0.30826415556826703
2026-06-24 14:50:33.767461+02:00,25.76,3153.539609,0.30726415556826936
2026-06-24 14:50:34.059536+02:00,25.756,3153.831684,0.303264155568268
2026-06-24 14:50:34.352229+02:00,25.756,3154.124377,0.303264155568268
2026-06-24 14:50:34.646896+02:00,25.759,3154.419044,0.30626415556826814
2026-06-24 14:50:34.936639+02:00,25.756,3154.708787,0.303264155568268
2026-06-24 14:50:35.228844+02:00,25.757,3155.000992,0.30426415556826925
2026-06-24 14:50:35.519812+02:00,25.753,3155.29196,0.3002641555682679
2026-06-24 14:50:35.811855+02:00,25.752,3155.584003,0.2992641555682667
2026-06-24 14:50:36.103342+02:00,25.755,3155.87549,0.3022641555682668
2026-06-24 14:50:36.405128+02:00,25.754,3156.177276,0.30126415556826913
2026-06-24 14:50:36.708538+02:00,25.751,3156.480686,0.298264155568269
2026-06-24 14:50:37.008641+02:00,25.753,3156.780789,0.3002641555682679
2026-06-24 14:50:37.309157+02:00,25.75,3157.081305,0.2972641555682678
2026-06-24 14:50:37.604033+02:00,25.748,3157.376181,0.2952641555682689
2026-06-24 14:50:37.894085+02:00,25.748,3157.666233,0.2952641555682689
2026-06-24 14:50:38.185390+02:00,25.748,3157.957538,0.2952641555682689
2026-06-24 14:50:38.475775+02:00,25.746,3158.247923,0.29326415556826646
2026-06-24 14:50:38.767693+02:00,25.746,3158.539841,0.29326415556826646
2026-06-24 14:50:39.061100+02:00,25.746,3158.833248,0.29326415556826646
2026-06-24 14:50:39.352099+02:00,25.747,3159.124247,0.2942641555682677
2026-06-24 14:50:39.643481+02:00,25.746,3159.415629,0.29326415556826646
2026-06-24 14:50:39.936653+02:00,25.743,3159.708801,0.29026415556826635
2026-06-24 14:50:40.230667+02:00,25.742,3160.002815,0.2892641555682687
2026-06-24 14:50:40.521371+02:00,25.739,3160.293519,0.28626415556826856
2026-06-24 14:50:40.811734+02:00,25.743,3160.583882,0.29026415556826635
2026-06-24 14:50:41.104567+02:00,25.742,3160.876715,0.2892641555682687
2026-06-24 14:50:41.395781+02:00,25.739,3161.167929,0.28626415556826856
2026-06-24 14:50:41.688555+02:00,25.742,3161.460703,0.2892641555682687
2026-06-24 14:50:41.980521+02:00,25.739,3161.752669,0.28626415556826856
2026-06-24 14:50:42.272785+02:00,25.738,3162.044933,0.28526415556826734
2026-06-24 14:50:42.573126+02:00,25.735,3162.345274,0.2822641555682672
2026-06-24 14:50:42.864310+02:00,25.734,3162.636458,0.28126415556826956
2026-06-24 14:50:43.158135+02:00,25.733,3162.930283,0.28026415556826834
2026-06-24 14:50:43.448052+02:00,25.734,3163.2202,0.28126415556826956
2026-06-24 14:50:43.740084+02:00,25.733,3163.512232,0.28026415556826834
2026-06-24 14:50:44.032105+02:00,25.735,3163.804253,0.2822641555682672
2026-06-24 14:50:44.324260+02:00,25.731,3164.096408,0.27826415556826944
2026-06-24 14:50:44.623518+02:00,25.738,3164.395666,0.28526415556826734
2026-06-24 14:50:44.926535+02:00,25.732,3164.698683,0.2792641555682671
2026-06-24 14:50:45.217344+02:00,25.733,3164.989492,0.28026415556826834
2026-06-24 14:50:45.509386+02:00,25.73,3165.281534,0.2772641555682682
2026-06-24 14:50:45.806107+02:00,25.731,3165.578255,0.27826415556826944
2026-06-24 14:50:46.098824+02:00,25.729,3165.870972,0.276264155568267
2026-06-24 14:50:46.392562+02:00,25.729,3166.16471,0.276264155568267
2026-06-24 14:50:46.685073+02:00,25.728,3166.457221,0.27526415556826933
2026-06-24 14:50:46.975655+02:00,25.727,3166.747803,0.2742641555682681
2026-06-24 14:50:47.268359+02:00,25.727,3167.040507,0.2742641555682681
2026-06-24 14:50:47.566860+02:00,25.729,3167.339008,0.276264155568267
2026-06-24 14:50:47.859244+02:00,25.727,3167.631392,0.2742641555682681
2026-06-24 14:50:48.150893+02:00,25.725,3167.923041,0.2722641555682692
2026-06-24 14:50:48.442811+02:00,25.724,3168.214959,0.271264155568268
2026-06-24 14:50:48.731529+02:00,25.722,3168.503677,0.2692641555682691
2026-06-24 14:50:49.025244+02:00,25.72,3168.797392,0.26726415556826666
2026-06-24 14:50:49.318152+02:00,25.72,3169.0903,0.26726415556826666
2026-06-24 14:50:49.615978+02:00,25.719,3169.388126,0.266264155568269
2026-06-24 14:50:49.910386+02:00,25.72,3169.682534,0.26726415556826666
2026-06-24 14:50:50.202856+02:00,25.717,3169.975004,0.26426415556826655
2026-06-24 14:50:50.493584+02:00,25.714,3170.265732,0.26126415556826643
2026-06-24 14:50:50.792572+02:00,25.713,3170.56472,0.26026415556826876
2026-06-24 14:50:51.087405+02:00,25.715,3170.859553,0.26226415556826765
2026-06-24 14:50:51.377545+02:00,25.713,3171.149693,0.26026415556826876
2026-06-24 14:50:51.670435+02:00,25.715,3171.442583,0.26226415556826765
2026-06-24 14:50:51.961690+02:00,25.712,3171.733838,0.25926415556826754
2026-06-24 14:50:52.261608+02:00,25.714,3172.033756,0.26126415556826643
2026-06-24 14:50:52.553676+02:00,25.711,3172.325824,0.2582641555682663
2026-06-24 14:50:52.849476+02:00,25.71,3172.621624,0.25726415556826865
2026-06-24 14:50:53.141935+02:00,25.71,3172.914083,0.25726415556826865
2026-06-24 14:50:53.439835+02:00,25.707,3173.211983,0.25426415556826854
2026-06-24 14:50:53.735956+02:00,25.709,3173.508104,0.2562641555682674
2026-06-24 14:50:54.029344+02:00,25.708,3173.801492,0.2552641555682662
2026-06-24 14:50:54.322130+02:00,25.708,3174.094278,0.2552641555682662
2026-06-24 14:50:54.617569+02:00,25.707,3174.389717,0.25426415556826854
2026-06-24 14:50:54.909600+02:00,25.706,3174.681748,0.2532641555682673
2026-06-24 14:50:55.200557+02:00,25.704,3174.972705,0.2512641555682684
2026-06-24 14:50:55.493205+02:00,25.701,3175.265353,0.2482641555682683
2026-06-24 14:50:55.785794+02:00,25.704,3175.557942,0.2512641555682684
2026-06-24 14:50:56.077418+02:00,25.704,3175.849566,0.2512641555682684
2026-06-24 14:50:56.366393+02:00,25.704,3176.138541,0.2512641555682684
2026-06-24 14:50:56.661916+02:00,25.701,3176.434064,0.2482641555682683
2026-06-24 14:50:56.957505+02:00,25.701,3176.729653,0.2482641555682683
2026-06-24 14:50:57.252843+02:00,25.699,3177.024991,0.24626415556826942
2026-06-24 14:50:57.542758+02:00,25.698,3177.314906,0.2452641555682682
2026-06-24 14:50:57.835022+02:00,25.696,3177.60717,0.2432641555682693
2026-06-24 14:50:58.127209+02:00,25.694,3177.899357,0.24126415556826686
2026-06-24 14:50:58.422748+02:00,25.694,3178.194896,0.24126415556826686
2026-06-24 14:50:58.717528+02:00,25.695,3178.489676,0.24226415556826808
2026-06-24 14:50:59.007864+02:00,25.692,3178.780012,0.23926415556826797
2026-06-24 14:50:59.300054+02:00,25.692,3179.072202,0.23926415556826797
2026-06-24 14:50:59.591947+02:00,25.692,3179.364095,0.23926415556826797
2026-06-24 14:50:59.885701+02:00,25.692,3179.657849,0.23926415556826797
2026-06-24 14:51:00.180552+02:00,25.692,3179.9527,0.23926415556826797
2026-06-24 14:51:00.473328+02:00,25.689,3180.245476,0.23626415556826785
2026-06-24 14:51:00.770050+02:00,25.689,3180.542198,0.23626415556826785
2026-06-24 14:51:01.060798+02:00,25.69,3180.832946,0.23726415556826908
2026-06-24 14:51:01.351919+02:00,25.69,3181.124067,0.23726415556826908
2026-06-24 14:51:01.643699+02:00,25.688,3181.415847,0.23526415556826663
2026-06-24 14:51:01.936477+02:00,25.689,3181.708625,0.23626415556826785
2026-06-24 14:51:02.231033+02:00,25.687,3182.003181,0.23426415556826896
2026-06-24 14:51:02.525065+02:00,25.686,3182.297213,0.23326415556826774
2026-06-24 14:51:02.818354+02:00,25.687,3182.590502,0.23426415556826896
2026-06-24 14:51:03.108574+02:00,25.683,3182.880722,0.23026415556826763
2026-06-24 14:51:03.399580+02:00,25.683,3183.171728,0.23026415556826763
2026-06-24 14:51:03.698590+02:00,25.686,3183.470738,0.23326415556826774
2026-06-24 14:51:03.997482+02:00,25.683,3183.76963,0.23026415556826763
2026-06-24 14:51:04.291650+02:00,25.684,3184.063798,0.23126415556826885
2026-06-24 14:51:04.583263+02:00,25.682,3184.355411,0.2292641555682664
2026-06-24 14:51:04.885609+02:00,25.683,3184.657757,0.23026415556826763
2026-06-24 14:51:05.177409+02:00,25.682,3184.949557,0.2292641555682664
2026-06-24 14:51:05.473060+02:00,25.68,3185.245208,0.2272641555682675
2026-06-24 14:51:05.764287+02:00,25.68,3185.536435,0.2272641555682675
2026-06-24 14:51:06.054927+02:00,25.68,3185.827075,0.2272641555682675
2026-06-24 14:51:06.347982+02:00,25.682,3186.12013,0.2292641555682664
2026-06-24 14:51:06.645704+02:00,25.679,3186.417852,0.2262641555682663
2026-06-24 14:51:06.941392+02:00,25.678,3186.71354,0.22526415556826862
2026-06-24 14:51:07.235206+02:00,25.677,3187.007354,0.2242641555682674
2026-06-24 14:51:07.528222+02:00,25.676,3187.30037,0.22326415556826618
2026-06-24 14:51:07.819274+02:00,25.676,3187.591422,0.22326415556826618
2026-06-24 14:51:08.110486+02:00,25.675,3187.882634,0.2222641555682685
2026-06-24 14:51:08.400928+02:00,25.676,3188.173076,0.22326415556826618
2026-06-24 14:51:08.695079+02:00,25.675,3188.467227,0.2222641555682685
2026-06-24 14:51:08.990206+02:00,25.675,3188.762354,0.2222641555682685
2026-06-24 14:51:09.281192+02:00,25.673,3189.05334,0.22026415556826606
2026-06-24 14:51:09.577235+02:00,25.67,3189.349383,0.2172641555682695
2026-06-24 14:51:09.869095+02:00,25.671,3189.641243,0.21826415556826717
2026-06-24 14:51:10.165604+02:00,25.673,3189.937752,0.22026415556826606
2026-06-24 14:51:10.461333+02:00,25.672,3190.233481,0.2192641555682684
2026-06-24 14:51:10.756226+02:00,25.671,3190.528374,0.21826415556826717
2026-06-24 14:51:11.047949+02:00,25.669,3190.820097,0.21626415556826828
2026-06-24 14:51:11.340359+02:00,25.668,3191.112507,0.21526415556826706
2026-06-24 14:51:11.635497+02:00,25.666,3191.407645,0.21326415556826817
2026-06-24 14:51:11.934874+02:00,25.669,3191.707022,0.21626415556826828
2026-06-24 14:51:12.235575+02:00,25.667,3192.007723,0.2142641555682694
2026-06-24 14:51:12.537992+02:00,25.665,3192.31014,0.21226415556826694
2026-06-24 14:51:12.827079+02:00,25.664,3192.599227,0.21126415556826927
2026-06-24 14:51:13.122515+02:00,25.665,3192.894663,0.21226415556826694
2026-06-24 14:51:13.418018+02:00,25.665,3193.190166,0.21226415556826694
2026-06-24 14:51:13.709812+02:00,25.664,3193.48196,0.21126415556826927
2026-06-24 14:51:14.007212+02:00,25.661,3193.77936,0.20826415556826916
2026-06-24 14:51:14.299425+02:00,25.66,3194.071573,0.20726415556826794
2026-06-24 14:51:14.590839+02:00,25.662,3194.362987,0.20926415556826683
2026-06-24 14:51:14.887872+02:00,25.661,3194.66002,0.20826415556826916
2026-06-24 14:51:15.188640+02:00,25.659,3194.960788,0.20626415556826672
2026-06-24 14:51:15.489115+02:00,25.662,3195.261263,0.20926415556826683
2026-06-24 14:51:15.783764+02:00,25.66,3195.555912,0.20726415556826794
2026-06-24 14:51:16.087162+02:00,25.659,3195.85931,0.20626415556826672
2026-06-24 14:51:16.386565+02:00,25.656,3196.158713,0.2032641555682666
2026-06-24 14:51:16.683733+02:00,25.658,3196.455881,0.20526415556826905
2026-06-24 14:51:16.978757+02:00,25.66,3196.750905,0.20726415556826794
2026-06-24 14:51:17.269912+02:00,25.655,3197.04206,0.20226415556826893
2026-06-24 14:51:17.563700+02:00,25.653,3197.335848,0.2002641555682665
2026-06-24 14:51:17.860198+02:00,25.654,3197.632346,0.2012641555682677
2026-06-24 14:51:18.150049+02:00,25.655,3197.922197,0.20226415556826893
2026-06-24 14:51:18.442097+02:00,25.652,3198.214245,0.19926415556826882
2026-06-24 14:51:18.736485+02:00,25.651,3198.508633,0.1982641555682676
2026-06-24 14:51:19.025552+02:00,25.651,3198.7977,0.1982641555682676
2026-06-24 14:51:19.317030+02:00,25.65,3199.089178,0.19726415556826637
2026-06-24 14:51:19.609686+02:00,25.649,3199.381834,0.1962641555682687
2026-06-24 14:51:19.906158+02:00,25.648,3199.678306,0.19526415556826748
2026-06-24 14:51:20.199421+02:00,25.644,3199.971569,0.19126415556826615
2026-06-24 14:51:20.488221+02:00,25.646,3200.260369,0.1932641555682686
2026-06-24 14:51:20.782074+02:00,25.645,3200.554222,0.19226415556826737
2026-06-24 14:51:21.072279+02:00,25.646,3200.844427,0.1932641555682686
2026-06-24 14:51:21.367659+02:00,25.646,3201.139807,0.1932641555682686
2026-06-24 14:51:21.661126+02:00,25.644,3201.433274,0.19126415556826615
2026-06-24 14:51:21.954250+02:00,25.644,3201.726398,0.19126415556826615
2026-06-24 14:51:22.244726+02:00,25.644,3202.016874,0.19126415556826615
2026-06-24 14:51:22.541477+02:00,25.642,3202.313625,0.18926415556826726
2026-06-24 14:51:22.840785+02:00,25.64,3202.612933,0.18726415556826836
2026-06-24 14:51:23.133086+02:00,25.639,3202.905234,0.18626415556826714
2026-06-24 14:51:23.426022+02:00,25.639,3203.19817,0.18626415556826714
2026-06-24 14:51:23.721625+02:00,25.64,3203.493773,0.18726415556826836
2026-06-24 14:51:24.011220+02:00,25.64,3203.783368,0.18726415556826836
2026-06-24 14:51:24.303144+02:00,25.64,3204.075292,0.18726415556826836
2026-06-24 14:51:24.594598+02:00,25.637,3204.366746,0.18426415556826825
2026-06-24 14:51:24.889624+02:00,25.638,3204.661772,0.18526415556826947
2026-06-24 14:51:25.177491+02:00,25.637,3204.949639,0.18426415556826825
2026-06-24 14:51:25.468171+02:00,25.631,3205.240319,0.17826415556826802
2026-06-24 14:51:25.765762+02:00,25.634,3205.53791,0.18126415556826814
2026-06-24 14:51:26.062948+02:00,25.635,3205.835096,0.18226415556826936
2026-06-24 14:51:26.359388+02:00,25.633,3206.131536,0.18026415556826691
2026-06-24 14:51:26.651579+02:00,25.632,3206.423727,0.17926415556826925
2026-06-24 14:51:26.944278+02:00,25.631,3206.716426,0.17826415556826802
2026-06-24 14:51:27.235344+02:00,25.633,3207.007492,0.18026415556826691
2026-06-24 14:51:27.526508+02:00,25.63,3207.298656,0.1772641555682668
2026-06-24 14:51:27.818406+02:00,25.631,3207.590554,0.17826415556826802
2026-06-24 14:51:28.108646+02:00,25.628,3207.880794,0.1752641555682679
2026-06-24 14:51:28.403927+02:00,25.627,3208.176075,0.1742641555682667
2026-06-24 14:51:28.697130+02:00,25.629,3208.469278,0.17626415556826913
2026-06-24 14:51:28.991055+02:00,25.627,3208.763203,0.1742641555682667
2026-06-24 14:51:29.284238+02:00,25.623,3209.056386,0.1702641555682689
2026-06-24 14:51:29.574238+02:00,25.626,3209.346386,0.17326415556826902
2026-06-24 14:51:29.864809+02:00,25.624,3209.636957,0.17126415556826657
2026-06-24 14:51:30.155455+02:00,25.624,3209.927603,0.17126415556826657
2026-06-24 14:51:30.447905+02:00,25.623,3210.220053,0.1702641555682689
2026-06-24 14:51:30.741004+02:00,25.62,3210.513152,0.1672641555682688
2026-06-24 14:51:31.037733+02:00,25.621,3210.809881,0.16826415556826646
2026-06-24 14:51:31.331746+02:00,25.62,3211.103894,0.1672641555682688
2026-06-24 14:51:31.627824+02:00,25.618,3211.399972,0.16526415556826635
2026-06-24 14:51:31.921945+02:00,25.619,3211.694093,0.16626415556826757
2026-06-24 14:51:32.221093+02:00,25.618,3211.993241,0.16526415556826635
2026-06-24 14:51:32.511247+02:00,25.616,3212.283395,0.16326415556826746
2026-06-24 14:51:32.807155+02:00,25.615,3212.579303,0.16226415556826623
2026-06-24 14:51:33.095990+02:00,25.614,3212.868138,0.16126415556826856
2026-06-24 14:51:33.388272+02:00,25.613,3213.16042,0.16026415556826734
2026-06-24 14:51:33.680365+02:00,25.61,3213.452513,0.15726415556826723
2026-06-24 14:51:33.979539+02:00,25.609,3213.751687,0.15626415556826956
2026-06-24 14:51:34.275799+02:00,25.611,3214.047947,0.15826415556826845
2026-06-24 14:51:34.565337+02:00,25.609,3214.337485,0.15626415556826956
2026-06-24 14:51:34.859398+02:00,25.608,3214.631546,0.15526415556826834
2026-06-24 14:51:35.150772+02:00,25.609,3214.92292,0.15626415556826956
2026-06-24 14:51:35.450050+02:00,25.609,3215.222198,0.15626415556826956
2026-06-24 14:51:35.740859+02:00,25.611,3215.513007,0.15826415556826845
2026-06-24 14:51:36.034107+02:00,25.605,3215.806255,0.15226415556826822
2026-06-24 14:51:36.329216+02:00,25.607,3216.101364,0.15426415556826711
2026-06-24 14:51:36.620811+02:00,25.606,3216.392959,0.15326415556826944
2026-06-24 14:51:36.911884+02:00,25.605,3216.684032,0.15226415556826822
2026-06-24 14:51:37.203951+02:00,25.604,3216.976099,0.151264155568267
2026-06-24 14:51:37.495120+02:00,25.603,3217.267268,0.15026415556826933
2026-06-24 14:51:37.787341+02:00,25.603,3217.559489,0.15026415556826933
2026-06-24 14:51:38.085164+02:00,25.602,3217.857312,0.1492641555682681
2026-06-24 14:51:38.379288+02:00,25.601,3218.151436,0.1482641555682669
2026-06-24 14:51:38.675213+02:00,25.6,3218.447361,0.14726415556826922
2026-06-24 14:51:38.966201+02:00,25.599,3218.738349,0.146264155568268
2026-06-24 14:51:39.258387+02:00,25.599,3219.030535,0.146264155568268
2026-06-24 14:51:39.552802+02:00,25.599,3219.32495,0.146264155568268
2026-06-24 14:51:39.846350+02:00,25.599,3219.618498,0.146264155568268
2026-06-24 14:51:40.141806+02:00,25.598,3219.913954,0.14526415556826677
2026-06-24 14:51:40.430489+02:00,25.596,3220.202637,0.14326415556826788
2026-06-24 14:51:40.721047+02:00,25.596,3220.493195,0.14326415556826788
2026-06-24 14:51:41.012413+02:00,25.594,3220.784561,0.141264155568269
2026-06-24 14:51:41.313656+02:00,25.593,3221.085804,0.14026415556826777
2026-06-24 14:51:41.614570+02:00,25.594,3221.386718,0.141264155568269
2026-06-24 14:51:41.917932+02:00,25.592,3221.69008,0.13926415556826655
2026-06-24 14:51:42.219169+02:00,25.592,3221.991317,0.13926415556826655
2026-06-24 14:51:42.515676+02:00,25.594,3222.287824,0.141264155568269
2026-06-24 14:51:42.806465+02:00,25.593,3222.578613,0.14026415556826777
2026-06-24 14:51:43.103809+02:00,25.592,3222.875957,0.13926415556826655
2026-06-24 14:51:43.395245+02:00,25.588,3223.167393,0.13526415556826876
2026-06-24 14:51:43.689665+02:00,25.589,3223.461813,0.13626415556826643
2026-06-24 14:51:43.983467+02:00,25.59,3223.755615,0.13726415556826765
2026-06-24 14:51:44.280456+02:00,25.587,3224.052604,0.13426415556826754
2026-06-24 14:51:44.575610+02:00,25.587,3224.347758,0.13426415556826754
2026-06-24 14:51:44.867485+02:00,25.585,3224.639633,0.13226415556826865
2026-06-24 14:51:45.171136+02:00,25.584,3224.943284,0.13126415556826743
2026-06-24 14:51:45.464765+02:00,25.583,3225.236913,0.1302641555682662
2026-06-24 14:51:45.761679+02:00,25.58,3225.533827,0.1272641555682661
2026-06-24 14:51:46.064272+02:00,25.581,3225.83642,0.1282641555682673
2026-06-24 14:51:46.355303+02:00,25.584,3226.127451,0.13126415556826743
2026-06-24 14:51:46.648798+02:00,25.583,3226.420946,0.1302641555682662
2026-06-24 14:51:46.937281+02:00,25.58,3226.709429,0.1272641555682661
2026-06-24 14:51:47.229156+02:00,25.58,3227.001304,0.1272641555682661
2026-06-24 14:51:47.520315+02:00,25.581,3227.292463,0.1282641555682673
2026-06-24 14:51:47.813896+02:00,25.579,3227.586044,0.12626415556826842
2026-06-24 14:51:48.105647+02:00,25.58,3227.877795,0.1272641555682661
2026-06-24 14:51:48.406114+02:00,25.578,3228.178262,0.1252641555682672
2026-06-24 14:51:48.707021+02:00,25.576,3228.479169,0.12326415556826831
2026-06-24 14:51:49.006108+02:00,25.576,3228.778256,0.12326415556826831
2026-06-24 14:51:49.306994+02:00,25.577,3229.079142,0.12426415556826953
2026-06-24 14:51:49.606029+02:00,25.575,3229.378177,0.12226415556826709
2026-06-24 14:51:49.897657+02:00,25.574,3229.669805,0.12126415556826942
2026-06-24 14:51:50.191375+02:00,25.573,3229.963523,0.1202641555682682
2026-06-24 14:51:50.482700+02:00,25.572,3230.254848,0.11926415556826697
2026-06-24 14:51:50.774078+02:00,25.571,3230.546226,0.1182641555682693
2026-06-24 14:51:51.068627+02:00,25.572,3230.840775,0.11926415556826697
2026-06-24 14:51:51.361421+02:00,25.571,3231.133569,0.1182641555682693
2026-06-24 14:51:51.653181+02:00,25.567,3231.425329,0.11426415556826797
2026-06-24 14:51:51.949754+02:00,25.568,3231.721902,0.11526415556826919
2026-06-24 14:51:52.246069+02:00,25.565,3232.018217,0.11226415556826908
2026-06-24 14:51:52.536876+02:00,25.568,3232.309024,0.11526415556826919
2026-06-24 14:51:52.836802+02:00,25.562,3232.60895,0.10926415556826896
2026-06-24 14:51:53.134225+02:00,25.566,3232.906373,0.11326415556826674
2026-06-24 14:51:53.427248+02:00,25.564,3233.199396,0.11126415556826785
2026-06-24 14:51:53.720578+02:00,25.562,3233.492726,0.10926415556826896
2026-06-24 14:51:54.015847+02:00,25.563,3233.787995,0.11026415556826663
2026-06-24 14:51:54.314125+02:00,25.562,3234.086273,0.10926415556826896
2026-06-24 14:51:54.604894+02:00,25.561,3234.377042,0.10826415556826774
2026-06-24 14:51:54.896224+02:00,25.561,3234.668372,0.10826415556826774
2026-06-24 14:51:55.197229+02:00,25.558,3234.969377,0.10526415556826763
2026-06-24 14:51:55.489339+02:00,25.555,3235.261487,0.10226415556826751
2026-06-24 14:51:55.781766+02:00,25.556,3235.553914,0.10326415556826873
2026-06-24 14:51:56.070791+02:00,25.557,3235.842939,0.1042641555682664
2026-06-24 14:51:56.361221+02:00,25.555,3236.133369,0.10226415556826751
2026-06-24 14:51:56.652814+02:00,25.554,3236.424962,0.10126415556826629
2026-06-24 14:51:56.945277+02:00,25.554,3236.717425,0.10126415556826629
2026-06-24 14:51:57.245133+02:00,25.555,3237.017281,0.10226415556826751
2026-06-24 14:51:57.546936+02:00,25.556,3237.319084,0.10326415556826873
2026-06-24 14:51:57.844861+02:00,25.552,3237.617009,0.0992641555682674
2026-06-24 14:51:58.140517+02:00,25.553,3237.912665,0.10026415556826862
2026-06-24 14:51:58.433954+02:00,25.552,3238.206102,0.0992641555682674
2026-06-24 14:51:58.727897+02:00,25.553,3238.500045,0.10026415556826862
2026-06-24 14:51:59.026292+02:00,25.553,3238.79844,0.10026415556826862
2026-06-24 14:51:59.317076+02:00,25.549,3239.089224,0.09626415556826728
2026-06-24 14:51:59.610940+02:00,25.55,3239.383088,0.0972641555682685
2026-06-24 14:51:59.906481+02:00,25.547,3239.678629,0.09426415556826839
2026-06-24 14:52:00.198455+02:00,25.546,3239.970603,0.09326415556826717
2026-06-24 14:52:00.492343+02:00,25.547,3240.264491,0.09426415556826839
2026-06-24 14:52:00.783275+02:00,25.544,3240.555423,0.09126415556826828
2026-06-24 14:52:01.075706+02:00,25.546,3240.847854,0.09326415556826717
2026-06-24 14:52:01.370077+02:00,25.543,3241.142225,0.09026415556826706
2026-06-24 14:52:01.665824+02:00,25.543,3241.437972,0.09026415556826706
2026-06-24 14:52:01.954749+02:00,25.541,3241.726897,0.08826415556826817
2026-06-24 14:52:02.247039+02:00,25.541,3242.019187,0.08826415556826817
2026-06-24 14:52:02.537790+02:00,25.538,3242.309938,0.08526415556826805
2026-06-24 14:52:02.828477+02:00,25.542,3242.600625,0.08926415556826939
2026-06-24 14:52:03.120438+02:00,25.539,3242.892586,0.08626415556826927
2026-06-24 14:52:03.419192+02:00,25.538,3243.19134,0.08526415556826805
2026-06-24 14:52:03.710236+02:00,25.538,3243.482384,0.08526415556826805
2026-06-24 14:52:04.000874+02:00,25.54,3243.773022,0.08726415556826694
2026-06-24 14:52:04.292992+02:00,25.539,3244.06514,0.08626415556826927
2026-06-24 14:52:04.583467+02:00,25.536,3244.355615,0.08326415556826916
2026-06-24 14:52:04.877265+02:00,25.537,3244.649413,0.08426415556826683
2026-06-24 14:52:05.168933+02:00,25.536,3244.941081,0.08326415556826916
2026-06-24 14:52:05.461684+02:00,25.535,3245.233832,0.08226415556826794
2026-06-24 14:52:05.752899+02:00,25.535,3245.525047,0.08226415556826794
2026-06-24 14:52:06.043867+02:00,25.533,3245.816015,0.08026415556826905
2026-06-24 14:52:06.334028+02:00,25.532,3246.106176,0.07926415556826782
2026-06-24 14:52:06.625441+02:00,25.531,3246.397589,0.0782641555682666
2026-06-24 14:52:06.916686+02:00,25.529,3246.688834,0.07626415556826771
2026-06-24 14:52:07.217280+02:00,25.53,3246.989428,0.07726415556826893
2026-06-24 14:52:07.516445+02:00,25.531,3247.288593,0.0782641555682666
2026-06-24 14:52:07.812119+02:00,25.53,3247.584267,0.07726415556826893
2026-06-24 14:52:08.103462+02:00,25.529,3247.87561,0.07626415556826771
2026-06-24 14:52:08.398455+02:00,25.525,3248.170603,0.07226415556826637
2026-06-24 14:52:08.690184+02:00,25.53,3248.462332,0.07726415556826893
2026-06-24 14:52:08.989108+02:00,25.526,3248.761256,0.0732641555682676
2026-06-24 14:52:09.288144+02:00,25.525,3249.060292,0.07226415556826637
2026-06-24 14:52:09.584132+02:00,25.525,3249.35628,0.07226415556826637
2026-06-24 14:52:09.874425+02:00,25.523,3249.646573,0.07026415556826748
2026-06-24 14:52:10.169862+02:00,25.523,3249.94201,0.07026415556826748
2026-06-24 14:52:10.460599+02:00,25.522,3250.232747,0.06926415556826626
2026-06-24 14:52:10.758960+02:00,25.52,3250.531108,0.06726415556826737
2026-06-24 14:52:11.051664+02:00,25.519,3250.823812,0.06626415556826615
2026-06-24 14:52:11.349436+02:00,25.517,3251.121584,0.06426415556826726
2026-06-24 14:52:11.643582+02:00,25.518,3251.41573,0.06526415556826848
2026-06-24 14:52:11.939837+02:00,25.518,3251.711985,0.06526415556826848
2026-06-24 14:52:12.234421+02:00,25.514,3252.006569,0.06126415556826714
2026-06-24 14:52:12.527092+02:00,25.514,3252.29924,0.06126415556826714
2026-06-24 14:52:12.821756+02:00,25.515,3252.593904,0.062264155568268365
2026-06-24 14:52:13.114340+02:00,25.515,3252.886488,0.062264155568268365
2026-06-24 14:52:13.409086+02:00,25.515,3253.181234,0.062264155568268365
2026-06-24 14:52:13.705867+02:00,25.514,3253.478015,0.06126415556826714
2026-06-24 14:52:14.006221+02:00,25.512,3253.778369,0.05926415556826825
2026-06-24 14:52:14.306254+02:00,25.511,3254.078402,0.05826415556826703
2026-06-24 14:52:14.597309+02:00,25.511,3254.369457,0.05826415556826703
2026-06-24 14:52:14.889029+02:00,25.512,3254.661177,0.05926415556826825
2026-06-24 14:52:15.178713+02:00,25.509,3254.950861,0.05626415556826814
2026-06-24 14:52:15.469484+02:00,25.509,3255.241632,0.05626415556826814
2026-06-24 14:52:15.760398+02:00,25.507,3255.532546,0.054264155568269246
2026-06-24 14:52:16.051541+02:00,25.508,3255.823689,0.055264155568266915
2026-06-24 14:52:16.355415+02:00,25.507,3256.127563,0.054264155568269246
2026-06-24 14:52:16.645588+02:00,25.508,3256.417736,0.055264155568266915
2026-06-24 14:52:16.946108+02:00,25.507,3256.718256,0.054264155568269246
2026-06-24 14:52:17.237136+02:00,25.506,3257.009284,0.05326415556826802
2026-06-24 14:52:17.527082+02:00,25.506,3257.29923,0.05326415556826802
2026-06-24 14:52:17.826021+02:00,25.504,3257.598169,0.05126415556826913
2026-06-24 14:52:18.119060+02:00,25.504,3257.891208,0.05126415556826913
2026-06-24 14:52:18.413464+02:00,25.505,3258.185612,0.0522641555682668
2026-06-24 14:52:18.704601+02:00,25.503,3258.476749,0.05026415556826791
2026-06-24 14:52:19.002160+02:00,25.501,3258.774308,0.04826415556826902
2026-06-24 14:52:19.295469+02:00,25.503,3259.067617,0.05026415556826791
2026-06-24 14:52:19.587024+02:00,25.5,3259.359172,0.047264155568267796
2026-06-24 14:52:19.881546+02:00,25.501,3259.653694,0.04826415556826902
2026-06-24 14:52:20.173373+02:00,25.498,3259.945521,0.045264155568268905
2026-06-24 14:52:20.466190+02:00,25.499,3260.238338,0.046264155568266574
2026-06-24 14:52:20.765588+02:00,25.498,3260.537736,0.045264155568268905
2026-06-24 14:52:21.057038+02:00,25.497,3260.829186,0.04426415556826768
2026-06-24 14:52:21.347160+02:00,25.496,3261.119308,0.04326415556826646
2026-06-24 14:52:21.637129+02:00,25.498,3261.409277,0.045264155568268905
2026-06-24 14:52:21.929190+02:00,25.496,3261.701338,0.04326415556826646
2026-06-24 14:52:22.222038+02:00,25.495,3261.994186,0.04226415556826879
2026-06-24 14:52:22.512930+02:00,25.49,3262.285078,0.03726415556826623
2026-06-24 14:52:22.814199+02:00,25.49,3262.586347,0.03726415556826623
2026-06-24 14:52:23.104413+02:00,25.491,3262.876561,0.038264155568267455
2026-06-24 14:52:23.396649+02:00,25.489,3263.168797,0.03626415556826856
2026-06-24 14:52:23.688557+02:00,25.484,3263.460705,0.03126415556826956
2026-06-24 14:52:23.979985+02:00,25.487,3263.752133,0.03426415556826612
2026-06-24 14:52:24.271685+02:00,25.488,3264.043833,0.03526415556826734
2026-06-24 14:52:24.561438+02:00,25.486,3264.333586,0.03326415556826845
2026-06-24 14:52:24.864526+02:00,25.485,3264.636674,0.03226415556826723
2026-06-24 14:52:25.161708+02:00,25.485,3264.933856,0.03226415556826723
2026-06-24 14:52:25.456262+02:00,25.485,3265.22841,0.03226415556826723
2026-06-24 14:52:25.748996+02:00,25.486,3265.521144,0.03326415556826845
2026-06-24 14:52:26.040434+02:00,25.485,3265.812582,0.03226415556826723
2026-06-24 14:52:26.336620+02:00,25.483,3266.108768,0.030264155568268336
2026-06-24 14:52:26.634665+02:00,25.484,3266.406813,0.03126415556826956
2026-06-24 14:52:26.928828+02:00,25.483,3266.700976,0.030264155568268336
2026-06-24 14:52:27.221711+02:00,25.481,3266.993859,0.028264155568269445
2026-06-24 14:52:27.512314+02:00,25.48,3267.284462,0.027264155568268222
2026-06-24 14:52:27.809446+02:00,25.477,3267.581594,0.02426415556826811
2026-06-24 14:52:28.110925+02:00,25.478,3267.883073,0.02526415556826933
2026-06-24 14:52:28.410638+02:00,25.476,3268.182786,0.023264155568266887
2026-06-24 14:52:28.707284+02:00,25.475,3268.479432,0.022264155568269217
2026-06-24 14:52:29.002838+02:00,25.475,3268.774986,0.022264155568269217
2026-06-24 14:52:29.306105+02:00,25.478,3269.078253,0.02526415556826933
2026-06-24 14:52:29.600937+02:00,25.475,3269.373085,0.022264155568269217
2026-06-24 14:52:29.897624+02:00,25.476,3269.669772,0.023264155568266887
2026-06-24 14:52:30.188321+02:00,25.475,3269.960469,0.022264155568269217
2026-06-24 14:52:30.479232+02:00,25.473,3270.25138,0.020264155568266773
2026-06-24 14:52:30.772389+02:00,25.47,3270.544537,0.01726415556826666
2026-06-24 14:52:31.063066+02:00,25.471,3270.835214,0.01826415556826788
2026-06-24 14:52:31.354802+02:00,25.471,3271.12695,0.01826415556826788
2026-06-24 14:52:31.644926+02:00,25.469,3271.417074,0.01626415556826899
2026-06-24 14:52:31.939700+02:00,25.468,3271.711848,0.015264155568267768
2026-06-24 14:52:32.240706+02:00,25.471,3272.012854,0.01826415556826788
2026-06-24 14:52:32.532550+02:00,25.469,3272.304698,0.01626415556826899
2026-06-24 14:52:32.823308+02:00,25.467,3272.595456,0.014264155568266546
2026-06-24 14:52:33.121990+02:00,25.467,3272.894138,0.014264155568266546
2026-06-24 14:52:33.411792+02:00,25.466,3273.18394,0.013264155568268876
2026-06-24 14:52:33.703833+02:00,25.464,3273.475981,0.011264155568266432
2026-06-24 14:52:33.994120+02:00,25.464,3273.766268,0.011264155568266432
2026-06-24 14:52:34.285195+02:00,25.464,3274.057343,0.011264155568266432
2026-06-24 14:52:34.581292+02:00,25.465,3274.35344,0.012264155568267654
2026-06-24 14:52:34.877547+02:00,25.463,3274.649695,0.010264155568268762
2026-06-24 14:52:35.170309+02:00,25.461,3274.942457,0.008264155568266318
2026-06-24 14:52:35.462008+02:00,25.461,3275.234156,0.008264155568266318
2026-06-24 14:52:35.755065+02:00,25.457,3275.527213,0.004264155568268535
2026-06-24 14:52:36.045525+02:00,25.457,3275.817673,0.004264155568268535
2026-06-24 14:52:36.335927+02:00,25.458,3276.108075,0.0052641555682662045
2026-06-24 14:52:36.629059+02:00,25.458,3276.401207,0.0052641555682662045
2026-06-24 14:52:36.924120+02:00,25.459,3276.696268,0.006264155568267427
2026-06-24 14:52:37.216913+02:00,25.456,3276.989061,0.003264155568267313
2026-06-24 14:52:37.512514+02:00,25.454,3277.284662,0.0012641555682684213
2026-06-24 14:52:37.803376+02:00,25.454,3277.575524,0.0012641555682684213
2026-06-24 14:52:38.098253+02:00,25.456,3277.870401,0.003264155568267313
2026-06-24 14:52:38.389984+02:00,25.454,3278.162132,0.0012641555682684213
2026-06-24 14:52:38.686208+02:00,25.454,3278.458356,0.0012641555682684213
2026-06-24 14:52:38.976142+02:00,25.453,3278.74829,0.0002641555682671992
2026-06-24 14:52:39.268046+02:00,25.45,3279.040194,-0.0027358444317329145
2026-06-24 14:52:39.559117+02:00,25.451,3279.331265,-0.0017358444317316923
2026-06-24 14:52:39.851887+02:00,25.448,3279.624035,-0.004735844431731806
2026-06-24 14:52:40.145145+02:00,25.448,3279.917293,-0.004735844431731806
2026-06-24 14:52:40.435338+02:00,25.446,3280.207486,-0.006735844431730698
2026-06-24 14:52:40.727642+02:00,25.448,3280.49979,-0.004735844431731806
2026-06-24 14:52:41.018698+02:00,25.446,3280.790846,-0.006735844431730698
2026-06-24 14:52:41.310721+02:00,25.446,3281.082869,-0.006735844431730698
2026-06-24 14:52:41.604306+02:00,25.444,3281.376454,-0.008735844431733142
2026-06-24 14:52:41.904525+02:00,25.444,3281.676673,-0.008735844431733142
2026-06-24 14:52:42.202145+02:00,25.444,3281.974293,-0.008735844431733142
2026-06-24 14:52:42.494574+02:00,25.444,3282.266722,-0.008735844431733142
2026-06-24 14:52:42.783742+02:00,25.441,3282.55589,-0.011735844431733256
2026-06-24 14:52:43.074632+02:00,25.442,3282.84678,-0.010735844431732033
2026-06-24 14:52:43.365901+02:00,25.441,3283.138049,-0.011735844431733256
2026-06-24 14:52:43.662223+02:00,25.438,3283.434371,-0.01473584443173337
2026-06-24 14:52:43.958895+02:00,25.436,3283.731043,-0.01673584443173226
2026-06-24 14:52:44.250198+02:00,25.439,3284.022346,-0.013735844431732147
2026-06-24 14:52:44.542313+02:00,25.437,3284.314461,-0.01573584443173104
2026-06-24 14:52:44.836555+02:00,25.438,3284.608703,-0.01473584443173337
2026-06-24 14:52:45.125047+02:00,25.435,3284.897195,-0.017735844431733483
2026-06-24 14:52:45.417168+02:00,25.435,3285.189316,-0.017735844431733483
2026-06-24 14:52:45.709386+02:00,25.433,3285.481534,-0.019735844431732374
2026-06-24 14:52:46.008874+02:00,25.435,3285.781022,-0.017735844431733483
2026-06-24 14:52:46.308083+02:00,25.433,3286.080231,-0.019735844431732374
2026-06-24 14:52:46.603874+02:00,25.435,3286.376022,-0.017735844431733483
2026-06-24 14:52:46.900997+02:00,25.432,3286.673145,-0.020735844431733597
2026-06-24 14:52:47.199842+02:00,25.429,3286.97199,-0.02373584443173371
2026-06-24 14:52:47.491114+02:00,25.429,3287.263262,-0.02373584443173371
2026-06-24 14:52:47.787855+02:00,25.428,3287.560003,-0.02473584443173138
2026-06-24 14:52:48.078223+02:00,25.426,3287.850371,-0.026735844431733824
2026-06-24 14:52:48.369470+02:00,25.428,3288.141618,-0.02473584443173138
2026-06-24 14:52:48.662057+02:00,25.428,3288.434205,-0.02473584443173138
2026-06-24 14:52:48.955591+02:00,25.427,3288.727739,-0.025735844431732602
2026-06-24 14:52:49.253149+02:00,25.425,3289.025297,-0.027735844431731493
2026-06-24 14:52:49.547997+02:00,25.424,3289.320145,-0.028735844431732716
2026-06-24 14:52:49.845205+02:00,25.424,3289.617353,-0.028735844431732716
2026-06-24 14:52:50.135937+02:00,25.422,3289.908085,-0.030735844431731607
2026-06-24 14:52:50.426095+02:00,25.422,3290.198243,-0.030735844431731607
2026-06-24 14:52:50.719103+02:00,25.421,3290.491251,-0.03173584443173283
2026-06-24 14:52:51.010601+02:00,25.421,3290.782749,-0.03173584443173283
2026-06-24 14:52:51.308051+02:00,25.421,3291.080199,-0.03173584443173283
2026-06-24 14:52:51.599110+02:00,25.42,3291.371258,-0.0327358444317305
2026-06-24 14:52:51.892474+02:00,25.417,3291.664622,-0.03573584443173061
2026-06-24 14:52:52.187714+02:00,25.418,3291.959862,-0.03473584443173294
2026-06-24 14:52:52.488150+02:00,25.418,3292.260298,-0.03473584443173294
2026-06-24 14:52:52.792686+02:00,25.418,3292.564834,-0.03473584443173294
2026-06-24 14:52:53.095125+02:00,25.416,3292.867273,-0.036735844431731834
2026-06-24 14:52:53.387244+02:00,25.413,3293.159392,-0.03973584443173195
2026-06-24 14:52:53.689761+02:00,25.414,3293.461909,-0.038735844431730726
2026-06-24 14:52:53.984397+02:00,25.411,3293.756545,-0.04173584443173084
2026-06-24 14:52:54.279313+02:00,25.411,3294.051461,-0.04173584443173084
2026-06-24 14:52:54.573304+02:00,25.411,3294.345452,-0.04173584443173084
2026-06-24 14:52:54.866476+02:00,25.413,3294.638624,-0.03973584443173195
2026-06-24 14:52:55.160568+02:00,25.411,3294.932716,-0.04173584443173084
2026-06-24 14:52:55.458442+02:00,25.409,3295.23059,-0.043735844431733284
2026-06-24 14:52:55.748426+02:00,25.405,3295.520574,-0.04773584443173107
2026-06-24 14:52:56.040731+02:00,25.41,3295.812879,-0.04273584443173206
2026-06-24 14:52:56.339021+02:00,25.406,3296.111169,-0.0467358444317334
2026-06-24 14:52:56.630352+02:00,25.405,3296.4025,-0.04773584443173107
2026-06-24 14:52:56.929778+02:00,25.406,3296.701926,-0.0467358444317334
2026-06-24 14:52:57.219822+02:00,25.404,3296.99197,-0.04873584443173229
2026-06-24 14:52:57.515383+02:00,25.404,3297.287531,-0.04873584443173229
2026-06-24 14:52:57.808744+02:00,25.402,3297.580892,-0.05073584443173118
2026-06-24 14:52:58.101478+02:00,25.402,3297.873626,-0.05073584443173118
2026-06-24 14:52:58.400507+02:00,25.397,3298.172655,-0.05573584443173374
2026-06-24 14:52:58.699009+02:00,25.399,3298.471157,-0.053735844431731294
2026-06-24 14:52:58.991371+02:00,25.399,3298.763519,-0.053735844431731294
2026-06-24 14:52:59.286971+02:00,25.401,3299.059119,-0.0517358444317324
2026-06-24 14:52:59.580747+02:00,25.398,3299.352895,-0.05473584443173252
2026-06-24 14:52:59.880704+02:00,25.399,3299.652852,-0.053735844431731294
2026-06-24 14:53:00.178798+02:00,25.397,3299.950946,-0.05573584443173374
2026-06-24 14:53:00.475918+02:00,25.396,3300.248066,-0.05673584443173141
2026-06-24 14:53:00.770695+02:00,25.393,3300.542843,-0.05973584443173152
2026-06-24 14:53:01.061069+02:00,25.39,3300.833217,-0.06273584443173164
2026-06-24 14:53:01.354592+02:00,25.391,3301.12674,-0.061735844431733966
2026-06-24 14:53:01.647206+02:00,25.391,3301.419354,-0.061735844431733966
2026-06-24 14:53:01.940440+02:00,25.391,3301.712588,-0.061735844431733966
2026-06-24 14:53:02.229777+02:00,25.394,3302.001925,-0.05873584443173385
2026-06-24 14:53:02.524471+02:00,25.393,3302.296619,-0.05973584443173152
2026-06-24 14:53:02.826196+02:00,25.388,3302.598344,-0.06473584443173053
2026-06-24 14:53:03.126566+02:00,25.385,3302.898714,-0.06773584443173064
2026-06-24 14:53:03.429199+02:00,25.387,3303.201347,-0.06573584443173175
2026-06-24 14:53:03.725068+02:00,25.384,3303.497216,-0.06873584443173186
2026-06-24 14:53:04.021774+02:00,25.386,3303.793922,-0.06673584443173297
2026-06-24 14:53:04.311438+02:00,25.384,3304.083586,-0.06873584443173186
2026-06-24 14:53:04.606558+02:00,25.383,3304.378706,-0.06973584443173309
2026-06-24 14:53:04.905142+02:00,25.384,3304.67729,-0.06873584443173186
2026-06-24 14:53:05.198470+02:00,25.383,3304.970618,-0.06973584443173309
2026-06-24 14:53:05.489312+02:00,25.382,3305.26146,-0.07073584443173075
2026-06-24 14:53:05.790157+02:00,25.382,3305.562305,-0.07073584443173075
2026-06-24 14:53:06.081036+02:00,25.379,3305.853184,-0.07373584443173087
2026-06-24 14:53:06.372913+02:00,25.382,3306.145061,-0.07073584443173075
2026-06-24 14:53:06.668900+02:00,25.378,3306.441048,-0.07473584443173209
2026-06-24 14:53:06.966829+02:00,25.378,3306.738977,-0.07473584443173209
2026-06-24 14:53:07.261301+02:00,25.379,3307.033449,-0.07373584443173087
2026-06-24 14:53:07.553007+02:00,25.377,3307.325155,-0.07573584443173331
2026-06-24 14:53:07.841502+02:00,25.373,3307.61365,-0.0797358444317311
2026-06-24 14:53:08.134581+02:00,25.373,3307.906729,-0.0797358444317311
2026-06-24 14:53:08.424046+02:00,25.371,3308.196194,-0.08173584443173354
2026-06-24 14:53:08.717512+02:00,25.373,3308.48966,-0.0797358444317311
2026-06-24 14:53:09.017003+02:00,25.372,3308.789151,-0.08073584443173232
2026-06-24 14:53:09.308675+02:00,25.371,3309.080823,-0.08173584443173354
2026-06-24 14:53:09.599598+02:00,25.37,3309.371746,-0.08273584443173121
2026-06-24 14:53:09.893335+02:00,25.367,3309.665483,-0.08573584443173132
2026-06-24 14:53:10.190812+02:00,25.37,3309.96296,-0.08273584443173121
2026-06-24 14:53:10.483912+02:00,25.368,3310.25606,-0.08473584443173365
2026-06-24 14:53:10.772510+02:00,25.369,3310.544658,-0.08373584443173243
2026-06-24 14:53:11.064561+02:00,25.369,3310.836709,-0.08373584443173243
2026-06-24 14:53:11.360143+02:00,25.369,3311.132291,-0.08373584443173243
2026-06-24 14:53:11.658705+02:00,25.368,3311.430853,-0.08473584443173365
2026-06-24 14:53:11.957631+02:00,25.364,3311.729779,-0.08873584443173144
2026-06-24 14:53:12.247771+02:00,25.364,3312.019919,-0.08873584443173144
2026-06-24 14:53:12.540744+02:00,25.363,3312.312892,-0.08973584443173266
2026-06-24 14:53:12.830977+02:00,25.36,3312.603125,-0.09273584443173277
2026-06-24 14:53:13.130434+02:00,25.36,3312.902582,-0.09273584443173277
2026-06-24 14:53:13.428240+02:00,25.359,3313.200388,-0.09373584443173044
2026-06-24 14:53:13.721144+02:00,25.359,3313.493292,-0.09373584443173044
2026-06-24 14:53:14.013584+02:00,25.357,3313.785732,-0.09573584443173289
2026-06-24 14:53:14.304571+02:00,25.356,3314.076719,-0.09673584443173056
2026-06-24 14:53:14.598277+02:00,25.358,3314.370425,-0.09473584443173166
2026-06-24 14:53:14.888627+02:00,25.356,3314.660775,-0.09673584443173056
2026-06-24 14:53:15.180471+02:00,25.355,3314.952619,-0.09773584443173178
2026-06-24 14:53:15.473227+02:00,25.355,3315.245375,-0.09773584443173178
2026-06-24 14:53:15.761675+02:00,25.352,3315.533823,-0.10073584443173189
2026-06-24 14:53:16.052898+02:00,25.352,3315.825046,-0.10073584443173189
2026-06-24 14:53:16.350959+02:00,25.35,3316.123107,-0.10273584443173078
2026-06-24 14:53:16.649633+02:00,25.351,3316.421781,-0.10173584443173311
2026-06-24 14:53:16.943340+02:00,25.348,3316.715488,-0.10473584443173323
2026-06-24 14:53:17.237606+02:00,25.347,3317.009754,-0.1057358444317309
2026-06-24 14:53:17.527215+02:00,25.348,3317.299363,-0.10473584443173323
2026-06-24 14:53:17.821310+02:00,25.348,3317.593458,-0.10473584443173323
2026-06-24 14:53:18.112912+02:00,25.346,3317.88506,-0.10673584443173212
2026-06-24 14:53:18.403671+02:00,25.345,3318.175819,-0.10773584443173334
2026-06-24 14:53:18.698797+02:00,25.344,3318.470945,-0.10873584443173101
2026-06-24 14:53:18.993261+02:00,25.343,3318.765409,-0.10973584443173223
2026-06-24 14:53:19.291723+02:00,25.342,3319.063871,-0.11073584443173345
2026-06-24 14:53:19.599682+02:00,25.341,3319.37183,-0.11173584443173112
2026-06-24 14:53:19.897782+02:00,25.341,3319.66993,-0.11173584443173112
2026-06-24 14:53:20.194877+02:00,25.34,3319.967025,-0.11273584443173235
2026-06-24 14:53:20.499881+02:00,25.341,3320.272029,-0.11173584443173112
2026-06-24 14:53:20.789512+02:00,25.339,3320.56166,-0.11373584443173357
2026-06-24 14:53:21.080662+02:00,25.337,3320.85281,-0.11573584443173246
2026-06-24 14:53:21.373276+02:00,25.339,3321.145424,-0.11373584443173357
2026-06-24 14:53:21.664445+02:00,25.339,3321.436593,-0.11373584443173357
2026-06-24 14:53:21.958816+02:00,25.337,3321.730964,-0.11573584443173246
2026-06-24 14:53:22.250022+02:00,25.336,3322.02217,-0.11673584443173368
2026-06-24 14:53:22.541068+02:00,25.336,3322.313216,-0.11673584443173368
2026-06-24 14:53:22.839604+02:00,25.337,3322.611752,-0.11573584443173246
2026-06-24 14:53:23.140707+02:00,25.337,3322.912855,-0.11573584443173246
2026-06-24 14:53:23.433490+02:00,25.335,3323.205638,-0.11773584443173135
2026-06-24 14:53:23.734790+02:00,25.335,3323.506938,-0.11773584443173135
2026-06-24 14:53:24.024038+02:00,25.333,3323.796186,-0.1197358444317338
2026-06-24 14:53:24.316787+02:00,25.332,3324.088935,-0.12073584443173146
2026-06-24 14:53:24.611315+02:00,25.333,3324.383463,-0.1197358444317338
2026-06-24 14:53:24.902188+02:00,25.33,3324.674336,-0.12273584443173391
2026-06-24 14:53:25.194289+02:00,25.331,3324.966437,-0.12173584443173269
2026-06-24 14:53:25.487170+02:00,25.329,3325.259318,-0.12373584443173158
2026-06-24 14:53:25.779826+02:00,25.325,3325.551974,-0.12773584443173291
2026-06-24 14:53:26.071287+02:00,25.325,3325.843435,-0.12773584443173291
2026-06-24 14:53:26.364076+02:00,25.325,3326.136224,-0.12773584443173291
2026-06-24 14:53:26.653942+02:00,25.325,3326.42609,-0.12773584443173291
2026-06-24 14:53:26.956857+02:00,25.323,3326.729005,-0.1297358444317318
2026-06-24 14:53:27.253895+02:00,25.324,3327.026043,-0.12873584443173058
2026-06-24 14:53:27.549371+02:00,25.321,3327.321519,-0.1317358444317307
2026-06-24 14:53:27.845000+02:00,25.323,3327.617148,-0.1297358444317318
2026-06-24 14:53:28.136902+02:00,25.319,3327.90905,-0.13373584443173314
2026-06-24 14:53:28.429069+02:00,25.317,3328.201217,-0.13573584443173203
2026-06-24 14:53:28.736489+02:00,25.317,3328.508637,-0.13573584443173203
2026-06-24 14:53:29.035192+02:00,25.321,3328.80734,-0.1317358444317307
2026-06-24 14:53:29.335113+02:00,25.316,3329.107261,-0.13673584443173326
2026-06-24 14:53:29.626783+02:00,25.313,3329.398931,-0.13973584443173337
2026-06-24 14:53:29.919759+02:00,25.314,3329.691907,-0.13873584443173215
2026-06-24 14:53:30.212013+02:00,25.313,3329.984161,-0.13973584443173337
2026-06-24 14:53:30.509763+02:00,25.313,3330.281911,-0.13973584443173337
2026-06-24 14:53:30.799988+02:00,25.309,3330.572136,-0.14373584443173115
2026-06-24 14:53:31.094889+02:00,25.308,3330.867037,-0.14473584443173237
2026-06-24 14:53:31.395173+02:00,25.309,3331.167321,-0.14373584443173115
2026-06-24 14:53:31.692590+02:00,25.305,3331.464738,-0.1477358444317325
2026-06-24 14:53:31.983296+02:00,25.304,3331.755444,-0.1487358444317337
2026-06-24 14:53:32.275953+02:00,25.305,3332.048101,-0.1477358444317325
2026-06-24 14:53:32.570140+02:00,25.304,3332.342288,-0.1487358444317337
2026-06-24 14:53:32.863403+02:00,25.302,3332.635551,-0.1507358444317326
2026-06-24 14:53:33.159562+02:00,25.301,3332.93171,-0.15173584443173382
2026-06-24 14:53:33.450628+02:00,25.301,3333.222776,-0.15173584443173382
2026-06-24 14:53:33.748124+02:00,25.298,3333.520272,-0.15473584443173394
2026-06-24 14:53:34.039724+02:00,25.299,3333.811872,-0.15373584443173272
2026-06-24 14:53:34.338303+02:00,25.297,3334.110451,-0.1557358444317316
2026-06-24 14:53:34.626925+02:00,25.298,3334.399073,-0.15473584443173394
2026-06-24 14:53:34.919938+02:00,25.296,3334.692086,-0.15673584443173283
2026-06-24 14:53:35.211098+02:00,25.293,3334.983246,-0.15973584443173294
2026-06-24 14:53:35.509809+02:00,25.292,3335.281957,-0.1607358444317306
2026-06-24 14:53:35.802433+02:00,25.292,3335.574581,-0.1607358444317306
2026-06-24 14:53:36.092627+02:00,25.292,3335.864775,-0.1607358444317306
2026-06-24 14:53:36.385172+02:00,25.291,3336.15732,-0.16173584443173183
2026-06-24 14:53:36.681775+02:00,25.29,3336.453923,-0.16273584443173306
2026-06-24 14:53:36.975164+02:00,25.289,3336.747312,-0.16373584443173073
2026-06-24 14:53:37.263755+02:00,25.288,3337.035903,-0.16473584443173195
2026-06-24 14:53:37.557095+02:00,25.287,3337.329243,-0.16573584443173317
2026-06-24 14:53:37.850406+02:00,25.287,3337.622554,-0.16573584443173317
2026-06-24 14:53:38.142015+02:00,25.287,3337.914163,-0.16573584443173317
2026-06-24 14:53:38.433572+02:00,25.284,3338.20572,-0.16873584443173328
2026-06-24 14:53:38.726629+02:00,25.284,3338.498777,-0.16873584443173328
2026-06-24 14:53:39.023000+02:00,25.282,3338.795148,-0.17073584443173218
2026-06-24 14:53:39.322857+02:00,25.282,3339.095005,-0.17073584443173218
2026-06-24 14:53:39.630607+02:00,25.28,3339.402755,-0.17273584443173107
2026-06-24 14:53:39.929932+02:00,25.28,3339.70208,-0.17273584443173107
2026-06-24 14:53:40.228297+02:00,25.279,3340.000445,-0.1737358444317323
2026-06-24 14:53:40.522582+02:00,25.28,3340.29473,-0.17273584443173107
2026-06-24 14:53:40.813864+02:00,25.282,3340.586012,-0.17073584443173218
2026-06-24 14:53:41.105084+02:00,25.277,3340.877232,-0.17573584443173118
2026-06-24 14:53:41.400077+02:00,25.278,3341.172225,-0.1747358444317335
2026-06-24 14:53:41.689411+02:00,25.275,3341.461559,-0.17773584443173363
2026-06-24 14:53:41.982293+02:00,25.269,3341.754441,-0.18373584443173385
2026-06-24 14:53:42.274476+02:00,25.27,3342.046624,-0.18273584443173263
2026-06-24 14:53:42.573114+02:00,25.268,3342.345262,-0.18473584443173152
2026-06-24 14:53:42.869777+02:00,25.27,3342.641925,-0.18273584443173263
2026-06-24 14:53:43.168800+02:00,25.268,3342.940948,-0.18473584443173152
2026-06-24 14:53:43.463687+02:00,25.265,3343.235835,-0.18773584443173164
2026-06-24 14:53:43.755969+02:00,25.266,3343.528117,-0.18673584443173397
2026-06-24 14:53:44.046686+02:00,25.268,3343.818834,-0.18473584443173152
2026-06-24 14:53:44.337966+02:00,25.267,3344.110114,-0.18573584443173274
2026-06-24 14:53:44.639591+02:00,25.266,3344.411739,-0.18673584443173397
2026-06-24 14:53:44.932844+02:00,25.263,3344.704992,-0.18973584443173053
2026-06-24 14:53:45.231784+02:00,25.262,3345.003932,-0.19073584443173175
2026-06-24 14:53:45.523340+02:00,25.261,3345.295488,-0.19173584443173297
2026-06-24 14:53:45.815081+02:00,25.26,3345.587229,-0.19273584443173064
2026-06-24 14:53:46.110534+02:00,25.26,3345.882682,-0.19273584443173064
2026-06-24 14:53:46.400886+02:00,25.258,3346.173034,-0.19473584443173309
2026-06-24 14:53:46.693940+02:00,25.258,3346.466088,-0.19473584443173309
2026-06-24 14:53:46.986711+02:00,25.257,3346.758859,-0.19573584443173075
2026-06-24 14:53:47.279495+02:00,25.257,3347.051643,-0.19573584443173075
2026-06-24 14:53:47.583787+02:00,25.253,3347.355935,-0.1997358444317321
2026-06-24 14:53:47.879647+02:00,25.254,3347.651795,-0.19873584443173087
2026-06-24 14:53:48.170106+02:00,25.257,3347.942254,-0.19573584443173075
2026-06-24 14:53:48.470397+02:00,25.253,3348.242545,-0.1997358444317321
2026-06-24 14:53:48.763036+02:00,25.254,3348.535184,-0.19873584443173087
2026-06-24 14:53:49.053073+02:00,25.254,3348.825221,-0.19873584443173087
2026-06-24 14:53:49.348894+02:00,25.254,3349.121042,-0.19873584443173087
2026-06-24 14:53:49.642739+02:00,25.254,3349.414887,-0.19873584443173087
2026-06-24 14:53:49.933675+02:00,25.251,3349.705823,-0.20173584443173098
2026-06-24 14:53:50.222897+02:00,25.25,3349.995045,-0.2027358444317322
2026-06-24 14:53:50.518847+02:00,25.248,3350.290995,-0.2047358444317311
2026-06-24 14:53:50.809892+02:00,25.251,3350.58204,-0.20173584443173098
2026-06-24 14:53:51.103811+02:00,25.247,3350.875959,-0.20573584443173232
2026-06-24 14:53:51.395146+02:00,25.246,3351.167294,-0.20673584443173354
2026-06-24 14:53:51.688734+02:00,25.245,3351.460882,-0.2077358444317312
2026-06-24 14:53:51.983783+02:00,25.245,3351.755931,-0.2077358444317312
2026-06-24 14:53:52.276104+02:00,25.246,3352.048252,-0.20673584443173354
2026-06-24 14:53:52.572550+02:00,25.245,3352.344698,-0.2077358444317312
2026-06-24 14:53:52.862835+02:00,25.245,3352.634983,-0.2077358444317312
2026-06-24 14:53:53.155777+02:00,25.244,3352.927925,-0.20873584443173243
2026-06-24 14:53:53.447651+02:00,25.243,3353.219799,-0.20973584443173365
2026-06-24 14:53:53.739939+02:00,25.242,3353.512087,-0.21073584443173132
2026-06-24 14:53:54.032966+02:00,25.243,3353.805114,-0.20973584443173365
2026-06-24 14:53:54.330484+02:00,25.24,3354.102632,-0.21273584443173377
2026-06-24 14:53:54.624257+02:00,25.239,3354.396405,-0.21373584443173144
2026-06-24 14:53:54.924983+02:00,25.239,3354.697131,-0.21373584443173144
2026-06-24 14:53:55.224978+02:00,25.238,3354.997126,-0.21473584443173266
2026-06-24 14:53:55.516170+02:00,25.236,3355.288318,-0.21673584443173155
2026-06-24 14:53:55.807601+02:00,25.233,3355.579749,-0.21973584443173166
2026-06-24 14:53:56.099443+02:00,25.236,3355.871591,-0.21673584443173155
2026-06-24 14:53:56.394810+02:00,25.235,3356.166958,-0.21773584443173277
2026-06-24 14:53:56.688168+02:00,25.234,3356.460316,-0.21873584443173044
2026-06-24 14:53:56.979965+02:00,25.231,3356.752113,-0.22173584443173056
2026-06-24 14:53:57.277899+02:00,25.231,3357.050047,-0.22173584443173056
2026-06-24 14:53:57.573549+02:00,25.231,3357.345697,-0.22173584443173056
2026-06-24 14:53:57.866093+02:00,25.23,3357.638241,-0.22273584443173178
2026-06-24 14:53:58.161818+02:00,25.229,3357.933966,-0.223735844431733
2026-06-24 14:53:58.453105+02:00,25.228,3358.225253,-0.22473584443173067
2026-06-24 14:53:58.744154+02:00,25.228,3358.516302,-0.22473584443173067
2026-06-24 14:53:59.038186+02:00,25.225,3358.810334,-0.22773584443173078
2026-06-24 14:53:59.331126+02:00,25.222,3359.103274,-0.2307358444317309
2026-06-24 14:53:59.627727+02:00,25.222,3359.399875,-0.2307358444317309
2026-06-24 14:53:59.919243+02:00,25.22,3359.691391,-0.23273584443173334
2026-06-24 14:54:00.212058+02:00,25.22,3359.984206,-0.23273584443173334
2026-06-24 14:54:00.503215+02:00,25.218,3360.275363,-0.23473584443173223
2026-06-24 14:54:00.797789+02:00,25.22,3360.569937,-0.23273584443173334
2026-06-24 14:54:01.086987+02:00,25.218,3360.859135,-0.23473584443173223
2026-06-24 14:54:01.385475+02:00,25.219,3361.157623,-0.233735844431731
2026-06-24 14:54:01.684390+02:00,25.216,3361.456538,-0.23673584443173112
2026-06-24 14:54:01.974068+02:00,25.217,3361.746216,-0.23573584443173345
2026-06-24 14:54:02.265415+02:00,25.214,3362.037563,-0.23873584443173357
2026-06-24 14:54:02.557299+02:00,25.213,3362.329447,-0.23973584443173124
2026-06-24 14:54:02.857984+02:00,25.212,3362.630132,-0.24073584443173246
2026-06-24 14:54:03.155940+02:00,25.21,3362.928088,-0.24273584443173135
2026-06-24 14:54:03.454529+02:00,25.211,3363.226677,-0.24173584443173368
2026-06-24 14:54:03.753974+02:00,25.212,3363.526122,-0.24073584443173246
2026-06-24 14:54:04.056214+02:00,25.208,3363.828362,-0.2447358444317338
2026-06-24 14:54:04.359074+02:00,25.206,3364.131222,-0.2467358444317327
2026-06-24 14:54:04.654433+02:00,25.202,3364.426581,-0.25073584443173047
2026-06-24 14:54:04.956132+02:00,25.206,3364.72828,-0.2467358444317327
2026-06-24 14:54:05.246194+02:00,25.203,3365.018342,-0.2497358444317328
2026-06-24 14:54:05.555861+02:00,25.203,3365.328009,-0.2497358444317328
2026-06-24 14:54:05.855814+02:00,25.204,3365.627962,-0.24873584443173158
2026-06-24 14:54:06.148201+02:00,25.202,3365.920349,-0.25073584443173047
2026-06-24 14:54:06.441606+02:00,25.202,3366.213754,-0.25073584443173047
2026-06-24 14:54:06.733104+02:00,25.201,3366.505252,-0.2517358444317317
2026-06-24 14:54:07.021919+02:00,25.198,3366.794067,-0.2547358444317318
2026-06-24 14:54:07.312493+02:00,25.196,3367.084641,-0.2567358444317307
2026-06-24 14:54:07.604020+02:00,25.199,3367.376168,-0.2537358444317306
2026-06-24 14:54:07.899778+02:00,25.195,3367.671926,-0.2577358444317319
2026-06-24 14:54:08.193720+02:00,25.197,3367.965868,-0.25573584443173303
2026-06-24 14:54:08.491735+02:00,25.193,3368.263883,-0.2597358444317308
2026-06-24 14:54:08.793793+02:00,25.193,3368.565941,-0.2597358444317308
2026-06-24 14:54:09.083486+02:00,25.195,3368.855634,-0.2577358444317319
2026-06-24 14:54:09.379483+02:00,25.194,3369.151631,-0.25873584443173314
2026-06-24 14:54:09.676575+02:00,25.192,3369.448723,-0.26073584443173203
2026-06-24 14:54:09.968988+02:00,25.192,3369.741136,-0.26073584443173203
2026-06-24 14:54:10.259180+02:00,25.189,3370.031328,-0.26373584443173215
2026-06-24 14:54:10.554195+02:00,25.189,3370.326343,-0.26373584443173215
2026-06-24 14:54:10.844242+02:00,25.188,3370.61639,-0.26473584443173337
2026-06-24 14:54:11.144409+02:00,25.187,3370.916557,-0.26573584443173104
2026-06-24 14:54:11.441281+02:00,25.187,3371.213429,-0.26573584443173104
2026-06-24 14:54:11.736787+02:00,25.185,3371.508935,-0.2677358444317335
2026-06-24 14:54:12.027547+02:00,25.185,3371.799695,-0.2677358444317335
2026-06-24 14:54:12.319408+02:00,25.183,3372.091556,-0.2697358444317324
2026-06-24 14:54:12.611886+02:00,25.184,3372.384034,-0.26873584443173115
2026-06-24 14:54:12.914745+02:00,25.184,3372.686893,-0.26873584443173115
2026-06-24 14:54:13.207854+02:00,25.18,3372.980002,-0.2727358444317325
2026-06-24 14:54:13.502741+02:00,25.18,3373.274889,-0.2727358444317325
2026-06-24 14:54:13.792753+02:00,25.18,3373.564901,-0.2727358444317325
2026-06-24 14:54:14.091343+02:00,25.177,3373.863491,-0.2757358444317326
2026-06-24 14:54:14.382390+02:00,25.178,3374.154538,-0.2747358444317314
2026-06-24 14:54:14.677713+02:00,25.177,3374.449861,-0.2757358444317326
2026-06-24 14:54:14.980157+02:00,25.177,3374.752305,-0.2757358444317326
2026-06-24 14:54:15.275845+02:00,25.173,3375.047993,-0.27973584443173394
2026-06-24 14:54:15.570689+02:00,25.174,3375.342837,-0.2787358444317327
2026-06-24 14:54:15.865572+02:00,25.174,3375.63772,-0.2787358444317327
2026-06-24 14:54:16.153612+02:00,25.171,3375.92576,-0.28173584443173283
2026-06-24 14:54:16.452185+02:00,25.173,3376.224333,-0.27973584443173394
2026-06-24 14:54:16.751446+02:00,25.172,3376.523594,-0.2807358444317316
2026-06-24 14:54:17.042620+02:00,25.171,3376.814768,-0.28173584443173283
2026-06-24 14:54:17.336663+02:00,25.169,3377.108811,-0.2837358444317317
2026-06-24 14:54:17.627284+02:00,25.17,3377.399432,-0.2827358444317305
2026-06-24 14:54:17.924236+02:00,25.17,3377.696384,-0.2827358444317305
2026-06-24 14:54:18.220484+02:00,25.17,3377.992632,-0.2827358444317305
2026-06-24 14:54:18.512810+02:00,25.167,3378.284958,-0.2857358444317306
2026-06-24 14:54:18.807785+02:00,25.168,3378.579933,-0.28473584443173294
2026-06-24 14:54:19.100340+02:00,25.166,3378.872488,-0.28673584443173183
2026-06-24 14:54:19.392372+02:00,25.168,3379.16452,-0.28473584443173294
2026-06-24 14:54:19.684234+02:00,25.166,3379.456382,-0.28673584443173183
2026-06-24 14:54:19.976384+02:00,25.165,3379.748532,-0.28773584443173306
2026-06-24 14:54:20.270150+02:00,25.165,3380.042298,-0.28773584443173306
2026-06-24 14:54:20.561773+02:00,25.163,3380.333921,-0.28973584443173195
2026-06-24 14:54:20.854766+02:00,25.161,3380.626914,-0.29173584443173084
2026-06-24 14:54:21.147197+02:00,25.165,3380.919345,-0.28773584443173306
2026-06-24 14:54:21.441847+02:00,25.162,3381.213995,-0.29073584443173317
2026-06-24 14:54:21.731081+02:00,25.161,3381.503229,-0.29173584443173084
2026-06-24 14:54:22.027048+02:00,25.158,3381.799196,-0.29473584443173095
2026-06-24 14:54:22.322791+02:00,25.16,3382.094939,-0.29273584443173206
2026-06-24 14:54:22.618329+02:00,25.159,3382.390477,-0.2937358444317333
2026-06-24 14:54:22.912263+02:00,25.159,3382.684411,-0.2937358444317333
2026-06-24 14:54:23.201129+02:00,25.156,3382.973277,-0.2967358444317334
2026-06-24 14:54:23.493925+02:00,25.155,3383.266073,-0.29773584443173107
2026-06-24 14:54:23.783884+02:00,25.154,3383.556032,-0.2987358444317323
2026-06-24 14:54:24.075197+02:00,25.155,3383.847345,-0.29773584443173107
2026-06-24 14:54:24.368875+02:00,25.15,3384.141023,-0.3027358444317336
2026-06-24 14:54:24.665189+02:00,25.151,3384.437337,-0.3017358444317324
2026-06-24 14:54:24.956561+02:00,25.147,3384.728709,-0.30573584443173374
2026-06-24 14:54:25.253687+02:00,25.15,3385.025835,-0.3027358444317336
2026-06-24 14:54:25.544357+02:00,25.149,3385.316505,-0.3037358444317313
2026-06-24 14:54:25.834781+02:00,25.146,3385.606929,-0.3067358444317314
2026-06-24 14:54:26.127773+02:00,25.149,3385.899921,-0.3037358444317313
2026-06-24 14:54:26.420498+02:00,25.146,3386.192646,-0.3067358444317314
2026-06-24 14:54:26.714896+02:00,25.143,3386.487044,-0.3097358444317315
2026-06-24 14:54:27.010606+02:00,25.146,3386.782754,-0.3067358444317314
2026-06-24 14:54:27.305586+02:00,25.143,3387.077734,-0.3097358444317315
2026-06-24 14:54:27.595305+02:00,25.142,3387.367453,-0.31073584443173274
2026-06-24 14:54:27.895704+02:00,25.14,3387.667852,-0.31273584443173164
2026-06-24 14:54:28.188611+02:00,25.137,3387.960759,-0.31573584443173175
2026-06-24 14:54:28.481189+02:00,25.141,3388.253337,-0.31173584443173397
2026-06-24 14:54:28.771265+02:00,25.141,3388.543413,-0.31173584443173397
2026-06-24 14:54:29.065228+02:00,25.139,3388.837376,-0.31373584443173286
2026-06-24 14:54:29.365573+02:00,25.138,3389.137721,-0.3147358444317305
2026-06-24 14:54:29.660428+02:00,25.14,3389.432576,-0.31273584443173164
2026-06-24 14:54:29.954765+02:00,25.137,3389.726913,-0.31573584443173175
2026-06-24 14:54:30.244233+02:00,25.137,3390.016381,-0.31573584443173175
2026-06-24 14:54:30.534610+02:00,25.136,3390.306758,-0.31673584443173297
2026-06-24 14:54:30.828633+02:00,25.137,3390.600781,-0.31573584443173175
2026-06-24 14:54:31.130394+02:00,25.134,3390.902542,-0.31873584443173186
2026-06-24 14:54:31.422596+02:00,25.134,3391.194744,-0.31873584443173186
2026-06-24 14:54:31.714555+02:00,25.135,3391.486703,-0.31773584443173064
2026-06-24 14:54:32.006619+02:00,25.133,3391.778767,-0.3197358444317331
2026-06-24 14:54:32.300446+02:00,25.13,3392.072594,-0.3227358444317332
2026-06-24 14:54:32.603286+02:00,25.131,3392.375434,-0.321735844431732
2026-06-24 14:54:32.907872+02:00,25.13,3392.68002,-0.3227358444317332
2026-06-24 14:54:33.202001+02:00,25.131,3392.974149,-0.321735844431732
2026-06-24 14:54:33.500526+02:00,25.129,3393.272674,-0.32373584443173087
2026-06-24 14:54:33.792684+02:00,25.13,3393.564832,-0.3227358444317332
2026-06-24 14:54:34.085104+02:00,25.127,3393.857252,-0.3257358444317333
2026-06-24 14:54:34.377902+02:00,25.129,3394.15005,-0.32373584443173087
2026-06-24 14:54:34.669011+02:00,25.127,3394.441159,-0.3257358444317333
2026-06-24 14:54:34.958127+02:00,25.126,3394.730275,-0.326735844431731
2026-06-24 14:54:35.247885+02:00,25.126,3395.020033,-0.326735844431731
2026-06-24 14:54:35.538594+02:00,25.126,3395.310742,-0.326735844431731
2026-06-24 14:54:35.832737+02:00,25.126,3395.604885,-0.326735844431731
2026-06-24 14:54:36.126627+02:00,25.125,3395.898775,-0.3277358444317322
2026-06-24 14:54:36.421707+02:00,25.124,3396.193855,-0.3287358444317334
2026-06-24 14:54:36.712931+02:00,25.121,3396.485079,-0.33173584443173354
2026-06-24 14:54:37.004685+02:00,25.124,3396.776833,-0.3287358444317334
2026-06-24 14:54:37.299522+02:00,25.121,3397.07167,-0.33173584443173354
2026-06-24 14:54:37.593589+02:00,25.117,3397.365737,-0.3357358444317313
2026-06-24 14:54:37.885681+02:00,25.119,3397.657829,-0.33373584443173243
2026-06-24 14:54:38.181177+02:00,25.118,3397.953325,-0.33473584443173365
2026-06-24 14:54:38.476773+02:00,25.118,3398.248921,-0.33473584443173365
2026-06-24 14:54:38.768229+02:00,25.118,3398.540377,-0.33473584443173365
2026-06-24 14:54:39.058418+02:00,25.117,3398.830566,-0.3357358444317313
2026-06-24 14:54:39.352389+02:00,25.117,3399.124537,-0.3357358444317313
2026-06-24 14:54:39.643134+02:00,25.114,3399.415282,-0.33873584443173144
2026-06-24 14:54:39.940259+02:00,25.117,3399.712407,-0.3357358444317313
2026-06-24 14:54:40.231889+02:00,25.114,3400.004037,-0.33873584443173144
2026-06-24 14:54:40.526731+02:00,25.114,3400.298879,-0.33873584443173144
2026-06-24 14:54:40.825844+02:00,25.111,3400.597992,-0.34173584443173155
2026-06-24 14:54:41.115957+02:00,25.113,3400.888105,-0.33973584443173266
2026-06-24 14:54:41.409378+02:00,25.11,3401.181526,-0.3427358444317328
2026-06-24 14:54:41.702837+02:00,25.109,3401.474985,-0.34373584443173044
2026-06-24 14:54:42.001238+02:00,25.11,3401.773386,-0.3427358444317328
2026-06-24 14:54:42.299451+02:00,25.105,3402.071599,-0.3477358444317318
2026-06-24 14:54:42.590269+02:00,25.103,3402.362417,-0.34973584443173067
2026-06-24 14:54:42.882637+02:00,25.107,3402.654785,-0.3457358444317329
2026-06-24 14:54:43.175674+02:00,25.103,3402.947822,-0.34973584443173067
2026-06-24 14:54:43.472342+02:00,25.102,3403.24449,-0.3507358444317319
2026-06-24 14:54:43.770083+02:00,25.103,3403.542231,-0.34973584443173067
2026-06-24 14:54:44.065341+02:00,25.101,3403.837489,-0.3517358444317331
2026-06-24 14:54:44.365224+02:00,25.101,3404.137372,-0.3517358444317331
2026-06-24 14:54:44.661596+02:00,25.099,3404.433744,-0.353735844431732
2026-06-24 14:54:44.952128+02:00,25.098,3404.724276,-0.3547358444317332
2026-06-24 14:54:45.243839+02:00,25.1,3405.015987,-0.3527358444317308
2026-06-24 14:54:45.536189+02:00,25.098,3405.308337,-0.3547358444317332
2026-06-24 14:54:45.829040+02:00,25.094,3405.601188,-0.358735844431731
2026-06-24 14:54:46.119076+02:00,25.093,3405.891224,-0.35973584443173223
2026-06-24 14:54:46.410097+02:00,25.093,3406.182245,-0.35973584443173223
2026-06-24 14:54:46.704610+02:00,25.095,3406.476758,-0.35773584443173334
2026-06-24 14:54:46.997804+02:00,25.092,3406.769952,-0.36073584443173345
2026-06-24 14:54:47.305380+02:00,25.093,3407.077528,-0.35973584443173223
2026-06-24 14:54:47.607576+02:00,25.09,3407.379724,-0.36273584443173235
2026-06-24 14:54:47.904900+02:00,25.091,3407.677048,-0.3617358444317311
2026-06-24 14:54:48.198433+02:00,25.092,3407.970581,-0.36073584443173345
2026-06-24 14:54:48.489537+02:00,25.089,3408.261685,-0.36373584443173357
2026-06-24 14:54:48.788817+02:00,25.089,3408.560965,-0.36373584443173357
2026-06-24 14:54:49.086562+02:00,25.087,3408.85871,-0.36573584443173246
2026-06-24 14:54:49.379576+02:00,25.089,3409.151724,-0.36373584443173357
2026-06-24 14:54:49.672929+02:00,25.087,3409.445077,-0.36573584443173246
2026-06-24 14:54:49.965993+02:00,25.086,3409.738141,-0.3667358444317337
2026-06-24 14:54:50.259802+02:00,25.086,3410.03195,-0.3667358444317337
2026-06-24 14:54:50.560894+02:00,25.085,3410.333042,-0.36773584443173135
2026-06-24 14:54:50.855528+02:00,25.085,3410.627676,-0.36773584443173135
2026-06-24 14:54:51.149665+02:00,25.083,3410.921813,-0.3697358444317338
2026-06-24 14:54:51.441134+02:00,25.082,3411.213282,-0.37073584443173146
2026-06-24 14:54:51.735147+02:00,25.083,3411.507295,-0.3697358444317338
2026-06-24 14:54:52.034661+02:00,25.08,3411.806809,-0.3727358444317339
2026-06-24 14:54:52.325950+02:00,25.079,3412.098098,-0.3737358444317316
2026-06-24 14:54:52.618601+02:00,25.08,3412.390749,-0.3727358444317339
2026-06-24 14:54:52.912977+02:00,25.077,3412.685125,-0.37573584443173047
2026-06-24 14:54:53.212553+02:00,25.079,3412.984701,-0.3737358444317316
2026-06-24 14:54:53.503684+02:00,25.08,3413.275832,-0.3727358444317339
2026-06-24 14:54:53.795570+02:00,25.079,3413.567718,-0.3737358444317316
2026-06-24 14:54:54.090194+02:00,25.078,3413.862342,-0.3747358444317328
2026-06-24 14:54:54.387819+02:00,25.075,3414.159967,-0.3777358444317329
2026-06-24 14:54:54.678676+02:00,25.073,3414.450824,-0.3797358444317318
2026-06-24 14:54:54.977654+02:00,25.073,3414.749802,-0.3797358444317318
2026-06-24 14:54:55.269591+02:00,25.075,3415.041739,-0.3777358444317329
2026-06-24 14:54:55.560484+02:00,25.071,3415.332632,-0.3817358444317307
2026-06-24 14:54:55.852087+02:00,25.073,3415.624235,-0.3797358444317318
2026-06-24 14:54:56.152317+02:00,25.069,3415.924465,-0.38373584443173314
2026-06-24 14:54:56.443865+02:00,25.068,3416.216013,-0.3847358444317308
2026-06-24 14:54:56.736278+02:00,25.065,3416.508426,-0.3877358444317309
2026-06-24 14:54:57.027856+02:00,25.065,3416.800004,-0.3877358444317309
2026-06-24 14:54:57.321221+02:00,25.067,3417.093369,-0.38573584443173203
2026-06-24 14:54:57.611011+02:00,25.066,3417.383159,-0.38673584443173326
2026-06-24 14:54:57.903366+02:00,25.065,3417.675514,-0.3877358444317309
2026-06-24 14:54:58.200689+02:00,25.063,3417.972837,-0.38973584443173337
2026-06-24 14:54:58.493580+02:00,25.061,3418.265728,-0.39173584443173226
2026-06-24 14:54:58.789930+02:00,25.062,3418.562078,-0.39073584443173104
2026-06-24 14:54:59.086763+02:00,25.059,3418.858911,-0.39373584443173115
2026-06-24 14:54:59.377738+02:00,25.061,3419.149886,-0.39173584443173226
2026-06-24 14:54:59.671461+02:00,25.058,3419.443609,-0.3947358444317324
2026-06-24 14:54:59.965951+02:00,25.061,3419.738099,-0.39173584443173226
2026-06-24 14:55:00.260363+02:00,25.057,3420.032511,-0.3957358444317336
2026-06-24 14:55:00.559999+02:00,25.057,3420.332147,-0.3957358444317336
2026-06-24 14:55:00.856860+02:00,25.056,3420.629008,-0.39673584443173127
2026-06-24 14:55:01.153411+02:00,25.055,3420.925559,-0.3977358444317325
2026-06-24 14:55:01.453919+02:00,25.054,3421.226067,-0.3987358444317337
2026-06-24 14:55:01.746981+02:00,25.052,3421.519129,-0.4007358444317326
2026-06-24 14:55:02.039743+02:00,25.05,3421.811891,-0.4027358444317315
2026-06-24 14:55:02.334176+02:00,25.052,3422.106324,-0.4007358444317326
2026-06-24 14:55:02.624259+02:00,25.048,3422.396407,-0.40473584443173394
2026-06-24 14:55:02.915998+02:00,25.048,3422.688146,-0.40473584443173394
2026-06-24 14:55:03.213571+02:00,25.048,3422.985719,-0.40473584443173394
2026-06-24 14:55:03.504133+02:00,25.047,3423.276281,-0.4057358444317316
2026-06-24 14:55:03.799573+02:00,25.046,3423.571721,-0.40673584443173283
2026-06-24 14:55:04.092161+02:00,25.047,3423.864309,-0.4057358444317316
2026-06-24 14:55:04.387083+02:00,25.046,3424.159231,-0.40673584443173283
2026-06-24 14:55:04.677877+02:00,25.046,3424.450025,-0.40673584443173283
2026-06-24 14:55:04.972573+02:00,25.045,3424.744721,-0.4077358444317305
2026-06-24 14:55:05.269580+02:00,25.042,3425.041728,-0.4107358444317306
2026-06-24 14:55:05.561435+02:00,25.042,3425.333583,-0.4107358444317306
2026-06-24 14:55:05.851979+02:00,25.043,3425.624127,-0.40973584443173294
2026-06-24 14:55:06.145675+02:00,25.042,3425.917823,-0.4107358444317306
2026-06-24 14:55:06.448596+02:00,25.038,3426.220744,-0.41473584443173195
2026-06-24 14:55:06.740850+02:00,25.038,3426.512998,-0.41473584443173195
2026-06-24 14:55:07.043471+02:00,25.039,3426.815619,-0.4137358444317307
2026-06-24 14:55:07.334354+02:00,25.038,3427.106502,-0.41473584443173195
2026-06-24 14:55:07.625097+02:00,25.036,3427.397245,-0.41673584443173084
2026-06-24 14:55:07.920542+02:00,25.038,3427.69269,-0.41473584443173195
2026-06-24 14:55:08.214604+02:00,25.036,3427.986752,-0.41673584443173084
2026-06-24 14:55:08.505334+02:00,25.035,3428.277482,-0.41773584443173206
2026-06-24 14:55:08.797077+02:00,25.035,3428.569225,-0.41773584443173206
2026-06-24 14:55:09.088994+02:00,25.034,3428.861142,-0.4187358444317333
2026-06-24 14:55:09.379230+02:00,25.032,3429.151378,-0.4207358444317322
2026-06-24 14:55:09.680151+02:00,25.033,3429.452299,-0.41973584443173095
2026-06-24 14:55:09.972195+02:00,25.032,3429.744343,-0.4207358444317322
2026-06-24 14:55:10.263856+02:00,25.029,3430.036004,-0.4237358444317323
2026-06-24 14:55:10.557102+02:00,25.03,3430.32925,-0.42273584443173107
2026-06-24 14:55:10.850781+02:00,25.028,3430.622929,-0.4247358444317335
2026-06-24 14:55:11.144263+02:00,25.028,3430.916411,-0.4247358444317335
2026-06-24 14:55:11.436090+02:00,25.026,3431.208238,-0.4267358444317324
2026-06-24 14:55:11.727801+02:00,25.026,3431.499949,-0.4267358444317324
2026-06-24 14:55:12.021667+02:00,25.025,3431.793815,-0.4277358444317336
2026-06-24 14:55:12.313807+02:00,25.023,3432.085955,-0.4297358444317325
2026-06-24 14:55:12.609310+02:00,25.024,3432.381458,-0.4287358444317313
2026-06-24 14:55:12.902413+02:00,25.025,3432.674561,-0.4277358444317336
2026-06-24 14:55:13.196466+02:00,25.023,3432.968614,-0.4297358444317325
2026-06-24 14:55:13.487014+02:00,25.021,3433.259162,-0.4317358444317314
2026-06-24 14:55:13.784123+02:00,25.021,3433.556271,-0.4317358444317314
2026-06-24 14:55:14.084032+02:00,25.022,3433.85618,-0.43073584443173374
2026-06-24 14:55:14.381466+02:00,25.016,3434.153614,-0.43673584443173397
2026-06-24 14:55:14.673967+02:00,25.013,3434.446115,-0.4397358444317305
2026-06-24 14:55:14.967124+02:00,25.011,3434.739272,-0.44173584443173297
2026-06-24 14:55:15.261156+02:00,25.012,3435.033304,-0.44073584443173175
2026-06-24 14:55:15.556427+02:00,25.01,3435.328575,-0.44273584443173064
2026-06-24 14:55:15.850223+02:00,25.008,3435.622371,-0.4447358444317331
2026-06-24 14:55:16.143640+02:00,25.009,3435.915788,-0.44373584443173186
2026-06-24 14:55:16.435718+02:00,25.009,3436.207866,-0.44373584443173186
2026-06-24 14:55:16.735144+02:00,25.006,3436.507292,-0.446735844431732
2026-06-24 14:55:17.027032+02:00,25.005,3436.79918,-0.4477358444317332
2026-06-24 14:55:17.320276+02:00,25.005,3437.092424,-0.4477358444317332
2026-06-24 14:55:17.612403+02:00,25.005,3437.384551,-0.4477358444317332
2026-06-24 14:55:17.923529+02:00,25.002,3437.695677,-0.4507358444317333
2026-06-24 14:55:18.223152+02:00,25.004,3437.9953,-0.44873584443173087
2026-06-24 14:55:18.516629+02:00,25.003,3438.288777,-0.4497358444317321
2026-06-24 14:55:18.809993+02:00,25.002,3438.582141,-0.4507358444317333
2026-06-24 14:55:19.104091+02:00,25.003,3438.876239,-0.4497358444317321
2026-06-24 14:55:19.393573+02:00,25.0,3439.165721,-0.4527358444317322
2026-06-24 14:55:19.687619+02:00,25.001,3439.459767,-0.451735844431731
2026-06-24 14:55:19.979153+02:00,25.0,3439.751301,-0.4527358444317322
2026-06-24 14:55:20.272376+02:00,25.0,3440.044524,-0.4527358444317322
2026-06-24 14:55:20.565413+02:00,25.0,3440.337561,-0.4527358444317322
2026-06-24 14:55:20.857004+02:00,24.997,3440.629152,-0.4557358444317323
2026-06-24 14:55:21.150319+02:00,25.0,3440.922467,-0.4527358444317322
2026-06-24 14:55:21.443848+02:00,24.996,3441.215996,-0.45673584443173354
2026-06-24 14:55:21.742654+02:00,24.996,3441.514802,-0.45673584443173354
2026-06-24 14:55:22.032977+02:00,24.997,3441.805125,-0.4557358444317323
2026-06-24 14:55:22.324391+02:00,24.995,3442.096539,-0.4577358444317312
2026-06-24 14:55:22.616994+02:00,24.994,3442.389142,-0.45873584443173243
2026-06-24 14:55:22.917410+02:00,24.993,3442.689558,-0.45973584443173365
2026-06-24 14:55:23.212579+02:00,24.992,3442.984727,-0.4607358444317313
2026-06-24 14:55:23.506299+02:00,24.993,3443.278447,-0.45973584443173365
2026-06-24 14:55:23.800404+02:00,24.992,3443.572552,-0.4607358444317313
2026-06-24 14:55:24.091367+02:00,24.992,3443.863515,-0.4607358444317313
2026-06-24 14:55:24.383329+02:00,24.99,3444.155477,-0.46273584443173377
2026-06-24 14:55:24.674317+02:00,24.991,3444.446465,-0.46173584443173254
2026-06-24 14:55:24.966897+02:00,24.991,3444.739045,-0.46173584443173254
2026-06-24 14:55:25.263873+02:00,24.988,3445.036021,-0.46473584443173266
2026-06-24 14:55:25.559577+02:00,24.988,3445.331725,-0.46473584443173266
2026-06-24 14:55:25.849186+02:00,24.989,3445.621334,-0.46373584443173144
2026-06-24 14:55:26.141883+02:00,24.985,3445.914031,-0.4677358444317328
2026-06-24 14:55:26.435798+02:00,24.981,3446.207946,-0.47173584443173056
2026-06-24 14:55:26.735399+02:00,24.982,3446.507547,-0.4707358444317329
2026-06-24 14:55:27.032572+02:00,24.982,3446.80472,-0.4707358444317329
2026-06-24 14:55:27.327550+02:00,24.983,3447.099698,-0.46973584443173166
2026-06-24 14:55:27.619273+02:00,24.982,3447.391421,-0.4707358444317329
2026-06-24 14:55:27.911625+02:00,24.981,3447.683773,-0.47173584443173056
2026-06-24 14:55:28.205520+02:00,24.977,3447.977668,-0.4757358444317319
2026-06-24 14:55:28.503162+02:00,24.978,3448.27531,-0.47473584443173067
2026-06-24 14:55:28.796238+02:00,24.977,3448.568386,-0.4757358444317319
2026-06-24 14:55:29.086749+02:00,24.977,3448.858897,-0.4757358444317319
2026-06-24 14:55:29.378816+02:00,24.975,3449.150964,-0.4777358444317308
2026-06-24 14:55:29.671194+02:00,24.977,3449.443342,-0.4757358444317319
2026-06-24 14:55:29.966951+02:00,24.974,3449.739099,-0.478735844431732
2026-06-24 14:55:30.259345+02:00,24.975,3450.031493,-0.4777358444317308
2026-06-24 14:55:30.551034+02:00,24.973,3450.323182,-0.4797358444317332
2026-06-24 14:55:30.850643+02:00,24.97,3450.622791,-0.48273584443173334
2026-06-24 14:55:31.146442+02:00,24.97,3450.91859,-0.48273584443173334
2026-06-24 14:55:31.440418+02:00,24.969,3451.212566,-0.483735844431731
2026-06-24 14:55:31.736226+02:00,24.969,3451.508374,-0.483735844431731
2026-06-24 14:55:32.028388+02:00,24.966,3451.800536,-0.4867358444317311
2026-06-24 14:55:32.321503+02:00,24.967,3452.093651,-0.48573584443173345
2026-06-24 14:55:32.612204+02:00,24.966,3452.384352,-0.4867358444317311
2026-06-24 14:55:32.905775+02:00,24.967,3452.677923,-0.48573584443173345
2026-06-24 14:55:33.197286+02:00,24.965,3452.969434,-0.48773584443173235
2026-06-24 14:55:33.487655+02:00,24.966,3453.259803,-0.4867358444317311
2026-06-24 14:55:33.790685+02:00,24.966,3453.562833,-0.4867358444317311
2026-06-24 14:55:34.080403+02:00,24.966,3453.852551,-0.4867358444317311
2026-06-24 14:55:34.383167+02:00,24.963,3454.155315,-0.48973584443173124
2026-06-24 14:55:34.675730+02:00,24.963,3454.447878,-0.48973584443173124
2026-06-24 14:55:34.968346+02:00,24.959,3454.740494,-0.4937358444317326
2026-06-24 14:55:35.262977+02:00,24.959,3455.035125,-0.4937358444317326
2026-06-24 14:55:35.554822+02:00,24.961,3455.32697,-0.4917358444317337
2026-06-24 14:55:35.846420+02:00,24.959,3455.618568,-0.4937358444317326
2026-06-24 14:55:36.139929+02:00,24.96,3455.912077,-0.49273584443173135
2026-06-24 14:55:36.433067+02:00,24.958,3456.205215,-0.4947358444317338
2026-06-24 14:55:36.724714+02:00,24.96,3456.496862,-0.49273584443173135
2026-06-24 14:55:37.021277+02:00,24.958,3456.793425,-0.4947358444317338
2026-06-24 14:55:37.310271+02:00,24.957,3457.082419,-0.49573584443173146
2026-06-24 14:55:37.601838+02:00,24.956,3457.373986,-0.4967358444317327
2026-06-24 14:55:37.895454+02:00,24.953,3457.667602,-0.4997358444317328
2026-06-24 14:55:38.187436+02:00,24.953,3457.959584,-0.4997358444317328
2026-06-24 14:55:38.480035+02:00,24.953,3458.252183,-0.4997358444317328
2026-06-24 14:55:38.772218+02:00,24.954,3458.544366,-0.4987358444317316
2026-06-24 14:55:39.071195+02:00,24.952,3458.843343,-0.5007358444317305
2026-06-24 14:55:39.366271+02:00,24.95,3459.138419,-0.5027358444317329
2026-06-24 14:55:39.656362+02:00,24.951,3459.42851,-0.5017358444317317
2026-06-24 14:55:39.950647+02:00,24.952,3459.722795,-0.5007358444317305
2026-06-24 14:55:40.243504+02:00,24.95,3460.015652,-0.5027358444317329
2026-06-24 14:55:40.536396+02:00,24.948,3460.308544,-0.5047358444317318
2026-06-24 14:55:40.826743+02:00,24.949,3460.598891,-0.5037358444317306
2026-06-24 14:55:41.118480+02:00,24.948,3460.890628,-0.5047358444317318
2026-06-24 14:55:41.414899+02:00,24.948,3461.187047,-0.5047358444317318
2026-06-24 14:55:41.707032+02:00,24.946,3461.47918,-0.5067358444317307
2026-06-24 14:55:42.004021+02:00,24.947,3461.776169,-0.505735844431733
2026-06-24 14:55:42.296839+02:00,24.947,3462.068987,-0.505735844431733
2026-06-24 14:55:42.591038+02:00,24.946,3462.363186,-0.5067358444317307
2026-06-24 14:55:42.882328+02:00,24.946,3462.654476,-0.5067358444317307
2026-06-24 14:55:43.175418+02:00,24.945,3462.947566,-0.5077358444317319
2026-06-24 14:55:43.465186+02:00,24.943,3463.237334,-0.5097358444317308
2026-06-24 14:55:43.757490+02:00,24.944,3463.529638,-0.5087358444317331
2026-06-24 14:55:44.055827+02:00,24.942,3463.827975,-0.510735844431732
2026-06-24 14:55:44.347088+02:00,24.941,3464.119236,-0.5117358444317333
2026-06-24 14:55:44.642231+02:00,24.939,3464.414379,-0.5137358444317321
2026-06-24 14:55:44.934362+02:00,24.937,3464.70651,-0.515735844431731
2026-06-24 14:55:45.225652+02:00,24.941,3464.9978,-0.5117358444317333
2026-06-24 14:55:45.518237+02:00,24.938,3465.290385,-0.5147358444317334
2026-06-24 14:55:45.808628+02:00,24.938,3465.580776,-0.5147358444317334
2026-06-24 14:55:46.099749+02:00,24.938,3465.871897,-0.5147358444317334
2026-06-24 14:55:46.398978+02:00,24.933,3466.171126,-0.5197358444317324
2026-06-24 14:55:46.691293+02:00,24.938,3466.463441,-0.5147358444317334
2026-06-24 14:55:46.986818+02:00,24.935,3466.758966,-0.5177358444317335
2026-06-24 14:55:47.277012+02:00,24.932,3467.04916,-0.5207358444317336
2026-06-24 14:55:47.569444+02:00,24.932,3467.341592,-0.5207358444317336
2026-06-24 14:55:47.860774+02:00,24.931,3467.632922,-0.5217358444317313
2026-06-24 14:55:48.154035+02:00,24.933,3467.926183,-0.5197358444317324
2026-06-24 14:55:48.443271+02:00,24.929,3468.215419,-0.5237358444317337
2026-06-24 14:55:48.734369+02:00,24.928,3468.506517,-0.5247358444317314
2026-06-24 14:55:49.032152+02:00,24.93,3468.8043,-0.5227358444317325
2026-06-24 14:55:49.326817+02:00,24.931,3469.098965,-0.5217358444317313
2026-06-24 14:55:49.620609+02:00,24.93,3469.392757,-0.5227358444317325
2026-06-24 14:55:49.912009+02:00,24.929,3469.684157,-0.5237358444317337
2026-06-24 14:55:50.208657+02:00,24.931,3469.980805,-0.5217358444317313
2026-06-24 14:55:50.500126+02:00,24.931,3470.272274,-0.5217358444317313
2026-06-24 14:55:50.791910+02:00,24.926,3470.564058,-0.5267358444317338
2026-06-24 14:55:51.082959+02:00,24.929,3470.855107,-0.5237358444317337
2026-06-24 14:55:51.386658+02:00,24.927,3471.158806,-0.5257358444317326
2026-06-24 14:55:51.685441+02:00,24.926,3471.457589,-0.5267358444317338
2026-06-24 14:55:51.981669+02:00,24.924,3471.753817,-0.5287358444317327
2026-06-24 14:55:52.272521+02:00,24.923,3472.044669,-0.5297358444317339
2026-06-24 14:55:52.565666+02:00,24.923,3472.337814,-0.5297358444317339
2026-06-24 14:55:52.857379+02:00,24.924,3472.629527,-0.5287358444317327
2026-06-24 14:55:53.151143+02:00,24.921,3472.923291,-0.5317358444317328
2026-06-24 14:55:53.442128+02:00,24.921,3473.214276,-0.5317358444317328
2026-06-24 14:55:53.734099+02:00,24.922,3473.506247,-0.5307358444317316
2026-06-24 14:55:54.024345+02:00,24.922,3473.796493,-0.5307358444317316
2026-06-24 14:55:54.322833+02:00,24.921,3474.094981,-0.5317358444317328
2026-06-24 14:55:54.611833+02:00,24.92,3474.383981,-0.5327358444317305
2026-06-24 14:55:54.912327+02:00,24.92,3474.684475,-0.5327358444317305
2026-06-24 14:55:55.212750+02:00,24.921,3474.984898,-0.5317358444317328
2026-06-24 14:55:55.516443+02:00,24.919,3475.288591,-0.5337358444317317
2026-06-24 14:55:55.809416+02:00,24.918,3475.581564,-0.5347358444317329
2026-06-24 14:55:56.115131+02:00,24.919,3475.887279,-0.5337358444317317
2026-06-24 14:55:56.410763+02:00,24.918,3476.182911,-0.5347358444317329
2026-06-24 14:55:56.702591+02:00,24.919,3476.474739,-0.5337358444317317
2026-06-24 14:55:56.996773+02:00,24.918,3476.768921,-0.5347358444317329
2026-06-24 14:55:57.285507+02:00,24.917,3477.057655,-0.5357358444317306
2026-06-24 14:55:57.578007+02:00,24.917,3477.350155,-0.5357358444317306
2026-06-24 14:55:57.869136+02:00,24.917,3477.641284,-0.5357358444317306
2026-06-24 14:55:58.158627+02:00,24.916,3477.930775,-0.5367358444317318
2026-06-24 14:55:58.453059+02:00,24.915,3478.225207,-0.5377358444317331
2026-06-24 14:55:58.749005+02:00,24.914,3478.521153,-0.5387358444317307
2026-06-24 14:55:59.044698+02:00,24.916,3478.816846,-0.5367358444317318
2026-06-24 14:55:59.337166+02:00,24.915,3479.109314,-0.5377358444317331
2026-06-24 14:55:59.630400+02:00,24.915,3479.402548,-0.5377358444317331
2026-06-24 14:55:59.922493+02:00,24.914,3479.694641,-0.5387358444317307
2026-06-24 14:56:00.212927+02:00,24.915,3479.985075,-0.5377358444317331
2026-06-24 14:56:00.503756+02:00,24.914,3480.275904,-0.5387358444317307
2026-06-24 14:56:00.801177+02:00,24.915,3480.573325,-0.5377358444317331
2026-06-24 14:56:01.090319+02:00,24.914,3480.862467,-0.5387358444317307
2026-06-24 14:56:01.383342+02:00,24.913,3481.15549,-0.539735844431732
2026-06-24 14:56:01.680352+02:00,24.914,3481.4525,-0.5387358444317307
2026-06-24 14:56:01.972764+02:00,24.913,3481.744912,-0.539735844431732
2026-06-24 14:56:02.266269+02:00,24.914,3482.038417,-0.5387358444317307
2026-06-24 14:56:02.556717+02:00,24.913,3482.328865,-0.539735844431732
2026-06-24 14:56:02.845888+02:00,24.913,3482.618036,-0.539735844431732
2026-06-24 14:56:03.141283+02:00,24.911,3482.913431,-0.5417358444317308
2026-06-24 14:56:03.431669+02:00,24.911,3483.203817,-0.5417358444317308
2026-06-24 14:56:03.725574+02:00,24.909,3483.497722,-0.5437358444317333
2026-06-24 14:56:04.016842+02:00,24.909,3483.78899,-0.5437358444317333
2026-06-24 14:56:04.315545+02:00,24.908,3484.087693,-0.544735844431731
2026-06-24 14:56:04.607647+02:00,24.908,3484.379795,-0.544735844431731
2026-06-24 14:56:04.899175+02:00,24.909,3484.671323,-0.5437358444317333
2026-06-24 14:56:05.190903+02:00,24.909,3484.963051,-0.5437358444317333
2026-06-24 14:56:05.486527+02:00,24.908,3485.258675,-0.544735844431731
2026-06-24 14:56:05.779408+02:00,24.908,3485.551556,-0.544735844431731
2026-06-24 14:56:06.076919+02:00,24.907,3485.849067,-0.5457358444317322
2026-06-24 14:56:06.372410+02:00,24.906,3486.144558,-0.5467358444317334
2026-06-24 14:56:06.665482+02:00,24.907,3486.43763,-0.5457358444317322
2026-06-24 14:56:06.956864+02:00,24.908,3486.729012,-0.544735844431731
2026-06-24 14:56:07.245555+02:00,24.907,3487.017703,-0.5457358444317322
2026-06-24 14:56:07.535291+02:00,24.905,3487.307439,-0.5477358444317311
2026-06-24 14:56:07.826398+02:00,24.907,3487.598546,-0.5457358444317322
2026-06-24 14:56:08.119289+02:00,24.904,3487.891437,-0.5487358444317323
2026-06-24 14:56:08.416626+02:00,24.904,3488.188774,-0.5487358444317323
2026-06-24 14:56:08.715453+02:00,24.907,3488.487601,-0.5457358444317322
2026-06-24 14:56:09.013293+02:00,24.903,3488.785441,-0.5497358444317335
2026-06-24 14:56:09.313524+02:00,24.905,3489.085672,-0.5477358444317311
2026-06-24 14:56:09.611660+02:00,24.903,3489.383808,-0.5497358444317335
2026-06-24 14:56:09.904563+02:00,24.905,3489.676711,-0.5477358444317311
2026-06-24 14:56:10.202012+02:00,24.903,3489.97416,-0.5497358444317335
2026-06-24 14:56:10.494642+02:00,24.904,3490.26679,-0.5487358444317323
2026-06-24 14:56:10.787839+02:00,24.903,3490.559987,-0.5497358444317335
2026-06-24 14:56:11.077222+02:00,24.903,3490.84937,-0.5497358444317335
2026-06-24 14:56:11.375522+02:00,24.904,3491.14767,-0.5487358444317323
2026-06-24 14:56:11.664879+02:00,24.902,3491.437027,-0.5507358444317312
2026-06-24 14:56:11.958841+02:00,24.899,3491.730989,-0.5537358444317313
2026-06-24 14:56:12.251216+02:00,24.903,3492.023364,-0.5497358444317335
2026-06-24 14:56:12.547306+02:00,24.902,3492.319454,-0.5507358444317312
2026-06-24 14:56:12.836721+02:00,24.904,3492.608869,-0.5487358444317323
2026-06-24 14:56:13.131554+02:00,24.902,3492.903702,-0.5507358444317312
2026-06-24 14:56:13.424042+02:00,24.901,3493.19619,-0.5517358444317324
2026-06-24 14:56:13.717505+02:00,24.897,3493.489653,-0.5557358444317337
2026-06-24 14:56:14.008532+02:00,24.9,3493.78068,-0.5527358444317336
2026-06-24 14:56:14.299909+02:00,24.901,3494.072057,-0.5517358444317324
2026-06-24 14:56:14.591326+02:00,24.903,3494.363474,-0.5497358444317335
2026-06-24 14:56:14.881780+02:00,24.899,3494.653928,-0.5537358444317313
2026-06-24 14:56:15.174006+02:00,24.9,3494.946154,-0.5527358444317336
2026-06-24 14:56:15.467079+02:00,24.899,3495.239227,-0.5537358444317313
2026-06-24 14:56:15.756557+02:00,24.9,3495.528705,-0.5527358444317336
2026-06-24 14:56:16.049075+02:00,24.898,3495.821223,-0.5547358444317325
2026-06-24 14:56:16.343653+02:00,24.9,3496.115801,-0.5527358444317336
2026-06-24 14:56:16.636538+02:00,24.898,3496.408686,-0.5547358444317325
2026-06-24 14:56:16.936055+02:00,24.901,3496.708203,-0.5517358444317324
2026-06-24 14:56:17.229749+02:00,24.898,3497.001897,-0.5547358444317325
2026-06-24 14:56:17.521429+02:00,24.897,3497.293577,-0.5557358444317337
2026-06-24 14:56:17.820773+02:00,24.896,3497.592921,-0.5567358444317314
2026-06-24 14:56:18.116164+02:00,24.896,3497.888312,-0.5567358444317314
2026-06-24 14:56:18.412326+02:00,24.899,3498.184474,-0.5537358444317313
2026-06-24 14:56:18.707308+02:00,24.897,3498.479456,-0.5557358444317337
2026-06-24 14:56:19.004621+02:00,24.899,3498.776769,-0.5537358444317313
2026-06-24 14:56:19.295232+02:00,24.896,3499.06738,-0.5567358444317314
2026-06-24 14:56:19.587620+02:00,24.896,3499.359768,-0.5567358444317314
2026-06-24 14:56:19.880053+02:00,24.897,3499.652201,-0.5557358444317337
2026-06-24 14:56:20.173898+02:00,24.897,3499.946046,-0.5557358444317337
2026-06-24 14:56:20.467603+02:00,24.895,3500.239751,-0.5577358444317326
2026-06-24 14:56:20.760073+02:00,24.895,3500.532221,-0.5577358444317326
2026-06-24 14:56:21.058723+02:00,24.896,3500.830871,-0.5567358444317314
2026-06-24 14:56:21.355617+02:00,24.896,3501.127765,-0.5567358444317314
2026-06-24 14:56:21.648980+02:00,24.894,3501.421128,-0.5587358444317339
2026-06-24 14:56:21.939806+02:00,24.896,3501.711954,-0.5567358444317314
2026-06-24 14:56:22.230883+02:00,24.899,3502.003031,-0.5537358444317313
2026-06-24 14:56:22.527753+02:00,24.898,3502.299901,-0.5547358444317325
2026-06-24 14:56:22.821735+02:00,24.899,3502.593883,-0.5537358444317313
2026-06-24 14:56:23.112798+02:00,24.899,3502.884946,-0.5537358444317313
2026-06-24 14:56:23.404926+02:00,24.897,3503.177074,-0.5557358444317337
2026-06-24 14:56:23.694597+02:00,24.898,3503.466745,-0.5547358444317325
2026-06-24 14:56:23.992386+02:00,24.898,3503.764534,-0.5547358444317325
2026-06-24 14:56:24.282090+02:00,24.897,3504.054238,-0.5557358444317337
2026-06-24 14:56:24.574285+02:00,24.901,3504.346433,-0.5517358444317324
2026-06-24 14:56:24.867220+02:00,24.899,3504.639368,-0.5537358444317313
2026-06-24 14:56:25.166075+02:00,24.898,3504.938223,-0.5547358444317325
2026-06-24 14:56:25.461984+02:00,24.893,3505.234132,-0.5597358444317315
2026-06-24 14:56:25.761667+02:00,24.898,3505.533815,-0.5547358444317325
2026-06-24 14:56:26.056807+02:00,24.898,3505.828955,-0.5547358444317325
2026-06-24 14:56:26.348849+02:00,24.898,3506.120997,-0.5547358444317325
2026-06-24 14:56:26.641348+02:00,24.899,3506.413496,-0.5537358444317313
2026-06-24 14:56:26.933677+02:00,24.9,3506.705825,-0.5527358444317336
2026-06-24 14:56:27.223394+02:00,24.896,3506.995542,-0.5567358444317314
2026-06-24 14:56:27.517722+02:00,24.898,3507.28987,-0.5547358444317325
2026-06-24 14:56:27.808043+02:00,24.903,3507.580191,-0.5497358444317335
2026-06-24 14:56:28.102934+02:00,24.899,3507.875082,-0.5537358444317313
2026-06-24 14:56:28.394408+02:00,24.898,3508.166556,-0.5547358444317325
2026-06-24 14:56:28.689993+02:00,24.899,3508.462141,-0.5537358444317313
2026-06-24 14:56:28.988446+02:00,24.901,3508.760594,-0.5517358444317324
2026-06-24 14:56:29.281041+02:00,24.9,3509.053189,-0.5527358444317336
2026-06-24 14:56:29.576573+02:00,24.901,3509.348721,-0.5517358444317324
2026-06-24 14:56:29.869329+02:00,24.902,3509.641477,-0.5507358444317312
2026-06-24 14:56:30.161476+02:00,24.901,3509.933624,-0.5517358444317324
2026-06-24 14:56:30.452886+02:00,24.903,3510.225034,-0.5497358444317335
2026-06-24 14:56:30.747740+02:00,24.902,3510.519888,-0.5507358444317312
2026-06-24 14:56:31.046997+02:00,24.901,3510.819145,-0.5517358444317324
2026-06-24 14:56:31.350788+02:00,24.902,3511.122936,-0.5507358444317312
2026-06-24 14:56:31.642844+02:00,24.901,3511.414992,-0.5517358444317324
2026-06-24 14:56:31.937912+02:00,24.903,3511.71006,-0.5497358444317335
2026-06-24 14:56:32.229759+02:00,24.901,3512.001907,-0.5517358444317324
2026-06-24 14:56:32.527876+02:00,24.904,3512.300024,-0.5487358444317323
2026-06-24 14:56:32.817109+02:00,24.901,3512.589257,-0.5517358444317324
2026-06-24 14:56:33.108210+02:00,24.902,3512.880358,-0.5507358444317312
2026-06-24 14:56:33.403671+02:00,24.904,3513.175819,-0.5487358444317323
2026-06-24 14:56:33.699378+02:00,24.904,3513.471526,-0.5487358444317323
2026-06-24 14:56:33.997373+02:00,24.906,3513.769521,-0.5467358444317334
2026-06-24 14:56:34.298046+02:00,24.901,3514.070194,-0.5517358444317324
2026-06-24 14:56:34.589206+02:00,24.903,3514.361354,-0.5497358444317335
2026-06-24 14:56:34.888234+02:00,24.904,3514.660382,-0.5487358444317323
2026-06-24 14:56:35.184355+02:00,24.905,3514.956503,-0.5477358444317311
2026-06-24 14:56:35.476681+02:00,24.903,3515.248829,-0.5497358444317335
2026-06-24 14:56:35.766967+02:00,24.906,3515.539115,-0.5467358444317334
2026-06-24 14:56:36.059445+02:00,24.906,3515.831593,-0.5467358444317334
2026-06-24 14:56:36.350110+02:00,24.905,3516.122258,-0.5477358444317311
2026-06-24 14:56:36.644365+02:00,24.905,3516.416513,-0.5477358444317311
2026-06-24 14:56:36.942612+02:00,24.904,3516.71476,-0.5487358444317323
2026-06-24 14:56:37.239547+02:00,24.906,3517.011695,-0.5467358444317334
2026-06-24 14:56:37.543185+02:00,24.905,3517.315333,-0.5477358444317311
2026-06-24 14:56:37.831790+02:00,24.904,3517.603938,-0.5487358444317323
2026-06-24 14:56:38.134856+02:00,24.905,3517.907004,-0.5477358444317311
2026-06-24 14:56:38.432895+02:00,24.907,3518.205043,-0.5457358444317322
2026-06-24 14:56:38.726416+02:00,24.906,3518.498564,-0.5467358444317334
2026-06-24 14:56:39.021894+02:00,24.908,3518.794042,-0.544735844431731
2026-06-24 14:56:39.318072+02:00,24.91,3519.09022,-0.5427358444317321
2026-06-24 14:56:39.611445+02:00,24.91,3519.383593,-0.5427358444317321
2026-06-24 14:56:39.905626+02:00,24.909,3519.677774,-0.5437358444317333
2026-06-24 14:56:40.201860+02:00,24.909,3519.974008,-0.5437358444317333
2026-06-24 14:56:40.500614+02:00,24.91,3520.272762,-0.5427358444317321
2026-06-24 14:56:40.797938+02:00,24.912,3520.570086,-0.5407358444317332
2026-06-24 14:56:41.093961+02:00,24.91,3520.866109,-0.5427358444317321
2026-06-24 14:56:41.386782+02:00,24.909,3521.15893,-0.5437358444317333
2026-06-24 14:56:41.677680+02:00,24.913,3521.449828,-0.539735844431732
2026-06-24 14:56:41.972459+02:00,24.913,3521.744607,-0.539735844431732
2026-06-24 14:56:42.264814+02:00,24.915,3522.036962,-0.5377358444317331
2026-06-24 14:56:42.561533+02:00,24.912,3522.333681,-0.5407358444317332
2026-06-24 14:56:42.856592+02:00,24.913,3522.62874,-0.539735844431732
2026-06-24 14:56:43.148302+02:00,24.915,3522.92045,-0.5377358444317331
2026-06-24 14:56:43.442537+02:00,24.915,3523.214685,-0.5377358444317331
2026-06-24 14:56:43.732134+02:00,24.916,3523.504282,-0.5367358444317318
2026-06-24 14:56:44.024299+02:00,24.915,3523.796447,-0.5377358444317331
2026-06-24 14:56:44.317199+02:00,24.916,3524.089347,-0.5367358444317318
2026-06-24 14:56:44.611965+02:00,24.918,3524.384113,-0.5347358444317329
2026-06-24 14:56:44.904677+02:00,24.919,3524.676825,-0.5337358444317317
2026-06-24 14:56:45.194110+02:00,24.919,3524.966258,-0.5337358444317317
2026-06-24 14:56:45.497641+02:00,24.919,3525.269789,-0.5337358444317317
2026-06-24 14:56:45.798409+02:00,24.921,3525.570557,-0.5317358444317328
2026-06-24 14:56:46.094157+02:00,24.921,3525.866305,-0.5317358444317328
2026-06-24 14:56:46.383741+02:00,24.92,3526.155889,-0.5327358444317305
2026-06-24 14:56:46.674295+02:00,24.921,3526.446443,-0.5317358444317328
2026-06-24 14:56:46.966113+02:00,24.923,3526.738261,-0.5297358444317339
2026-06-24 14:56:47.259825+02:00,24.922,3527.031973,-0.5307358444317316
2026-06-24 14:56:47.554715+02:00,24.92,3527.326863,-0.5327358444317305
2026-06-24 14:56:47.844274+02:00,24.924,3527.616422,-0.5287358444317327
2026-06-24 14:56:48.139661+02:00,24.923,3527.911809,-0.5297358444317339
2026-06-24 14:56:48.431443+02:00,24.926,3528.203591,-0.5267358444317338
2026-06-24 14:56:48.726955+02:00,24.927,3528.499103,-0.5257358444317326
2026-06-24 14:56:49.023700+02:00,24.925,3528.795848,-0.5277358444317315
2026-06-24 14:56:49.314176+02:00,24.93,3529.086324,-0.5227358444317325
2026-06-24 14:56:49.605245+02:00,24.928,3529.377393,-0.5247358444317314
2026-06-24 14:56:49.903628+02:00,24.931,3529.675776,-0.5217358444317313
2026-06-24 14:56:50.202205+02:00,24.93,3529.974353,-0.5227358444317325
2026-06-24 14:56:50.497921+02:00,24.933,3530.270069,-0.5197358444317324
2026-06-24 14:56:50.792931+02:00,24.934,3530.565079,-0.5187358444317312
2026-06-24 14:56:51.083529+02:00,24.933,3530.855677,-0.5197358444317324
2026-06-24 14:56:51.379650+02:00,24.935,3531.151798,-0.5177358444317335
2026-06-24 14:56:51.674534+02:00,24.934,3531.446682,-0.5187358444317312
2026-06-24 14:56:51.967435+02:00,24.935,3531.739583,-0.5177358444317335
2026-06-24 14:56:52.259952+02:00,24.937,3532.0321,-0.515735844431731
2026-06-24 14:56:52.554346+02:00,24.937,3532.326494,-0.515735844431731
2026-06-24 14:56:52.851407+02:00,24.94,3532.623555,-0.5127358444317309
2026-06-24 14:56:53.141622+02:00,24.94,3532.91377,-0.5127358444317309
2026-06-24 14:56:53.435784+02:00,24.942,3533.207932,-0.510735844431732
2026-06-24 14:56:53.731214+02:00,24.944,3533.503362,-0.5087358444317331
2026-06-24 14:56:54.028218+02:00,24.946,3533.800366,-0.5067358444317307
2026-06-24 14:56:54.318620+02:00,24.945,3534.090768,-0.5077358444317319
2026-06-24 14:56:54.612887+02:00,24.942,3534.385035,-0.510735844431732
2026-06-24 14:56:54.911345+02:00,24.946,3534.683493,-0.5067358444317307
2026-06-24 14:56:55.204882+02:00,24.947,3534.97703,-0.505735844431733
2026-06-24 14:56:55.497790+02:00,24.946,3535.269938,-0.5067358444317307
2026-06-24 14:56:55.791988+02:00,24.948,3535.564136,-0.5047358444317318
2026-06-24 14:56:56.082970+02:00,24.949,3535.855118,-0.5037358444317306
2026-06-24 14:56:56.374085+02:00,24.949,3536.146233,-0.5037358444317306
2026-06-24 14:56:56.667409+02:00,24.948,3536.439557,-0.5047358444317318
2026-06-24 14:56:56.957558+02:00,24.947,3536.729706,-0.505735844431733
2026-06-24 14:56:57.261901+02:00,24.949,3537.034049,-0.5037358444317306
2026-06-24 14:56:57.559415+02:00,24.949,3537.331563,-0.5037358444317306
2026-06-24 14:56:57.850914+02:00,24.951,3537.623062,-0.5017358444317317
2026-06-24 14:56:58.143410+02:00,24.953,3537.915558,-0.4997358444317328
2026-06-24 14:56:58.438303+02:00,24.953,3538.210451,-0.4997358444317328
2026-06-24 14:56:58.729780+02:00,24.952,3538.501928,-0.5007358444317305
2026-06-24 14:56:59.024188+02:00,24.955,3538.796336,-0.4977358444317339
2026-06-24 14:56:59.314998+02:00,24.955,3539.087146,-0.4977358444317339
2026-06-24 14:56:59.608642+02:00,24.956,3539.38079,-0.4967358444317327
2026-06-24 14:56:59.903217+02:00,24.955,3539.675365,-0.4977358444317339
2026-06-24 14:57:00.195024+02:00,24.958,3539.967172,-0.4947358444317338
2026-06-24 14:57:00.489883+02:00,24.959,3540.262031,-0.4937358444317326
2026-06-24 14:57:00.779751+02:00,24.96,3540.551899,-0.49273584443173135
2026-06-24 14:57:01.072045+02:00,24.96,3540.844193,-0.49273584443173135
2026-06-24 14:57:01.363629+02:00,24.962,3541.135777,-0.49073584443173246
2026-06-24 14:57:01.654604+02:00,24.964,3541.426752,-0.48873584443173357
2026-06-24 14:57:01.952543+02:00,24.964,3541.724691,-0.48873584443173357
2026-06-24 14:57:02.249116+02:00,24.963,3542.021264,-0.48973584443173124
2026-06-24 14:57:02.542046+02:00,24.964,3542.314194,-0.48873584443173357
2026-06-24 14:57:02.834195+02:00,24.965,3542.606343,-0.48773584443173235
2026-06-24 14:57:03.127016+02:00,24.967,3542.899164,-0.48573584443173345
2026-06-24 14:57:03.418140+02:00,24.965,3543.190288,-0.48773584443173235
2026-06-24 14:57:03.712689+02:00,24.968,3543.484837,-0.48473584443173223
2026-06-24 14:57:04.005054+02:00,24.967,3543.777202,-0.48573584443173345
2026-06-24 14:57:04.297956+02:00,24.971,3544.070104,-0.4817358444317321
2026-06-24 14:57:04.591389+02:00,24.97,3544.363537,-0.48273584443173334
2026-06-24 14:57:04.882443+02:00,24.974,3544.654591,-0.478735844431732
2026-06-24 14:57:05.176928+02:00,24.976,3544.949076,-0.4767358444317331
2026-06-24 14:57:05.466951+02:00,24.974,3545.239099,-0.478735844431732
2026-06-24 14:57:05.758975+02:00,24.974,3545.531123,-0.478735844431732
2026-06-24 14:57:06.051550+02:00,24.98,3545.823698,-0.4727358444317318
2026-06-24 14:57:06.345150+02:00,24.979,3546.117298,-0.473735844431733
2026-06-24 14:57:06.637388+02:00,24.982,3546.409536,-0.4707358444317329
2026-06-24 14:57:06.930810+02:00,24.98,3546.702958,-0.4727358444317318
2026-06-24 14:57:07.226288+02:00,24.98,3546.998436,-0.4727358444317318
2026-06-24 14:57:07.523526+02:00,24.982,3547.295674,-0.4707358444317329
2026-06-24 14:57:07.815565+02:00,24.984,3547.587713,-0.46873584443173044
2026-06-24 14:57:08.109559+02:00,24.986,3547.881707,-0.46673584443173155
2026-06-24 14:57:08.403332+02:00,24.984,3548.17548,-0.46873584443173044
2026-06-24 14:57:08.693856+02:00,24.984,3548.466004,-0.46873584443173044
2026-06-24 14:57:08.983963+02:00,24.988,3548.756111,-0.46473584443173266
2026-06-24 14:57:09.274717+02:00,24.988,3549.046865,-0.46473584443173266
2026-06-24 14:57:09.573610+02:00,24.99,3549.345758,-0.46273584443173377
2026-06-24 14:57:09.864146+02:00,24.992,3549.636294,-0.4607358444317313
2026-06-24 14:57:10.158778+02:00,24.993,3549.930926,-0.45973584443173365
2026-06-24 14:57:10.448473+02:00,24.993,3550.220621,-0.45973584443173365
2026-06-24 14:57:10.742534+02:00,24.992,3550.514682,-0.4607358444317313
2026-06-24 14:57:11.032487+02:00,24.994,3550.804635,-0.45873584443173243
2026-06-24 14:57:11.325555+02:00,24.994,3551.097703,-0.45873584443173243
2026-06-24 14:57:11.615764+02:00,24.994,3551.387912,-0.45873584443173243
2026-06-24 14:57:11.907668+02:00,24.996,3551.679816,-0.45673584443173354
2026-06-24 14:57:12.200150+02:00,24.999,3551.972298,-0.4537358444317334
2026-06-24 14:57:12.491933+02:00,24.997,3552.264081,-0.4557358444317323
2026-06-24 14:57:12.782132+02:00,24.998,3552.55428,-0.4547358444317311
2026-06-24 14:57:13.073220+02:00,25.0,3552.845368,-0.4527358444317322
2026-06-24 14:57:13.368316+02:00,25.002,3553.140464,-0.4507358444317333
2026-06-24 14:57:13.659952+02:00,25.006,3553.4321,-0.446735844431732
2026-06-24 14:57:13.950390+02:00,25.002,3553.722538,-0.4507358444317333
2026-06-24 14:57:14.242062+02:00,25.004,3554.01421,-0.44873584443173087
2026-06-24 14:57:14.539317+02:00,25.007,3554.311465,-0.44573584443173075
2026-06-24 14:57:14.839060+02:00,25.006,3554.611208,-0.446735844431732
2026-06-24 14:57:15.129610+02:00,25.008,3554.901758,-0.4447358444317331
2026-06-24 14:57:15.429415+02:00,25.009,3555.201563,-0.44373584443173186
2026-06-24 14:57:15.726527+02:00,25.013,3555.498675,-0.4397358444317305
2026-06-24 14:57:16.016660+02:00,25.01,3555.788808,-0.44273584443173064
2026-06-24 14:57:16.311283+02:00,25.015,3556.083431,-0.43773584443173164
2026-06-24 14:57:16.601931+02:00,25.013,3556.374079,-0.4397358444317305
2026-06-24 14:57:16.895731+02:00,25.013,3556.667879,-0.4397358444317305
2026-06-24 14:57:17.186636+02:00,25.014,3556.958784,-0.43873584443173286
2026-06-24 14:57:17.477795+02:00,25.017,3557.249943,-0.43573584443173274
2026-06-24 14:57:17.770127+02:00,25.015,3557.542275,-0.43773584443173164
2026-06-24 14:57:18.060998+02:00,25.02,3557.833146,-0.43273584443173263
2026-06-24 14:57:18.351440+02:00,25.018,3558.123588,-0.4347358444317315
2026-06-24 14:57:18.649217+02:00,25.024,3558.421365,-0.4287358444317313
2026-06-24 14:57:18.947044+02:00,25.023,3558.719192,-0.4297358444317325
2026-06-24 14:57:19.241713+02:00,25.023,3559.013861,-0.4297358444317325
2026-06-24 14:57:19.543556+02:00,25.025,3559.315704,-0.4277358444317336
2026-06-24 14:57:19.840790+02:00,25.028,3559.612938,-0.4247358444317335
2026-06-24 14:57:20.131438+02:00,25.027,3559.903586,-0.4257358444317312
2026-06-24 14:57:20.432693+02:00,25.029,3560.204841,-0.4237358444317323
2026-06-24 14:57:20.731736+02:00,25.031,3560.503884,-0.4217358444317334
2026-06-24 14:57:21.021296+02:00,25.033,3560.793444,-0.41973584443173095
2026-06-24 14:57:21.311382+02:00,25.033,3561.08353,-0.41973584443173095
2026-06-24 14:57:21.603125+02:00,25.036,3561.375273,-0.41673584443173084
2026-06-24 14:57:21.897881+02:00,25.035,3561.670029,-0.41773584443173206
2026-06-24 14:57:22.197395+02:00,25.039,3561.969543,-0.4137358444317307
2026-06-24 14:57:22.491280+02:00,25.039,3562.263428,-0.4137358444317307
2026-06-24 14:57:22.786025+02:00,25.04,3562.558173,-0.41273584443173306
2026-06-24 14:57:23.082852+02:00,25.04,3562.855,-0.41273584443173306
2026-06-24 14:57:23.372588+02:00,25.042,3563.144736,-0.4107358444317306
2026-06-24 14:57:23.667312+02:00,25.042,3563.43946,-0.4107358444317306
2026-06-24 14:57:23.960252+02:00,25.043,3563.7324,-0.40973584443173294
2026-06-24 14:57:24.252461+02:00,25.042,3564.024609,-0.4107358444317306
2026-06-24 14:57:24.544500+02:00,25.045,3564.316648,-0.4077358444317305
2026-06-24 14:57:24.836715+02:00,25.044,3564.608863,-0.4087358444317317
2026-06-24 14:57:25.129351+02:00,25.045,3564.901499,-0.4077358444317305
2026-06-24 14:57:25.432233+02:00,25.046,3565.204381,-0.40673584443173283
2026-06-24 14:57:25.730531+02:00,25.046,3565.502679,-0.40673584443173283
2026-06-24 14:57:26.023469+02:00,25.048,3565.795617,-0.40473584443173394
2026-06-24 14:57:26.318086+02:00,25.05,3566.090234,-0.4027358444317315
2026-06-24 14:57:26.612255+02:00,25.054,3566.384403,-0.3987358444317337
2026-06-24 14:57:26.903133+02:00,25.052,3566.675281,-0.4007358444317326
2026-06-24 14:57:27.195926+02:00,25.057,3566.968074,-0.3957358444317336
2026-06-24 14:57:27.485541+02:00,25.053,3567.257689,-0.3997358444317314
2026-06-24 14:57:27.777761+02:00,25.057,3567.549909,-0.3957358444317336
2026-06-24 14:57:28.071410+02:00,25.055,3567.843558,-0.3977358444317325
2026-06-24 14:57:28.362761+02:00,25.06,3568.134909,-0.3927358444317335
2026-06-24 14:57:28.658990+02:00,25.06,3568.431138,-0.3927358444317335
2026-06-24 14:57:28.948847+02:00,25.063,3568.720995,-0.38973584443173337
2026-06-24 14:57:29.245582+02:00,25.062,3569.01773,-0.39073584443173104
2026-06-24 14:57:29.536094+02:00,25.062,3569.308242,-0.39073584443173104
2026-06-24 14:57:29.825511+02:00,25.066,3569.597659,-0.38673584443173326
2026-06-24 14:57:30.119944+02:00,25.066,3569.892092,-0.38673584443173326
2026-06-24 14:57:30.411508+02:00,25.068,3570.183656,-0.3847358444317308
2026-06-24 14:57:30.704079+02:00,25.068,3570.476227,-0.3847358444317308
2026-06-24 14:57:30.995396+02:00,25.067,3570.767544,-0.38573584443173203
2026-06-24 14:57:31.285483+02:00,25.07,3571.057631,-0.3827358444317319
2026-06-24 14:57:31.579611+02:00,25.072,3571.351759,-0.38073584443173303
2026-06-24 14:57:31.868662+02:00,25.073,3571.64081,-0.3797358444317318
2026-06-24 14:57:32.158807+02:00,25.077,3571.930955,-0.37573584443173047
2026-06-24 14:57:32.457050+02:00,25.075,3572.229198,-0.3777358444317329
2026-06-24 14:57:32.758199+02:00,25.075,3572.530347,-0.3777358444317329
2026-06-24 14:57:33.066512+02:00,25.075,3572.83866,-0.3777358444317329
2026-06-24 14:57:33.362218+02:00,25.078,3573.134366,-0.3747358444317328
2026-06-24 14:57:33.664123+02:00,25.077,3573.436271,-0.37573584443173047
2026-06-24 14:57:33.961155+02:00,25.079,3573.733303,-0.3737358444317316
2026-06-24 14:57:34.252689+02:00,25.081,3574.024837,-0.3717358444317327
2026-06-24 14:57:34.547937+02:00,25.083,3574.320085,-0.3697358444317338
2026-06-24 14:57:34.843034+02:00,25.083,3574.615182,-0.3697358444317338
2026-06-24 14:57:35.137879+02:00,25.084,3574.910027,-0.3687358444317326
2026-06-24 14:57:35.431494+02:00,25.085,3575.203642,-0.36773584443173135
2026-06-24 14:57:35.721417+02:00,25.083,3575.493565,-0.3697358444317338
2026-06-24 14:57:36.013912+02:00,25.086,3575.78606,-0.3667358444317337
2026-06-24 14:57:36.307133+02:00,25.09,3576.079281,-0.36273584443173235
2026-06-24 14:57:36.599267+02:00,25.092,3576.371415,-0.36073584443173345
2026-06-24 14:57:36.892301+02:00,25.094,3576.664449,-0.358735844431731
2026-06-24 14:57:37.188646+02:00,25.091,3576.960794,-0.3617358444317311
2026-06-24 14:57:37.477387+02:00,25.093,3577.249535,-0.35973584443173223
2026-06-24 14:57:37.769395+02:00,25.096,3577.541543,-0.3567358444317321
2026-06-24 14:57:38.064686+02:00,25.099,3577.836834,-0.353735844431732
2026-06-24 14:57:38.357360+02:00,25.098,3578.129508,-0.3547358444317332
2026-06-24 14:57:38.657217+02:00,25.1,3578.429365,-0.3527358444317308
2026-06-24 14:57:38.951576+02:00,25.103,3578.723724,-0.34973584443173067
2026-06-24 14:57:39.244295+02:00,25.105,3579.016443,-0.3477358444317318
2026-06-24 14:57:39.539303+02:00,25.103,3579.311451,-0.34973584443173067
2026-06-24 14:57:39.828889+02:00,25.105,3579.601037,-0.3477358444317318
2026-06-24 14:57:40.122731+02:00,25.108,3579.894879,-0.34473584443173166
2026-06-24 14:57:40.413456+02:00,25.107,3580.185604,-0.3457358444317329
2026-06-24 14:57:40.712920+02:00,25.11,3580.485068,-0.3427358444317328
2026-06-24 14:57:41.011316+02:00,25.112,3580.783464,-0.3407358444317339
2026-06-24 14:57:41.307099+02:00,25.113,3581.079247,-0.33973584443173266
2026-06-24 14:57:41.598664+02:00,25.114,3581.370812,-0.33873584443173144
2026-06-24 14:57:41.892643+02:00,25.115,3581.664791,-0.33773584443173377
2026-06-24 14:57:42.185655+02:00,25.115,3581.957803,-0.33773584443173377
2026-06-24 14:57:42.476962+02:00,25.117,3582.24911,-0.3357358444317313
2026-06-24 14:57:42.769070+02:00,25.118,3582.541218,-0.33473584443173365
2026-06-24 14:57:43.063336+02:00,25.118,3582.835484,-0.33473584443173365
2026-06-24 14:57:43.354090+02:00,25.119,3583.126238,-0.33373584443173243
2026-06-24 14:57:43.648360+02:00,25.122,3583.420508,-0.3307358444317323
2026-06-24 14:57:43.943064+02:00,25.12,3583.715212,-0.3327358444317312
2026-06-24 14:57:44.233579+02:00,25.123,3584.005727,-0.3297358444317311
2026-06-24 14:57:44.526594+02:00,25.122,3584.298742,-0.3307358444317323
2026-06-24 14:57:44.816722+02:00,25.125,3584.58887,-0.3277358444317322
2026-06-24 14:57:45.110604+02:00,25.126,3584.882752,-0.326735844431731
2026-06-24 14:57:45.410160+02:00,25.126,3585.182308,-0.326735844431731
2026-06-24 14:57:45.701190+02:00,25.129,3585.473338,-0.32373584443173087
2026-06-24 14:57:45.994329+02:00,25.129,3585.766477,-0.32373584443173087
2026-06-24 14:57:46.300167+02:00,25.134,3586.072315,-0.31873584443173186
2026-06-24 14:57:46.592612+02:00,25.132,3586.36476,-0.32073584443173075
2026-06-24 14:57:46.886579+02:00,25.13,3586.658727,-0.3227358444317332
2026-06-24 14:57:47.179169+02:00,25.136,3586.951317,-0.31673584443173297
2026-06-24 14:57:47.471097+02:00,25.137,3587.243245,-0.31573584443173175
2026-06-24 14:57:47.763102+02:00,25.136,3587.53525,-0.31673584443173297
2026-06-24 14:57:48.063977+02:00,25.137,3587.836125,-0.31573584443173175
2026-06-24 14:57:48.355746+02:00,25.138,3588.127894,-0.3147358444317305
2026-06-24 14:57:48.650593+02:00,25.138,3588.422741,-0.3147358444317305
2026-06-24 14:57:48.942728+02:00,25.143,3588.714876,-0.3097358444317315
2026-06-24 14:57:49.234639+02:00,25.144,3589.006787,-0.30873584443173385
2026-06-24 14:57:49.528365+02:00,25.143,3589.300513,-0.3097358444317315
2026-06-24 14:57:49.823317+02:00,25.143,3589.595465,-0.3097358444317315
2026-06-24 14:57:50.115961+02:00,25.146,3589.888109,-0.3067358444317314
2026-06-24 14:57:50.408878+02:00,25.148,3590.181026,-0.3047358444317325
2026-06-24 14:57:50.698602+02:00,25.151,3590.47075,-0.3017358444317324
2026-06-24 14:57:50.988242+02:00,25.149,3590.76039,-0.3037358444317313
2026-06-24 14:57:51.280803+02:00,25.151,3591.052951,-0.3017358444317324
2026-06-24 14:57:51.571270+02:00,25.151,3591.343418,-0.3017358444317324
2026-06-24 14:57:51.865240+02:00,25.153,3591.637388,-0.2997358444317335
2026-06-24 14:57:52.156629+02:00,25.154,3591.928777,-0.2987358444317323
2026-06-24 14:57:52.449260+02:00,25.153,3592.221408,-0.2997358444317335
2026-06-24 14:57:52.742675+02:00,25.154,3592.514823,-0.2987358444317323
2026-06-24 14:57:53.033035+02:00,25.157,3592.805183,-0.2957358444317322
2026-06-24 14:57:53.327933+02:00,25.158,3593.100081,-0.29473584443173095
2026-06-24 14:57:53.626710+02:00,25.159,3593.398858,-0.2937358444317333
2026-06-24 14:57:53.922752+02:00,25.158,3593.6949,-0.29473584443173095
2026-06-24 14:57:54.221441+02:00,25.161,3593.993589,-0.29173584443173084
2026-06-24 14:57:54.517352+02:00,25.159,3594.2895,-0.2937358444317333
2026-06-24 14:57:54.807604+02:00,25.163,3594.579752,-0.28973584443173195
2026-06-24 14:57:55.102606+02:00,25.164,3594.874754,-0.2887358444317307
2026-06-24 14:57:55.395023+02:00,25.164,3595.167171,-0.2887358444317307
2026-06-24 14:57:55.687333+02:00,25.164,3595.459481,-0.2887358444317307
2026-06-24 14:57:55.987349+02:00,25.165,3595.759497,-0.28773584443173306
2026-06-24 14:57:56.276147+02:00,25.166,3596.048295,-0.28673584443173183
2026-06-24 14:57:56.577775+02:00,25.167,3596.349923,-0.2857358444317306
2026-06-24 14:57:56.869516+02:00,25.169,3596.641664,-0.2837358444317317
2026-06-24 14:57:57.162586+02:00,25.17,3596.934734,-0.2827358444317305
2026-06-24 14:57:57.456661+02:00,25.17,3597.228809,-0.2827358444317305
2026-06-24 14:57:57.747700+02:00,25.175,3597.519848,-0.2777358444317315
2026-06-24 14:57:58.040917+02:00,25.173,3597.813065,-0.27973584443173394
2026-06-24 14:57:58.335170+02:00,25.175,3598.107318,-0.2777358444317315
2026-06-24 14:57:58.626141+02:00,25.174,3598.398289,-0.2787358444317327
2026-06-24 14:57:58.923857+02:00,25.175,3598.696005,-0.2777358444317315
2026-06-24 14:57:59.221009+02:00,25.174,3598.993157,-0.2787358444317327
2026-06-24 14:57:59.523778+02:00,25.177,3599.295926,-0.2757358444317326
2026-06-24 14:57:59.822400+02:00,25.182,3599.594548,-0.2707358444317336
