time,value,time [s],norm_data
2026-05-21 14:20:41.228611+02:00,25.008,0.0,0.010259701492536522
2026-05-21 14:20:41.520798+02:00,25.009,0.292187,0.011259701492537744
2026-05-21 14:20:41.828495+02:00,25.007,0.599884,0.009259701492538852
2026-05-21 14:20:42.126421+02:00,25.006,0.89781,0.00825970149253763
2026-05-21 14:20:42.416303+02:00,25.006,1.187692,0.00825970149253763
2026-05-21 14:20:42.705316+02:00,25.011,1.476705,0.013259701492536635
2026-05-21 14:20:42.998818+02:00,25.011,1.770207,0.013259701492536635
2026-05-21 14:20:43.289867+02:00,25.011,2.061256,0.013259701492536635
2026-05-21 14:20:43.579817+02:00,25.011,2.351206,0.013259701492536635
2026-05-21 14:20:43.871006+02:00,25.012,2.642395,0.014259701492537857
2026-05-21 14:20:44.169295+02:00,25.011,2.940684,0.013259701492536635
2026-05-21 14:20:44.461396+02:00,25.011,3.232785,0.013259701492536635
2026-05-21 14:20:44.754906+02:00,25.011,3.526295,0.013259701492536635
2026-05-21 14:20:45.044801+02:00,25.013,3.81619,0.01525970149253908
2026-05-21 14:20:45.345905+02:00,25.01,4.117294,0.012259701492538966
2026-05-21 14:20:45.635433+02:00,25.011,4.406822,0.013259701492536635
2026-05-21 14:20:45.931682+02:00,25.011,4.703071,0.013259701492536635
2026-05-21 14:20:46.223296+02:00,25.01,4.994685,0.012259701492538966
2026-05-21 14:20:46.519296+02:00,25.006,5.290685,0.00825970149253763
2026-05-21 14:20:46.815947+02:00,25.013,5.587336,0.01525970149253908
2026-05-21 14:20:47.106118+02:00,25.011,5.877507,0.013259701492536635
2026-05-21 14:20:47.396077+02:00,25.009,6.167466,0.011259701492537744
2026-05-21 14:20:47.695359+02:00,25.006,6.466748,0.00825970149253763
2026-05-21 14:20:47.996349+02:00,25.011,6.767738,0.013259701492536635
2026-05-21 14:20:48.289841+02:00,25.011,7.06123,0.013259701492536635
2026-05-21 14:20:48.583061+02:00,25.01,7.35445,0.012259701492538966
2026-05-21 14:20:48.875375+02:00,25.008,7.646764,0.010259701492536522
2026-05-21 14:20:49.173894+02:00,25.012,7.945283,0.014259701492537857
2026-05-21 14:20:49.465934+02:00,25.008,8.237323,0.010259701492536522
2026-05-21 14:20:49.757473+02:00,25.008,8.528862,0.010259701492536522
2026-05-21 14:20:50.051780+02:00,25.007,8.823169,0.009259701492538852
2026-05-21 14:20:50.345425+02:00,25.007,9.116814,0.009259701492538852
2026-05-21 14:20:50.635470+02:00,25.008,9.406859,0.010259701492536522
2026-05-21 14:20:50.936000+02:00,25.011,9.707389,0.013259701492536635
2026-05-21 14:20:51.232595+02:00,25.009,10.003984,0.011259701492537744
2026-05-21 14:20:51.531044+02:00,25.012,10.302433,0.014259701492537857
2026-05-21 14:20:51.820389+02:00,25.012,10.591778,0.014259701492537857
2026-05-21 14:20:52.118950+02:00,25.01,10.890339,0.012259701492538966
2026-05-21 14:20:52.408809+02:00,25.008,11.180198,0.010259701492536522
2026-05-21 14:20:52.700136+02:00,25.008,11.471525,0.010259701492536522
2026-05-21 14:20:52.987616+02:00,25.013,11.759005,0.01525970149253908
2026-05-21 14:20:53.277806+02:00,25.008,12.049195,0.010259701492536522
2026-05-21 14:20:53.572831+02:00,25.012,12.34422,0.014259701492537857
2026-05-21 14:20:53.865413+02:00,25.011,12.636802,0.013259701492536635
2026-05-21 14:20:54.159289+02:00,25.008,12.930678,0.010259701492536522
2026-05-21 14:20:54.450236+02:00,25.006,13.221625,0.00825970149253763
2026-05-21 14:20:54.741095+02:00,25.01,13.512484,0.012259701492538966
2026-05-21 14:20:55.034429+02:00,25.009,13.805818,0.011259701492537744
2026-05-21 14:20:55.326110+02:00,25.008,14.097499,0.010259701492536522
2026-05-21 14:20:55.618974+02:00,25.008,14.390363,0.010259701492536522
2026-05-21 14:20:55.908322+02:00,25.01,14.679711,0.012259701492538966
2026-05-21 14:20:56.204976+02:00,25.011,14.976365,0.013259701492536635
2026-05-21 14:20:56.494723+02:00,25.006,15.266112,0.00825970149253763
2026-05-21 14:20:56.792571+02:00,25.003,15.56396,0.005259701492537516
2026-05-21 14:20:57.084700+02:00,25.01,15.856089,0.012259701492538966
2026-05-21 14:20:57.383645+02:00,25.01,16.155034,0.012259701492538966
2026-05-21 14:20:57.674104+02:00,25.008,16.445493,0.010259701492536522
2026-05-21 14:20:57.963876+02:00,25.004,16.735265,0.006259701492538738
2026-05-21 14:20:58.253399+02:00,25.003,17.024788,0.005259701492537516
2026-05-21 14:20:58.552480+02:00,25.007,17.323869,0.009259701492538852
2026-05-21 14:20:58.842943+02:00,25.001,17.614332,0.0032597014925386247
2026-05-21 14:20:59.134011+02:00,25.005,17.9054,0.007259701492536408
2026-05-21 14:20:59.427043+02:00,25.006,18.198432,0.00825970149253763
2026-05-21 14:20:59.719135+02:00,25.005,18.490524,0.007259701492536408
2026-05-21 14:21:00.009157+02:00,25.006,18.780546,0.00825970149253763
2026-05-21 14:21:00.305146+02:00,24.999,19.076535,0.0012597014925361805
2026-05-21 14:21:00.599125+02:00,25.008,19.370514,0.010259701492536522
2026-05-21 14:21:00.886971+02:00,25.006,19.65836,0.00825970149253763
2026-05-21 14:21:01.177385+02:00,25.008,19.948774,0.010259701492536522
2026-05-21 14:21:01.471857+02:00,25.006,20.243246,0.00825970149253763
2026-05-21 14:21:01.765723+02:00,25.004,20.537112,0.006259701492538738
2026-05-21 14:21:02.055638+02:00,25.008,20.827027,0.010259701492536522
2026-05-21 14:21:02.353825+02:00,25.004,21.125214,0.006259701492538738
2026-05-21 14:21:02.645734+02:00,25.005,21.417123,0.007259701492536408
2026-05-21 14:21:02.937459+02:00,25.002,21.708848,0.004259701492536294
2026-05-21 14:21:03.229076+02:00,25.006,22.000465,0.00825970149253763
2026-05-21 14:21:03.519469+02:00,25.001,22.290858,0.0032597014925386247
2026-05-21 14:21:03.820475+02:00,25.003,22.591864,0.005259701492537516
2026-05-21 14:21:04.109539+02:00,25.003,22.880928,0.005259701492537516
2026-05-21 14:21:04.399929+02:00,25.002,23.171318,0.004259701492536294
2026-05-21 14:21:04.691040+02:00,25.003,23.462429,0.005259701492537516
2026-05-21 14:21:04.980563+02:00,25.006,23.751952,0.00825970149253763
2026-05-21 14:21:05.274835+02:00,24.996,24.046224,-0.0017402985074639332
2026-05-21 14:21:05.565017+02:00,25.003,24.336406,0.005259701492537516
2026-05-21 14:21:05.860488+02:00,25.005,24.631877,0.007259701492536408
2026-05-21 14:21:06.161579+02:00,25.001,24.932968,0.0032597014925386247
2026-05-21 14:21:06.454275+02:00,25.004,25.225664,0.006259701492538738
2026-05-21 14:21:06.752034+02:00,25.002,25.523423,0.004259701492536294
2026-05-21 14:21:07.042037+02:00,25.002,25.813426,0.004259701492536294
2026-05-21 14:21:07.333339+02:00,24.999,26.104728,0.0012597014925361805
2026-05-21 14:21:07.633091+02:00,24.998,26.40448,0.00025970149253851105
2026-05-21 14:21:07.922775+02:00,24.996,26.694164,-0.0017402985074639332
2026-05-21 14:21:08.214137+02:00,25.001,26.985526,0.0032597014925386247
2026-05-21 14:21:08.511970+02:00,24.998,27.283359,0.00025970149253851105
2026-05-21 14:21:08.803530+02:00,25.0,27.574919,0.0022597014925374026
2026-05-21 14:21:09.104393+02:00,25.001,27.875782,0.0032597014925386247
2026-05-21 14:21:09.406404+02:00,24.999,28.177793,0.0012597014925361805
2026-05-21 14:21:09.708187+02:00,24.996,28.479576,-0.0017402985074639332
2026-05-21 14:21:09.996612+02:00,24.994,28.768001,-0.0037402985074628248
2026-05-21 14:21:10.297196+02:00,24.996,29.068585,-0.0017402985074639332
2026-05-21 14:21:10.586540+02:00,25.003,29.357929,0.005259701492537516
2026-05-21 14:21:10.878542+02:00,24.996,29.649931,-0.0017402985074639332
2026-05-21 14:21:11.176359+02:00,24.997,29.947748,-0.0007402985074627111
2026-05-21 14:21:11.466167+02:00,24.996,30.237556,-0.0017402985074639332
2026-05-21 14:21:11.758482+02:00,24.994,30.529871,-0.0037402985074628248
2026-05-21 14:21:12.059542+02:00,24.996,30.830931,-0.0017402985074639332
2026-05-21 14:21:12.351133+02:00,25.001,31.122522,0.0032597014925386247
2026-05-21 14:21:12.646238+02:00,24.996,31.417627,-0.0017402985074639332
2026-05-21 14:21:12.937488+02:00,24.996,31.708877,-0.0017402985074639332
2026-05-21 14:21:13.230437+02:00,24.995,32.001826,-0.0027402985074616026
2026-05-21 14:21:13.532166+02:00,25.002,32.303555,0.004259701492536294
2026-05-21 14:21:13.824663+02:00,25.0,32.596052,0.0022597014925374026
2026-05-21 14:21:14.124373+02:00,24.997,32.895762,-0.0007402985074627111
2026-05-21 14:21:14.414662+02:00,24.993,33.186051,-0.004740298507464047
2026-05-21 14:21:14.705476+02:00,24.99,33.476865,-0.007740298507464161
2026-05-21 14:21:15.004508+02:00,24.994,33.775897,-0.0037402985074628248
2026-05-21 14:21:15.300966+02:00,24.994,34.072355,-0.0037402985074628248
2026-05-21 14:21:15.593789+02:00,24.991,34.365178,-0.0067402985074629385
2026-05-21 14:21:15.885849+02:00,24.99,34.657238,-0.007740298507464161
2026-05-21 14:21:16.180398+02:00,24.99,34.951787,-0.007740298507464161
2026-05-21 14:21:16.475517+02:00,24.994,35.246906,-0.0037402985074628248
2026-05-21 14:21:16.766654+02:00,24.994,35.538043,-0.0037402985074628248
2026-05-21 14:21:17.061045+02:00,24.991,35.832434,-0.0067402985074629385
2026-05-21 14:21:17.357954+02:00,24.996,36.129343,-0.0017402985074639332
2026-05-21 14:21:17.649941+02:00,24.996,36.42133,-0.0017402985074639332
2026-05-21 14:21:17.943414+02:00,24.996,36.714803,-0.0017402985074639332
2026-05-21 14:21:18.237310+02:00,24.998,37.008699,0.00025970149253851105
2026-05-21 14:21:18.530245+02:00,24.994,37.301634,-0.0037402985074628248
2026-05-21 14:21:18.819881+02:00,24.994,37.59127,-0.0037402985074628248
2026-05-21 14:21:19.112955+02:00,24.996,37.884344,-0.0017402985074639332
2026-05-21 14:21:19.407876+02:00,24.994,38.179265,-0.0037402985074628248
2026-05-21 14:21:19.706725+02:00,24.996,38.478114,-0.0017402985074639332
2026-05-21 14:21:20.008562+02:00,24.995,38.779951,-0.0027402985074616026
2026-05-21 14:21:20.296856+02:00,24.998,39.068245,0.00025970149253851105
2026-05-21 14:21:20.590373+02:00,24.997,39.361762,-0.0007402985074627111
2026-05-21 14:21:20.885292+02:00,24.998,39.656681,0.00025970149253851105
2026-05-21 14:21:21.176086+02:00,24.994,39.947475,-0.0037402985074628248
2026-05-21 14:21:21.465356+02:00,24.994,40.236745,-0.0037402985074628248
2026-05-21 14:21:21.754435+02:00,24.997,40.525824,-0.0007402985074627111
2026-05-21 14:21:22.043919+02:00,24.994,40.815308,-0.0037402985074628248
2026-05-21 14:21:22.337743+02:00,24.997,41.109132,-0.0007402985074627111
2026-05-21 14:21:22.630169+02:00,24.996,41.401558,-0.0017402985074639332
2026-05-21 14:21:22.921995+02:00,24.993,41.693384,-0.004740298507464047
2026-05-21 14:21:23.219874+02:00,24.995,41.991263,-0.0027402985074616026
2026-05-21 14:21:23.510698+02:00,24.997,42.282087,-0.0007402985074627111
2026-05-21 14:21:23.802668+02:00,24.992,42.574057,-0.005740298507461716
2026-05-21 14:21:24.097605+02:00,24.997,42.868994,-0.0007402985074627111
2026-05-21 14:21:24.392544+02:00,24.995,43.163933,-0.0027402985074616026
2026-05-21 14:21:24.698265+02:00,24.997,43.469654,-0.0007402985074627111
2026-05-21 14:21:24.989426+02:00,24.996,43.760815,-0.0017402985074639332
2026-05-21 14:21:25.288759+02:00,24.996,44.060148,-0.0017402985074639332
2026-05-21 14:21:25.585677+02:00,24.996,44.357066,-0.0017402985074639332
2026-05-21 14:21:25.877469+02:00,24.994,44.648858,-0.0037402985074628248
2026-05-21 14:21:26.169794+02:00,24.994,44.941183,-0.0037402985074628248
2026-05-21 14:21:26.464141+02:00,24.997,45.23553,-0.0007402985074627111
2026-05-21 14:21:26.767149+02:00,24.996,45.538538,-0.0017402985074639332
2026-05-21 14:21:27.056242+02:00,24.995,45.827631,-0.0027402985074616026
2026-05-21 14:21:27.346969+02:00,24.995,46.118358,-0.0027402985074616026
2026-05-21 14:21:27.640719+02:00,24.999,46.412108,0.0012597014925361805
2026-05-21 14:21:27.929578+02:00,24.997,46.700967,-0.0007402985074627111
2026-05-21 14:21:28.219254+02:00,24.994,46.990643,-0.0037402985074628248
2026-05-21 14:21:28.511979+02:00,24.994,47.283368,-0.0037402985074628248
2026-05-21 14:21:28.806971+02:00,24.997,47.57836,-0.0007402985074627111
2026-05-21 14:21:29.098786+02:00,24.998,47.870175,0.00025970149253851105
2026-05-21 14:21:29.392413+02:00,25.0,48.163802,0.0022597014925374026
2026-05-21 14:21:29.684873+02:00,25.0,48.456262,0.0022597014925374026
2026-05-21 14:21:29.975928+02:00,24.995,48.747317,-0.0027402985074616026
2026-05-21 14:21:30.268310+02:00,24.994,49.039699,-0.0037402985074628248
2026-05-21 14:21:30.559688+02:00,24.997,49.331077,-0.0007402985074627111
2026-05-21 14:21:30.852322+02:00,24.992,49.623711,-0.005740298507461716
2026-05-21 14:21:31.144493+02:00,24.997,49.915882,-0.0007402985074627111
2026-05-21 14:21:31.434968+02:00,24.999,50.206357,0.0012597014925361805
2026-05-21 14:21:31.729636+02:00,24.999,50.501025,0.0012597014925361805
2026-05-21 14:21:32.025306+02:00,24.997,50.796695,-0.0007402985074627111
2026-05-21 14:21:32.317083+02:00,24.994,51.088472,-0.0037402985074628248
2026-05-21 14:21:32.609208+02:00,24.993,51.380597,-0.004740298507464047
2026-05-21 14:21:32.907679+02:00,24.996,51.679068,-0.0017402985074639332
2026-05-21 14:21:33.206029+02:00,24.997,51.977418,-0.0007402985074627111
2026-05-21 14:21:33.506328+02:00,24.997,52.277717,-0.0007402985074627111
2026-05-21 14:21:33.799347+02:00,25.001,52.570736,0.0032597014925386247
2026-05-21 14:21:34.093166+02:00,25.001,52.864555,0.0032597014925386247
2026-05-21 14:21:34.385077+02:00,24.994,53.156466,-0.0037402985074628248
2026-05-21 14:21:34.679756+02:00,25.0,53.451145,0.0022597014925374026
2026-05-21 14:21:34.969666+02:00,24.999,53.741055,0.0012597014925361805
2026-05-21 14:21:35.267588+02:00,25.001,54.038977,0.0032597014925386247
2026-05-21 14:21:35.560397+02:00,24.997,54.331786,-0.0007402985074627111
2026-05-21 14:21:35.853036+02:00,24.999,54.624425,0.0012597014925361805
2026-05-21 14:21:36.151467+02:00,24.995,54.922856,-0.0027402985074616026
2026-05-21 14:21:36.449956+02:00,24.999,55.221345,0.0012597014925361805
2026-05-21 14:21:36.738540+02:00,24.994,55.509929,-0.0037402985074628248
2026-05-21 14:21:37.032121+02:00,24.999,55.80351,0.0012597014925361805
2026-05-21 14:21:37.324005+02:00,25.0,56.095394,0.0022597014925374026
2026-05-21 14:21:37.623467+02:00,24.993,56.394856,-0.004740298507464047
2026-05-21 14:21:37.919378+02:00,24.996,56.690767,-0.0017402985074639332
2026-05-21 14:21:38.216544+02:00,24.997,56.987933,-0.0007402985074627111
2026-05-21 14:21:38.514066+02:00,24.996,57.285455,-0.0017402985074639332
2026-05-21 14:21:38.804429+02:00,24.995,57.575818,-0.0027402985074616026
2026-05-21 14:21:39.096950+02:00,24.994,57.868339,-0.0037402985074628248
2026-05-21 14:21:39.394513+02:00,24.994,58.165902,-0.0037402985074628248
2026-05-21 14:21:39.688558+02:00,24.992,58.459947,-0.005740298507461716
2026-05-21 14:21:39.979058+02:00,24.993,58.750447,-0.004740298507464047
2026-05-21 14:21:40.271922+02:00,24.993,59.043311,-0.004740298507464047
2026-05-21 14:21:40.565681+02:00,24.993,59.33707,-0.004740298507464047
2026-05-21 14:21:40.856346+02:00,24.993,59.627735,-0.004740298507464047
2026-05-21 14:21:41.149631+02:00,24.991,59.92102,-0.0067402985074629385
2026-05-21 14:21:41.442558+02:00,24.991,60.213947,-0.0067402985074629385
2026-05-21 14:21:41.735893+02:00,24.984,60.507282,-0.013740298507460835
2026-05-21 14:21:42.024697+02:00,24.991,60.796086,-0.0067402985074629385
2026-05-21 14:21:42.339066+02:00,24.991,61.110455,-0.0067402985074629385
2026-05-21 14:21:42.637221+02:00,24.988,61.40861,-0.009740298507463052
2026-05-21 14:21:42.932730+02:00,24.991,61.704119,-0.0067402985074629385
2026-05-21 14:21:43.222544+02:00,24.989,61.993933,-0.00874029850746183
2026-05-21 14:21:43.514651+02:00,24.992,62.28604,-0.005740298507461716
2026-05-21 14:21:43.808001+02:00,24.993,62.57939,-0.004740298507464047
2026-05-21 14:21:44.096643+02:00,24.994,62.868032,-0.0037402985074628248
2026-05-21 14:21:44.389296+02:00,24.988,63.160685,-0.009740298507463052
2026-05-21 14:21:44.689114+02:00,24.99,63.460503,-0.007740298507464161
2026-05-21 14:21:44.990452+02:00,24.992,63.761841,-0.005740298507461716
2026-05-21 14:21:45.282522+02:00,24.99,64.053911,-0.007740298507464161
2026-05-21 14:21:45.576587+02:00,24.991,64.347976,-0.0067402985074629385
2026-05-21 14:21:45.868923+02:00,24.987,64.640312,-0.010740298507464274
2026-05-21 14:21:46.161685+02:00,24.987,64.933074,-0.010740298507464274
2026-05-21 14:21:46.452762+02:00,24.994,65.224151,-0.0037402985074628248
2026-05-21 14:21:46.744371+02:00,24.991,65.51576,-0.0067402985074629385
2026-05-21 14:21:47.034622+02:00,24.99,65.806011,-0.007740298507464161
2026-05-21 14:21:47.334391+02:00,24.987,66.10578,-0.010740298507464274
2026-05-21 14:21:47.624491+02:00,24.995,66.39588,-0.0027402985074616026
2026-05-21 14:21:47.920731+02:00,24.992,66.69212,-0.005740298507461716
2026-05-21 14:21:48.210392+02:00,24.989,66.981781,-0.00874029850746183
2026-05-21 14:21:48.504822+02:00,24.994,67.276211,-0.0037402985074628248
2026-05-21 14:21:48.796121+02:00,24.991,67.56751,-0.0067402985074629385
2026-05-21 14:21:49.081878+02:00,24.989,67.853267,-0.00874029850746183
2026-05-21 14:21:49.382530+02:00,24.995,68.153919,-0.0027402985074616026
2026-05-21 14:21:49.672323+02:00,24.994,68.443712,-0.0037402985074628248
2026-05-21 14:21:49.973469+02:00,24.997,68.744858,-0.0007402985074627111
2026-05-21 14:21:50.270257+02:00,24.996,69.041646,-0.0017402985074639332
2026-05-21 14:21:50.571619+02:00,24.994,69.343008,-0.0037402985074628248
2026-05-21 14:21:50.867092+02:00,24.991,69.638481,-0.0067402985074629385
2026-05-21 14:21:51.156001+02:00,24.996,69.92739,-0.0017402985074639332
2026-05-21 14:21:51.446999+02:00,24.994,70.218388,-0.0037402985074628248
2026-05-21 14:21:51.738352+02:00,24.991,70.509741,-0.0067402985074629385
2026-05-21 14:21:52.035587+02:00,24.993,70.806976,-0.004740298507464047
2026-05-21 14:21:52.326721+02:00,24.992,71.09811,-0.005740298507461716
2026-05-21 14:21:52.620410+02:00,24.991,71.391799,-0.0067402985074629385
2026-05-21 14:21:52.917950+02:00,24.994,71.689339,-0.0037402985074628248
2026-05-21 14:21:53.215646+02:00,24.995,71.987035,-0.0027402985074616026
2026-05-21 14:21:53.510416+02:00,24.995,72.281805,-0.0027402985074616026
2026-05-21 14:21:53.803603+02:00,24.997,72.574992,-0.0007402985074627111
2026-05-21 14:21:54.095790+02:00,24.996,72.867179,-0.0017402985074639332
2026-05-21 14:21:54.387747+02:00,24.996,73.159136,-0.0017402985074639332
2026-05-21 14:21:54.679543+02:00,24.999,73.450932,0.0012597014925361805
2026-05-21 14:21:54.974955+02:00,24.995,73.746344,-0.0027402985074616026
2026-05-21 14:21:55.265688+02:00,24.994,74.037077,-0.0037402985074628248
2026-05-21 14:21:55.556522+02:00,24.998,74.327911,0.00025970149253851105
2026-05-21 14:21:55.857100+02:00,24.993,74.628489,-0.004740298507464047
2026-05-21 14:21:56.155984+02:00,25.001,74.927373,0.0032597014925386247
2026-05-21 14:21:56.444203+02:00,24.995,75.215592,-0.0027402985074616026
2026-05-21 14:21:56.737753+02:00,24.998,75.509142,0.00025970149253851105
2026-05-21 14:21:57.030672+02:00,25.001,75.802061,0.0032597014925386247
2026-05-21 14:21:57.320014+02:00,24.993,76.091403,-0.004740298507464047
2026-05-21 14:21:57.613812+02:00,24.993,76.385201,-0.004740298507464047
2026-05-21 14:21:57.904622+02:00,24.994,76.676011,-0.0037402985074628248
2026-05-21 14:21:58.200759+02:00,24.996,76.972148,-0.0017402985074639332
2026-05-21 14:21:58.492343+02:00,24.997,77.263732,-0.0007402985074627111
2026-05-21 14:21:58.782022+02:00,24.999,77.553411,0.0012597014925361805
2026-05-21 14:21:59.082370+02:00,24.996,77.853759,-0.0017402985074639332
2026-05-21 14:21:59.371885+02:00,24.998,78.143274,0.00025970149253851105
2026-05-21 14:21:59.662760+02:00,24.994,78.434149,-0.0037402985074628248
2026-05-21 14:21:59.952389+02:00,24.999,78.723778,0.0012597014925361805
2026-05-21 14:22:00.243385+02:00,24.996,79.014774,-0.0017402985074639332
2026-05-21 14:22:00.534511+02:00,24.997,79.3059,-0.0007402985074627111
2026-05-21 14:22:00.828101+02:00,24.999,79.59949,0.0012597014925361805
2026-05-21 14:22:01.127439+02:00,25.002,79.898828,0.004259701492536294
2026-05-21 14:22:01.424594+02:00,24.997,80.195983,-0.0007402985074627111
2026-05-21 14:22:01.719828+02:00,24.998,80.491217,0.00025970149253851105
2026-05-21 14:22:02.014830+02:00,25.001,80.786219,0.0032597014925386247
2026-05-21 14:22:02.306249+02:00,24.999,81.077638,0.0012597014925361805
2026-05-21 14:22:02.597870+02:00,25.001,81.369259,0.0032597014925386247
2026-05-21 14:22:02.889288+02:00,25.002,81.660677,0.004259701492536294
2026-05-21 14:22:03.187552+02:00,25.003,81.958941,0.005259701492537516
2026-05-21 14:22:03.488468+02:00,25.001,82.259857,0.0032597014925386247
2026-05-21 14:22:03.785906+02:00,25.001,82.557295,0.0032597014925386247
2026-05-21 14:22:04.076213+02:00,25.003,82.847602,0.005259701492537516
2026-05-21 14:22:04.367281+02:00,25.0,83.13867,0.0022597014925374026
2026-05-21 14:22:04.662305+02:00,25.001,83.433694,0.0032597014925386247
2026-05-21 14:22:04.965332+02:00,25.005,83.736721,0.007259701492536408
2026-05-21 14:22:05.260538+02:00,25.003,84.031927,0.005259701492537516
2026-05-21 14:22:05.564590+02:00,25.006,84.335979,0.00825970149253763
2026-05-21 14:22:05.854053+02:00,25.006,84.625442,0.00825970149253763
2026-05-21 14:22:06.145884+02:00,25.006,84.917273,0.00825970149253763
2026-05-21 14:22:06.435613+02:00,25.003,85.207002,0.005259701492537516
2026-05-21 14:22:06.726419+02:00,25.007,85.497808,0.009259701492538852
2026-05-21 14:22:07.023205+02:00,25.003,85.794594,0.005259701492537516
2026-05-21 14:22:07.314729+02:00,25.002,86.086118,0.004259701492536294
2026-05-21 14:22:07.607870+02:00,25.001,86.379259,0.0032597014925386247
2026-05-21 14:22:07.900239+02:00,25.003,86.671628,0.005259701492537516
2026-05-21 14:22:08.191269+02:00,25.006,86.962658,0.00825970149253763
2026-05-21 14:22:08.480297+02:00,25.004,87.251686,0.006259701492538738
2026-05-21 14:22:08.780547+02:00,25.004,87.551936,0.006259701492538738
2026-05-21 14:22:09.069889+02:00,25.005,87.841278,0.007259701492536408
2026-05-21 14:22:09.361685+02:00,25.006,88.133074,0.00825970149253763
2026-05-21 14:22:09.651890+02:00,25.002,88.423279,0.004259701492536294
2026-05-21 14:22:09.951825+02:00,25.002,88.723214,0.004259701492536294
2026-05-21 14:22:10.255922+02:00,25.007,89.027311,0.009259701492538852
2026-05-21 14:22:10.549174+02:00,25.006,89.320563,0.00825970149253763
2026-05-21 14:22:10.839264+02:00,25.003,89.610653,0.005259701492537516
2026-05-21 14:22:11.129689+02:00,25.004,89.901078,0.006259701492538738
2026-05-21 14:22:11.419991+02:00,25.005,90.19138,0.007259701492536408
2026-05-21 14:22:11.711054+02:00,25.005,90.482443,0.007259701492536408
2026-05-21 14:22:12.001608+02:00,25.007,90.772997,0.009259701492538852
2026-05-21 14:22:12.295818+02:00,25.004,91.067207,0.006259701492538738
2026-05-21 14:22:12.589133+02:00,25.006,91.360522,0.00825970149253763
2026-05-21 14:22:12.892538+02:00,25.007,91.663927,0.009259701492538852
2026-05-21 14:22:13.193395+02:00,25.008,91.964784,0.010259701492536522
2026-05-21 14:22:13.484008+02:00,25.004,92.255397,0.006259701492538738
2026-05-21 14:22:13.781939+02:00,25.006,92.553328,0.00825970149253763
2026-05-21 14:22:14.074976+02:00,25.005,92.846365,0.007259701492536408
2026-05-21 14:22:14.373625+02:00,25.006,93.145014,0.00825970149253763
2026-05-21 14:22:14.671034+02:00,25.007,93.442423,0.009259701492538852
2026-05-21 14:22:14.964556+02:00,25.003,93.735945,0.005259701492537516
2026-05-21 14:22:15.255127+02:00,25.006,94.026516,0.00825970149253763
2026-05-21 14:22:15.552964+02:00,25.002,94.324353,0.004259701492536294
2026-05-21 14:22:15.843758+02:00,25.006,94.615147,0.00825970149253763
2026-05-21 14:22:16.135952+02:00,25.005,94.907341,0.007259701492536408
2026-05-21 14:22:16.431156+02:00,25.006,95.202545,0.00825970149253763
2026-05-21 14:22:16.724854+02:00,25.01,95.496243,0.012259701492538966
2026-05-21 14:22:17.020116+02:00,25.006,95.791505,0.00825970149253763
2026-05-21 14:22:17.313398+02:00,25.004,96.084787,0.006259701492538738
2026-05-21 14:22:17.610890+02:00,25.002,96.382279,0.004259701492536294
2026-05-21 14:22:17.900614+02:00,25.008,96.672003,0.010259701492536522
2026-05-21 14:22:18.191603+02:00,25.003,96.962992,0.005259701492537516
2026-05-21 14:22:18.496307+02:00,25.006,97.267696,0.00825970149253763
2026-05-21 14:22:18.785747+02:00,25.003,97.557136,0.005259701492537516
2026-05-21 14:22:19.081245+02:00,25.005,97.852634,0.007259701492536408
2026-05-21 14:22:19.371914+02:00,25.006,98.143303,0.00825970149253763
2026-05-21 14:22:19.663659+02:00,25.006,98.435048,0.00825970149253763
2026-05-21 14:22:19.954941+02:00,25.003,98.72633,0.005259701492537516
2026-05-21 14:22:20.248882+02:00,25.005,99.020271,0.007259701492536408
2026-05-21 14:22:20.539864+02:00,25.007,99.311253,0.009259701492538852
2026-05-21 14:22:20.838301+02:00,25.004,99.60969,0.006259701492538738
2026-05-21 14:22:21.127887+02:00,25.003,99.899276,0.005259701492537516
2026-05-21 14:22:21.422006+02:00,25.005,100.193395,0.007259701492536408
2026-05-21 14:22:21.715674+02:00,25.003,100.487063,0.005259701492537516
2026-05-21 14:22:22.006817+02:00,25.005,100.778206,0.007259701492536408
2026-05-21 14:22:22.301189+02:00,25.003,101.072578,0.005259701492537516
2026-05-21 14:22:22.589632+02:00,25.008,101.361021,0.010259701492536522
2026-05-21 14:22:22.882011+02:00,25.004,101.6534,0.006259701492538738
2026-05-21 14:22:23.174325+02:00,25.005,101.945714,0.007259701492536408
2026-05-21 14:22:23.471422+02:00,25.004,102.242811,0.006259701492538738
2026-05-21 14:22:23.761936+02:00,25.005,102.533325,0.007259701492536408
2026-05-21 14:22:24.053379+02:00,25.006,102.824768,0.00825970149253763
2026-05-21 14:22:24.347528+02:00,25.004,103.118917,0.006259701492538738
2026-05-21 14:22:24.647111+02:00,25.006,103.4185,0.00825970149253763
2026-05-21 14:22:24.948571+02:00,25.005,103.71996,0.007259701492536408
2026-05-21 14:22:25.236896+02:00,25.009,104.008285,0.011259701492537744
2026-05-21 14:22:25.532011+02:00,25.008,104.3034,0.010259701492536522
2026-05-21 14:22:25.826204+02:00,25.003,104.597593,0.005259701492537516
2026-05-21 14:22:26.122116+02:00,25.003,104.893505,0.005259701492537516
2026-05-21 14:22:26.420739+02:00,25.004,105.192128,0.006259701492538738
2026-05-21 14:22:26.717916+02:00,25.001,105.489305,0.0032597014925386247
2026-05-21 14:22:27.008496+02:00,25.003,105.779885,0.005259701492537516
2026-05-21 14:22:27.299489+02:00,25.0,106.070878,0.0022597014925374026
2026-05-21 14:22:27.587862+02:00,25.0,106.359251,0.0022597014925374026
2026-05-21 14:22:27.877705+02:00,25.0,106.649094,0.0022597014925374026
2026-05-21 14:22:28.169350+02:00,25.001,106.940739,0.0032597014925386247
2026-05-21 14:22:28.459731+02:00,25.001,107.23112,0.0032597014925386247
2026-05-21 14:22:28.752081+02:00,25.0,107.52347,0.0022597014925374026
2026-05-21 14:22:29.043563+02:00,25.003,107.814952,0.005259701492537516
2026-05-21 14:22:29.345876+02:00,24.996,108.117265,-0.0017402985074639332
2026-05-21 14:22:29.639011+02:00,25.002,108.4104,0.004259701492536294
2026-05-21 14:22:29.939714+02:00,25.001,108.711103,0.0032597014925386247
2026-05-21 14:22:30.230253+02:00,25.0,109.001642,0.0022597014925374026
2026-05-21 14:22:30.520955+02:00,25.001,109.292344,0.0032597014925386247
2026-05-21 14:22:30.811702+02:00,25.001,109.583091,0.0032597014925386247
2026-05-21 14:22:31.104887+02:00,25.002,109.876276,0.004259701492536294
2026-05-21 14:22:31.394419+02:00,25.003,110.165808,0.005259701492537516
2026-05-21 14:22:31.687840+02:00,25.005,110.459229,0.007259701492536408
2026-05-21 14:22:31.979881+02:00,25.003,110.75127,0.005259701492537516
2026-05-21 14:22:32.274960+02:00,24.998,111.046349,0.00025970149253851105
2026-05-21 14:22:32.572430+02:00,24.999,111.343819,0.0012597014925361805
2026-05-21 14:22:32.863354+02:00,24.996,111.634743,-0.0017402985074639332
2026-05-21 14:22:33.155620+02:00,24.997,111.927009,-0.0007402985074627111
2026-05-21 14:22:33.446038+02:00,24.999,112.217427,0.0012597014925361805
2026-05-21 14:22:33.737855+02:00,24.996,112.509244,-0.0017402985074639332
2026-05-21 14:22:34.029432+02:00,24.994,112.800821,-0.0037402985074628248
2026-05-21 14:22:34.323073+02:00,24.998,113.094462,0.00025970149253851105
2026-05-21 14:22:34.613035+02:00,24.994,113.384424,-0.0037402985074628248
2026-05-21 14:22:34.903162+02:00,24.993,113.674551,-0.004740298507464047
2026-05-21 14:22:35.199288+02:00,24.995,113.970677,-0.0027402985074616026
2026-05-21 14:22:35.497467+02:00,24.992,114.268856,-0.005740298507461716
2026-05-21 14:22:35.790848+02:00,24.993,114.562237,-0.004740298507464047
2026-05-21 14:22:36.084343+02:00,24.994,114.855732,-0.0037402985074628248
2026-05-21 14:22:36.375254+02:00,24.998,115.146643,0.00025970149253851105
2026-05-21 14:22:36.666364+02:00,24.999,115.437753,0.0012597014925361805
2026-05-21 14:22:36.957799+02:00,24.995,115.729188,-0.0027402985074616026
2026-05-21 14:22:37.254348+02:00,24.996,116.025737,-0.0017402985074639332
2026-05-21 14:22:37.549535+02:00,24.995,116.320924,-0.0027402985074616026
2026-05-21 14:22:37.851311+02:00,24.997,116.6227,-0.0007402985074627111
2026-05-21 14:22:38.147469+02:00,24.998,116.918858,0.00025970149253851105
2026-05-21 14:22:38.437604+02:00,24.996,117.208993,-0.0017402985074639332
2026-05-21 14:22:38.729993+02:00,24.994,117.501382,-0.0037402985074628248
2026-05-21 14:22:39.024908+02:00,24.994,117.796297,-0.0037402985074628248
2026-05-21 14:22:39.314324+02:00,24.998,118.085713,0.00025970149253851105
2026-05-21 14:22:39.602848+02:00,24.995,118.374237,-0.0027402985074616026
2026-05-21 14:22:39.894040+02:00,24.993,118.665429,-0.004740298507464047
2026-05-21 14:22:40.190607+02:00,24.991,118.961996,-0.0067402985074629385
2026-05-21 14:22:40.490928+02:00,24.996,119.262317,-0.0017402985074639332
2026-05-21 14:22:40.781293+02:00,24.998,119.552682,0.00025970149253851105
2026-05-21 14:22:41.072630+02:00,24.996,119.844019,-0.0017402985074639332
2026-05-21 14:22:41.364881+02:00,24.996,120.13627,-0.0017402985074639332
2026-05-21 14:22:41.656725+02:00,24.994,120.428114,-0.0037402985074628248
2026-05-21 14:22:41.947759+02:00,24.993,120.719148,-0.004740298507464047
2026-05-21 14:22:42.240658+02:00,24.992,121.012047,-0.005740298507461716
2026-05-21 14:22:42.539050+02:00,24.997,121.310439,-0.0007402985074627111
2026-05-21 14:22:42.831594+02:00,24.994,121.602983,-0.0037402985074628248
2026-05-21 14:22:43.122083+02:00,24.994,121.893472,-0.0037402985074628248
2026-05-21 14:22:43.414936+02:00,24.991,122.186325,-0.0067402985074629385
2026-05-21 14:22:43.707926+02:00,24.989,122.479315,-0.00874029850746183
2026-05-21 14:22:44.001151+02:00,24.994,122.77254,-0.0037402985074628248
2026-05-21 14:22:44.291306+02:00,24.991,123.062695,-0.0067402985074629385
2026-05-21 14:22:44.582831+02:00,24.991,123.35422,-0.0067402985074629385
2026-05-21 14:22:44.883004+02:00,24.993,123.654393,-0.004740298507464047
2026-05-21 14:22:45.175136+02:00,24.993,123.946525,-0.004740298507464047
2026-05-21 14:22:45.467845+02:00,24.994,124.239234,-0.0037402985074628248
2026-05-21 14:22:45.758172+02:00,24.992,124.529561,-0.005740298507461716
2026-05-21 14:22:46.047546+02:00,24.989,124.818935,-0.00874029850746183
2026-05-21 14:22:46.344816+02:00,24.987,125.116205,-0.010740298507464274
2026-05-21 14:22:46.638773+02:00,24.991,125.410162,-0.0067402985074629385
2026-05-21 14:22:46.929596+02:00,24.992,125.700985,-0.005740298507461716
2026-05-21 14:22:47.224290+02:00,24.993,125.995679,-0.004740298507464047
2026-05-21 14:22:47.515198+02:00,24.99,126.286587,-0.007740298507464161
2026-05-21 14:22:47.808155+02:00,24.989,126.579544,-0.00874029850746183
2026-05-21 14:22:48.098508+02:00,24.988,126.869897,-0.009740298507463052
2026-05-21 14:22:48.391190+02:00,24.993,127.162579,-0.004740298507464047
2026-05-21 14:22:48.683839+02:00,24.994,127.455228,-0.0037402985074628248
2026-05-21 14:22:48.974437+02:00,24.989,127.745826,-0.00874029850746183
2026-05-21 14:22:49.267833+02:00,24.986,128.039222,-0.011740298507461944
2026-05-21 14:22:49.567503+02:00,24.991,128.338892,-0.0067402985074629385
2026-05-21 14:22:49.857522+02:00,24.989,128.628911,-0.00874029850746183
2026-05-21 14:22:50.151351+02:00,24.989,128.92274,-0.00874029850746183
2026-05-21 14:22:50.450416+02:00,24.986,129.221805,-0.011740298507461944
2026-05-21 14:22:50.741074+02:00,24.993,129.512463,-0.004740298507464047
2026-05-21 14:22:51.031808+02:00,24.987,129.803197,-0.010740298507464274
2026-05-21 14:22:51.325154+02:00,24.99,130.096543,-0.007740298507464161
2026-05-21 14:22:51.620449+02:00,24.991,130.391838,-0.0067402985074629385
2026-05-21 14:22:51.925327+02:00,24.989,130.696716,-0.00874029850746183
2026-05-21 14:22:52.216675+02:00,24.992,130.988064,-0.005740298507461716
2026-05-21 14:22:52.508883+02:00,24.991,131.280272,-0.0067402985074629385
2026-05-21 14:22:52.802305+02:00,24.986,131.573694,-0.011740298507461944
2026-05-21 14:22:53.096809+02:00,24.991,131.868198,-0.0067402985074629385
2026-05-21 14:22:53.388519+02:00,24.987,132.159908,-0.010740298507464274
2026-05-21 14:22:53.679158+02:00,24.99,132.450547,-0.007740298507464161
2026-05-21 14:22:53.970184+02:00,24.988,132.741573,-0.009740298507463052
2026-05-21 14:22:54.260346+02:00,24.986,133.031735,-0.011740298507461944
2026-05-21 14:22:54.553523+02:00,24.994,133.324912,-0.0037402985074628248
2026-05-21 14:22:54.843736+02:00,24.992,133.615125,-0.005740298507461716
2026-05-21 14:22:55.139228+02:00,24.991,133.910617,-0.0067402985074629385
2026-05-21 14:22:55.431737+02:00,24.991,134.203126,-0.0067402985074629385
2026-05-21 14:22:55.721608+02:00,24.991,134.492997,-0.0067402985074629385
2026-05-21 14:22:56.016581+02:00,24.994,134.78797,-0.0037402985074628248
2026-05-21 14:22:56.308351+02:00,24.993,135.07974,-0.004740298507464047
2026-05-21 14:22:56.599048+02:00,24.991,135.370437,-0.0067402985074629385
2026-05-21 14:22:56.892200+02:00,24.992,135.663589,-0.005740298507461716
2026-05-21 14:22:57.191141+02:00,24.99,135.96253,-0.007740298507464161
2026-05-21 14:22:57.488807+02:00,24.996,136.260196,-0.0017402985074639332
2026-05-21 14:22:57.779786+02:00,24.997,136.551175,-0.0007402985074627111
2026-05-21 14:22:58.073143+02:00,24.996,136.844532,-0.0017402985074639332
2026-05-21 14:22:58.364934+02:00,24.996,137.136323,-0.0017402985074639332
2026-05-21 14:22:58.663516+02:00,24.993,137.434905,-0.004740298507464047
2026-05-21 14:22:58.963790+02:00,24.991,137.735179,-0.0067402985074629385
2026-05-21 14:22:59.260606+02:00,24.989,138.031995,-0.00874029850746183
2026-05-21 14:22:59.553435+02:00,24.99,138.324824,-0.007740298507464161
2026-05-21 14:22:59.856442+02:00,24.996,138.627831,-0.0017402985074639332
2026-05-21 14:23:00.146620+02:00,24.993,138.918009,-0.004740298507464047
2026-05-21 14:23:00.439401+02:00,24.993,139.21079,-0.004740298507464047
2026-05-21 14:23:00.736660+02:00,24.991,139.508049,-0.0067402985074629385
2026-05-21 14:23:01.037236+02:00,24.989,139.808625,-0.00874029850746183
2026-05-21 14:23:01.330525+02:00,24.989,140.101914,-0.00874029850746183
2026-05-21 14:23:01.620713+02:00,24.986,140.392102,-0.011740298507461944
2026-05-21 14:23:01.912196+02:00,24.99,140.683585,-0.007740298507464161
2026-05-21 14:23:02.207360+02:00,24.99,140.978749,-0.007740298507464161
2026-05-21 14:23:02.506096+02:00,24.989,141.277485,-0.00874029850746183
2026-05-21 14:23:02.804283+02:00,24.994,141.575672,-0.0037402985074628248
2026-05-21 14:23:03.104828+02:00,24.985,141.876217,-0.012740298507463166
2026-05-21 14:23:03.401458+02:00,24.987,142.172847,-0.010740298507464274
2026-05-21 14:23:03.698243+02:00,24.986,142.469632,-0.011740298507461944
2026-05-21 14:23:03.990038+02:00,24.987,142.761427,-0.010740298507464274
2026-05-21 14:23:04.285680+02:00,24.99,143.057069,-0.007740298507464161
2026-05-21 14:23:04.582636+02:00,24.988,143.354025,-0.009740298507463052
2026-05-21 14:23:04.877048+02:00,24.991,143.648437,-0.0067402985074629385
2026-05-21 14:23:05.169311+02:00,24.988,143.9407,-0.009740298507463052
2026-05-21 14:23:05.460251+02:00,24.991,144.23164,-0.0067402985074629385
2026-05-21 14:23:05.759147+02:00,24.992,144.530536,-0.005740298507461716
2026-05-21 14:23:06.052796+02:00,24.988,144.824185,-0.009740298507463052
2026-05-21 14:23:06.341757+02:00,24.99,145.113146,-0.007740298507464161
2026-05-21 14:23:06.632825+02:00,24.991,145.404214,-0.0067402985074629385
2026-05-21 14:23:06.926979+02:00,24.989,145.698368,-0.00874029850746183
2026-05-21 14:23:07.220765+02:00,24.99,145.992154,-0.007740298507464161
2026-05-21 14:23:07.512763+02:00,24.99,146.284152,-0.007740298507464161
2026-05-21 14:23:07.803843+02:00,24.992,146.575232,-0.005740298507461716
2026-05-21 14:23:08.096960+02:00,24.992,146.868349,-0.005740298507461716
2026-05-21 14:23:08.387990+02:00,24.993,147.159379,-0.004740298507464047
2026-05-21 14:23:08.678359+02:00,24.989,147.449748,-0.00874029850746183
2026-05-21 14:23:08.969607+02:00,24.994,147.740996,-0.0037402985074628248
2026-05-21 14:23:09.266947+02:00,24.996,148.038336,-0.0017402985074639332
2026-05-21 14:23:09.556940+02:00,24.994,148.328329,-0.0037402985074628248
2026-05-21 14:23:09.846649+02:00,24.996,148.618038,-0.0017402985074639332
2026-05-21 14:23:10.137176+02:00,24.996,148.908565,-0.0017402985074639332
2026-05-21 14:23:10.437131+02:00,24.994,149.20852,-0.0037402985074628248
2026-05-21 14:23:10.734173+02:00,24.995,149.505562,-0.0027402985074616026
2026-05-21 14:23:11.033442+02:00,24.996,149.804831,-0.0017402985074639332
2026-05-21 14:23:11.328711+02:00,24.993,150.1001,-0.004740298507464047
2026-05-21 14:23:11.621330+02:00,24.997,150.392719,-0.0007402985074627111
2026-05-21 14:23:11.916136+02:00,24.994,150.687525,-0.0037402985074628248
2026-05-21 14:23:12.213390+02:00,24.991,150.984779,-0.0067402985074629385
2026-05-21 14:23:12.503093+02:00,24.997,151.274482,-0.0007402985074627111
2026-05-21 14:23:12.794514+02:00,24.994,151.565903,-0.0037402985074628248
2026-05-21 14:23:13.085735+02:00,24.996,151.857124,-0.0017402985074639332
2026-05-21 14:23:13.386210+02:00,24.998,152.157599,0.00025970149253851105
2026-05-21 14:23:13.687372+02:00,24.999,152.458761,0.0012597014925361805
2026-05-21 14:23:13.981716+02:00,24.997,152.753105,-0.0007402985074627111
2026-05-21 14:23:14.271057+02:00,24.994,153.042446,-0.0037402985074628248
2026-05-21 14:23:14.563832+02:00,25.002,153.335221,0.004259701492536294
2026-05-21 14:23:14.855869+02:00,24.997,153.627258,-0.0007402985074627111
2026-05-21 14:23:15.152724+02:00,25.001,153.924113,0.0032597014925386247
2026-05-21 14:23:15.444661+02:00,25.002,154.21605,0.004259701492536294
2026-05-21 14:23:15.737594+02:00,25.001,154.508983,0.0032597014925386247
2026-05-21 14:23:16.030315+02:00,24.998,154.801704,0.00025970149253851105
2026-05-21 14:23:16.326326+02:00,24.997,155.097715,-0.0007402985074627111
2026-05-21 14:23:16.620477+02:00,24.996,155.391866,-0.0017402985074639332
2026-05-21 14:23:16.921907+02:00,24.994,155.693296,-0.0037402985074628248
2026-05-21 14:23:17.212583+02:00,24.999,155.983972,0.0012597014925361805
2026-05-21 14:23:17.518334+02:00,24.999,156.289723,0.0012597014925361805
2026-05-21 14:23:17.808264+02:00,24.998,156.579653,0.00025970149253851105
2026-05-21 14:23:18.102233+02:00,25.001,156.873622,0.0032597014925386247
2026-05-21 14:23:18.398539+02:00,25.002,157.169928,0.004259701492536294
2026-05-21 14:23:18.690569+02:00,25.006,157.461958,0.00825970149253763
2026-05-21 14:23:18.984492+02:00,25.005,157.755881,0.007259701492536408
2026-05-21 14:23:19.272724+02:00,25.004,158.044113,0.006259701492538738
2026-05-21 14:23:19.576853+02:00,25.004,158.348242,0.006259701492538738
2026-05-21 14:23:19.865978+02:00,25.005,158.637367,0.007259701492536408
2026-05-21 14:23:20.167799+02:00,25.001,158.939188,0.0032597014925386247
2026-05-21 14:23:20.462738+02:00,25.001,159.234127,0.0032597014925386247
2026-05-21 14:23:20.754540+02:00,25.003,159.525929,0.005259701492537516
2026-05-21 14:23:21.046525+02:00,25.002,159.817914,0.004259701492536294
2026-05-21 14:23:21.336569+02:00,25.005,160.107958,0.007259701492536408
2026-05-21 14:23:21.635344+02:00,25.003,160.406733,0.005259701492537516
2026-05-21 14:23:21.932740+02:00,25.0,160.704129,0.0022597014925374026
2026-05-21 14:23:22.233217+02:00,25.005,161.004606,0.007259701492536408
2026-05-21 14:23:22.528716+02:00,25.003,161.300105,0.005259701492537516
2026-05-21 14:23:22.819441+02:00,25.003,161.59083,0.005259701492537516
2026-05-21 14:23:23.112764+02:00,25.005,161.884153,0.007259701492536408
2026-05-21 14:23:23.402159+02:00,25.008,162.173548,0.010259701492536522
2026-05-21 14:23:23.690725+02:00,25.005,162.462114,0.007259701492536408
2026-05-21 14:23:23.982820+02:00,25.008,162.754209,0.010259701492536522
2026-05-21 14:23:24.280549+02:00,25.003,163.051938,0.005259701492537516
2026-05-21 14:23:24.574573+02:00,25.004,163.345962,0.006259701492538738
2026-05-21 14:23:24.863784+02:00,25.007,163.635173,0.009259701492538852
2026-05-21 14:23:25.155115+02:00,25.006,163.926504,0.00825970149253763
2026-05-21 14:23:25.447415+02:00,25.008,164.218804,0.010259701492536522
2026-05-21 14:23:25.737874+02:00,25.003,164.509263,0.005259701492537516
2026-05-21 14:23:26.028273+02:00,25.004,164.799662,0.006259701492538738
2026-05-21 14:23:26.319784+02:00,25.008,165.091173,0.010259701492536522
2026-05-21 14:23:26.612029+02:00,25.006,165.383418,0.00825970149253763
2026-05-21 14:23:26.915871+02:00,25.006,165.68726,0.00825970149253763
2026-05-21 14:23:27.215570+02:00,25.006,165.986959,0.00825970149253763
2026-05-21 14:23:27.513129+02:00,25.003,166.284518,0.005259701492537516
2026-05-21 14:23:27.804565+02:00,25.005,166.575954,0.007259701492536408
2026-05-21 14:23:28.094967+02:00,25.006,166.866356,0.00825970149253763
2026-05-21 14:23:28.383723+02:00,24.998,167.155112,0.00025970149253851105
2026-05-21 14:23:28.673144+02:00,24.998,167.444533,0.00025970149253851105
2026-05-21 14:23:28.965230+02:00,25.001,167.736619,0.0032597014925386247
2026-05-21 14:23:29.264524+02:00,25.001,168.035913,0.0032597014925386247
2026-05-21 14:23:29.557027+02:00,25.006,168.328416,0.00825970149253763
2026-05-21 14:23:29.847354+02:00,25.002,168.618743,0.004259701492536294
2026-05-21 14:23:30.145842+02:00,25.006,168.917231,0.00825970149253763
2026-05-21 14:23:30.436950+02:00,25.005,169.208339,0.007259701492536408
2026-05-21 14:23:30.731167+02:00,25.005,169.502556,0.007259701492536408
2026-05-21 14:23:31.031450+02:00,25.004,169.802839,0.006259701492538738
2026-05-21 14:23:31.322705+02:00,25.002,170.094094,0.004259701492536294
2026-05-21 14:23:31.611597+02:00,25.006,170.382986,0.00825970149253763
2026-05-21 14:23:31.910043+02:00,25.008,170.681432,0.010259701492536522
2026-05-21 14:23:32.201051+02:00,25.006,170.97244,0.00825970149253763
2026-05-21 14:23:32.502726+02:00,25.006,171.274115,0.00825970149253763
2026-05-21 14:23:32.794646+02:00,25.003,171.566035,0.005259701492537516
2026-05-21 14:23:33.096086+02:00,25.005,171.867475,0.007259701492536408
2026-05-21 14:23:33.401238+02:00,25.011,172.172627,0.013259701492536635
2026-05-21 14:23:33.701583+02:00,25.005,172.472972,0.007259701492536408
2026-05-21 14:23:34.000733+02:00,25.006,172.772122,0.00825970149253763
2026-05-21 14:23:34.297221+02:00,25.005,173.06861,0.007259701492536408
2026-05-21 14:23:34.597007+02:00,25.003,173.368396,0.005259701492537516
2026-05-21 14:23:34.896939+02:00,25.005,173.668328,0.007259701492536408
2026-05-21 14:23:35.186941+02:00,25.007,173.95833,0.009259701492538852
2026-05-21 14:23:35.478793+02:00,25.002,174.250182,0.004259701492536294
2026-05-21 14:23:35.770787+02:00,25.0,174.542176,0.0022597014925374026
2026-05-21 14:23:36.061147+02:00,25.003,174.832536,0.005259701492537516
2026-05-21 14:23:36.355598+02:00,25.002,175.126987,0.004259701492536294
2026-05-21 14:23:36.646078+02:00,25.0,175.417467,0.0022597014925374026
2026-05-21 14:23:36.937124+02:00,25.001,175.708513,0.0032597014925386247
2026-05-21 14:23:37.230337+02:00,25.004,176.001726,0.006259701492538738
2026-05-21 14:23:37.520543+02:00,25.0,176.291932,0.0022597014925374026
2026-05-21 14:23:37.813234+02:00,25.003,176.584623,0.005259701492537516
2026-05-21 14:23:38.106422+02:00,25.002,176.877811,0.004259701492536294
2026-05-21 14:23:38.403990+02:00,24.998,177.175379,0.00025970149253851105
2026-05-21 14:23:38.694743+02:00,25.003,177.466132,0.005259701492537516
2026-05-21 14:23:38.986765+02:00,25.0,177.758154,0.0022597014925374026
2026-05-21 14:23:39.286104+02:00,25.002,178.057493,0.004259701492536294
2026-05-21 14:23:39.575265+02:00,25.003,178.346654,0.005259701492537516
2026-05-21 14:23:39.869848+02:00,25.0,178.641237,0.0022597014925374026
2026-05-21 14:23:40.163726+02:00,25.001,178.935115,0.0032597014925386247
2026-05-21 14:23:40.456513+02:00,24.998,179.227902,0.00025970149253851105
2026-05-21 14:23:40.748126+02:00,24.994,179.519515,-0.0037402985074628248
2026-05-21 14:23:41.042882+02:00,24.997,179.814271,-0.0007402985074627111
2026-05-21 14:23:41.332743+02:00,24.996,180.104132,-0.0017402985074639332
2026-05-21 14:23:41.628605+02:00,24.997,180.399994,-0.0007402985074627111
2026-05-21 14:23:41.923428+02:00,25.0,180.694817,0.0022597014925374026
2026-05-21 14:23:42.212143+02:00,25.0,180.983532,0.0022597014925374026
2026-05-21 14:23:42.506924+02:00,24.996,181.278313,-0.0017402985074639332
2026-05-21 14:23:42.797536+02:00,24.999,181.568925,0.0012597014925361805
2026-05-21 14:23:43.095198+02:00,25.0,181.866587,0.0022597014925374026
2026-05-21 14:23:43.384166+02:00,25.0,182.155555,0.0022597014925374026
2026-05-21 14:23:43.677778+02:00,24.995,182.449167,-0.0027402985074616026
2026-05-21 14:23:43.969430+02:00,24.998,182.740819,0.00025970149253851105
2026-05-21 14:23:44.270078+02:00,24.995,183.041467,-0.0027402985074616026
2026-05-21 14:23:44.573160+02:00,24.995,183.344549,-0.0027402985074616026
2026-05-21 14:23:44.865652+02:00,24.998,183.637041,0.00025970149253851105
2026-05-21 14:23:45.155841+02:00,24.996,183.92723,-0.0017402985074639332
2026-05-21 14:23:45.445325+02:00,24.999,184.216714,0.0012597014925361805
2026-05-21 14:23:45.744687+02:00,24.996,184.516076,-0.0017402985074639332
2026-05-21 14:23:46.034338+02:00,24.992,184.805727,-0.005740298507461716
2026-05-21 14:23:46.323693+02:00,24.993,185.095082,-0.004740298507464047
2026-05-21 14:23:46.614618+02:00,25.0,185.386007,0.0022597014925374026
2026-05-21 14:23:46.914906+02:00,24.994,185.686295,-0.0037402985074628248
2026-05-21 14:23:47.207013+02:00,24.989,185.978402,-0.00874029850746183
2026-05-21 14:23:47.504709+02:00,24.991,186.276098,-0.0067402985074629385
2026-05-21 14:23:47.797592+02:00,24.995,186.568981,-0.0027402985074616026
2026-05-21 14:23:48.089128+02:00,24.994,186.860517,-0.0037402985074628248
2026-05-21 14:23:48.388830+02:00,24.994,187.160219,-0.0037402985074628248
2026-05-21 14:23:48.683626+02:00,24.99,187.455015,-0.007740298507464161
2026-05-21 14:23:48.974914+02:00,24.991,187.746303,-0.0067402985074629385
2026-05-21 14:23:49.267350+02:00,24.994,188.038739,-0.0037402985074628248
2026-05-21 14:23:49.561384+02:00,24.987,188.332773,-0.010740298507464274
2026-05-21 14:23:49.858809+02:00,24.986,188.630198,-0.011740298507461944
2026-05-21 14:23:50.149499+02:00,24.987,188.920888,-0.010740298507464274
2026-05-21 14:23:50.439650+02:00,24.987,189.211039,-0.010740298507464274
2026-05-21 14:23:50.736890+02:00,24.987,189.508279,-0.010740298507464274
2026-05-21 14:23:51.030798+02:00,24.989,189.802187,-0.00874029850746183
2026-05-21 14:23:51.320847+02:00,24.992,190.092236,-0.005740298507461716
2026-05-21 14:23:51.611448+02:00,24.986,190.382837,-0.011740298507461944
2026-05-21 14:23:51.903474+02:00,24.989,190.674863,-0.00874029850746183
2026-05-21 14:23:52.196237+02:00,24.993,190.967626,-0.004740298507464047
2026-05-21 14:23:52.489720+02:00,24.994,191.261109,-0.0037402985074628248
2026-05-21 14:23:52.800025+02:00,24.989,191.571414,-0.00874029850746183
2026-05-21 14:23:53.097370+02:00,24.99,191.868759,-0.007740298507464161
2026-05-21 14:23:53.399145+02:00,24.99,192.170534,-0.007740298507464161
2026-05-21 14:23:53.699900+02:00,24.991,192.471289,-0.0067402985074629385
2026-05-21 14:23:53.993055+02:00,24.993,192.764444,-0.004740298507464047
2026-05-21 14:23:54.285083+02:00,24.989,193.056472,-0.00874029850746183
2026-05-21 14:23:54.574551+02:00,24.992,193.34594,-0.005740298507461716
2026-05-21 14:23:54.864515+02:00,24.99,193.635904,-0.007740298507464161
2026-05-21 14:23:55.161612+02:00,24.989,193.933001,-0.00874029850746183
2026-05-21 14:23:55.451993+02:00,24.995,194.223382,-0.0027402985074616026
2026-05-21 14:23:55.745462+02:00,24.992,194.516851,-0.005740298507461716
2026-05-21 14:23:56.041164+02:00,24.989,194.812553,-0.00874029850746183
2026-05-21 14:23:56.341086+02:00,24.99,195.112475,-0.007740298507464161
2026-05-21 14:23:56.630579+02:00,24.991,195.401968,-0.0067402985074629385
2026-05-21 14:23:56.941641+02:00,24.989,195.71303,-0.00874029850746183
2026-05-21 14:23:57.232066+02:00,24.99,196.003455,-0.007740298507464161
2026-05-21 14:23:57.523540+02:00,24.994,196.294929,-0.0037402985074628248
2026-05-21 14:23:57.816568+02:00,24.989,196.587957,-0.00874029850746183
2026-05-21 14:23:58.107375+02:00,24.987,196.878764,-0.010740298507464274
2026-05-21 14:23:58.397125+02:00,24.988,197.168514,-0.009740298507463052
2026-05-21 14:23:58.688540+02:00,24.989,197.459929,-0.00874029850746183
2026-05-21 14:23:58.991228+02:00,24.993,197.762617,-0.004740298507464047
2026-05-21 14:23:59.290215+02:00,24.994,198.061604,-0.0037402985074628248
2026-05-21 14:23:59.589537+02:00,24.992,198.360926,-0.005740298507461716
2026-05-21 14:23:59.887047+02:00,24.994,198.658436,-0.0037402985074628248
2026-05-21 14:24:00.177308+02:00,24.996,198.948697,-0.0017402985074639332
2026-05-21 14:24:00.473495+02:00,24.997,199.244884,-0.0007402985074627111
2026-05-21 14:24:00.763170+02:00,24.991,199.534559,-0.0067402985074629385
2026-05-21 14:24:01.057711+02:00,24.995,199.8291,-0.0027402985074616026
2026-05-21 14:24:01.349886+02:00,24.994,200.121275,-0.0037402985074628248
2026-05-21 14:24:01.646935+02:00,24.993,200.418324,-0.004740298507464047
2026-05-21 14:24:01.939603+02:00,24.999,200.710992,0.0012597014925361805
2026-05-21 14:24:02.234626+02:00,24.997,201.006015,-0.0007402985074627111
2026-05-21 14:24:02.525876+02:00,24.99,201.297265,-0.007740298507464161
2026-05-21 14:24:02.815336+02:00,24.993,201.586725,-0.004740298507464047
2026-05-21 14:24:03.115390+02:00,24.995,201.886779,-0.0027402985074616026
2026-05-21 14:24:03.406826+02:00,24.997,202.178215,-0.0007402985074627111
2026-05-21 14:24:03.700275+02:00,25.0,202.471664,0.0022597014925374026
2026-05-21 14:24:03.991781+02:00,24.996,202.76317,-0.0017402985074639332
2026-05-21 14:24:04.283328+02:00,24.998,203.054717,0.00025970149253851105
2026-05-21 14:24:04.578783+02:00,24.994,203.350172,-0.0037402985074628248
2026-05-21 14:24:04.874738+02:00,24.996,203.646127,-0.0017402985074639332
2026-05-21 14:24:05.170519+02:00,24.994,203.941908,-0.0037402985074628248
2026-05-21 14:24:05.460932+02:00,24.992,204.232321,-0.005740298507461716
2026-05-21 14:24:05.758423+02:00,24.994,204.529812,-0.0037402985074628248
2026-05-21 14:24:06.049156+02:00,24.993,204.820545,-0.004740298507464047
2026-05-21 14:24:06.338139+02:00,24.991,205.109528,-0.0067402985074629385
2026-05-21 14:24:06.638891+02:00,24.994,205.41028,-0.0037402985074628248
2026-05-21 14:24:06.935630+02:00,24.992,205.707019,-0.005740298507461716
2026-05-21 14:24:07.231002+02:00,24.994,206.002391,-0.0037402985074628248
2026-05-21 14:24:07.531996+02:00,24.998,206.303385,0.00025970149253851105
2026-05-21 14:24:07.823101+02:00,24.992,206.59449,-0.005740298507461716
2026-05-21 14:24:08.115940+02:00,24.996,206.887329,-0.0017402985074639332
2026-05-21 14:24:08.408988+02:00,24.999,207.180377,0.0012597014925361805
2026-05-21 14:24:08.700966+02:00,24.994,207.472355,-0.0037402985074628248
2026-05-21 14:24:08.994378+02:00,24.994,207.765767,-0.0037402985074628248
2026-05-21 14:24:09.287432+02:00,24.993,208.058821,-0.004740298507464047
2026-05-21 14:24:09.579077+02:00,24.995,208.350466,-0.0027402985074616026
2026-05-21 14:24:09.873836+02:00,24.995,208.645225,-0.0027402985074616026
2026-05-21 14:24:10.165657+02:00,24.996,208.937046,-0.0017402985074639332
2026-05-21 14:24:10.455053+02:00,25.0,209.226442,0.0022597014925374026
2026-05-21 14:24:10.757655+02:00,24.997,209.529044,-0.0007402985074627111
2026-05-21 14:24:11.048357+02:00,24.999,209.819746,0.0012597014925361805
2026-05-21 14:24:11.343527+02:00,24.996,210.114916,-0.0017402985074639332
2026-05-21 14:24:11.640756+02:00,24.999,210.412145,0.0012597014925361805
2026-05-21 14:24:11.942445+02:00,25.001,210.713834,0.0032597014925386247
2026-05-21 14:24:12.238515+02:00,25.0,211.009904,0.0022597014925374026
2026-05-21 14:24:12.539176+02:00,24.998,211.310565,0.00025970149253851105
2026-05-21 14:24:12.837839+02:00,25.004,211.609228,0.006259701492538738
2026-05-21 14:24:13.134344+02:00,25.001,211.905733,0.0032597014925386247
2026-05-21 14:24:13.426780+02:00,24.999,212.198169,0.0012597014925361805
2026-05-21 14:24:13.715368+02:00,25.003,212.486757,0.005259701492537516
2026-05-21 14:24:14.013485+02:00,25.001,212.784874,0.0032597014925386247
2026-05-21 14:24:14.302804+02:00,25.006,213.074193,0.00825970149253763
2026-05-21 14:24:14.593338+02:00,25.006,213.364727,0.00825970149253763
2026-05-21 14:24:14.885238+02:00,25.008,213.656627,0.010259701492536522
2026-05-21 14:24:15.178684+02:00,25.003,213.950073,0.005259701492537516
2026-05-21 14:24:15.472954+02:00,25.001,214.244343,0.0032597014925386247
2026-05-21 14:24:15.765069+02:00,25.005,214.536458,0.007259701492536408
2026-05-21 14:24:16.053474+02:00,25.006,214.824863,0.00825970149253763
2026-05-21 14:24:16.350027+02:00,25.006,215.121416,0.00825970149253763
2026-05-21 14:24:16.647326+02:00,25.007,215.418715,0.009259701492538852
2026-05-21 14:24:16.946034+02:00,25.003,215.717423,0.005259701492537516
2026-05-21 14:24:17.236159+02:00,25.008,216.007548,0.010259701492536522
2026-05-21 14:24:17.531401+02:00,25.007,216.30279,0.009259701492538852
2026-05-21 14:24:17.832020+02:00,25.006,216.603409,0.00825970149253763
2026-05-21 14:24:18.123324+02:00,25.004,216.894713,0.006259701492538738
2026-05-21 14:24:18.415029+02:00,25.011,217.186418,0.013259701492536635
2026-05-21 14:24:18.704366+02:00,25.009,217.475755,0.011259701492537744
2026-05-21 14:24:19.003843+02:00,25.009,217.775232,0.011259701492537744
2026-05-21 14:24:19.296483+02:00,25.003,218.067872,0.005259701492537516
2026-05-21 14:24:19.585904+02:00,25.007,218.357293,0.009259701492538852
2026-05-21 14:24:19.881384+02:00,25.009,218.652773,0.011259701492537744
2026-05-21 14:24:20.176928+02:00,25.011,218.948317,0.013259701492536635
2026-05-21 14:24:20.471037+02:00,25.012,219.242426,0.014259701492537857
2026-05-21 14:24:20.772832+02:00,25.011,219.544221,0.013259701492536635
2026-05-21 14:24:21.072161+02:00,25.009,219.84355,0.011259701492537744
2026-05-21 14:24:21.371554+02:00,25.007,220.142943,0.009259701492538852
2026-05-21 14:24:21.672932+02:00,25.009,220.444321,0.011259701492537744
2026-05-21 14:24:21.962194+02:00,25.004,220.733583,0.006259701492538738
2026-05-21 14:24:22.257595+02:00,25.008,221.028984,0.010259701492536522
2026-05-21 14:24:22.550128+02:00,25.008,221.321517,0.010259701492536522
2026-05-21 14:24:22.843192+02:00,25.008,221.614581,0.010259701492536522
2026-05-21 14:24:23.140209+02:00,25.008,221.911598,0.010259701492536522
2026-05-21 14:24:23.433899+02:00,25.011,222.205288,0.013259701492536635
2026-05-21 14:24:23.723601+02:00,25.008,222.49499,0.010259701492536522
2026-05-21 14:24:24.017623+02:00,25.006,222.789012,0.00825970149253763
2026-05-21 14:24:24.319001+02:00,25.007,223.09039,0.009259701492538852
2026-05-21 14:24:24.607593+02:00,25.005,223.378982,0.007259701492536408
2026-05-21 14:24:24.898486+02:00,25.008,223.669875,0.010259701492536522
2026-05-21 14:24:25.191506+02:00,25.006,223.962895,0.00825970149253763
2026-05-21 14:24:25.489145+02:00,25.006,224.260534,0.00825970149253763
2026-05-21 14:24:25.786798+02:00,25.006,224.558187,0.00825970149253763
2026-05-21 14:24:26.075208+02:00,25.008,224.846597,0.010259701492536522
2026-05-21 14:24:26.367980+02:00,25.003,225.139369,0.005259701492537516
2026-05-21 14:24:26.668314+02:00,25.007,225.439703,0.009259701492538852
2026-05-21 14:24:26.962498+02:00,25.011,225.733887,0.013259701492536635
2026-05-21 14:24:27.252461+02:00,25.008,226.02385,0.010259701492536522
2026-05-21 14:24:27.549157+02:00,25.008,226.320546,0.010259701492536522
2026-05-21 14:24:27.840659+02:00,25.011,226.612048,0.013259701492536635
2026-05-21 14:24:28.133743+02:00,25.008,226.905132,0.010259701492536522
2026-05-21 14:24:28.431736+02:00,25.009,227.203125,0.011259701492537744
2026-05-21 14:24:28.721946+02:00,25.008,227.493335,0.010259701492536522
2026-05-21 14:24:29.013511+02:00,25.007,227.7849,0.009259701492538852
2026-05-21 14:24:29.309046+02:00,25.011,228.080435,0.013259701492536635
2026-05-21 14:24:29.602636+02:00,25.008,228.374025,0.010259701492536522
2026-05-21 14:24:29.895633+02:00,25.005,228.667022,0.007259701492536408
2026-05-21 14:24:30.186000+02:00,25.006,228.957389,0.00825970149253763
2026-05-21 14:24:30.483846+02:00,25.007,229.255235,0.009259701492538852
2026-05-21 14:24:30.781860+02:00,25.001,229.553249,0.0032597014925386247
2026-05-21 14:24:31.072038+02:00,25.006,229.843427,0.00825970149253763
2026-05-21 14:24:31.362126+02:00,25.006,230.133515,0.00825970149253763
2026-05-21 14:24:31.661695+02:00,25.011,230.433084,0.013259701492536635
2026-05-21 14:24:31.951171+02:00,25.006,230.72256,0.00825970149253763
2026-05-21 14:24:32.242022+02:00,25.003,231.013411,0.005259701492537516
2026-05-21 14:24:32.540867+02:00,25.006,231.312256,0.00825970149253763
2026-05-21 14:24:32.839236+02:00,25.007,231.610625,0.009259701492538852
2026-05-21 14:24:33.131328+02:00,25.008,231.902717,0.010259701492536522
2026-05-21 14:24:33.420589+02:00,25.007,232.191978,0.009259701492538852
2026-05-21 14:24:33.712008+02:00,25.003,232.483397,0.005259701492537516
2026-05-21 14:24:34.006247+02:00,25.006,232.777636,0.00825970149253763
2026-05-21 14:24:34.299384+02:00,25.009,233.070773,0.011259701492537744
2026-05-21 14:24:34.601501+02:00,25.008,233.37289,0.010259701492536522
2026-05-21 14:24:34.891835+02:00,24.999,233.663224,0.0012597014925361805
2026-05-21 14:24:35.183607+02:00,25.004,233.954996,0.006259701492538738
2026-05-21 14:24:35.472187+02:00,25.006,234.243576,0.00825970149253763
2026-05-21 14:24:35.764331+02:00,25.006,234.53572,0.00825970149253763
2026-05-21 14:24:36.054418+02:00,25.003,234.825807,0.005259701492537516
2026-05-21 14:24:36.346244+02:00,25.005,235.117633,0.007259701492536408
2026-05-21 14:24:36.646978+02:00,25.008,235.418367,0.010259701492536522
2026-05-21 14:24:36.946919+02:00,25.006,235.718308,0.00825970149253763
2026-05-21 14:24:37.244381+02:00,25.003,236.01577,0.005259701492537516
2026-05-21 14:24:37.534737+02:00,25.005,236.306126,0.007259701492536408
2026-05-21 14:24:37.825994+02:00,25.006,236.597383,0.00825970149253763
2026-05-21 14:24:38.119825+02:00,25.005,236.891214,0.007259701492536408
2026-05-21 14:24:38.411714+02:00,25.003,237.183103,0.005259701492537516
2026-05-21 14:24:38.711630+02:00,25.005,237.483019,0.007259701492536408
2026-05-21 14:24:39.006542+02:00,25.004,237.777931,0.006259701492538738
2026-05-21 14:24:39.297857+02:00,25.001,238.069246,0.0032597014925386247
2026-05-21 14:24:39.595250+02:00,25.002,238.366639,0.004259701492536294
2026-05-21 14:24:39.887089+02:00,25.003,238.658478,0.005259701492537516
2026-05-21 14:24:40.178170+02:00,25.006,238.949559,0.00825970149253763
2026-05-21 14:24:40.475915+02:00,25.003,239.247304,0.005259701492537516
2026-05-21 14:24:40.764620+02:00,25.004,239.536009,0.006259701492538738
2026-05-21 14:24:41.055102+02:00,25.0,239.826491,0.0022597014925374026
2026-05-21 14:24:41.352768+02:00,24.998,240.124157,0.00025970149253851105
2026-05-21 14:24:41.646631+02:00,24.997,240.41802,-0.0007402985074627111
2026-05-21 14:24:41.934131+02:00,24.998,240.70552,0.00025970149253851105
2026-05-21 14:24:42.240440+02:00,25.003,241.011829,0.005259701492537516
2026-05-21 14:24:42.533966+02:00,24.999,241.305355,0.0012597014925361805
2026-05-21 14:24:42.826579+02:00,24.999,241.597968,0.0012597014925361805
2026-05-21 14:24:43.117297+02:00,24.999,241.888686,0.0012597014925361805
2026-05-21 14:24:43.409810+02:00,24.998,242.181199,0.00025970149253851105
2026-05-21 14:24:43.705159+02:00,24.999,242.476548,0.0012597014925361805
2026-05-21 14:24:44.004644+02:00,24.999,242.776033,0.0012597014925361805
2026-05-21 14:24:44.295606+02:00,24.998,243.066995,0.00025970149253851105
2026-05-21 14:24:44.587220+02:00,24.999,243.358609,0.0012597014925361805
2026-05-21 14:24:44.880325+02:00,24.998,243.651714,0.00025970149253851105
2026-05-21 14:24:45.171613+02:00,24.994,243.943002,-0.0037402985074628248
2026-05-21 14:24:45.462854+02:00,24.998,244.234243,0.00025970149253851105
2026-05-21 14:24:45.758142+02:00,24.996,244.529531,-0.0017402985074639332
2026-05-21 14:24:46.049657+02:00,24.998,244.821046,0.00025970149253851105
2026-05-21 14:24:46.345095+02:00,24.995,245.116484,-0.0027402985074616026
2026-05-21 14:24:46.644879+02:00,24.997,245.416268,-0.0007402985074627111
2026-05-21 14:24:46.936154+02:00,24.996,245.707543,-0.0017402985074639332
2026-05-21 14:24:47.227145+02:00,24.996,245.998534,-0.0017402985074639332
2026-05-21 14:24:47.524084+02:00,24.997,246.295473,-0.0007402985074627111
2026-05-21 14:24:47.822228+02:00,24.996,246.593617,-0.0017402985074639332
2026-05-21 14:24:48.110994+02:00,24.993,246.882383,-0.004740298507464047
2026-05-21 14:24:48.402295+02:00,24.995,247.173684,-0.0027402985074616026
2026-05-21 14:24:48.700694+02:00,24.995,247.472083,-0.0027402985074616026
2026-05-21 14:24:48.993633+02:00,24.997,247.765022,-0.0007402985074627111
2026-05-21 14:24:49.284484+02:00,24.995,248.055873,-0.0027402985074616026
2026-05-21 14:24:49.573352+02:00,24.992,248.344741,-0.005740298507461716
2026-05-21 14:24:49.865729+02:00,24.996,248.637118,-0.0017402985074639332
2026-05-21 14:24:50.159074+02:00,24.991,248.930463,-0.0067402985074629385
2026-05-21 14:24:50.449852+02:00,24.993,249.221241,-0.004740298507464047
2026-05-21 14:24:50.746561+02:00,24.994,249.51795,-0.0037402985074628248
2026-05-21 14:24:51.037355+02:00,24.991,249.808744,-0.0067402985074629385
2026-05-21 14:24:51.330497+02:00,24.994,250.101886,-0.0037402985074628248
2026-05-21 14:24:51.623426+02:00,24.993,250.394815,-0.004740298507464047
2026-05-21 14:24:51.923232+02:00,24.994,250.694621,-0.0037402985074628248
2026-05-21 14:24:52.217151+02:00,24.989,250.98854,-0.00874029850746183
2026-05-21 14:24:52.509433+02:00,24.994,251.280822,-0.0037402985074628248
2026-05-21 14:24:52.799054+02:00,24.995,251.570443,-0.0027402985074616026
2026-05-21 14:24:53.089561+02:00,24.994,251.86095,-0.0037402985074628248
2026-05-21 14:24:53.382680+02:00,24.994,252.154069,-0.0037402985074628248
2026-05-21 14:24:53.685825+02:00,24.994,252.457214,-0.0037402985074628248
2026-05-21 14:24:53.986736+02:00,24.993,252.758125,-0.004740298507464047
2026-05-21 14:24:54.275875+02:00,24.994,253.047264,-0.0037402985074628248
2026-05-21 14:24:54.574333+02:00,24.996,253.345722,-0.0017402985074639332
2026-05-21 14:24:54.865070+02:00,24.989,253.636459,-0.00874029850746183
2026-05-21 14:24:55.159757+02:00,24.991,253.931146,-0.0067402985074629385
2026-05-21 14:24:55.452263+02:00,24.991,254.223652,-0.0067402985074629385
2026-05-21 14:24:55.750365+02:00,24.99,254.521754,-0.007740298507464161
2026-05-21 14:24:56.039513+02:00,24.99,254.810902,-0.007740298507464161
2026-05-21 14:24:56.338582+02:00,24.991,255.109971,-0.0067402985074629385
2026-05-21 14:24:56.630398+02:00,24.987,255.401787,-0.010740298507464274
2026-05-21 14:24:56.930161+02:00,24.989,255.70155,-0.00874029850746183
2026-05-21 14:24:57.222391+02:00,24.988,255.99378,-0.009740298507463052
2026-05-21 14:24:57.513515+02:00,24.988,256.284904,-0.009740298507463052
2026-05-21 14:24:57.805056+02:00,24.994,256.576445,-0.0037402985074628248
2026-05-21 14:24:58.096933+02:00,24.991,256.868322,-0.0067402985074629385
2026-05-21 14:24:58.385674+02:00,24.985,257.157063,-0.012740298507463166
2026-05-21 14:24:58.677837+02:00,24.992,257.449226,-0.005740298507461716
2026-05-21 14:24:58.967400+02:00,24.991,257.738789,-0.0067402985074629385
2026-05-21 14:24:59.259011+02:00,24.989,258.0304,-0.00874029850746183
2026-05-21 14:24:59.548948+02:00,24.989,258.320337,-0.00874029850746183
2026-05-21 14:24:59.841618+02:00,24.991,258.613007,-0.0067402985074629385
2026-05-21 14:25:00.132107+02:00,24.987,258.903496,-0.010740298507464274
2026-05-21 14:25:00.433124+02:00,24.996,259.204513,-0.0017402985074639332
2026-05-21 14:25:00.727674+02:00,24.989,259.499063,-0.00874029850746183
2026-05-21 14:25:01.020911+02:00,24.991,259.7923,-0.0067402985074629385
2026-05-21 14:25:01.310756+02:00,24.99,260.082145,-0.007740298507464161
2026-05-21 14:25:01.608636+02:00,24.989,260.380025,-0.00874029850746183
2026-05-21 14:25:01.898999+02:00,24.987,260.670388,-0.010740298507464274
2026-05-21 14:25:02.199076+02:00,24.991,260.970465,-0.0067402985074629385
2026-05-21 14:25:02.497100+02:00,24.988,261.268489,-0.009740298507463052
2026-05-21 14:25:02.787757+02:00,24.994,261.559146,-0.0037402985074628248
2026-05-21 14:25:03.076611+02:00,24.988,261.848,-0.009740298507463052
2026-05-21 14:25:03.376416+02:00,24.991,262.147805,-0.0067402985074629385
2026-05-21 14:25:03.673171+02:00,24.991,262.44456,-0.0067402985074629385
2026-05-21 14:25:03.963622+02:00,24.995,262.735011,-0.0027402985074616026
2026-05-21 14:25:04.255046+02:00,24.99,263.026435,-0.007740298507464161
2026-05-21 14:25:04.548046+02:00,24.992,263.319435,-0.005740298507461716
2026-05-21 14:25:04.847197+02:00,24.992,263.618586,-0.005740298507461716
2026-05-21 14:25:05.145107+02:00,24.991,263.916496,-0.0067402985074629385
2026-05-21 14:25:05.436986+02:00,24.994,264.208375,-0.0037402985074628248
2026-05-21 14:25:05.730281+02:00,24.994,264.50167,-0.0037402985074628248
2026-05-21 14:25:06.019697+02:00,24.991,264.791086,-0.0067402985074629385
2026-05-21 14:25:06.319142+02:00,24.991,265.090531,-0.0067402985074629385
2026-05-21 14:25:06.617659+02:00,24.991,265.389048,-0.0067402985074629385
2026-05-21 14:25:06.909420+02:00,24.989,265.680809,-0.00874029850746183
2026-05-21 14:25:07.199106+02:00,24.99,265.970495,-0.007740298507464161
2026-05-21 14:25:07.494659+02:00,24.992,266.266048,-0.005740298507461716
2026-05-21 14:25:07.788570+02:00,24.992,266.559959,-0.005740298507461716
2026-05-21 14:25:08.087214+02:00,24.991,266.858603,-0.0067402985074629385
2026-05-21 14:25:08.387367+02:00,24.991,267.158756,-0.0067402985074629385
2026-05-21 14:25:08.676359+02:00,24.988,267.447748,-0.009740298507463052
2026-05-21 14:25:08.968056+02:00,24.988,267.739445,-0.009740298507463052
2026-05-21 14:25:09.267639+02:00,24.992,268.039028,-0.005740298507461716
2026-05-21 14:25:09.561504+02:00,24.994,268.332893,-0.0037402985074628248
2026-05-21 14:25:09.854721+02:00,24.992,268.62611,-0.005740298507461716
2026-05-21 14:25:10.146286+02:00,24.99,268.917675,-0.007740298507464161
2026-05-21 14:25:10.437423+02:00,24.989,269.208812,-0.00874029850746183
2026-05-21 14:25:10.726719+02:00,24.991,269.498108,-0.0067402985074629385
2026-05-21 14:25:11.025493+02:00,24.991,269.796882,-0.0067402985074629385
2026-05-21 14:25:11.318484+02:00,24.991,270.089873,-0.0067402985074629385
2026-05-21 14:25:11.610049+02:00,24.99,270.381438,-0.007740298507464161
2026-05-21 14:25:11.900771+02:00,24.989,270.67216,-0.00874029850746183
2026-05-21 14:25:12.199019+02:00,24.99,270.970408,-0.007740298507464161
2026-05-21 14:25:12.487641+02:00,24.99,271.25903,-0.007740298507464161
2026-05-21 14:25:12.778919+02:00,24.986,271.550308,-0.011740298507461944
2026-05-21 14:25:13.074073+02:00,24.989,271.845462,-0.00874029850746183
2026-05-21 14:25:13.368823+02:00,24.994,272.140212,-0.0037402985074628248
2026-05-21 14:25:13.658421+02:00,24.989,272.42981,-0.00874029850746183
2026-05-21 14:25:13.948376+02:00,24.989,272.719765,-0.00874029850746183
2026-05-21 14:25:14.239225+02:00,24.986,273.010614,-0.011740298507461944
2026-05-21 14:25:14.533203+02:00,24.986,273.304592,-0.011740298507461944
2026-05-21 14:25:14.826125+02:00,24.99,273.597514,-0.007740298507464161
2026-05-21 14:25:15.118959+02:00,24.99,273.890348,-0.007740298507464161
2026-05-21 14:25:15.409008+02:00,24.991,274.180397,-0.0067402985074629385
2026-05-21 14:25:15.704588+02:00,24.989,274.475977,-0.00874029850746183
2026-05-21 14:25:15.992111+02:00,24.996,274.7635,-0.0017402985074639332
2026-05-21 14:25:16.291066+02:00,24.991,275.062455,-0.0067402985074629385
2026-05-21 14:25:16.583343+02:00,24.992,275.354732,-0.005740298507461716
2026-05-21 14:25:16.876061+02:00,24.99,275.64745,-0.007740298507464161
2026-05-21 14:25:17.170427+02:00,24.992,275.941816,-0.005740298507461716
2026-05-21 14:25:17.460460+02:00,24.991,276.231849,-0.0067402985074629385
2026-05-21 14:25:17.759170+02:00,24.988,276.530559,-0.009740298507463052
2026-05-21 14:25:18.051212+02:00,24.989,276.822601,-0.00874029850746183
2026-05-21 14:25:18.350386+02:00,24.986,277.121775,-0.011740298507461944
2026-05-21 14:25:18.642249+02:00,24.989,277.413638,-0.00874029850746183
2026-05-21 14:25:18.942340+02:00,24.987,277.713729,-0.010740298507464274
2026-05-21 14:25:19.234979+02:00,24.986,278.006368,-0.011740298507461944
2026-05-21 14:25:19.536315+02:00,24.985,278.307704,-0.012740298507463166
2026-05-21 14:25:19.838428+02:00,24.991,278.609817,-0.0067402985074629385
2026-05-21 14:25:20.132883+02:00,24.989,278.904272,-0.00874029850746183
2026-05-21 14:25:20.424235+02:00,24.989,279.195624,-0.00874029850746183
2026-05-21 14:25:20.715759+02:00,24.986,279.487148,-0.011740298507461944
2026-05-21 14:25:21.005322+02:00,24.987,279.776711,-0.010740298507464274
2026-05-21 14:25:21.306075+02:00,24.986,280.077464,-0.011740298507461944
2026-05-21 14:25:21.596008+02:00,24.989,280.367397,-0.00874029850746183
2026-05-21 14:25:21.896186+02:00,24.988,280.667575,-0.009740298507463052
2026-05-21 14:25:22.188016+02:00,24.986,280.959405,-0.011740298507461944
2026-05-21 14:25:22.477386+02:00,24.985,281.248775,-0.012740298507463166
2026-05-21 14:25:22.770640+02:00,24.986,281.542029,-0.011740298507461944
2026-05-21 14:25:23.065065+02:00,24.988,281.836454,-0.009740298507463052
2026-05-21 14:25:23.356576+02:00,24.982,282.127965,-0.01574029850746328
2026-05-21 14:25:23.655996+02:00,24.984,282.427385,-0.013740298507460835
2026-05-21 14:25:23.951692+02:00,24.986,282.723081,-0.011740298507461944
2026-05-21 14:25:24.244348+02:00,24.981,283.015737,-0.01674029850746095
2026-05-21 14:25:24.541902+02:00,24.986,283.313291,-0.011740298507461944
2026-05-21 14:25:24.831742+02:00,24.985,283.603131,-0.012740298507463166
2026-05-21 14:25:25.124657+02:00,24.986,283.896046,-0.011740298507461944
2026-05-21 14:25:25.416350+02:00,24.984,284.187739,-0.013740298507460835
2026-05-21 14:25:25.710182+02:00,24.988,284.481571,-0.009740298507463052
2026-05-21 14:25:26.007020+02:00,24.983,284.778409,-0.014740298507462057
2026-05-21 14:25:26.296663+02:00,24.987,285.068052,-0.010740298507464274
2026-05-21 14:25:26.587959+02:00,24.988,285.359348,-0.009740298507463052
2026-05-21 14:25:26.883091+02:00,24.984,285.65448,-0.013740298507460835
2026-05-21 14:25:27.185227+02:00,24.986,285.956616,-0.011740298507461944
2026-05-21 14:25:27.476833+02:00,24.989,286.248222,-0.00874029850746183
2026-05-21 14:25:27.767948+02:00,24.986,286.539337,-0.011740298507461944
2026-05-21 14:25:28.059028+02:00,24.987,286.830417,-0.010740298507464274
2026-05-21 14:25:28.349869+02:00,24.987,287.121258,-0.010740298507464274
2026-05-21 14:25:28.640509+02:00,24.986,287.411898,-0.011740298507461944
2026-05-21 14:25:28.941224+02:00,24.992,287.712613,-0.005740298507461716
2026-05-21 14:25:29.234199+02:00,24.986,288.005588,-0.011740298507461944
2026-05-21 14:25:29.536873+02:00,24.989,288.308262,-0.00874029850746183
2026-05-21 14:25:29.834369+02:00,24.987,288.605758,-0.010740298507464274
2026-05-21 14:25:30.126396+02:00,24.986,288.897785,-0.011740298507461944
2026-05-21 14:25:30.416178+02:00,24.99,289.187567,-0.007740298507464161
2026-05-21 14:25:30.714412+02:00,24.986,289.485801,-0.011740298507461944
2026-05-21 14:25:31.006132+02:00,24.986,289.777521,-0.011740298507461944
2026-05-21 14:25:31.306246+02:00,24.989,290.077635,-0.00874029850746183
2026-05-21 14:25:31.604094+02:00,24.988,290.375483,-0.009740298507463052
2026-05-21 14:25:31.896300+02:00,24.989,290.667689,-0.00874029850746183
2026-05-21 14:25:32.188142+02:00,24.989,290.959531,-0.00874029850746183
2026-05-21 14:25:32.479072+02:00,24.987,291.250461,-0.010740298507464274
2026-05-21 14:25:32.776042+02:00,24.991,291.547431,-0.0067402985074629385
2026-05-21 14:25:33.066638+02:00,24.991,291.838027,-0.0067402985074629385
2026-05-21 14:25:33.356166+02:00,24.991,292.127555,-0.0067402985074629385
2026-05-21 14:25:33.648616+02:00,24.991,292.420005,-0.0067402985074629385
2026-05-21 14:25:33.942130+02:00,24.989,292.713519,-0.00874029850746183
2026-05-21 14:25:34.232337+02:00,24.991,293.003726,-0.0067402985074629385
2026-05-21 14:25:34.524496+02:00,24.989,293.295885,-0.00874029850746183
2026-05-21 14:25:34.819300+02:00,24.994,293.590689,-0.0037402985074628248
2026-05-21 14:25:35.111542+02:00,24.99,293.882931,-0.007740298507464161
2026-05-21 14:25:35.405792+02:00,24.997,294.177181,-0.0007402985074627111
2026-05-21 14:25:35.698756+02:00,24.995,294.470145,-0.0027402985074616026
2026-05-21 14:25:36.002241+02:00,24.993,294.77363,-0.004740298507464047
2026-05-21 14:25:36.296248+02:00,24.995,295.067637,-0.0027402985074616026
2026-05-21 14:25:36.585521+02:00,24.996,295.35691,-0.0017402985074639332
2026-05-21 14:25:36.876182+02:00,24.994,295.647571,-0.0037402985074628248
2026-05-21 14:25:37.175919+02:00,24.995,295.947308,-0.0027402985074616026
2026-05-21 14:25:37.473836+02:00,24.996,296.245225,-0.0017402985074639332
2026-05-21 14:25:37.767286+02:00,24.999,296.538675,0.0012597014925361805
2026-05-21 14:25:38.056385+02:00,24.995,296.827774,-0.0027402985074616026
2026-05-21 14:25:38.348818+02:00,24.996,297.120207,-0.0017402985074639332
2026-05-21 14:25:38.649320+02:00,25.0,297.420709,0.0022597014925374026
2026-05-21 14:25:38.947306+02:00,24.999,297.718695,0.0012597014925361805
2026-05-21 14:25:39.236646+02:00,24.995,298.008035,-0.0027402985074616026
2026-05-21 14:25:39.529518+02:00,24.996,298.300907,-0.0017402985074639332
2026-05-21 14:25:39.818290+02:00,24.995,298.589679,-0.0027402985074616026
2026-05-21 14:25:40.108668+02:00,24.994,298.880057,-0.0037402985074628248
2026-05-21 14:25:40.400184+02:00,24.994,299.171573,-0.0037402985074628248
2026-05-21 14:25:40.698329+02:00,24.995,299.469718,-0.0027402985074616026
2026-05-21 14:25:40.996589+02:00,24.994,299.767978,-0.0037402985074628248
2026-05-21 14:25:41.285878+02:00,24.994,300.057267,-0.0037402985074628248
2026-05-21 14:25:41.582235+02:00,24.997,300.353624,-0.0007402985074627111
2026-05-21 14:25:41.873297+02:00,24.996,300.644686,-0.0017402985074639332
2026-05-21 14:25:42.164246+02:00,25.0,300.935635,0.0022597014925374026
2026-05-21 14:25:42.463517+02:00,24.996,301.234906,-0.0017402985074639332
2026-05-21 14:25:42.756343+02:00,25.0,301.527732,0.0022597014925374026
2026-05-21 14:25:43.049708+02:00,24.999,301.821097,0.0012597014925361805
2026-05-21 14:25:43.343755+02:00,24.999,302.115144,0.0012597014925361805
2026-05-21 14:25:43.638055+02:00,24.999,302.409444,0.0012597014925361805
2026-05-21 14:25:43.928496+02:00,24.999,302.699885,0.0012597014925361805
2026-05-21 14:25:44.219532+02:00,25.001,302.990921,0.0032597014925386247
2026-05-21 14:25:44.509027+02:00,25.001,303.280416,0.0032597014925386247
2026-05-21 14:25:44.799741+02:00,25.003,303.57113,0.005259701492537516
2026-05-21 14:25:45.091228+02:00,25.003,303.862617,0.005259701492537516
2026-05-21 14:25:45.380918+02:00,25.005,304.152307,0.007259701492536408
2026-05-21 14:25:45.673592+02:00,25.005,304.444981,0.007259701492536408
2026-05-21 14:25:45.965447+02:00,25.001,304.736836,0.0032597014925386247
2026-05-21 14:25:46.258510+02:00,25.006,305.029899,0.00825970149253763
2026-05-21 14:25:46.557801+02:00,25.006,305.32919,0.00825970149253763
2026-05-21 14:25:46.849485+02:00,25.008,305.620874,0.010259701492536522
2026-05-21 14:25:47.143926+02:00,25.008,305.915315,0.010259701492536522
2026-05-21 14:25:47.434542+02:00,25.009,306.205931,0.011259701492537744
2026-05-21 14:25:47.727016+02:00,25.01,306.498405,0.012259701492538966
2026-05-21 14:25:48.017896+02:00,25.006,306.789285,0.00825970149253763
2026-05-21 14:25:48.307211+02:00,25.006,307.0786,0.00825970149253763
2026-05-21 14:25:48.606909+02:00,25.01,307.378298,0.012259701492538966
2026-05-21 14:25:48.897358+02:00,25.008,307.668747,0.010259701492536522
2026-05-21 14:25:49.188137+02:00,25.008,307.959526,0.010259701492536522
2026-05-21 14:25:49.477731+02:00,25.006,308.24912,0.00825970149253763
2026-05-21 14:25:49.775457+02:00,25.004,308.546846,0.006259701492538738
2026-05-21 14:25:50.065924+02:00,25.009,308.837313,0.011259701492537744
2026-05-21 14:25:50.358835+02:00,25.007,309.130224,0.009259701492538852
2026-05-21 14:25:50.655373+02:00,25.011,309.426762,0.013259701492536635
2026-05-21 14:25:50.945966+02:00,25.011,309.717355,0.013259701492536635
2026-05-21 14:25:51.234681+02:00,25.011,310.00607,0.013259701492536635
2026-05-21 14:25:51.526916+02:00,25.008,310.298305,0.010259701492536522
2026-05-21 14:25:51.825519+02:00,25.013,310.596908,0.01525970149253908
2026-05-21 14:25:52.121982+02:00,25.011,310.893371,0.013259701492536635
2026-05-21 14:25:52.418596+02:00,25.014,311.189985,0.01625970149253675
2026-05-21 14:25:52.709764+02:00,25.011,311.481153,0.013259701492536635
2026-05-21 14:25:53.003593+02:00,25.006,311.774982,0.00825970149253763
2026-05-21 14:25:53.296666+02:00,25.009,312.068055,0.011259701492537744
2026-05-21 14:25:53.590540+02:00,25.006,312.361929,0.00825970149253763
2026-05-21 14:25:53.881804+02:00,25.011,312.653193,0.013259701492536635
2026-05-21 14:25:54.172481+02:00,25.006,312.94387,0.00825970149253763
2026-05-21 14:25:54.474159+02:00,25.009,313.245548,0.011259701492537744
2026-05-21 14:25:54.766659+02:00,25.008,313.538048,0.010259701492536522
2026-05-21 14:25:55.055329+02:00,25.008,313.826718,0.010259701492536522
2026-05-21 14:25:55.347322+02:00,25.004,314.118711,0.006259701492538738
2026-05-21 14:25:55.643820+02:00,25.008,314.415209,0.010259701492536522
2026-05-21 14:25:55.941939+02:00,25.008,314.713328,0.010259701492536522
2026-05-21 14:25:56.239168+02:00,25.006,315.010557,0.00825970149253763
2026-05-21 14:25:56.529308+02:00,25.01,315.300697,0.012259701492538966
2026-05-21 14:25:56.824556+02:00,25.011,315.595945,0.013259701492536635
2026-05-21 14:25:57.125881+02:00,25.006,315.89727,0.00825970149253763
2026-05-21 14:25:57.420043+02:00,25.008,316.191432,0.010259701492536522
2026-05-21 14:25:57.716428+02:00,25.005,316.487817,0.007259701492536408
2026-05-21 14:25:58.007732+02:00,25.003,316.779121,0.005259701492537516
2026-05-21 14:25:58.299092+02:00,25.003,317.070481,0.005259701492537516
2026-05-21 14:25:58.587983+02:00,25.002,317.359372,0.004259701492536294
2026-05-21 14:25:58.896033+02:00,25.003,317.667422,0.005259701492537516
2026-05-21 14:25:59.185587+02:00,25.005,317.956976,0.007259701492536408
2026-05-21 14:25:59.477302+02:00,25.004,318.248691,0.006259701492538738
2026-05-21 14:25:59.776946+02:00,25.003,318.548335,0.005259701492537516
2026-05-21 14:26:00.072086+02:00,25.002,318.843475,0.004259701492536294
2026-05-21 14:26:00.365753+02:00,25.003,319.137142,0.005259701492537516
2026-05-21 14:26:00.658248+02:00,25.003,319.429637,0.005259701492537516
2026-05-21 14:26:00.949016+02:00,25.005,319.720405,0.007259701492536408
2026-05-21 14:26:01.245796+02:00,25.003,320.017185,0.005259701492537516
2026-05-21 14:26:01.543679+02:00,25.005,320.315068,0.007259701492536408
2026-05-21 14:26:01.835074+02:00,25.003,320.606463,0.005259701492537516
2026-05-21 14:26:02.127160+02:00,25.003,320.898549,0.005259701492537516
2026-05-21 14:26:02.418779+02:00,25.002,321.190168,0.004259701492536294
2026-05-21 14:26:02.708326+02:00,25.006,321.479715,0.00825970149253763
2026-05-21 14:26:02.998570+02:00,24.999,321.769959,0.0012597014925361805
2026-05-21 14:26:03.288425+02:00,25.003,322.059814,0.005259701492537516
2026-05-21 14:26:03.580774+02:00,25.002,322.352163,0.004259701492536294
2026-05-21 14:26:03.872387+02:00,24.996,322.643776,-0.0017402985074639332
2026-05-21 14:26:04.171239+02:00,24.999,322.942628,0.0012597014925361805
2026-05-21 14:26:04.461073+02:00,24.999,323.232462,0.0012597014925361805
2026-05-21 14:26:04.751200+02:00,25.004,323.522589,0.006259701492538738
2026-05-21 14:26:05.041804+02:00,25.001,323.813193,0.0032597014925386247
2026-05-21 14:26:05.331967+02:00,25.002,324.103356,0.004259701492536294
2026-05-21 14:26:05.622326+02:00,25.0,324.393715,0.0022597014925374026
2026-05-21 14:26:05.916954+02:00,25.003,324.688343,0.005259701492537516
2026-05-21 14:26:06.211825+02:00,25.001,324.983214,0.0032597014925386247
2026-05-21 14:26:06.504486+02:00,25.003,325.275875,0.005259701492537516
2026-05-21 14:26:06.795027+02:00,24.998,325.566416,0.00025970149253851105
2026-05-21 14:26:07.087308+02:00,25.001,325.858697,0.0032597014925386247
2026-05-21 14:26:07.385701+02:00,25.003,326.15709,0.005259701492537516
2026-05-21 14:26:07.680541+02:00,24.996,326.45193,-0.0017402985074639332
2026-05-21 14:26:07.968375+02:00,24.999,326.739764,0.0012597014925361805
2026-05-21 14:26:08.260304+02:00,24.996,327.031693,-0.0017402985074639332
2026-05-21 14:26:08.561418+02:00,24.998,327.332807,0.00025970149253851105
2026-05-21 14:26:08.861104+02:00,25.002,327.632493,0.004259701492536294
2026-05-21 14:26:09.152680+02:00,24.999,327.924069,0.0012597014925361805
2026-05-21 14:26:09.453614+02:00,25.002,328.225003,0.004259701492536294
2026-05-21 14:26:09.745098+02:00,25.005,328.516487,0.007259701492536408
2026-05-21 14:26:10.039123+02:00,25.003,328.810512,0.005259701492537516
2026-05-21 14:26:10.330775+02:00,25.003,329.102164,0.005259701492537516
2026-05-21 14:26:10.628620+02:00,25.005,329.400009,0.007259701492536408
2026-05-21 14:26:10.918203+02:00,25.001,329.689592,0.0032597014925386247
2026-05-21 14:26:11.211026+02:00,24.999,329.982415,0.0012597014925361805
2026-05-21 14:26:11.511238+02:00,25.001,330.282627,0.0032597014925386247
2026-05-21 14:26:11.808777+02:00,25.003,330.580166,0.005259701492537516
2026-05-21 14:26:12.106195+02:00,25.002,330.877584,0.004259701492536294
2026-05-21 14:26:12.395791+02:00,24.994,331.16718,-0.0037402985074628248
2026-05-21 14:26:12.688084+02:00,24.997,331.459473,-0.0007402985074627111
2026-05-21 14:26:12.976604+02:00,24.996,331.747993,-0.0017402985074639332
2026-05-21 14:26:13.268774+02:00,25.0,332.040163,0.0022597014925374026
2026-05-21 14:26:13.557687+02:00,24.996,332.329076,-0.0017402985074639332
2026-05-21 14:26:13.856867+02:00,25.0,332.628256,0.0022597014925374026
2026-05-21 14:26:14.156522+02:00,25.0,332.927911,0.0022597014925374026
2026-05-21 14:26:14.446766+02:00,24.998,333.218155,0.00025970149253851105
2026-05-21 14:26:14.740100+02:00,25.0,333.511489,0.0022597014925374026
2026-05-21 14:26:15.032118+02:00,24.996,333.803507,-0.0017402985074639332
2026-05-21 14:26:15.322389+02:00,24.997,334.093778,-0.0007402985074627111
2026-05-21 14:26:15.618450+02:00,24.998,334.389839,0.00025970149253851105
2026-05-21 14:26:15.915453+02:00,24.999,334.686842,0.0012597014925361805
2026-05-21 14:26:16.218185+02:00,24.999,334.989574,0.0012597014925361805
2026-05-21 14:26:16.507996+02:00,24.995,335.279385,-0.0027402985074616026
2026-05-21 14:26:16.820250+02:00,24.995,335.591639,-0.0027402985074616026
2026-05-21 14:26:17.115830+02:00,24.994,335.887219,-0.0037402985074628248
2026-05-21 14:26:17.406951+02:00,24.994,336.17834,-0.0037402985074628248
2026-05-21 14:26:17.695260+02:00,24.996,336.466649,-0.0017402985074639332
2026-05-21 14:26:17.987884+02:00,25.001,336.759273,0.0032597014925386247
2026-05-21 14:26:18.279542+02:00,24.998,337.050931,0.00025970149253851105
2026-05-21 14:26:18.572985+02:00,24.995,337.344374,-0.0027402985074616026
2026-05-21 14:26:18.862317+02:00,24.996,337.633706,-0.0017402985074639332
2026-05-21 14:26:19.153362+02:00,24.998,337.924751,0.00025970149253851105
2026-05-21 14:26:19.450793+02:00,24.996,338.222182,-0.0017402985074639332
2026-05-21 14:26:19.749440+02:00,24.991,338.520829,-0.0067402985074629385
2026-05-21 14:26:20.041660+02:00,24.994,338.813049,-0.0037402985074628248
2026-05-21 14:26:20.332388+02:00,24.994,339.103777,-0.0037402985074628248
2026-05-21 14:26:20.628128+02:00,24.995,339.399517,-0.0027402985074616026
2026-05-21 14:26:20.917519+02:00,24.994,339.688908,-0.0037402985074628248
2026-05-21 14:26:21.209433+02:00,24.986,339.980822,-0.011740298507461944
2026-05-21 14:26:21.504885+02:00,24.99,340.276274,-0.007740298507464161
2026-05-21 14:26:21.816369+02:00,24.995,340.587758,-0.0027402985074616026
2026-05-21 14:26:22.116446+02:00,24.994,340.887835,-0.0037402985074628248
2026-05-21 14:26:22.416430+02:00,24.991,341.187819,-0.0067402985074629385
2026-05-21 14:26:22.707878+02:00,24.99,341.479267,-0.007740298507464161
2026-05-21 14:26:23.007493+02:00,24.989,341.778882,-0.00874029850746183
2026-05-21 14:26:23.300532+02:00,24.991,342.071921,-0.0067402985074629385
2026-05-21 14:26:23.592227+02:00,24.989,342.363616,-0.00874029850746183
2026-05-21 14:26:23.886204+02:00,24.991,342.657593,-0.0067402985074629385
2026-05-21 14:26:24.174719+02:00,24.991,342.946108,-0.0067402985074629385
2026-05-21 14:26:24.464573+02:00,24.992,343.235962,-0.005740298507461716
2026-05-21 14:26:24.762677+02:00,24.992,343.534066,-0.005740298507461716
2026-05-21 14:26:25.061647+02:00,24.987,343.833036,-0.010740298507464274
2026-05-21 14:26:25.352729+02:00,24.987,344.124118,-0.010740298507464274
2026-05-21 14:26:25.643819+02:00,24.989,344.415208,-0.00874029850746183
2026-05-21 14:26:25.935733+02:00,24.987,344.707122,-0.010740298507464274
2026-05-21 14:26:26.234155+02:00,24.989,345.005544,-0.00874029850746183
2026-05-21 14:26:26.524452+02:00,24.987,345.295841,-0.010740298507464274
2026-05-21 14:26:26.820508+02:00,24.986,345.591897,-0.011740298507461944
2026-05-21 14:26:27.111631+02:00,24.989,345.88302,-0.00874029850746183
2026-05-21 14:26:27.409077+02:00,24.989,346.180466,-0.00874029850746183
2026-05-21 14:26:27.708223+02:00,24.989,346.479612,-0.00874029850746183
2026-05-21 14:26:28.009765+02:00,24.99,346.781154,-0.007740298507464161
2026-05-21 14:26:28.299918+02:00,24.989,347.071307,-0.00874029850746183
2026-05-21 14:26:28.591744+02:00,24.986,347.363133,-0.011740298507461944
2026-05-21 14:26:28.885731+02:00,24.986,347.65712,-0.011740298507461944
2026-05-21 14:26:29.181466+02:00,24.989,347.952855,-0.00874029850746183
2026-05-21 14:26:29.477606+02:00,24.987,348.248995,-0.010740298507464274
2026-05-21 14:26:29.769024+02:00,24.985,348.540413,-0.012740298507463166
2026-05-21 14:26:30.057912+02:00,24.986,348.829301,-0.011740298507461944
2026-05-21 14:26:30.356822+02:00,24.988,349.128211,-0.009740298507463052
2026-05-21 14:26:30.651976+02:00,24.99,349.423365,-0.007740298507464161
2026-05-21 14:26:30.939978+02:00,24.989,349.711367,-0.00874029850746183
2026-05-21 14:26:31.234711+02:00,24.987,350.0061,-0.010740298507464274
2026-05-21 14:26:31.532474+02:00,24.991,350.303863,-0.0067402985074629385
2026-05-21 14:26:31.823570+02:00,24.991,350.594959,-0.0067402985074629385
2026-05-21 14:26:32.113188+02:00,24.989,350.884577,-0.00874029850746183
2026-05-21 14:26:32.403782+02:00,24.991,351.175171,-0.0067402985074629385
2026-05-21 14:26:32.702213+02:00,24.993,351.473602,-0.004740298507464047
2026-05-21 14:26:33.000831+02:00,24.993,351.77222,-0.004740298507464047
2026-05-21 14:26:33.297829+02:00,24.991,352.069218,-0.0067402985074629385
2026-05-21 14:26:33.589169+02:00,24.991,352.360558,-0.0067402985074629385
2026-05-21 14:26:33.881895+02:00,24.993,352.653284,-0.004740298507464047
2026-05-21 14:26:34.180365+02:00,24.993,352.951754,-0.004740298507464047
2026-05-21 14:26:34.477326+02:00,24.99,353.248715,-0.007740298507464161
2026-05-21 14:26:34.765972+02:00,24.993,353.537361,-0.004740298507464047
2026-05-21 14:26:35.059002+02:00,24.989,353.830391,-0.00874029850746183
2026-05-21 14:26:35.352688+02:00,24.991,354.124077,-0.0067402985074629385
2026-05-21 14:26:35.650045+02:00,24.991,354.421434,-0.0067402985074629385
2026-05-21 14:26:35.951585+02:00,24.994,354.722974,-0.0037402985074628248
2026-05-21 14:26:36.248788+02:00,24.991,355.020177,-0.0067402985074629385
2026-05-21 14:26:36.539189+02:00,24.996,355.310578,-0.0017402985074639332
2026-05-21 14:26:36.832584+02:00,24.996,355.603973,-0.0017402985074639332
2026-05-21 14:26:37.125564+02:00,24.994,355.896953,-0.0037402985074628248
2026-05-21 14:26:37.425327+02:00,24.996,356.196716,-0.0017402985074639332
2026-05-21 14:26:37.716674+02:00,24.996,356.488063,-0.0017402985074639332
2026-05-21 14:26:38.020486+02:00,24.999,356.791875,0.0012597014925361805
2026-05-21 14:26:38.310074+02:00,25.0,357.081463,0.0022597014925374026
2026-05-21 14:26:38.613184+02:00,24.998,357.384573,0.00025970149253851105
2026-05-21 14:26:38.911671+02:00,24.996,357.68306,-0.0017402985074639332
2026-05-21 14:26:39.209240+02:00,24.992,357.980629,-0.005740298507461716
2026-05-21 14:26:39.506666+02:00,24.996,358.278055,-0.0017402985074639332
2026-05-21 14:26:39.796875+02:00,24.995,358.568264,-0.0027402985074616026
2026-05-21 14:26:40.088901+02:00,24.995,358.86029,-0.0027402985074616026
2026-05-21 14:26:40.384344+02:00,24.993,359.155733,-0.004740298507464047
2026-05-21 14:26:40.682219+02:00,24.994,359.453608,-0.0037402985074628248
2026-05-21 14:26:40.975172+02:00,24.996,359.746561,-0.0017402985074639332
2026-05-21 14:26:41.265100+02:00,24.996,360.036489,-0.0017402985074639332
2026-05-21 14:26:41.554865+02:00,24.995,360.326254,-0.0027402985074616026
2026-05-21 14:26:41.845278+02:00,24.996,360.616667,-0.0017402985074639332
2026-05-21 14:26:42.135448+02:00,24.995,360.906837,-0.0027402985074616026
2026-05-21 14:26:42.432704+02:00,24.992,361.204093,-0.005740298507461716
2026-05-21 14:26:42.733627+02:00,24.994,361.505016,-0.0037402985074628248
2026-05-21 14:26:43.026187+02:00,24.994,361.797576,-0.0037402985074628248
2026-05-21 14:26:43.318905+02:00,24.997,362.090294,-0.0007402985074627111
2026-05-21 14:26:43.611599+02:00,24.997,362.382988,-0.0007402985074627111
2026-05-21 14:26:43.903358+02:00,24.993,362.674747,-0.004740298507464047
2026-05-21 14:26:44.193245+02:00,24.996,362.964634,-0.0017402985074639332
2026-05-21 14:26:44.485282+02:00,24.994,363.256671,-0.0037402985074628248
2026-05-21 14:26:44.780775+02:00,24.994,363.552164,-0.0037402985074628248
2026-05-21 14:26:45.073862+02:00,25.0,363.845251,0.0022597014925374026
2026-05-21 14:26:45.363989+02:00,24.999,364.135378,0.0012597014925361805
2026-05-21 14:26:45.654432+02:00,24.997,364.425821,-0.0007402985074627111
2026-05-21 14:26:45.952967+02:00,24.999,364.724356,0.0012597014925361805
2026-05-21 14:26:46.243879+02:00,24.999,365.015268,0.0012597014925361805
2026-05-21 14:26:46.534679+02:00,25.001,365.306068,0.0032597014925386247
2026-05-21 14:26:46.825431+02:00,25.0,365.59682,0.0022597014925374026
2026-05-21 14:26:47.117319+02:00,24.999,365.888708,0.0012597014925361805
2026-05-21 14:26:47.418868+02:00,25.001,366.190257,0.0032597014925386247
2026-05-21 14:26:47.712927+02:00,25.003,366.484316,0.005259701492537516
2026-05-21 14:26:48.002663+02:00,24.999,366.774052,0.0012597014925361805
2026-05-21 14:26:48.296112+02:00,25.001,367.067501,0.0032597014925386247
2026-05-21 14:26:48.589424+02:00,25.001,367.360813,0.0032597014925386247
2026-05-21 14:26:48.883210+02:00,25.001,367.654599,0.0032597014925386247
2026-05-21 14:26:49.181850+02:00,24.999,367.953239,0.0012597014925361805
2026-05-21 14:26:49.474257+02:00,25.0,368.245646,0.0022597014925374026
2026-05-21 14:26:49.764379+02:00,25.006,368.535768,0.00825970149253763
2026-05-21 14:26:50.061579+02:00,24.999,368.832968,0.0012597014925361805
2026-05-21 14:26:50.360794+02:00,25.003,369.132183,0.005259701492537516
2026-05-21 14:26:50.653774+02:00,25.003,369.425163,0.005259701492537516
2026-05-21 14:26:50.955111+02:00,25.001,369.7265,0.0032597014925386247
2026-05-21 14:26:51.255779+02:00,24.999,370.027168,0.0012597014925361805
2026-05-21 14:26:51.552993+02:00,25.002,370.324382,0.004259701492536294
2026-05-21 14:26:51.846717+02:00,25.0,370.618106,0.0022597014925374026
2026-05-21 14:26:52.140928+02:00,25.001,370.912317,0.0032597014925386247
2026-05-21 14:26:52.431115+02:00,25.003,371.202504,0.005259701492537516
2026-05-21 14:26:52.725149+02:00,25.004,371.496538,0.006259701492538738
2026-05-21 14:26:53.024043+02:00,24.999,371.795432,0.0012597014925361805
2026-05-21 14:26:53.315363+02:00,25.001,372.086752,0.0032597014925386247
2026-05-21 14:26:53.613047+02:00,25.002,372.384436,0.004259701492536294
2026-05-21 14:26:53.904737+02:00,25.001,372.676126,0.0032597014925386247
2026-05-21 14:26:54.207827+02:00,25.006,372.979216,0.00825970149253763
2026-05-21 14:26:54.503279+02:00,25.005,373.274668,0.007259701492536408
2026-05-21 14:26:54.803209+02:00,25.005,373.574598,0.007259701492536408
2026-05-21 14:26:55.094903+02:00,25.006,373.866292,0.00825970149253763
2026-05-21 14:26:55.388141+02:00,25.006,374.15953,0.00825970149253763
2026-05-21 14:26:55.680846+02:00,25.008,374.452235,0.010259701492536522
2026-05-21 14:26:55.979331+02:00,25.001,374.75072,0.0032597014925386247
2026-05-21 14:26:56.278813+02:00,25.006,375.050202,0.00825970149253763
2026-05-21 14:26:56.576953+02:00,25.003,375.348342,0.005259701492537516
2026-05-21 14:26:56.869772+02:00,25.004,375.641161,0.006259701492538738
2026-05-21 14:26:57.161216+02:00,25.01,375.932605,0.012259701492538966
2026-05-21 14:26:57.455749+02:00,25.004,376.227138,0.006259701492538738
2026-05-21 14:26:57.752274+02:00,25.007,376.523663,0.009259701492538852
2026-05-21 14:26:58.042311+02:00,25.007,376.8137,0.009259701492538852
2026-05-21 14:26:58.333052+02:00,25.005,377.104441,0.007259701492536408
2026-05-21 14:26:58.626074+02:00,25.007,377.397463,0.009259701492538852
2026-05-21 14:26:58.923774+02:00,25.004,377.695163,0.006259701492538738
2026-05-21 14:26:59.213854+02:00,25.007,377.985243,0.009259701492538852
2026-05-21 14:26:59.504282+02:00,25.006,378.275671,0.00825970149253763
2026-05-21 14:26:59.800110+02:00,25.008,378.571499,0.010259701492536522
2026-05-21 14:27:00.100768+02:00,25.001,378.872157,0.0032597014925386247
2026-05-21 14:27:00.389916+02:00,25.008,379.161305,0.010259701492536522
2026-05-21 14:27:00.685958+02:00,25.01,379.457347,0.012259701492538966
2026-05-21 14:27:00.975292+02:00,25.009,379.746681,0.011259701492537744
2026-05-21 14:27:01.270396+02:00,25.005,380.041785,0.007259701492536408
2026-05-21 14:27:01.560190+02:00,25.004,380.331579,0.006259701492538738
2026-05-21 14:27:01.851158+02:00,25.006,380.622547,0.00825970149253763
2026-05-21 14:27:02.149908+02:00,25.006,380.921297,0.00825970149253763
2026-05-21 14:27:02.443096+02:00,25.008,381.214485,0.010259701492536522
2026-05-21 14:27:02.733140+02:00,25.008,381.504529,0.010259701492536522
2026-05-21 14:27:03.025576+02:00,25.005,381.796965,0.007259701492536408
2026-05-21 14:27:03.322146+02:00,25.003,382.093535,0.005259701492537516
2026-05-21 14:27:03.613441+02:00,25.006,382.38483,0.00825970149253763
2026-05-21 14:27:03.904914+02:00,25.007,382.676303,0.009259701492538852
2026-05-21 14:27:04.202145+02:00,25.004,382.973534,0.006259701492538738
2026-05-21 14:27:04.491780+02:00,25.006,383.263169,0.00825970149253763
2026-05-21 14:27:04.786011+02:00,25.006,383.5574,0.00825970149253763
2026-05-21 14:27:05.083567+02:00,25.003,383.854956,0.005259701492537516
2026-05-21 14:27:05.376928+02:00,25.005,384.148317,0.007259701492536408
2026-05-21 14:27:05.666806+02:00,25.006,384.438195,0.00825970149253763
2026-05-21 14:27:05.958912+02:00,25.003,384.730301,0.005259701492537516
2026-05-21 14:27:06.252745+02:00,25.004,385.024134,0.006259701492538738
2026-05-21 14:27:06.552048+02:00,25.004,385.323437,0.006259701492538738
2026-05-21 14:27:06.856375+02:00,25.006,385.627764,0.00825970149253763
2026-05-21 14:27:07.146339+02:00,25.008,385.917728,0.010259701492536522
2026-05-21 14:27:07.438916+02:00,25.003,386.210305,0.005259701492537516
2026-05-21 14:27:07.730311+02:00,25.004,386.5017,0.006259701492538738
2026-05-21 14:27:08.021453+02:00,25.0,386.792842,0.0022597014925374026
2026-05-21 14:27:08.312988+02:00,25.002,387.084377,0.004259701492536294
2026-05-21 14:27:08.608377+02:00,25.004,387.379766,0.006259701492538738
2026-05-21 14:27:08.899976+02:00,24.999,387.671365,0.0012597014925361805
2026-05-21 14:27:09.199977+02:00,24.999,387.971366,0.0012597014925361805
2026-05-21 14:27:09.494206+02:00,25.005,388.265595,0.007259701492536408
2026-05-21 14:27:09.786493+02:00,25.002,388.557882,0.004259701492536294
2026-05-21 14:27:10.075946+02:00,25.005,388.847335,0.007259701492536408
2026-05-21 14:27:10.368328+02:00,25.008,389.139717,0.010259701492536522
2026-05-21 14:27:10.657349+02:00,25.004,389.428738,0.006259701492538738
2026-05-21 14:27:10.948401+02:00,25.006,389.71979,0.00825970149253763
2026-05-21 14:27:11.250258+02:00,25.003,390.021647,0.005259701492537516
2026-05-21 14:27:11.546234+02:00,25.003,390.317623,0.005259701492537516
2026-05-21 14:27:11.847077+02:00,25.003,390.618466,0.005259701492537516
2026-05-21 14:27:12.146493+02:00,25.006,390.917882,0.00825970149253763
2026-05-21 14:27:12.447819+02:00,25.001,391.219208,0.0032597014925386247
2026-05-21 14:27:12.738516+02:00,25.0,391.509905,0.0022597014925374026
2026-05-21 14:27:13.037556+02:00,25.003,391.808945,0.005259701492537516
2026-05-21 14:27:13.326953+02:00,25.001,392.098342,0.0032597014925386247
2026-05-21 14:27:13.624118+02:00,25.002,392.395507,0.004259701492536294
2026-05-21 14:27:13.919267+02:00,25.003,392.690656,0.005259701492537516
2026-05-21 14:27:14.212716+02:00,25.001,392.984105,0.0032597014925386247
2026-05-21 14:27:14.504103+02:00,25.0,393.275492,0.0022597014925374026
2026-05-21 14:27:14.794927+02:00,24.999,393.566316,0.0012597014925361805
2026-05-21 14:27:15.091926+02:00,24.998,393.863315,0.00025970149253851105
2026-05-21 14:27:15.390634+02:00,24.997,394.162023,-0.0007402985074627111
2026-05-21 14:27:15.687682+02:00,24.999,394.459071,0.0012597014925361805
2026-05-21 14:27:15.988543+02:00,24.998,394.759932,0.00025970149253851105
2026-05-21 14:27:16.286413+02:00,24.996,395.057802,-0.0017402985074639332
2026-05-21 14:27:16.576592+02:00,24.996,395.347981,-0.0017402985074639332
2026-05-21 14:27:16.868005+02:00,24.996,395.639394,-0.0017402985074639332
2026-05-21 14:27:17.162932+02:00,25.002,395.934321,0.004259701492536294
2026-05-21 14:27:17.454318+02:00,25.001,396.225707,0.0032597014925386247
2026-05-21 14:27:17.745530+02:00,24.999,396.516919,0.0012597014925361805
2026-05-21 14:27:18.043014+02:00,25.0,396.814403,0.0022597014925374026
2026-05-21 14:27:18.339079+02:00,24.999,397.110468,0.0012597014925361805
2026-05-21 14:27:18.633476+02:00,24.999,397.404865,0.0012597014925361805
2026-05-21 14:27:18.924197+02:00,25.001,397.695586,0.0032597014925386247
2026-05-21 14:27:19.215549+02:00,25.001,397.986938,0.0032597014925386247
2026-05-21 14:27:19.509657+02:00,24.999,398.281046,0.0012597014925361805
2026-05-21 14:27:19.807900+02:00,25.003,398.579289,0.005259701492537516
2026-05-21 14:27:20.099123+02:00,24.999,398.870512,0.0012597014925361805
2026-05-21 14:27:20.390811+02:00,24.999,399.1622,0.0012597014925361805
2026-05-21 14:27:20.687297+02:00,25.0,399.458686,0.0022597014925374026
2026-05-21 14:27:20.991140+02:00,24.996,399.762529,-0.0017402985074639332
2026-05-21 14:27:21.292472+02:00,25.003,400.063861,0.005259701492537516
2026-05-21 14:27:21.591519+02:00,24.999,400.362908,0.0012597014925361805
2026-05-21 14:27:21.884984+02:00,24.997,400.656373,-0.0007402985074627111
2026-05-21 14:27:22.173710+02:00,25.001,400.945099,0.0032597014925386247
2026-05-21 14:27:22.466933+02:00,25.001,401.238322,0.0032597014925386247
2026-05-21 14:27:22.758411+02:00,24.998,401.5298,0.00025970149253851105
2026-05-21 14:27:23.056375+02:00,24.998,401.827764,0.00025970149253851105
2026-05-21 14:27:23.347689+02:00,25.001,402.119078,0.0032597014925386247
2026-05-21 14:27:23.641461+02:00,25.003,402.41285,0.005259701492537516
2026-05-21 14:27:23.930603+02:00,24.996,402.701992,-0.0017402985074639332
2026-05-21 14:27:24.232680+02:00,25.003,403.004069,0.005259701492537516
2026-05-21 14:27:24.524862+02:00,25.0,403.296251,0.0022597014925374026
2026-05-21 14:27:24.817538+02:00,24.998,403.588927,0.00025970149253851105
2026-05-21 14:27:25.109326+02:00,25.0,403.880715,0.0022597014925374026
2026-05-21 14:27:25.402014+02:00,25.001,404.173403,0.0032597014925386247
2026-05-21 14:27:25.693317+02:00,24.999,404.464706,0.0012597014925361805
2026-05-21 14:27:25.982511+02:00,24.996,404.7539,-0.0017402985074639332
2026-05-21 14:27:26.277337+02:00,24.998,405.048726,0.00025970149253851105
2026-05-21 14:27:26.580435+02:00,24.999,405.351824,0.0012597014925361805
2026-05-21 14:27:26.882646+02:00,24.999,405.654035,0.0012597014925361805
2026-05-21 14:27:27.171979+02:00,24.999,405.943368,0.0012597014925361805
2026-05-21 14:27:27.465455+02:00,25.002,406.236844,0.004259701492536294
2026-05-21 14:27:27.757630+02:00,24.999,406.529019,0.0012597014925361805
2026-05-21 14:27:28.048625+02:00,24.998,406.820014,0.00025970149253851105
2026-05-21 14:27:28.342121+02:00,25.003,407.11351,0.005259701492537516
2026-05-21 14:27:28.639275+02:00,25.0,407.410664,0.0022597014925374026
2026-05-21 14:27:28.934117+02:00,24.999,407.705506,0.0012597014925361805
2026-05-21 14:27:29.225551+02:00,24.997,407.99694,-0.0007402985074627111
2026-05-21 14:27:29.522854+02:00,25.0,408.294243,0.0022597014925374026
2026-05-21 14:27:29.822318+02:00,25.001,408.593707,0.0032597014925386247
2026-05-21 14:27:30.113965+02:00,24.999,408.885354,0.0012597014925361805
2026-05-21 14:27:30.405880+02:00,24.999,409.177269,0.0012597014925361805
2026-05-21 14:27:30.704839+02:00,24.997,409.476228,-0.0007402985074627111
2026-05-21 14:27:30.995894+02:00,24.999,409.767283,0.0012597014925361805
2026-05-21 14:27:31.286224+02:00,24.996,410.057613,-0.0017402985074639332
2026-05-21 14:27:31.583300+02:00,24.999,410.354689,0.0012597014925361805
2026-05-21 14:27:31.872846+02:00,25.002,410.644235,0.004259701492536294
2026-05-21 14:27:32.161960+02:00,25.005,410.933349,0.007259701492536408
2026-05-21 14:27:32.452705+02:00,25.002,411.224094,0.004259701492536294
2026-05-21 14:27:32.746793+02:00,25.001,411.518182,0.0032597014925386247
2026-05-21 14:27:33.045535+02:00,25.0,411.816924,0.0022597014925374026
2026-05-21 14:27:33.334702+02:00,25.002,412.106091,0.004259701492536294
2026-05-21 14:27:33.624474+02:00,24.996,412.395863,-0.0017402985074639332
2026-05-21 14:27:33.924659+02:00,24.996,412.696048,-0.0017402985074639332
2026-05-21 14:27:34.216661+02:00,24.994,412.98805,-0.0037402985074628248
2026-05-21 14:27:34.505982+02:00,24.998,413.277371,0.00025970149253851105
2026-05-21 14:27:34.799801+02:00,24.998,413.57119,0.00025970149253851105
2026-05-21 14:27:35.095388+02:00,25.001,413.866777,0.0032597014925386247
2026-05-21 14:27:35.387900+02:00,24.997,414.159289,-0.0007402985074627111
2026-05-21 14:27:35.677321+02:00,24.999,414.44871,0.0012597014925361805
2026-05-21 14:27:35.970700+02:00,24.994,414.742089,-0.0037402985074628248
2026-05-21 14:27:36.259250+02:00,24.996,415.030639,-0.0017402985074639332
2026-05-21 14:27:36.553670+02:00,25.0,415.325059,0.0022597014925374026
2026-05-21 14:27:36.845975+02:00,24.999,415.617364,0.0012597014925361805
2026-05-21 14:27:37.139686+02:00,24.999,415.911075,0.0012597014925361805
2026-05-21 14:27:37.432659+02:00,25.0,416.204048,0.0022597014925374026
2026-05-21 14:27:37.721801+02:00,24.995,416.49319,-0.0027402985074616026
2026-05-21 14:27:38.012308+02:00,24.997,416.783697,-0.0007402985074627111
2026-05-21 14:27:38.303871+02:00,24.997,417.07526,-0.0007402985074627111
2026-05-21 14:27:38.603731+02:00,25.0,417.37512,0.0022597014925374026
2026-05-21 14:27:38.905636+02:00,25.001,417.677025,0.0032597014925386247
2026-05-21 14:27:39.195003+02:00,24.996,417.966392,-0.0017402985074639332
2026-05-21 14:27:39.488371+02:00,25.0,418.25976,0.0022597014925374026
2026-05-21 14:27:39.781415+02:00,24.996,418.552804,-0.0017402985074639332
2026-05-21 14:27:40.071567+02:00,24.997,418.842956,-0.0007402985074627111
2026-05-21 14:27:40.369923+02:00,24.996,419.141312,-0.0017402985074639332
2026-05-21 14:27:40.668382+02:00,24.999,419.439771,0.0012597014925361805
2026-05-21 14:27:40.966379+02:00,24.995,419.737768,-0.0027402985074616026
2026-05-21 14:27:41.258169+02:00,24.994,420.029558,-0.0037402985074628248
2026-05-21 14:27:41.549297+02:00,24.992,420.320686,-0.005740298507461716
2026-05-21 14:27:41.841584+02:00,24.994,420.612973,-0.0037402985074628248
2026-05-21 14:27:42.140590+02:00,24.995,420.911979,-0.0027402985074616026
2026-05-21 14:27:42.436177+02:00,25.001,421.207566,0.0032597014925386247
2026-05-21 14:27:42.727800+02:00,24.996,421.499189,-0.0017402985074639332
2026-05-21 14:27:43.025374+02:00,24.996,421.796763,-0.0017402985074639332
2026-05-21 14:27:43.321677+02:00,24.994,422.093066,-0.0037402985074628248
2026-05-21 14:27:43.618253+02:00,24.996,422.389642,-0.0017402985074639332
2026-05-21 14:27:43.908764+02:00,24.992,422.680153,-0.005740298507461716
2026-05-21 14:27:44.198944+02:00,24.992,422.970333,-0.005740298507461716
2026-05-21 14:27:44.490157+02:00,24.991,423.261546,-0.0067402985074629385
2026-05-21 14:27:44.782909+02:00,24.994,423.554298,-0.0037402985074628248
2026-05-21 14:27:45.076191+02:00,24.996,423.84758,-0.0017402985074639332
2026-05-21 14:27:45.369703+02:00,24.995,424.141092,-0.0027402985074616026
2026-05-21 14:27:45.663656+02:00,24.994,424.435045,-0.0037402985074628248
2026-05-21 14:27:45.965858+02:00,24.996,424.737247,-0.0017402985074639332
2026-05-21 14:27:46.257245+02:00,24.994,425.028634,-0.0037402985074628248
2026-05-21 14:27:46.545851+02:00,24.994,425.31724,-0.0037402985074628248
2026-05-21 14:27:46.837634+02:00,24.996,425.609023,-0.0017402985074639332
2026-05-21 14:27:47.129026+02:00,24.996,425.900415,-0.0017402985074639332
2026-05-21 14:27:47.439534+02:00,25.0,426.210923,0.0022597014925374026
2026-05-21 14:27:47.740054+02:00,24.997,426.511443,-0.0007402985074627111
2026-05-21 14:27:48.042019+02:00,24.996,426.813408,-0.0017402985074639332
2026-05-21 14:27:48.332730+02:00,24.999,427.104119,0.0012597014925361805
2026-05-21 14:27:48.624706+02:00,24.999,427.396095,0.0012597014925361805
2026-05-21 14:27:48.916105+02:00,24.991,427.687494,-0.0067402985074629385
2026-05-21 14:27:49.211632+02:00,24.995,427.983021,-0.0027402985074616026
2026-05-21 14:27:49.502735+02:00,24.995,428.274124,-0.0027402985074616026
2026-05-21 14:27:49.794203+02:00,24.997,428.565592,-0.0007402985074627111
2026-05-21 14:27:50.090031+02:00,24.994,428.86142,-0.0037402985074628248
2026-05-21 14:27:50.387333+02:00,24.991,429.158722,-0.0067402985074629385
2026-05-21 14:27:50.690899+02:00,24.996,429.462288,-0.0017402985074639332
2026-05-21 14:27:50.989935+02:00,24.994,429.761324,-0.0037402985074628248
2026-05-21 14:27:51.279244+02:00,24.996,430.050633,-0.0017402985074639332
2026-05-21 14:27:51.575233+02:00,24.995,430.346622,-0.0027402985074616026
2026-05-21 14:27:51.868994+02:00,24.991,430.640383,-0.0067402985074629385
2026-05-21 14:27:52.158017+02:00,24.99,430.929406,-0.007740298507464161
2026-05-21 14:27:52.459811+02:00,24.994,431.2312,-0.0037402985074628248
2026-05-21 14:27:52.749867+02:00,24.991,431.521256,-0.0067402985074629385
2026-05-21 14:27:53.044552+02:00,24.997,431.815941,-0.0007402985074627111
2026-05-21 14:27:53.338722+02:00,24.994,432.110111,-0.0037402985074628248
2026-05-21 14:27:53.630242+02:00,24.994,432.401631,-0.0037402985074628248
2026-05-21 14:27:53.928200+02:00,24.996,432.699589,-0.0017402985074639332
2026-05-21 14:27:54.218947+02:00,24.995,432.990336,-0.0027402985074616026
2026-05-21 14:27:54.510191+02:00,24.994,433.28158,-0.0037402985074628248
2026-05-21 14:27:54.805650+02:00,24.995,433.577039,-0.0027402985074616026
2026-05-21 14:27:55.105388+02:00,24.995,433.876777,-0.0027402985074616026
2026-05-21 14:27:55.404267+02:00,24.994,434.175656,-0.0037402985074628248
2026-05-21 14:27:55.694819+02:00,24.999,434.466208,0.0012597014925361805
2026-05-21 14:27:55.987300+02:00,24.993,434.758689,-0.004740298507464047
2026-05-21 14:27:56.277323+02:00,24.996,435.048712,-0.0017402985074639332
2026-05-21 14:27:56.584547+02:00,24.996,435.355936,-0.0017402985074639332
2026-05-21 14:27:56.874103+02:00,24.993,435.645492,-0.004740298507464047
2026-05-21 14:27:57.164374+02:00,24.994,435.935763,-0.0037402985074628248
2026-05-21 14:27:57.461163+02:00,24.996,436.232552,-0.0017402985074639332
2026-05-21 14:27:57.752512+02:00,24.993,436.523901,-0.004740298507464047
2026-05-21 14:27:58.042405+02:00,24.991,436.813794,-0.0067402985074629385
2026-05-21 14:27:58.335605+02:00,24.991,437.106994,-0.0067402985074629385
2026-05-21 14:27:58.626216+02:00,24.991,437.397605,-0.0067402985074629385
2026-05-21 14:27:58.918737+02:00,24.993,437.690126,-0.004740298507464047
2026-05-21 14:27:59.209950+02:00,24.996,437.981339,-0.0017402985074639332
2026-05-21 14:27:59.500062+02:00,24.994,438.271451,-0.0037402985074628248
2026-05-21 14:27:59.795567+02:00,24.994,438.566956,-0.0037402985074628248
2026-05-21 14:28:00.085694+02:00,24.996,438.857083,-0.0017402985074639332
2026-05-21 14:28:00.377795+02:00,24.999,439.149184,0.0012597014925361805
2026-05-21 14:28:00.670104+02:00,24.994,439.441493,-0.0037402985074628248
2026-05-21 14:28:00.961309+02:00,24.999,439.732698,0.0012597014925361805
2026-05-21 14:28:01.260109+02:00,24.994,440.031498,-0.0037402985074628248
2026-05-21 14:28:01.553128+02:00,24.999,440.324517,0.0012597014925361805
2026-05-21 14:28:01.843171+02:00,24.995,440.61456,-0.0027402985074616026
2026-05-21 14:28:02.131797+02:00,24.996,440.903186,-0.0017402985074639332
2026-05-21 14:28:02.429134+02:00,24.993,441.200523,-0.004740298507464047
2026-05-21 14:28:02.718996+02:00,24.991,441.490385,-0.0067402985074629385
2026-05-21 14:28:03.011250+02:00,24.992,441.782639,-0.005740298507461716
2026-05-21 14:28:03.302284+02:00,24.988,442.073673,-0.009740298507463052
2026-05-21 14:28:03.595740+02:00,24.986,442.367129,-0.011740298507461944
2026-05-21 14:28:03.886510+02:00,24.986,442.657899,-0.011740298507461944
2026-05-21 14:28:04.182501+02:00,24.989,442.95389,-0.00874029850746183
2026-05-21 14:28:04.474486+02:00,24.986,443.245875,-0.011740298507461944
2026-05-21 14:28:04.772630+02:00,24.989,443.544019,-0.00874029850746183
2026-05-21 14:28:05.063138+02:00,24.99,443.834527,-0.007740298507464161
2026-05-21 14:28:05.358501+02:00,24.988,444.12989,-0.009740298507463052
2026-05-21 14:28:05.647764+02:00,24.988,444.419153,-0.009740298507463052
2026-05-21 14:28:05.936205+02:00,24.989,444.707594,-0.00874029850746183
2026-05-21 14:28:06.229729+02:00,24.988,445.001118,-0.009740298507463052
2026-05-21 14:28:06.520741+02:00,24.987,445.29213,-0.010740298507464274
2026-05-21 14:28:06.816854+02:00,24.986,445.588243,-0.011740298507461944
2026-05-21 14:28:07.111384+02:00,24.985,445.882773,-0.012740298507463166
2026-05-21 14:28:07.404362+02:00,24.986,446.175751,-0.011740298507461944
2026-05-21 14:28:07.694208+02:00,24.984,446.465597,-0.013740298507460835
2026-05-21 14:28:07.986437+02:00,24.985,446.757826,-0.012740298507463166
2026-05-21 14:28:08.276251+02:00,24.982,447.04764,-0.01574029850746328
2026-05-21 14:28:08.564393+02:00,24.985,447.335782,-0.012740298507463166
2026-05-21 14:28:08.858116+02:00,24.981,447.629505,-0.01674029850746095
2026-05-21 14:28:09.150763+02:00,24.981,447.922152,-0.01674029850746095
2026-05-21 14:28:09.444424+02:00,24.984,448.215813,-0.013740298507460835
2026-05-21 14:28:09.733642+02:00,24.987,448.505031,-0.010740298507464274
2026-05-21 14:28:10.024468+02:00,24.984,448.795857,-0.013740298507460835
2026-05-21 14:28:10.328306+02:00,24.983,449.099695,-0.014740298507462057
2026-05-21 14:28:10.624520+02:00,24.984,449.395909,-0.013740298507460835
2026-05-21 14:28:10.917344+02:00,24.986,449.688733,-0.011740298507461944
2026-05-21 14:28:11.220999+02:00,24.984,449.992388,-0.013740298507460835
2026-05-21 14:28:11.515973+02:00,24.984,450.287362,-0.013740298507460835
2026-05-21 14:28:11.815585+02:00,24.985,450.586974,-0.012740298507463166
2026-05-21 14:28:12.114600+02:00,24.986,450.885989,-0.011740298507461944
2026-05-21 14:28:12.413105+02:00,24.986,451.184494,-0.011740298507461944
2026-05-21 14:28:12.710246+02:00,24.983,451.481635,-0.014740298507462057
2026-05-21 14:28:13.008755+02:00,24.983,451.780144,-0.014740298507462057
2026-05-21 14:28:13.302948+02:00,24.982,452.074337,-0.01574029850746328
2026-05-21 14:28:13.593645+02:00,24.982,452.365034,-0.01574029850746328
2026-05-21 14:28:13.885714+02:00,24.984,452.657103,-0.013740298507460835
2026-05-21 14:28:14.188045+02:00,24.983,452.959434,-0.014740298507462057
2026-05-21 14:28:14.487092+02:00,24.987,453.258481,-0.010740298507464274
2026-05-21 14:28:14.779537+02:00,24.983,453.550926,-0.014740298507462057
2026-05-21 14:28:15.071288+02:00,24.982,453.842677,-0.01574029850746328
2026-05-21 14:28:15.363249+02:00,24.983,454.134638,-0.014740298507462057
2026-05-21 14:28:15.651839+02:00,24.985,454.423228,-0.012740298507463166
2026-05-21 14:28:15.949215+02:00,24.984,454.720604,-0.013740298507460835
2026-05-21 14:28:16.244780+02:00,24.985,455.016169,-0.012740298507463166
2026-05-21 14:28:16.533329+02:00,24.984,455.304718,-0.013740298507460835
2026-05-21 14:28:16.832127+02:00,24.984,455.603516,-0.013740298507460835
2026-05-21 14:28:17.129401+02:00,24.986,455.90079,-0.011740298507461944
2026-05-21 14:28:17.423846+02:00,24.987,456.195235,-0.010740298507464274
2026-05-21 14:28:17.720734+02:00,24.986,456.492123,-0.011740298507461944
2026-05-21 14:28:18.010961+02:00,24.988,456.78235,-0.009740298507463052
2026-05-21 14:28:18.301070+02:00,24.988,457.072459,-0.009740298507463052
2026-05-21 14:28:18.596168+02:00,24.986,457.367557,-0.011740298507461944
2026-05-21 14:28:18.887367+02:00,24.988,457.658756,-0.009740298507463052
2026-05-21 14:28:19.185967+02:00,24.989,457.957356,-0.00874029850746183
2026-05-21 14:28:19.483888+02:00,24.984,458.255277,-0.013740298507460835
2026-05-21 14:28:19.782899+02:00,24.987,458.554288,-0.010740298507464274
2026-05-21 14:28:20.072502+02:00,24.989,458.843891,-0.00874029850746183
2026-05-21 14:28:20.364946+02:00,24.988,459.136335,-0.009740298507463052
2026-05-21 14:28:20.661420+02:00,24.987,459.432809,-0.010740298507464274
2026-05-21 14:28:20.956672+02:00,24.988,459.728061,-0.009740298507463052
2026-05-21 14:28:21.250845+02:00,24.984,460.022234,-0.013740298507460835
2026-05-21 14:28:21.543597+02:00,24.986,460.314986,-0.011740298507461944
2026-05-21 14:28:21.834185+02:00,24.987,460.605574,-0.010740298507464274
2026-05-21 14:28:22.122604+02:00,24.985,460.893993,-0.012740298507463166
2026-05-21 14:28:22.415874+02:00,24.983,461.187263,-0.014740298507462057
2026-05-21 14:28:22.713916+02:00,24.989,461.485305,-0.00874029850746183
2026-05-21 14:28:23.014595+02:00,24.985,461.785984,-0.012740298507463166
2026-05-21 14:28:23.308224+02:00,24.986,462.079613,-0.011740298507461944
2026-05-21 14:28:23.607916+02:00,24.99,462.379305,-0.007740298507464161
2026-05-21 14:28:23.897984+02:00,24.984,462.669373,-0.013740298507460835
2026-05-21 14:28:24.193021+02:00,24.987,462.96441,-0.010740298507464274
2026-05-21 14:28:24.483574+02:00,24.991,463.254963,-0.0067402985074629385
2026-05-21 14:28:24.776504+02:00,24.989,463.547893,-0.00874029850746183
2026-05-21 14:28:25.066616+02:00,24.991,463.838005,-0.0067402985074629385
2026-05-21 14:28:25.360064+02:00,24.989,464.131453,-0.00874029850746183
2026-05-21 14:28:25.650226+02:00,24.989,464.421615,-0.00874029850746183
2026-05-21 14:28:25.943787+02:00,24.993,464.715176,-0.004740298507464047
2026-05-21 14:28:26.248794+02:00,24.994,465.020183,-0.0037402985074628248
2026-05-21 14:28:26.545616+02:00,24.993,465.317005,-0.004740298507464047
2026-05-21 14:28:26.835586+02:00,24.989,465.606975,-0.00874029850746183
2026-05-21 14:28:27.125499+02:00,24.989,465.896888,-0.00874029850746183
2026-05-21 14:28:27.417031+02:00,24.993,466.18842,-0.004740298507464047
2026-05-21 14:28:27.705629+02:00,24.992,466.477018,-0.005740298507461716
2026-05-21 14:28:27.996952+02:00,24.994,466.768341,-0.0037402985074628248
2026-05-21 14:28:28.287656+02:00,24.989,467.059045,-0.00874029850746183
2026-05-21 14:28:28.583438+02:00,24.99,467.354827,-0.007740298507464161
2026-05-21 14:28:28.874308+02:00,24.988,467.645697,-0.009740298507463052
2026-05-21 14:28:29.165784+02:00,24.991,467.937173,-0.0067402985074629385
2026-05-21 14:28:29.461828+02:00,24.991,468.233217,-0.0067402985074629385
2026-05-21 14:28:29.752530+02:00,24.989,468.523919,-0.00874029850746183
2026-05-21 14:28:30.043698+02:00,24.991,468.815087,-0.0067402985074629385
2026-05-21 14:28:30.334601+02:00,24.989,469.10599,-0.00874029850746183
2026-05-21 14:28:30.626485+02:00,24.989,469.397874,-0.00874029850746183
2026-05-21 14:28:30.919599+02:00,24.989,469.690988,-0.00874029850746183
2026-05-21 14:28:31.215449+02:00,24.987,469.986838,-0.010740298507464274
2026-05-21 14:28:31.503445+02:00,24.991,470.274834,-0.0067402985074629385
2026-05-21 14:28:31.794989+02:00,24.994,470.566378,-0.0037402985074628248
2026-05-21 14:28:32.092095+02:00,24.994,470.863484,-0.0037402985074628248
2026-05-21 14:28:32.385321+02:00,24.991,471.15671,-0.0067402985074629385
2026-05-21 14:28:32.674064+02:00,24.993,471.445453,-0.004740298507464047
2026-05-21 14:28:32.965049+02:00,24.994,471.736438,-0.0037402985074628248
2026-05-21 14:28:33.256978+02:00,24.997,472.028367,-0.0007402985074627111
2026-05-21 14:28:33.546227+02:00,24.991,472.317616,-0.0067402985074629385
2026-05-21 14:28:33.834660+02:00,24.992,472.606049,-0.005740298507461716
2026-05-21 14:28:34.128866+02:00,24.994,472.900255,-0.0037402985074628248
2026-05-21 14:28:34.418536+02:00,24.992,473.189925,-0.005740298507461716
2026-05-21 14:28:34.710193+02:00,24.989,473.481582,-0.00874029850746183
2026-05-21 14:28:35.006095+02:00,24.993,473.777484,-0.004740298507464047
2026-05-21 14:28:35.307770+02:00,24.995,474.079159,-0.0027402985074616026
2026-05-21 14:28:35.596529+02:00,24.994,474.367918,-0.0037402985074628248
2026-05-21 14:28:35.889193+02:00,24.992,474.660582,-0.005740298507461716
2026-05-21 14:28:36.185799+02:00,24.997,474.957188,-0.0007402985074627111
2026-05-21 14:28:36.474360+02:00,24.996,475.245749,-0.0017402985074639332
2026-05-21 14:28:36.765704+02:00,24.997,475.537093,-0.0007402985074627111
2026-05-21 14:28:37.057854+02:00,24.996,475.829243,-0.0017402985074639332
2026-05-21 14:28:37.351334+02:00,24.995,476.122723,-0.0027402985074616026
2026-05-21 14:28:37.639832+02:00,24.99,476.411221,-0.007740298507464161
2026-05-21 14:28:37.930583+02:00,24.992,476.701972,-0.005740298507461716
2026-05-21 14:28:38.223814+02:00,24.99,476.995203,-0.007740298507464161
2026-05-21 14:28:38.513387+02:00,24.996,477.284776,-0.0017402985074639332
2026-05-21 14:28:38.802969+02:00,24.992,477.574358,-0.005740298507461716
2026-05-21 14:28:39.095008+02:00,24.997,477.866397,-0.0007402985074627111
2026-05-21 14:28:39.383085+02:00,24.999,478.154474,0.0012597014925361805
2026-05-21 14:28:39.682950+02:00,24.991,478.454339,-0.0067402985074629385
2026-05-21 14:28:39.973923+02:00,24.994,478.745312,-0.0037402985074628248
2026-05-21 14:28:40.266728+02:00,24.996,479.038117,-0.0017402985074639332
2026-05-21 14:28:40.557141+02:00,24.995,479.32853,-0.0027402985074616026
2026-05-21 14:28:40.851780+02:00,24.999,479.623169,0.0012597014925361805
2026-05-21 14:28:41.144392+02:00,25.001,479.915781,0.0032597014925386247
2026-05-21 14:28:41.442193+02:00,24.994,480.213582,-0.0037402985074628248
2026-05-21 14:28:41.735962+02:00,24.996,480.507351,-0.0017402985074639332
2026-05-21 14:28:42.027708+02:00,25.0,480.799097,0.0022597014925374026
2026-05-21 14:28:42.321200+02:00,24.994,481.092589,-0.0037402985074628248
2026-05-21 14:28:42.612037+02:00,24.996,481.383426,-0.0017402985074639332
2026-05-21 14:28:42.904127+02:00,24.995,481.675516,-0.0027402985074616026
2026-05-21 14:28:43.197368+02:00,24.991,481.968757,-0.0067402985074629385
2026-05-21 14:28:43.496614+02:00,24.994,482.268003,-0.0037402985074628248
2026-05-21 14:28:43.798737+02:00,24.997,482.570126,-0.0007402985074627111
2026-05-21 14:28:44.087854+02:00,24.994,482.859243,-0.0037402985074628248
2026-05-21 14:28:44.379536+02:00,24.996,483.150925,-0.0017402985074639332
2026-05-21 14:28:44.670516+02:00,24.998,483.441905,0.00025970149253851105
2026-05-21 14:28:44.962125+02:00,24.994,483.733514,-0.0037402985074628248
2026-05-21 14:28:45.252544+02:00,24.994,484.023933,-0.0037402985074628248
2026-05-21 14:28:45.551071+02:00,24.998,484.32246,0.00025970149253851105
2026-05-21 14:28:45.847438+02:00,24.989,484.618827,-0.00874029850746183
2026-05-21 14:28:46.146525+02:00,24.994,484.917914,-0.0037402985074628248
2026-05-21 14:28:46.447258+02:00,24.991,485.218647,-0.0067402985074629385
2026-05-21 14:28:46.744522+02:00,24.992,485.515911,-0.005740298507461716
2026-05-21 14:28:47.044498+02:00,24.996,485.815887,-0.0017402985074639332
2026-05-21 14:28:47.335198+02:00,24.996,486.106587,-0.0017402985074639332
2026-05-21 14:28:47.625438+02:00,24.994,486.396827,-0.0037402985074628248
2026-05-21 14:28:47.919126+02:00,24.991,486.690515,-0.0067402985074629385
2026-05-21 14:28:48.210676+02:00,24.995,486.982065,-0.0027402985074616026
2026-05-21 14:28:48.502264+02:00,24.994,487.273653,-0.0037402985074628248
2026-05-21 14:28:48.795757+02:00,24.996,487.567146,-0.0017402985074639332
2026-05-21 14:28:49.096816+02:00,24.998,487.868205,0.00025970149253851105
2026-05-21 14:28:49.388020+02:00,24.998,488.159409,0.00025970149253851105
2026-05-21 14:28:49.690150+02:00,24.995,488.461539,-0.0027402985074616026
2026-05-21 14:28:49.990255+02:00,24.994,488.761644,-0.0037402985074628248
2026-05-21 14:28:50.281150+02:00,24.993,489.052539,-0.004740298507464047
2026-05-21 14:28:50.572711+02:00,24.996,489.3441,-0.0017402985074639332
2026-05-21 14:28:50.868354+02:00,24.995,489.639743,-0.0027402985074616026
2026-05-21 14:28:51.159483+02:00,24.994,489.930872,-0.0037402985074628248
2026-05-21 14:28:51.449850+02:00,24.998,490.221239,0.00025970149253851105
2026-05-21 14:28:51.741380+02:00,24.996,490.512769,-0.0017402985074639332
2026-05-21 14:28:52.035990+02:00,24.997,490.807379,-0.0007402985074627111
2026-05-21 14:28:52.333250+02:00,24.996,491.104639,-0.0017402985074639332
2026-05-21 14:28:52.627888+02:00,24.998,491.399277,0.00025970149253851105
2026-05-21 14:28:52.921642+02:00,24.999,491.693031,0.0012597014925361805
2026-05-21 14:28:53.220811+02:00,24.999,491.9922,0.0012597014925361805
2026-05-21 14:28:53.512557+02:00,24.999,492.283946,0.0012597014925361805
2026-05-21 14:28:53.804098+02:00,25.001,492.575487,0.0032597014925386247
2026-05-21 14:28:54.095480+02:00,24.999,492.866869,0.0012597014925361805
2026-05-21 14:28:54.387086+02:00,25.0,493.158475,0.0022597014925374026
2026-05-21 14:28:54.687635+02:00,24.999,493.459024,0.0012597014925361805
2026-05-21 14:28:54.981490+02:00,25.001,493.752879,0.0032597014925386247
2026-05-21 14:28:55.273513+02:00,25.002,494.044902,0.004259701492536294
2026-05-21 14:28:55.565335+02:00,25.004,494.336724,0.006259701492538738
2026-05-21 14:28:55.859446+02:00,25.004,494.630835,0.006259701492538738
2026-05-21 14:28:56.149468+02:00,25.008,494.920857,0.010259701492536522
2026-05-21 14:28:56.447477+02:00,25.006,495.218866,0.00825970149253763
2026-05-21 14:28:56.739585+02:00,25.01,495.510974,0.012259701492538966
2026-05-21 14:28:57.032019+02:00,25.006,495.803408,0.00825970149253763
2026-05-21 14:28:57.332300+02:00,25.011,496.103689,0.013259701492536635
2026-05-21 14:28:57.625509+02:00,25.007,496.396898,0.009259701492538852
2026-05-21 14:28:57.915362+02:00,25.006,496.686751,0.00825970149253763
2026-05-21 14:28:58.204492+02:00,25.009,496.975881,0.011259701492537744
2026-05-21 14:28:58.496659+02:00,25.008,497.268048,0.010259701492536522
2026-05-21 14:28:58.786000+02:00,25.008,497.557389,0.010259701492536522
2026-05-21 14:28:59.080454+02:00,25.008,497.851843,0.010259701492536522
2026-05-21 14:28:59.370961+02:00,25.006,498.14235,0.00825970149253763
2026-05-21 14:28:59.674681+02:00,25.009,498.44607,0.011259701492537744
2026-05-21 14:28:59.966383+02:00,25.009,498.737772,0.011259701492537744
2026-05-21 14:29:00.255652+02:00,25.01,499.027041,0.012259701492538966
2026-05-21 14:29:00.547942+02:00,25.01,499.319331,0.012259701492538966
2026-05-21 14:29:00.841021+02:00,25.008,499.61241,0.010259701492536522
2026-05-21 14:29:01.134648+02:00,25.007,499.906037,0.009259701492538852
2026-05-21 14:29:01.424802+02:00,25.013,500.196191,0.01525970149253908
2026-05-21 14:29:01.719050+02:00,25.011,500.490439,0.013259701492536635
2026-05-21 14:29:02.013113+02:00,25.012,500.784502,0.014259701492537857
2026-05-21 14:29:02.308550+02:00,25.014,501.079939,0.01625970149253675
2026-05-21 14:29:02.599133+02:00,25.013,501.370522,0.01525970149253908
2026-05-21 14:29:02.892536+02:00,25.01,501.663925,0.012259701492538966
2026-05-21 14:29:03.184303+02:00,25.015,501.955692,0.01725970149253797
2026-05-21 14:29:03.477503+02:00,25.012,502.248892,0.014259701492537857
2026-05-21 14:29:03.767204+02:00,25.018,502.538593,0.020259701492538085
2026-05-21 14:29:04.057134+02:00,25.013,502.828523,0.01525970149253908
2026-05-21 14:29:04.354792+02:00,25.015,503.126181,0.01725970149253797
2026-05-21 14:29:04.643707+02:00,25.014,503.415096,0.01625970149253675
2026-05-21 14:29:04.950724+02:00,25.016,503.722113,0.01825970149253564
2026-05-21 14:29:05.243144+02:00,25.014,504.014533,0.01625970149253675
2026-05-21 14:29:05.534818+02:00,25.015,504.306207,0.01725970149253797
2026-05-21 14:29:05.825163+02:00,25.017,504.596552,0.019259701492536863
2026-05-21 14:29:06.113533+02:00,25.013,504.884922,0.01525970149253908
2026-05-21 14:29:06.405839+02:00,25.013,505.177228,0.01525970149253908
2026-05-21 14:29:06.695047+02:00,25.013,505.466436,0.01525970149253908
2026-05-21 14:29:06.991004+02:00,25.013,505.762393,0.01525970149253908
2026-05-21 14:29:07.281796+02:00,25.016,506.053185,0.01825970149253564
2026-05-21 14:29:07.572385+02:00,25.016,506.343774,0.01825970149253564
2026-05-21 14:29:07.866983+02:00,25.016,506.638372,0.01825970149253564
2026-05-21 14:29:08.155472+02:00,25.013,506.926861,0.01525970149253908
2026-05-21 14:29:08.446074+02:00,25.013,507.217463,0.01525970149253908
2026-05-21 14:29:08.744090+02:00,25.015,507.515479,0.01725970149253797
2026-05-21 14:29:09.041026+02:00,25.016,507.812415,0.01825970149253564
2026-05-21 14:29:09.341357+02:00,25.013,508.112746,0.01525970149253908
2026-05-21 14:29:09.643705+02:00,25.013,508.415094,0.01525970149253908
2026-05-21 14:29:09.936766+02:00,25.015,508.708155,0.01725970149253797
2026-05-21 14:29:10.229299+02:00,25.013,509.000688,0.01525970149253908
2026-05-21 14:29:10.521124+02:00,25.018,509.292513,0.020259701492538085
2026-05-21 14:29:10.818601+02:00,25.013,509.58999,0.01525970149253908
2026-05-21 14:29:11.112855+02:00,25.013,509.884244,0.01525970149253908
2026-05-21 14:29:11.406328+02:00,25.013,510.177717,0.01525970149253908
2026-05-21 14:29:11.698258+02:00,25.011,510.469647,0.013259701492536635
2026-05-21 14:29:11.992389+02:00,25.009,510.763778,0.011259701492537744
2026-05-21 14:29:12.284675+02:00,25.007,511.056064,0.009259701492538852
2026-05-21 14:29:12.575055+02:00,25.013,511.346444,0.01525970149253908
2026-05-21 14:29:12.867236+02:00,25.011,511.638625,0.013259701492536635
2026-05-21 14:29:13.160121+02:00,25.008,511.93151,0.010259701492536522
2026-05-21 14:29:13.460247+02:00,25.005,512.231636,0.007259701492536408
2026-05-21 14:29:13.763276+02:00,25.007,512.534665,0.009259701492538852
2026-05-21 14:29:14.061772+02:00,25.006,512.833161,0.00825970149253763
2026-05-21 14:29:14.352832+02:00,25.007,513.124221,0.009259701492538852
2026-05-21 14:29:14.644525+02:00,25.007,513.415914,0.009259701492538852
2026-05-21 14:29:14.934495+02:00,25.008,513.705884,0.010259701492536522
2026-05-21 14:29:15.235860+02:00,25.006,514.007249,0.00825970149253763
2026-05-21 14:29:15.536574+02:00,25.002,514.307963,0.004259701492536294
2026-05-21 14:29:15.831386+02:00,25.004,514.602775,0.006259701492538738
2026-05-21 14:29:16.125188+02:00,25.005,514.896577,0.007259701492536408
2026-05-21 14:29:16.415200+02:00,25.003,515.186589,0.005259701492537516
2026-05-21 14:29:16.706989+02:00,25.003,515.478378,0.005259701492537516
2026-05-21 14:29:17.000025+02:00,25.001,515.771414,0.0032597014925386247
2026-05-21 14:29:17.296313+02:00,25.001,516.067702,0.0032597014925386247
2026-05-21 14:29:17.593661+02:00,25.0,516.36505,0.0022597014925374026
2026-05-21 14:29:17.887350+02:00,25.002,516.658739,0.004259701492536294
2026-05-21 14:29:18.179345+02:00,25.001,516.950734,0.0032597014925386247
2026-05-21 14:29:18.479118+02:00,25.001,517.250507,0.0032597014925386247
2026-05-21 14:29:18.776122+02:00,25.006,517.547511,0.00825970149253763
2026-05-21 14:29:19.073975+02:00,25.001,517.845364,0.0032597014925386247
2026-05-21 14:29:19.366210+02:00,25.004,518.137599,0.006259701492538738
2026-05-21 14:29:19.666387+02:00,25.0,518.437776,0.0022597014925374026
2026-05-21 14:29:19.954953+02:00,24.997,518.726342,-0.0007402985074627111
2026-05-21 14:29:20.253904+02:00,25.006,519.025293,0.00825970149253763
2026-05-21 14:29:20.546664+02:00,25.003,519.318053,0.005259701492537516
2026-05-21 14:29:20.838003+02:00,25.001,519.609392,0.0032597014925386247
2026-05-21 14:29:21.130747+02:00,25.0,519.902136,0.0022597014925374026
2026-05-21 14:29:21.424519+02:00,24.999,520.195908,0.0012597014925361805
2026-05-21 14:29:21.718721+02:00,25.001,520.49011,0.0032597014925386247
2026-05-21 14:29:22.008930+02:00,24.999,520.780319,0.0012597014925361805
2026-05-21 14:29:22.299762+02:00,24.996,521.071151,-0.0017402985074639332
2026-05-21 14:29:22.594667+02:00,24.994,521.366056,-0.0037402985074628248
2026-05-21 14:29:22.893442+02:00,24.997,521.664831,-0.0007402985074627111
2026-05-21 14:29:23.182627+02:00,24.997,521.954016,-0.0007402985074627111
2026-05-21 14:29:23.474980+02:00,25.001,522.246369,0.0032597014925386247
2026-05-21 14:29:23.763670+02:00,24.999,522.535059,0.0012597014925361805
2026-05-21 14:29:24.057188+02:00,24.997,522.828577,-0.0007402985074627111
2026-05-21 14:29:24.350915+02:00,25.003,523.122304,0.005259701492537516
2026-05-21 14:29:24.640150+02:00,25.001,523.411539,0.0032597014925386247
2026-05-21 14:29:24.940058+02:00,24.998,523.711447,0.00025970149253851105
2026-05-21 14:29:25.234388+02:00,25.003,524.005777,0.005259701492537516
2026-05-21 14:29:25.528487+02:00,24.999,524.299876,0.0012597014925361805
2026-05-21 14:29:25.818454+02:00,24.999,524.589843,0.0012597014925361805
2026-05-21 14:29:26.107872+02:00,25.002,524.879261,0.004259701492536294
2026-05-21 14:29:26.398027+02:00,24.996,525.169416,-0.0017402985074639332
2026-05-21 14:29:26.689889+02:00,24.996,525.461278,-0.0017402985074639332
2026-05-21 14:29:26.980514+02:00,24.994,525.751903,-0.0037402985074628248
2026-05-21 14:29:27.273119+02:00,24.992,526.044508,-0.005740298507461716
2026-05-21 14:29:27.567395+02:00,24.996,526.338784,-0.0017402985074639332
2026-05-21 14:29:27.856072+02:00,24.991,526.627461,-0.0067402985074629385
2026-05-21 14:29:28.147151+02:00,24.994,526.91854,-0.0037402985074628248
2026-05-21 14:29:28.444651+02:00,24.991,527.21604,-0.0067402985074629385
2026-05-21 14:29:28.744262+02:00,24.992,527.515651,-0.005740298507461716
2026-05-21 14:29:29.032866+02:00,24.991,527.804255,-0.0067402985074629385
2026-05-21 14:29:29.332549+02:00,24.99,528.103938,-0.007740298507464161
2026-05-21 14:29:29.624112+02:00,24.989,528.395501,-0.00874029850746183
2026-05-21 14:29:29.923574+02:00,24.992,528.694963,-0.005740298507461716
2026-05-21 14:29:30.215806+02:00,24.99,528.987195,-0.007740298507464161
2026-05-21 14:29:30.505560+02:00,24.988,529.276949,-0.009740298507463052
2026-05-21 14:29:30.797663+02:00,24.988,529.569052,-0.009740298507463052
2026-05-21 14:29:31.095766+02:00,24.984,529.867155,-0.013740298507460835
2026-05-21 14:29:31.389169+02:00,24.986,530.160558,-0.011740298507461944
2026-05-21 14:29:31.678347+02:00,24.987,530.449736,-0.010740298507464274
2026-05-21 14:29:31.970843+02:00,24.985,530.742232,-0.012740298507463166
2026-05-21 14:29:32.268353+02:00,24.985,531.039742,-0.012740298507463166
2026-05-21 14:29:32.568159+02:00,24.984,531.339548,-0.013740298507460835
2026-05-21 14:29:32.856449+02:00,24.983,531.627838,-0.014740298507462057
2026-05-21 14:29:33.155155+02:00,24.986,531.926544,-0.011740298507461944
2026-05-21 14:29:33.453224+02:00,24.986,532.224613,-0.011740298507461944
2026-05-21 14:29:33.743505+02:00,24.98,532.514894,-0.01774029850746217
2026-05-21 14:29:34.036535+02:00,24.984,532.807924,-0.013740298507460835
2026-05-21 14:29:34.329783+02:00,24.986,533.101172,-0.011740298507461944
2026-05-21 14:29:34.622734+02:00,24.984,533.394123,-0.013740298507460835
2026-05-21 14:29:34.914012+02:00,24.984,533.685401,-0.013740298507460835
2026-05-21 14:29:35.206031+02:00,24.984,533.97742,-0.013740298507460835
2026-05-21 14:29:35.506661+02:00,24.986,534.27805,-0.011740298507461944
2026-05-21 14:29:35.804975+02:00,24.985,534.576364,-0.012740298507463166
2026-05-21 14:29:36.104029+02:00,24.982,534.875418,-0.01574029850746328
2026-05-21 14:29:36.402083+02:00,24.985,535.173472,-0.012740298507463166
2026-05-21 14:29:36.704881+02:00,24.984,535.47627,-0.013740298507460835
2026-05-21 14:29:37.006271+02:00,24.985,535.77766,-0.012740298507463166
2026-05-21 14:29:37.306782+02:00,24.985,536.078171,-0.012740298507463166
2026-05-21 14:29:37.597703+02:00,24.986,536.369092,-0.011740298507461944
2026-05-21 14:29:37.891946+02:00,24.981,536.663335,-0.01674029850746095
2026-05-21 14:29:38.184727+02:00,24.984,536.956116,-0.013740298507460835
2026-05-21 14:29:38.483528+02:00,24.985,537.254917,-0.012740298507463166
2026-05-21 14:29:38.777423+02:00,24.989,537.548812,-0.00874029850746183
2026-05-21 14:29:39.073875+02:00,24.982,537.845264,-0.01574029850746328
2026-05-21 14:29:39.371725+02:00,24.983,538.143114,-0.014740298507462057
2026-05-21 14:29:39.661935+02:00,24.986,538.433324,-0.011740298507461944
2026-05-21 14:29:39.954587+02:00,24.985,538.725976,-0.012740298507463166
2026-05-21 14:29:40.252190+02:00,24.982,539.023579,-0.01574029850746328
2026-05-21 14:29:40.545596+02:00,24.984,539.316985,-0.013740298507460835
2026-05-21 14:29:40.835150+02:00,24.982,539.606539,-0.01574029850746328
2026-05-21 14:29:41.127657+02:00,24.98,539.899046,-0.01774029850746217
2026-05-21 14:29:41.422765+02:00,24.983,540.194154,-0.014740298507462057
2026-05-21 14:29:41.719620+02:00,24.984,540.491009,-0.013740298507460835
2026-05-21 14:29:42.018420+02:00,24.986,540.789809,-0.011740298507461944
2026-05-21 14:29:42.310974+02:00,24.985,541.082363,-0.012740298507463166
2026-05-21 14:29:42.600548+02:00,24.979,541.371937,-0.018740298507463393
2026-05-21 14:29:42.896998+02:00,24.984,541.668387,-0.013740298507460835
2026-05-21 14:29:43.195178+02:00,24.986,541.966567,-0.011740298507461944
2026-05-21 14:29:43.486439+02:00,24.983,542.257828,-0.014740298507462057
2026-05-21 14:29:43.778115+02:00,24.986,542.549504,-0.011740298507461944
2026-05-21 14:29:44.068607+02:00,24.986,542.839996,-0.011740298507461944
2026-05-21 14:29:44.366505+02:00,24.985,543.137894,-0.012740298507463166
2026-05-21 14:29:44.655857+02:00,24.982,543.427246,-0.01574029850746328
2026-05-21 14:29:44.950755+02:00,24.979,543.722144,-0.018740298507463393
2026-05-21 14:29:45.250317+02:00,24.986,544.021706,-0.011740298507461944
2026-05-21 14:29:45.541868+02:00,24.982,544.313257,-0.01574029850746328
2026-05-21 14:29:45.835787+02:00,24.984,544.607176,-0.013740298507460835
2026-05-21 14:29:46.126584+02:00,24.987,544.897973,-0.010740298507464274
2026-05-21 14:29:46.418625+02:00,24.981,545.190014,-0.01674029850746095
2026-05-21 14:29:46.708857+02:00,24.985,545.480246,-0.012740298507463166
2026-05-21 14:29:47.007746+02:00,24.985,545.779135,-0.012740298507463166
2026-05-21 14:29:47.297310+02:00,24.984,546.068699,-0.013740298507460835
2026-05-21 14:29:47.588809+02:00,24.984,546.360198,-0.013740298507460835
2026-05-21 14:29:47.878962+02:00,24.984,546.650351,-0.013740298507460835
2026-05-21 14:29:48.173421+02:00,24.986,546.94481,-0.011740298507461944
2026-05-21 14:29:48.477021+02:00,24.981,547.24841,-0.01674029850746095
2026-05-21 14:29:48.777378+02:00,24.981,547.548767,-0.01674029850746095
2026-05-21 14:29:49.068480+02:00,24.986,547.839869,-0.011740298507461944
2026-05-21 14:29:49.357472+02:00,24.986,548.128861,-0.011740298507461944
2026-05-21 14:29:49.651776+02:00,24.983,548.423165,-0.014740298507462057
2026-05-21 14:29:49.946088+02:00,24.984,548.717477,-0.013740298507460835
2026-05-21 14:29:50.235748+02:00,24.983,549.007137,-0.014740298507462057
2026-05-21 14:29:50.533477+02:00,24.985,549.304866,-0.012740298507463166
2026-05-21 14:29:50.822387+02:00,24.984,549.593776,-0.013740298507460835
2026-05-21 14:29:51.114858+02:00,24.99,549.886247,-0.007740298507464161
2026-05-21 14:29:51.406003+02:00,24.984,550.177392,-0.013740298507460835
2026-05-21 14:29:51.697092+02:00,24.984,550.468481,-0.013740298507460835
2026-05-21 14:29:51.986165+02:00,24.983,550.757554,-0.014740298507462057
2026-05-21 14:29:52.280062+02:00,24.986,551.051451,-0.011740298507461944
2026-05-21 14:29:52.571804+02:00,24.989,551.343193,-0.00874029850746183
2026-05-21 14:29:52.862214+02:00,24.986,551.633603,-0.011740298507461944
2026-05-21 14:29:53.156444+02:00,24.989,551.927833,-0.00874029850746183
2026-05-21 14:29:53.455557+02:00,24.985,552.226946,-0.012740298507463166
2026-05-21 14:29:53.756779+02:00,24.985,552.528168,-0.012740298507463166
2026-05-21 14:29:54.054709+02:00,24.991,552.826098,-0.0067402985074629385
2026-05-21 14:29:54.346244+02:00,24.991,553.117633,-0.0067402985074629385
2026-05-21 14:29:54.641373+02:00,24.989,553.412762,-0.00874029850746183
2026-05-21 14:29:54.932311+02:00,24.989,553.7037,-0.00874029850746183
2026-05-21 14:29:55.227780+02:00,24.994,553.999169,-0.0037402985074628248
2026-05-21 14:29:55.525933+02:00,24.986,554.297322,-0.011740298507461944
2026-05-21 14:29:55.825861+02:00,24.989,554.59725,-0.00874029850746183
2026-05-21 14:29:56.114816+02:00,24.993,554.886205,-0.004740298507464047
2026-05-21 14:29:56.406684+02:00,24.991,555.178073,-0.0067402985074629385
2026-05-21 14:29:56.700052+02:00,24.989,555.471441,-0.00874029850746183
2026-05-21 14:29:57.002312+02:00,24.987,555.773701,-0.010740298507464274
2026-05-21 14:29:57.294579+02:00,24.991,556.065968,-0.0067402985074629385
2026-05-21 14:29:57.586219+02:00,24.994,556.357608,-0.0037402985074628248
2026-05-21 14:29:57.877714+02:00,24.993,556.649103,-0.004740298507464047
2026-05-21 14:29:58.173525+02:00,24.994,556.944914,-0.0037402985074628248
2026-05-21 14:29:58.464784+02:00,24.989,557.236173,-0.00874029850746183
2026-05-21 14:29:58.755258+02:00,24.991,557.526647,-0.0067402985074629385
2026-05-21 14:29:59.046263+02:00,24.991,557.817652,-0.0067402985074629385
2026-05-21 14:29:59.337042+02:00,24.992,558.108431,-0.005740298507461716
2026-05-21 14:29:59.626918+02:00,24.995,558.398307,-0.0027402985074616026
2026-05-21 14:29:59.921303+02:00,24.993,558.692692,-0.004740298507464047
2026-05-21 14:30:00.213462+02:00,24.993,558.984851,-0.004740298507464047
2026-05-21 14:30:00.504381+02:00,24.997,559.27577,-0.0007402985074627111
2026-05-21 14:30:00.793398+02:00,24.996,559.564787,-0.0017402985074639332
2026-05-21 14:30:01.083142+02:00,24.996,559.854531,-0.0017402985074639332
2026-05-21 14:30:01.374191+02:00,24.999,560.14558,0.0012597014925361805
2026-05-21 14:30:01.665420+02:00,24.996,560.436809,-0.0017402985074639332
2026-05-21 14:30:01.960309+02:00,24.994,560.731698,-0.0037402985074628248
2026-05-21 14:30:02.259895+02:00,24.996,561.031284,-0.0017402985074639332
2026-05-21 14:30:02.561188+02:00,24.997,561.332577,-0.0007402985074627111
2026-05-21 14:30:02.854329+02:00,24.997,561.625718,-0.0007402985074627111
2026-05-21 14:30:03.146827+02:00,24.996,561.918216,-0.0017402985074639332
2026-05-21 14:30:03.437488+02:00,24.999,562.208877,0.0012597014925361805
2026-05-21 14:30:03.726687+02:00,25.0,562.498076,0.0022597014925374026
2026-05-21 14:30:04.031567+02:00,25.001,562.802956,0.0032597014925386247
2026-05-21 14:30:04.326815+02:00,24.998,563.098204,0.00025970149253851105
2026-05-21 14:30:04.620435+02:00,24.999,563.391824,0.0012597014925361805
2026-05-21 14:30:04.909521+02:00,25.001,563.68091,0.0032597014925386247
2026-05-21 14:30:05.203228+02:00,25.004,563.974617,0.006259701492538738
2026-05-21 14:30:05.498416+02:00,25.005,564.269805,0.007259701492536408
2026-05-21 14:30:05.796028+02:00,25.001,564.567417,0.0032597014925386247
2026-05-21 14:30:06.094433+02:00,25.006,564.865822,0.00825970149253763
2026-05-21 14:30:06.387904+02:00,25.007,565.159293,0.009259701492538852
2026-05-21 14:30:06.679591+02:00,25.008,565.45098,0.010259701492536522
2026-05-21 14:30:06.975887+02:00,25.008,565.747276,0.010259701492536522
2026-05-21 14:30:07.265380+02:00,25.004,566.036769,0.006259701492538738
2026-05-21 14:30:07.563387+02:00,25.009,566.334776,0.011259701492537744
2026-05-21 14:30:07.858436+02:00,25.006,566.629825,0.00825970149253763
2026-05-21 14:30:08.155990+02:00,25.009,566.927379,0.011259701492537744
2026-05-21 14:30:08.448339+02:00,25.012,567.219728,0.014259701492537857
2026-05-21 14:30:08.744851+02:00,25.012,567.51624,0.014259701492537857
2026-05-21 14:30:09.034916+02:00,25.008,567.806305,0.010259701492536522
2026-05-21 14:30:09.328871+02:00,25.006,568.10026,0.00825970149253763
2026-05-21 14:30:09.628373+02:00,25.008,568.399762,0.010259701492536522
2026-05-21 14:30:09.921345+02:00,25.006,568.692734,0.00825970149253763
2026-05-21 14:30:10.210868+02:00,25.009,568.982257,0.011259701492537744
2026-05-21 14:30:10.512027+02:00,25.011,569.283416,0.013259701492536635
2026-05-21 14:30:10.803707+02:00,25.013,569.575096,0.01525970149253908
2026-05-21 14:30:11.100877+02:00,25.012,569.872266,0.014259701492537857
2026-05-21 14:30:11.394849+02:00,25.011,570.166238,0.013259701492536635
2026-05-21 14:30:11.687564+02:00,25.011,570.458953,0.013259701492536635
2026-05-21 14:30:11.983229+02:00,25.011,570.754618,0.013259701492536635
2026-05-21 14:30:12.281746+02:00,25.007,571.053135,0.009259701492538852
2026-05-21 14:30:12.580264+02:00,25.006,571.351653,0.00825970149253763
2026-05-21 14:30:12.878898+02:00,25.006,571.650287,0.00825970149253763
2026-05-21 14:30:13.176761+02:00,25.009,571.94815,0.011259701492537744
2026-05-21 14:30:13.469886+02:00,25.011,572.241275,0.013259701492536635
2026-05-21 14:30:13.763551+02:00,25.011,572.53494,0.013259701492536635
2026-05-21 14:30:14.058460+02:00,25.011,572.829849,0.013259701492536635
2026-05-21 14:30:14.354377+02:00,25.017,573.125766,0.019259701492536863
2026-05-21 14:30:14.643829+02:00,25.017,573.415218,0.019259701492536863
2026-05-21 14:30:14.936699+02:00,25.015,573.708088,0.01725970149253797
2026-05-21 14:30:15.229359+02:00,25.018,574.000748,0.020259701492538085
2026-05-21 14:30:15.525076+02:00,25.016,574.296465,0.01825970149253564
2026-05-21 14:30:15.824044+02:00,25.017,574.595433,0.019259701492536863
2026-05-21 14:30:16.112668+02:00,25.014,574.884057,0.01625970149253675
2026-05-21 14:30:16.404185+02:00,25.017,575.175574,0.019259701492536863
2026-05-21 14:30:16.700762+02:00,25.017,575.472151,0.019259701492536863
2026-05-21 14:30:16.992654+02:00,25.016,575.764043,0.01825970149253564
2026-05-21 14:30:17.291441+02:00,25.013,576.06283,0.01525970149253908
2026-05-21 14:30:17.595398+02:00,25.014,576.366787,0.01625970149253675
2026-05-21 14:30:17.884930+02:00,25.016,576.656319,0.01825970149253564
2026-05-21 14:30:18.176225+02:00,25.019,576.947614,0.021259701492535754
2026-05-21 14:30:18.470374+02:00,25.016,577.241763,0.01825970149253564
2026-05-21 14:30:18.767112+02:00,25.017,577.538501,0.019259701492536863
2026-05-21 14:30:19.058199+02:00,25.015,577.829588,0.01725970149253797
2026-05-21 14:30:19.349556+02:00,25.016,578.120945,0.01825970149253564
2026-05-21 14:30:19.641170+02:00,25.018,578.412559,0.020259701492538085
2026-05-21 14:30:19.932337+02:00,25.016,578.703726,0.01825970149253564
2026-05-21 14:30:20.223680+02:00,25.017,578.995069,0.019259701492536863
2026-05-21 14:30:20.522164+02:00,25.015,579.293553,0.01725970149253797
2026-05-21 14:30:20.820726+02:00,25.016,579.592115,0.01825970149253564
2026-05-21 14:30:21.113185+02:00,25.018,579.884574,0.020259701492538085
2026-05-21 14:30:21.412716+02:00,25.019,580.184105,0.021259701492535754
2026-05-21 14:30:21.706449+02:00,25.02,580.477838,0.022259701492536976
2026-05-21 14:30:22.000882+02:00,25.017,580.772271,0.019259701492536863
2026-05-21 14:30:22.293563+02:00,25.015,581.064952,0.01725970149253797
2026-05-21 14:30:22.591874+02:00,25.016,581.363263,0.01825970149253564
2026-05-21 14:30:22.888661+02:00,25.013,581.66005,0.01525970149253908
2026-05-21 14:30:23.188667+02:00,25.016,581.960056,0.01825970149253564
2026-05-21 14:30:23.489125+02:00,25.014,582.260514,0.01625970149253675
2026-05-21 14:30:23.781495+02:00,25.012,582.552884,0.014259701492537857
2026-05-21 14:30:24.085820+02:00,25.011,582.857209,0.013259701492536635
2026-05-21 14:30:24.385351+02:00,25.013,583.15674,0.01525970149253908
2026-05-21 14:30:24.676546+02:00,25.013,583.447935,0.01525970149253908
2026-05-21 14:30:24.968433+02:00,25.015,583.739822,0.01725970149253797
2026-05-21 14:30:25.265191+02:00,25.013,584.03658,0.01525970149253908
2026-05-21 14:30:25.557971+02:00,25.014,584.32936,0.01625970149253675
2026-05-21 14:30:25.852087+02:00,25.012,584.623476,0.014259701492537857
2026-05-21 14:30:26.145412+02:00,25.011,584.916801,0.013259701492536635
2026-05-21 14:30:26.436353+02:00,25.011,585.207742,0.013259701492536635
2026-05-21 14:30:26.727732+02:00,25.009,585.499121,0.011259701492537744
2026-05-21 14:30:27.021303+02:00,25.01,585.792692,0.012259701492538966
2026-05-21 14:30:27.312003+02:00,25.006,586.083392,0.00825970149253763
2026-05-21 14:30:27.610458+02:00,25.006,586.381847,0.00825970149253763
2026-05-21 14:30:27.901504+02:00,25.008,586.672893,0.010259701492536522
2026-05-21 14:30:28.193306+02:00,25.008,586.964695,0.010259701492536522
2026-05-21 14:30:28.491797+02:00,25.007,587.263186,0.009259701492538852
2026-05-21 14:30:28.783357+02:00,25.011,587.554746,0.013259701492536635
2026-05-21 14:30:29.086256+02:00,25.004,587.857645,0.006259701492538738
2026-05-21 14:30:29.376701+02:00,25.001,588.14809,0.0032597014925386247
2026-05-21 14:30:29.683811+02:00,25.002,588.4552,0.004259701492536294
2026-05-21 14:30:29.976204+02:00,25.003,588.747593,0.005259701492537516
2026-05-21 14:30:30.286637+02:00,25.003,589.058026,0.005259701492537516
2026-05-21 14:30:30.587557+02:00,25.001,589.358946,0.0032597014925386247
2026-05-21 14:30:30.880219+02:00,25.002,589.651608,0.004259701492536294
2026-05-21 14:30:31.170743+02:00,25.001,589.942132,0.0032597014925386247
2026-05-21 14:30:31.468615+02:00,24.996,590.240004,-0.0017402985074639332
2026-05-21 14:30:31.758339+02:00,24.997,590.529728,-0.0007402985074627111
