time,value,time [s],norm_data
2026-05-21 14:20:41.228075+02:00,25.463,0.0,0.33582139303482705
2026-05-21 14:20:41.530577+02:00,25.465,0.302502,0.33782139303482595
2026-05-21 14:20:41.827963+02:00,25.464,0.599888,0.3368213930348247
2026-05-21 14:20:42.125898+02:00,25.466,0.897823,0.33882139303482717
2026-05-21 14:20:42.414624+02:00,25.465,1.186549,0.33782139303482595
2026-05-21 14:20:42.705813+02:00,25.467,1.477738,0.33982139303482484
2026-05-21 14:20:42.999851+02:00,25.468,1.771776,0.34082139303482606
2026-05-21 14:20:43.288146+02:00,25.467,2.060071,0.33982139303482484
2026-05-21 14:20:43.580315+02:00,25.467,2.35224,0.33982139303482484
2026-05-21 14:20:43.871637+02:00,25.467,2.643562,0.33982139303482484
2026-05-21 14:20:44.168733+02:00,25.469,2.940658,0.3418213930348273
2026-05-21 14:20:44.462041+02:00,25.468,3.233966,0.34082139303482606
2026-05-21 14:20:44.754373+02:00,25.47,3.526298,0.34282139303482495
2026-05-21 14:20:45.045984+02:00,25.469,3.817909,0.3418213930348273
2026-05-21 14:20:45.342405+02:00,25.47,4.11433,0.34282139303482495
2026-05-21 14:20:45.637113+02:00,25.471,4.409038,0.3438213930348262
2026-05-21 14:20:45.930409+02:00,25.471,4.702334,0.3438213930348262
2026-05-21 14:20:46.221379+02:00,25.472,4.993304,0.3448213930348274
2026-05-21 14:20:46.518772+02:00,25.473,5.290697,0.34582139303482506
2026-05-21 14:20:46.816661+02:00,25.473,5.588586,0.34582139303482506
2026-05-21 14:20:47.106632+02:00,25.476,5.878557,0.3488213930348252
2026-05-21 14:20:47.397124+02:00,25.475,6.169049,0.3478213930348275
2026-05-21 14:20:47.695843+02:00,25.478,6.467768,0.3508213930348276
2026-05-21 14:20:47.994491+02:00,25.478,6.766416,0.3508213930348276
2026-05-21 14:20:48.290023+02:00,25.478,7.061948,0.3508213930348276
2026-05-21 14:20:48.582545+02:00,25.479,7.35447,0.3518213930348253
2026-05-21 14:20:48.874734+02:00,25.479,7.646659,0.3518213930348253
2026-05-21 14:20:49.173337+02:00,25.48,7.945262,0.3528213930348265
2026-05-21 14:20:49.466714+02:00,25.481,8.238639,0.35382139303482774
2026-05-21 14:20:49.755698+02:00,25.478,8.527623,0.3508213930348276
2026-05-21 14:20:50.050604+02:00,25.481,8.822529,0.35382139303482774
2026-05-21 14:20:50.344879+02:00,25.481,9.116804,0.35382139303482774
2026-05-21 14:20:50.635792+02:00,25.482,9.407717,0.3548213930348254
2026-05-21 14:20:50.937181+02:00,25.484,9.709106,0.35682139303482785
2026-05-21 14:20:51.233641+02:00,25.482,10.005566,0.3548213930348254
2026-05-21 14:20:51.529880+02:00,25.485,10.301805,0.3578213930348255
2026-05-21 14:20:51.822196+02:00,25.486,10.594121,0.35882139303482674
2026-05-21 14:20:52.110167+02:00,25.485,10.882092,0.3578213930348255
2026-05-21 14:20:52.409334+02:00,25.484,11.181259,0.35682139303482785
2026-05-21 14:20:52.699089+02:00,25.486,11.471014,0.35882139303482674
2026-05-21 14:20:52.989196+02:00,25.486,11.761121,0.35882139303482674
2026-05-21 14:20:53.278681+02:00,25.488,12.050606,0.36082139303482563
2026-05-21 14:20:53.572319+02:00,25.488,12.344244,0.36082139303482563
2026-05-21 14:20:53.865926+02:00,25.488,12.637851,0.36082139303482563
2026-05-21 14:20:54.158765+02:00,25.49,12.93069,0.3628213930348245
2026-05-21 14:20:54.451288+02:00,25.487,13.223213,0.3598213930348244
2026-05-21 14:20:54.742223+02:00,25.486,13.514148,0.35882139303482674
2026-05-21 14:20:55.033765+02:00,25.488,13.80569,0.36082139303482563
2026-05-21 14:20:55.324838+02:00,25.49,14.096763,0.3628213930348245
2026-05-21 14:20:55.617419+02:00,25.491,14.389344,0.36382139303482575
2026-05-21 14:20:55.907660+02:00,25.491,14.679585,0.36382139303482575
2026-05-21 14:20:56.205689+02:00,25.494,14.977614,0.36682139303482586
2026-05-21 14:20:56.502849+02:00,25.494,15.274774,0.36682139303482586
2026-05-21 14:20:56.793099+02:00,25.492,15.565024,0.36482139303482697
2026-05-21 14:20:57.081855+02:00,25.494,15.85378,0.36682139303482586
2026-05-21 14:20:57.383494+02:00,25.494,16.155419,0.36682139303482586
2026-05-21 14:20:57.674625+02:00,25.495,16.44655,0.3678213930348271
2026-05-21 14:20:57.963354+02:00,25.494,16.735279,0.36682139303482586
2026-05-21 14:20:58.255101+02:00,25.495,17.027026,0.3678213930348271
2026-05-21 14:20:58.551961+02:00,25.496,17.323886,0.36882139303482475
2026-05-21 14:20:58.841373+02:00,25.495,17.613298,0.3678213930348271
2026-05-21 14:20:59.132951+02:00,25.497,17.904876,0.369821393034826
2026-05-21 14:20:59.427383+02:00,25.497,18.199308,0.369821393034826
2026-05-21 14:20:59.718094+02:00,25.497,18.490019,0.369821393034826
2026-05-21 14:21:00.008596+02:00,25.498,18.780521,0.3708213930348272
2026-05-21 14:21:00.305787+02:00,25.499,19.077712,0.37182139303482487
2026-05-21 14:21:00.597447+02:00,25.498,19.369372,0.3708213930348272
2026-05-21 14:21:00.887683+02:00,25.5,19.659608,0.3728213930348261
2026-05-21 14:21:01.177899+02:00,25.501,19.949824,0.3738213930348273
2026-05-21 14:21:01.473487+02:00,25.501,20.245412,0.3738213930348273
2026-05-21 14:21:01.765025+02:00,25.5,20.53695,0.3728213930348261
2026-05-21 14:21:02.056852+02:00,25.5,20.828777,0.3728213930348261
2026-05-21 14:21:02.354822+02:00,25.503,21.126747,0.3758213930348262
2026-05-21 14:21:02.645201+02:00,25.498,21.417126,0.3708213930348272
2026-05-21 14:21:02.936239+02:00,25.5,21.708164,0.3728213930348261
2026-05-21 14:21:03.228559+02:00,25.5,22.000484,0.3728213930348261
2026-05-21 14:21:03.519847+02:00,25.5,22.291772,0.3728213930348261
2026-05-21 14:21:03.816657+02:00,25.5,22.588582,0.3728213930348261
2026-05-21 14:21:04.110065+02:00,25.502,22.88199,0.374821393034825
2026-05-21 14:21:04.399163+02:00,25.504,23.171088,0.3768213930348274
2026-05-21 14:21:04.691687+02:00,25.504,23.463612,0.3768213930348274
2026-05-21 14:21:04.981086+02:00,25.504,23.753011,0.3768213930348274
2026-05-21 14:21:05.274192+02:00,25.505,24.046117,0.3778213930348251
2026-05-21 14:21:05.566207+02:00,25.504,24.338132,0.3768213930348274
2026-05-21 14:21:05.860796+02:00,25.504,24.632721,0.3768213930348274
2026-05-21 14:21:06.158250+02:00,25.505,24.930175,0.3778213930348251
2026-05-21 14:21:06.453752+02:00,25.504,25.225677,0.3768213930348274
2026-05-21 14:21:06.752563+02:00,25.503,25.524488,0.3758213930348262
2026-05-21 14:21:07.044044+02:00,25.504,25.815969,0.3768213930348274
2026-05-21 14:21:07.334557+02:00,25.505,26.106482,0.3778213930348251
2026-05-21 14:21:07.632565+02:00,25.506,26.40449,0.3788213930348263
2026-05-21 14:21:07.923834+02:00,25.506,26.695759,0.3788213930348263
2026-05-21 14:21:08.213612+02:00,25.506,26.985537,0.3788213930348263
2026-05-21 14:21:08.510544+02:00,25.505,27.282469,0.3778213930348251
2026-05-21 14:21:08.807187+02:00,25.505,27.579112,0.3778213930348251
2026-05-21 14:21:09.105446+02:00,25.508,27.877371,0.3808213930348252
2026-05-21 14:21:09.405357+02:00,25.506,28.177282,0.3788213930348263
2026-05-21 14:21:09.706444+02:00,25.508,28.478369,0.3808213930348252
2026-05-21 14:21:10.007382+02:00,25.506,28.779307,0.3788213930348263
2026-05-21 14:21:10.296657+02:00,25.507,29.068582,0.37982139303482754
2026-05-21 14:21:10.584764+02:00,25.509,29.356689,0.38182139303482643
2026-05-21 14:21:10.877492+02:00,25.509,29.649417,0.38182139303482643
2026-05-21 14:21:11.175839+02:00,25.509,29.947764,0.38182139303482643
2026-05-21 14:21:11.467446+02:00,25.509,30.239371,0.38182139303482643
2026-05-21 14:21:11.759054+02:00,25.511,30.530979,0.3838213930348253
2026-05-21 14:21:12.058330+02:00,25.509,30.830255,0.38182139303482643
2026-05-21 14:21:12.352180+02:00,25.508,31.124105,0.3808213930348252
2026-05-21 14:21:12.645730+02:00,25.508,31.417655,0.3808213930348252
2026-05-21 14:21:12.936970+02:00,25.51,31.708895,0.38282139303482765
2026-05-21 14:21:13.230967+02:00,25.508,32.002892,0.3808213930348252
2026-05-21 14:21:13.531118+02:00,25.508,32.303043,0.3808213930348252
2026-05-21 14:21:13.825179+02:00,25.51,32.597104,0.38282139303482765
2026-05-21 14:21:14.123166+02:00,25.51,32.895091,0.38282139303482765
2026-05-21 14:21:14.413581+02:00,25.511,33.185506,0.3838213930348253
2026-05-21 14:21:14.705930+02:00,25.51,33.477855,0.38282139303482765
2026-05-21 14:21:15.005032+02:00,25.511,33.776957,0.3838213930348253
2026-05-21 14:21:15.300325+02:00,25.512,34.07225,0.38482139303482654
2026-05-21 14:21:15.594960+02:00,25.512,34.366885,0.38482139303482654
2026-05-21 14:21:15.884235+02:00,25.51,34.65616,0.38282139303482765
2026-05-21 14:21:16.181469+02:00,25.512,34.953394,0.38482139303482654
2026-05-21 14:21:16.474970+02:00,25.51,35.246895,0.38282139303482765
2026-05-21 14:21:16.767291+02:00,25.511,35.539216,0.3838213930348253
2026-05-21 14:21:17.063632+02:00,25.512,35.835557,0.38482139303482654
2026-05-21 14:21:17.358095+02:00,25.512,36.13002,0.38482139303482654
2026-05-21 14:21:17.651172+02:00,25.511,36.423097,0.3838213930348253
2026-05-21 14:21:17.944560+02:00,25.513,36.716485,0.38582139303482776
2026-05-21 14:21:18.236760+02:00,25.512,37.008685,0.38482139303482654
2026-05-21 14:21:18.529572+02:00,25.513,37.301497,0.38582139303482776
2026-05-21 14:21:18.819377+02:00,25.512,37.591302,0.38482139303482654
2026-05-21 14:21:19.112402+02:00,25.511,37.884327,0.3838213930348253
2026-05-21 14:21:19.408505+02:00,25.511,38.18043,0.3838213930348253
2026-05-21 14:21:19.705677+02:00,25.51,38.477602,0.38282139303482765
2026-05-21 14:21:20.007589+02:00,25.512,38.779514,0.38482139303482654
2026-05-21 14:21:20.298096+02:00,25.514,39.070021,0.38682139303482543
2026-05-21 14:21:20.589156+02:00,25.514,39.361081,0.38682139303482543
2026-05-21 14:21:20.884228+02:00,25.513,39.656153,0.38582139303482776
2026-05-21 14:21:21.175036+02:00,25.513,39.946961,0.38582139303482776
2026-05-21 14:21:21.463508+02:00,25.514,40.235433,0.38682139303482543
2026-05-21 14:21:21.755483+02:00,25.513,40.527408,0.38582139303482776
2026-05-21 14:21:22.047308+02:00,25.513,40.819233,0.38582139303482776
2026-05-21 14:21:22.338263+02:00,25.515,41.110188,0.38782139303482666
2026-05-21 14:21:22.629424+02:00,25.515,41.401349,0.38782139303482666
2026-05-21 14:21:22.922524+02:00,25.514,41.694449,0.38682139303482543
2026-05-21 14:21:23.219345+02:00,25.515,41.99127,0.38782139303482666
2026-05-21 14:21:23.511220+02:00,25.515,42.283145,0.38782139303482666
2026-05-21 14:21:23.800883+02:00,25.514,42.572808,0.38682139303482543
2026-05-21 14:21:24.097073+02:00,25.515,42.868998,0.38782139303482666
2026-05-21 14:21:24.396434+02:00,25.515,43.168359,0.38782139303482666
2026-05-21 14:21:24.698019+02:00,25.515,43.469944,0.38782139303482666
2026-05-21 14:21:24.998318+02:00,25.516,43.770243,0.3888213930348243
2026-05-21 14:21:25.287714+02:00,25.518,44.059639,0.39082139303482677
2026-05-21 14:21:25.586204+02:00,25.515,44.358129,0.38782139303482666
2026-05-21 14:21:25.878519+02:00,25.515,44.650444,0.38782139303482666
2026-05-21 14:21:26.168591+02:00,25.515,44.940516,0.38782139303482666
2026-05-21 14:21:26.465336+02:00,25.515,45.237261,0.38782139303482666
2026-05-21 14:21:26.766974+02:00,25.516,45.538899,0.3888213930348243
2026-05-21 14:21:27.055720+02:00,25.516,45.827645,0.3888213930348243
2026-05-21 14:21:27.349876+02:00,25.516,46.121801,0.3888213930348243
2026-05-21 14:21:27.639426+02:00,25.515,46.411351,0.38782139303482666
2026-05-21 14:21:27.930221+02:00,25.515,46.702146,0.38782139303482666
2026-05-21 14:21:28.221130+02:00,25.516,46.993055,0.3888213930348243
2026-05-21 14:21:28.513655+02:00,25.517,47.28558,0.38982139303482555
2026-05-21 14:21:28.807722+02:00,25.518,47.579647,0.39082139303482677
2026-05-21 14:21:29.097744+02:00,25.515,47.869669,0.38782139303482666
2026-05-21 14:21:29.391045+02:00,25.515,48.16297,0.38782139303482666
2026-05-21 14:21:29.684196+02:00,25.515,48.456121,0.38782139303482666
2026-05-21 14:21:29.976985+02:00,25.515,48.74891,0.38782139303482666
2026-05-21 14:21:30.267792+02:00,25.518,49.039717,0.39082139303482677
2026-05-21 14:21:30.559960+02:00,25.516,49.331885,0.3888213930348243
2026-05-21 14:21:30.851801+02:00,25.516,49.623726,0.3888213930348243
2026-05-21 14:21:31.143808+02:00,25.516,49.915733,0.3888213930348243
2026-05-21 14:21:31.435499+02:00,25.517,50.207424,0.38982139303482555
2026-05-21 14:21:31.728582+02:00,25.518,50.500507,0.39082139303482677
2026-05-21 14:21:32.025803+02:00,25.518,50.797728,0.39082139303482677
2026-05-21 14:21:32.316422+02:00,25.517,51.088347,0.38982139303482555
2026-05-21 14:21:32.610507+02:00,25.519,51.382432,0.39182139303482444
2026-05-21 14:21:32.909497+02:00,25.518,51.681422,0.39082139303482677
2026-05-21 14:21:33.206553+02:00,25.517,51.978478,0.38982139303482555
2026-05-21 14:21:33.506850+02:00,25.518,52.278775,0.39082139303482677
2026-05-21 14:21:33.799864+02:00,25.517,52.571789,0.38982139303482555
2026-05-21 14:21:34.093682+02:00,25.518,52.865607,0.39082139303482677
2026-05-21 14:21:34.383811+02:00,25.519,53.155736,0.39182139303482444
2026-05-21 14:21:34.679104+02:00,25.519,53.451029,0.39182139303482444
2026-05-21 14:21:34.968448+02:00,25.52,53.740373,0.39282139303482566
2026-05-21 14:21:35.268774+02:00,25.518,54.040699,0.39082139303482677
2026-05-21 14:21:35.558706+02:00,25.516,54.330631,0.3888213930348243
2026-05-21 14:21:35.852525+02:00,25.517,54.62445,0.38982139303482555
2026-05-21 14:21:36.152511+02:00,25.519,54.924436,0.39182139303482444
2026-05-21 14:21:36.450526+02:00,25.519,55.222451,0.39182139303482444
2026-05-21 14:21:36.739589+02:00,25.519,55.511514,0.39182139303482444
2026-05-21 14:21:37.032656+02:00,25.519,55.804581,0.39182139303482444
2026-05-21 14:21:37.324570+02:00,25.517,56.096495,0.38982139303482555
2026-05-21 14:21:37.621871+02:00,25.518,56.393796,0.39082139303482677
2026-05-21 14:21:37.918201+02:00,25.518,56.690126,0.39082139303482677
2026-05-21 14:21:38.217060+02:00,25.517,56.988985,0.38982139303482555
2026-05-21 14:21:38.514588+02:00,25.518,57.286513,0.39082139303482677
2026-05-21 14:21:38.806131+02:00,25.518,57.578056,0.39082139303482677
2026-05-21 14:21:39.097587+02:00,25.519,57.869512,0.39182139303482444
2026-05-21 14:21:39.397750+02:00,25.518,58.169675,0.39082139303482677
2026-05-21 14:21:39.689179+02:00,25.516,58.461104,0.3888213930348243
2026-05-21 14:21:39.978406+02:00,25.518,58.750331,0.39082139303482677
2026-05-21 14:21:40.270532+02:00,25.518,59.042457,0.39082139303482677
2026-05-21 14:21:40.566943+02:00,25.519,59.338868,0.39182139303482444
2026-05-21 14:21:40.857385+02:00,25.516,59.62931,0.3888213930348243
2026-05-21 14:21:41.148447+02:00,25.518,59.920372,0.39082139303482677
2026-05-21 14:21:41.439960+02:00,25.517,60.211885,0.38982139303482555
2026-05-21 14:21:41.738231+02:00,25.519,60.510156,0.39182139303482444
2026-05-21 14:21:42.039343+02:00,25.519,60.811268,0.39182139303482444
2026-05-21 14:21:42.337635+02:00,25.517,61.10956,0.38982139303482555
2026-05-21 14:21:42.638866+02:00,25.515,61.410791,0.38782139303482666
2026-05-21 14:21:42.932110+02:00,25.516,61.704035,0.3888213930348243
2026-05-21 14:21:43.222021+02:00,25.518,61.993946,0.39082139303482677
2026-05-21 14:21:43.515861+02:00,25.516,62.287786,0.3888213930348243
2026-05-21 14:21:43.808640+02:00,25.517,62.580565,0.38982139303482555
2026-05-21 14:21:44.095961+02:00,25.517,62.867886,0.38982139303482555
2026-05-21 14:21:44.388564+02:00,25.516,63.160489,0.3888213930348243
2026-05-21 14:21:44.689751+02:00,25.515,63.461676,0.38782139303482666
2026-05-21 14:21:44.989930+02:00,25.515,63.761855,0.38782139303482666
2026-05-21 14:21:45.283664+02:00,25.517,64.055589,0.38982139303482555
2026-05-21 14:21:45.574910+02:00,25.517,64.346835,0.38982139303482555
2026-05-21 14:21:45.868020+02:00,25.516,64.639945,0.3888213930348243
2026-05-21 14:21:46.160437+02:00,25.515,64.932362,0.38782139303482666
2026-05-21 14:21:46.452080+02:00,25.516,65.224005,0.3888213930348243
2026-05-21 14:21:46.744900+02:00,25.517,65.516825,0.38982139303482555
2026-05-21 14:21:47.034385+02:00,25.515,65.80631,0.38782139303482666
2026-05-21 14:21:47.333236+02:00,25.517,66.105161,0.38982139303482555
2026-05-21 14:21:47.625549+02:00,25.515,66.397474,0.38782139303482666
2026-05-21 14:21:47.919032+02:00,25.516,66.690957,0.3888213930348243
2026-05-21 14:21:48.209872+02:00,25.517,66.981797,0.38982139303482555
2026-05-21 14:21:48.505366+02:00,25.518,67.277291,0.39082139303482677
2026-05-21 14:21:48.794423+02:00,25.517,67.566348,0.38982139303482555
2026-05-21 14:21:49.093617+02:00,25.517,67.865542,0.38982139303482555
2026-05-21 14:21:49.383576+02:00,25.518,68.155501,0.39082139303482677
2026-05-21 14:21:49.673359+02:00,25.518,68.445284,0.39082139303482677
2026-05-21 14:21:49.974138+02:00,25.519,68.746063,0.39182139303482444
2026-05-21 14:21:50.270774+02:00,25.52,69.042699,0.39282139303482566
2026-05-21 14:21:50.572661+02:00,25.522,69.344586,0.39482139303482455
2026-05-21 14:21:50.865869+02:00,25.518,69.637794,0.39082139303482677
2026-05-21 14:21:51.156690+02:00,25.518,69.928615,0.39082139303482677
2026-05-21 14:21:51.447533+02:00,25.521,70.219458,0.3938213930348269
2026-05-21 14:21:51.739536+02:00,25.519,70.511461,0.39182139303482444
2026-05-21 14:21:52.036635+02:00,25.519,70.80856,0.39182139303482444
2026-05-21 14:21:52.327919+02:00,25.519,71.099844,0.39182139303482444
2026-05-21 14:21:52.619880+02:00,25.517,71.391805,0.38982139303482555
2026-05-21 14:21:52.917428+02:00,25.52,71.689353,0.39282139303482566
2026-05-21 14:21:53.211300+02:00,25.519,71.983225,0.39182139303482444
2026-05-21 14:21:53.509714+02:00,25.521,72.281639,0.3938213930348269
2026-05-21 14:21:53.804651+02:00,25.523,72.576576,0.3958213930348258
2026-05-21 14:21:54.095257+02:00,25.521,72.867182,0.3938213930348269
2026-05-21 14:21:54.387230+02:00,25.519,73.159155,0.39182139303482444
2026-05-21 14:21:54.678851+02:00,25.521,73.450776,0.3938213930348269
2026-05-21 14:21:54.975474+02:00,25.521,73.747399,0.3938213930348269
2026-05-21 14:21:55.266231+02:00,25.519,74.038156,0.39182139303482444
2026-05-21 14:21:55.557762+02:00,25.521,74.329687,0.3938213930348269
2026-05-21 14:21:55.858271+02:00,25.521,74.630196,0.3938213930348269
2026-05-21 14:21:56.155462+02:00,25.522,74.927387,0.39482139303482455
2026-05-21 14:21:56.445366+02:00,25.521,75.217291,0.3938213930348269
2026-05-21 14:21:56.738279+02:00,25.522,75.510204,0.39482139303482455
2026-05-21 14:21:57.031671+02:00,25.522,75.803596,0.39482139303482455
2026-05-21 14:21:57.321216+02:00,25.523,76.093141,0.3958213930348258
2026-05-21 14:21:57.614344+02:00,25.524,76.386269,0.396821393034827
2026-05-21 14:21:57.905144+02:00,25.523,76.677069,0.3958213930348258
2026-05-21 14:21:58.200226+02:00,25.524,76.972151,0.396821393034827
2026-05-21 14:21:58.491297+02:00,25.524,77.263222,0.396821393034827
2026-05-21 14:21:58.783920+02:00,25.524,77.555845,0.396821393034827
2026-05-21 14:21:59.081595+02:00,25.525,77.85352,0.39782139303482467
2026-05-21 14:21:59.371160+02:00,25.522,78.143085,0.39482139303482455
2026-05-21 14:21:59.663852+02:00,25.524,78.435777,0.396821393034827
2026-05-21 14:21:59.953553+02:00,25.523,78.725478,0.3958213930348258
2026-05-21 14:22:00.242865+02:00,25.526,79.01479,0.3988213930348259
2026-05-21 14:22:00.535134+02:00,25.524,79.307059,0.396821393034827
2026-05-21 14:22:00.827571+02:00,25.525,79.599496,0.39782139303482467
2026-05-21 14:22:01.129352+02:00,25.526,79.901277,0.3988213930348259
2026-05-21 14:22:01.427404+02:00,25.525,80.199329,0.39782139303482467
2026-05-21 14:22:01.719307+02:00,25.526,80.491232,0.3988213930348259
2026-05-21 14:22:02.015870+02:00,25.526,80.787795,0.3988213930348259
2026-05-21 14:22:02.305029+02:00,25.528,81.076954,0.4008213930348248
2026-05-21 14:22:02.598428+02:00,25.527,81.370353,0.3998213930348271
2026-05-21 14:22:02.888064+02:00,25.527,81.659989,0.3998213930348271
2026-05-21 14:22:03.188213+02:00,25.527,81.960138,0.3998213930348271
2026-05-21 14:22:03.487943+02:00,25.526,82.259868,0.3988213930348259
2026-05-21 14:22:03.785375+02:00,25.526,82.5573,0.3988213930348259
2026-05-21 14:22:04.076733+02:00,25.527,82.848658,0.3998213930348271
2026-05-21 14:22:04.367982+02:00,25.526,83.139907,0.3988213930348259
2026-05-21 14:22:04.665842+02:00,25.527,83.437767,0.3998213930348271
2026-05-21 14:22:04.966250+02:00,25.527,83.738175,0.3998213930348271
2026-05-21 14:22:05.261061+02:00,25.528,84.032986,0.4008213930348248
2026-05-21 14:22:05.561200+02:00,25.528,84.333125,0.4008213930348248
2026-05-21 14:22:05.855629+02:00,25.527,84.627554,0.3998213930348271
2026-05-21 14:22:06.145372+02:00,25.526,84.917297,0.3988213930348259
2026-05-21 14:22:06.436154+02:00,25.528,85.208079,0.4008213930348248
2026-05-21 14:22:06.728003+02:00,25.527,85.499928,0.3998213930348271
2026-05-21 14:22:07.021468+02:00,25.523,85.793393,0.3958213930348258
2026-05-21 14:22:07.314193+02:00,25.526,86.086118,0.3988213930348259
2026-05-21 14:22:07.605489+02:00,25.529,86.377414,0.401821393034826
2026-05-21 14:22:07.900768+02:00,25.53,86.672693,0.4028213930348272
2026-05-21 14:22:08.190231+02:00,25.53,86.962156,0.4028213930348272
2026-05-21 14:22:08.481051+02:00,25.529,87.252976,0.401821393034826
2026-05-21 14:22:08.781295+02:00,25.53,87.55322,0.4028213930348272
2026-05-21 14:22:09.070939+02:00,25.528,87.842864,0.4008213930348248
2026-05-21 14:22:09.362211+02:00,25.528,88.134136,0.4008213930348248
2026-05-21 14:22:09.652947+02:00,25.529,88.424872,0.401821393034826
2026-05-21 14:22:09.952459+02:00,25.53,88.724384,0.4028213930348272
2026-05-21 14:22:10.254815+02:00,25.528,89.02674,0.4008213930348248
2026-05-21 14:22:10.548126+02:00,25.528,89.320051,0.4008213930348248
2026-05-21 14:22:10.838194+02:00,25.529,89.610119,0.401821393034826
2026-05-21 14:22:11.130202+02:00,25.527,89.902127,0.3998213930348271
2026-05-21 14:22:11.419467+02:00,25.529,90.191392,0.401821393034826
2026-05-21 14:22:11.712293+02:00,25.528,90.484218,0.4008213930348248
2026-05-21 14:22:12.002137+02:00,25.527,90.774062,0.3998213930348271
2026-05-21 14:22:12.292518+02:00,25.531,91.064443,0.4038213930348249
2026-05-21 14:22:12.592046+02:00,25.53,91.363971,0.4028213930348272
2026-05-21 14:22:12.892651+02:00,25.527,91.664576,0.3998213930348271
2026-05-21 14:22:13.193200+02:00,25.528,91.965125,0.4008213930348248
2026-05-21 14:22:13.485075+02:00,25.528,92.257,0.4008213930348248
2026-05-21 14:22:13.780666+02:00,25.531,92.552591,0.4038213930348249
2026-05-21 14:22:14.075491+02:00,25.53,92.847416,0.4028213930348272
2026-05-21 14:22:14.374673+02:00,25.529,93.146598,0.401821393034826
2026-05-21 14:22:14.671554+02:00,25.53,93.443479,0.4028213930348272
2026-05-21 14:22:14.963483+02:00,25.528,93.735408,0.4008213930348248
2026-05-21 14:22:15.254605+02:00,25.528,94.02653,0.4008213930348248
2026-05-21 14:22:15.548782+02:00,25.528,94.320707,0.4008213930348248
2026-05-21 14:22:15.844797+02:00,25.529,94.616722,0.401821393034826
2026-05-21 14:22:16.135426+02:00,25.532,94.907351,0.4048213930348261
2026-05-21 14:22:16.428883+02:00,25.529,95.200808,0.401821393034826
2026-05-21 14:22:16.723794+02:00,25.53,95.495719,0.4028213930348272
2026-05-21 14:22:17.018884+02:00,25.53,95.790809,0.4028213930348272
2026-05-21 14:22:17.312875+02:00,25.527,96.0848,0.3998213930348271
2026-05-21 14:22:17.610358+02:00,25.528,96.382283,0.4008213930348248
2026-05-21 14:22:17.900914+02:00,25.524,96.672839,0.396821393034827
2026-05-21 14:22:18.196062+02:00,25.528,96.967987,0.4008213930348248
2026-05-21 14:22:18.496575+02:00,25.526,97.2685,0.3988213930348259
2026-05-21 14:22:18.787310+02:00,25.529,97.559235,0.401821393034826
2026-05-21 14:22:19.080143+02:00,25.53,97.852068,0.4028213930348272
2026-05-21 14:22:19.372455+02:00,25.527,98.14438,0.3998213930348271
2026-05-21 14:22:19.664179+02:00,25.527,98.436104,0.3998213930348271
2026-05-21 14:22:19.955995+02:00,25.529,98.72792,0.401821393034826
2026-05-21 14:22:20.244623+02:00,25.529,99.016548,0.401821393034826
2026-05-21 14:22:20.538826+02:00,25.529,99.310751,0.401821393034826
2026-05-21 14:22:20.837766+02:00,25.528,99.609691,0.4008213930348248
2026-05-21 14:22:21.128438+02:00,25.528,99.900363,0.4008213930348248
2026-05-21 14:22:21.423062+02:00,25.527,100.194987,0.3998213930348271
2026-05-21 14:22:21.716734+02:00,25.53,100.488659,0.4028213930348272
2026-05-21 14:22:22.006327+02:00,25.526,100.778252,0.3988213930348259
2026-05-21 14:22:22.301045+02:00,25.524,101.07297,0.396821393034827
2026-05-21 14:22:22.591212+02:00,25.527,101.363137,0.3998213930348271
2026-05-21 14:22:22.883090+02:00,25.525,101.655015,0.39782139303482467
2026-05-21 14:22:23.173295+02:00,25.527,101.94522,0.3998213930348271
2026-05-21 14:22:23.472593+02:00,25.525,102.244518,0.39782139303482467
2026-05-21 14:22:23.761413+02:00,25.527,102.533338,0.3998213930348271
2026-05-21 14:22:24.051706+02:00,25.526,102.823631,0.3988213930348259
2026-05-21 14:22:24.346358+02:00,25.527,103.118283,0.3998213930348271
2026-05-21 14:22:24.648437+02:00,25.526,103.420362,0.3988213930348259
2026-05-21 14:22:24.948045+02:00,25.524,103.71997,0.396821393034827
2026-05-21 14:22:25.237609+02:00,25.522,104.009534,0.39482139303482455
2026-05-21 14:22:25.533441+02:00,25.524,104.305366,0.396821393034827
2026-05-21 14:22:25.825673+02:00,25.524,104.597598,0.396821393034827
2026-05-21 14:22:26.122641+02:00,25.524,104.894566,0.396821393034827
2026-05-21 14:22:26.419593+02:00,25.523,105.191518,0.3958213930348258
2026-05-21 14:22:26.718552+02:00,25.524,105.490477,0.396821393034827
2026-05-21 14:22:27.009145+02:00,25.523,105.78107,0.3958213930348258
2026-05-21 14:22:27.297804+02:00,25.522,106.069729,0.39482139303482455
2026-05-21 14:22:27.588916+02:00,25.524,106.360841,0.396821393034827
2026-05-21 14:22:27.878191+02:00,25.523,106.650116,0.3958213930348258
2026-05-21 14:22:28.169878+02:00,25.521,106.941803,0.3938213930348269
2026-05-21 14:22:28.460780+02:00,25.523,107.232705,0.3958213930348258
2026-05-21 14:22:28.752736+02:00,25.523,107.524661,0.3958213930348258
2026-05-21 14:22:29.043710+02:00,25.524,107.815635,0.396821393034827
2026-05-21 14:22:29.344789+02:00,25.521,108.116714,0.3938213930348269
2026-05-21 14:22:29.640803+02:00,25.52,108.412728,0.39282139303482566
2026-05-21 14:22:29.936854+02:00,25.52,108.708779,0.39282139303482566
2026-05-21 14:22:30.229615+02:00,25.523,109.00154,0.3958213930348258
2026-05-21 14:22:30.521453+02:00,25.521,109.293378,0.3938213930348269
2026-05-21 14:22:30.813076+02:00,25.524,109.585001,0.396821393034827
2026-05-21 14:22:31.103721+02:00,25.522,109.875646,0.39482139303482455
2026-05-21 14:22:31.393908+02:00,25.521,110.165833,0.3938213930348269
2026-05-21 14:22:31.687319+02:00,25.52,110.459244,0.39282139303482566
2026-05-21 14:22:31.978824+02:00,25.52,110.750749,0.39282139303482566
2026-05-21 14:22:32.274437+02:00,25.522,111.046362,0.39482139303482455
2026-05-21 14:22:32.573752+02:00,25.522,111.345677,0.39482139303482455
2026-05-21 14:22:32.862826+02:00,25.522,111.634751,0.39482139303482455
2026-05-21 14:22:33.156779+02:00,25.521,111.928704,0.3938213930348269
2026-05-21 14:22:33.445387+02:00,25.52,112.217312,0.39282139303482566
2026-05-21 14:22:33.738375+02:00,25.52,112.5103,0.39282139303482566
2026-05-21 14:22:34.028894+02:00,25.519,112.800819,0.39182139303482444
2026-05-21 14:22:34.322418+02:00,25.52,113.094343,0.39282139303482566
2026-05-21 14:22:34.613561+02:00,25.519,113.385486,0.39182139303482444
2026-05-21 14:22:34.903827+02:00,25.519,113.675752,0.39182139303482444
2026-05-21 14:22:35.199043+02:00,25.518,113.970968,0.39082139303482677
2026-05-21 14:22:35.498811+02:00,25.517,114.270736,0.38982139303482555
2026-05-21 14:22:35.790333+02:00,25.517,114.562258,0.38982139303482555
2026-05-21 14:22:36.082726+02:00,25.518,114.854651,0.39082139303482677
2026-05-21 14:22:36.376314+02:00,25.518,115.148239,0.39082139303482677
2026-05-21 14:22:36.665828+02:00,25.519,115.437753,0.39182139303482444
2026-05-21 14:22:36.957159+02:00,25.52,115.729084,0.39282139303482566
2026-05-21 14:22:37.254187+02:00,25.519,116.026112,0.39182139303482444
2026-05-21 14:22:37.549006+02:00,25.519,116.320931,0.39182139303482444
2026-05-21 14:22:37.850154+02:00,25.516,116.622079,0.3888213930348243
2026-05-21 14:22:38.147970+02:00,25.517,116.919895,0.38982139303482555
2026-05-21 14:22:38.438128+02:00,25.516,117.210053,0.3888213930348243
2026-05-21 14:22:38.728768+02:00,25.516,117.500693,0.3888213930348243
2026-05-21 14:22:39.023137+02:00,25.517,117.795062,0.38982139303482555
2026-05-21 14:22:39.313330+02:00,25.515,118.085255,0.38782139303482666
2026-05-21 14:22:39.604030+02:00,25.516,118.375955,0.3888213930348243
2026-05-21 14:22:39.893516+02:00,25.516,118.665441,0.3888213930348243
2026-05-21 14:22:40.191130+02:00,25.517,118.963055,0.38982139303482555
2026-05-21 14:22:40.491409+02:00,25.514,119.263334,0.38682139303482543
2026-05-21 14:22:40.780743+02:00,25.517,119.552668,0.38982139303482555
2026-05-21 14:22:41.073152+02:00,25.513,119.845077,0.38582139303482776
2026-05-21 14:22:41.365412+02:00,25.513,120.137337,0.38582139303482776
2026-05-21 14:22:41.658630+02:00,25.514,120.430555,0.38682139303482543
2026-05-21 14:22:41.948811+02:00,25.514,120.720736,0.38682139303482543
2026-05-21 14:22:42.241190+02:00,25.511,121.013115,0.3838213930348253
2026-05-21 14:22:42.538405+02:00,25.512,121.31033,0.38482139303482654
2026-05-21 14:22:42.830552+02:00,25.513,121.602477,0.38582139303482776
2026-05-21 14:22:43.120797+02:00,25.511,121.892722,0.3838213930348253
2026-05-21 14:22:43.413213+02:00,25.511,122.185138,0.3838213930348253
2026-05-21 14:22:43.708632+02:00,25.508,122.480557,0.3808213930348252
2026-05-21 14:22:43.999994+02:00,25.51,122.771919,0.38282139303482765
2026-05-21 14:22:44.289040+02:00,25.508,123.060965,0.3808213930348252
2026-05-21 14:22:44.582081+02:00,25.51,123.354006,0.38282139303482765
2026-05-21 14:22:44.883525+02:00,25.51,123.65545,0.38282139303482765
2026-05-21 14:22:45.174091+02:00,25.508,123.946016,0.3808213930348252
2026-05-21 14:22:45.466519+02:00,25.511,124.238444,0.3838213930348253
2026-05-21 14:22:45.756978+02:00,25.51,124.528903,0.38282139303482765
2026-05-21 14:22:46.047008+02:00,25.511,124.818933,0.3838213930348253
2026-05-21 14:22:46.345505+02:00,25.51,125.11743,0.38282139303482765
2026-05-21 14:22:46.639438+02:00,25.511,125.411363,0.3838213930348253
2026-05-21 14:22:46.930642+02:00,25.51,125.702567,0.38282139303482765
2026-05-21 14:22:47.220365+02:00,25.508,125.99229,0.3808213930348252
2026-05-21 14:22:47.513513+02:00,25.508,126.285438,0.3808213930348252
2026-05-21 14:22:47.808681+02:00,25.507,126.580606,0.37982139303482754
2026-05-21 14:22:48.097978+02:00,25.507,126.869903,0.37982139303482754
2026-05-21 14:22:48.391872+02:00,25.507,127.163797,0.37982139303482754
2026-05-21 14:22:48.682153+02:00,25.507,127.454078,0.37982139303482754
2026-05-21 14:22:48.972356+02:00,25.509,127.744281,0.38182139303482643
2026-05-21 14:22:49.267216+02:00,25.505,128.039141,0.3778213930348251
2026-05-21 14:22:49.564161+02:00,25.507,128.336086,0.37982139303482754
2026-05-21 14:22:49.856998+02:00,25.505,128.628923,0.3778213930348251
2026-05-21 14:22:50.150068+02:00,25.506,128.921993,0.3788213930348263
2026-05-21 14:22:50.451070+02:00,25.505,129.222995,0.3778213930348251
2026-05-21 14:22:50.741607+02:00,25.506,129.513532,0.3788213930348263
2026-05-21 14:22:51.032439+02:00,25.507,129.804364,0.37982139303482754
2026-05-21 14:22:51.325682+02:00,25.507,130.097607,0.37982139303482754
2026-05-21 14:22:51.619813+02:00,25.506,130.391738,0.3788213930348263
2026-05-21 14:22:51.922109+02:00,25.506,130.694034,0.3788213930348263
2026-05-21 14:22:52.217346+02:00,25.503,130.989271,0.3758213930348262
2026-05-21 14:22:52.508372+02:00,25.504,131.280297,0.3768213930348274
2026-05-21 14:22:52.801089+02:00,25.503,131.573014,0.3758213930348262
2026-05-21 14:22:53.095119+02:00,25.505,131.867044,0.3778213930348251
2026-05-21 14:22:53.389697+02:00,25.503,132.161622,0.3758213930348262
2026-05-21 14:22:53.680992+02:00,25.503,132.452917,0.3758213930348262
2026-05-21 14:22:53.971232+02:00,25.504,132.743157,0.3768213930348274
2026-05-21 14:22:54.261000+02:00,25.502,133.032925,0.374821393034825
2026-05-21 14:22:54.554046+02:00,25.502,133.325971,0.374821393034825
2026-05-21 14:22:54.843196+02:00,25.501,133.615121,0.3738213930348273
2026-05-21 14:22:55.138174+02:00,25.502,133.910099,0.374821393034825
2026-05-21 14:22:55.430689+02:00,25.502,134.202614,0.374821393034825
2026-05-21 14:22:55.720962+02:00,25.5,134.492887,0.3728213930348261
2026-05-21 14:22:56.016058+02:00,25.499,134.787983,0.37182139303482487
2026-05-21 14:22:56.309057+02:00,25.499,135.080982,0.37182139303482487
2026-05-21 14:22:56.599566+02:00,25.496,135.371491,0.36882139303482475
2026-05-21 14:22:56.891001+02:00,25.499,135.662926,0.37182139303482487
2026-05-21 14:22:57.191781+02:00,25.498,135.963706,0.3708213930348272
2026-05-21 14:22:57.489328+02:00,25.498,136.261253,0.3708213930348272
2026-05-21 14:22:57.781376+02:00,25.498,136.553301,0.3708213930348272
2026-05-21 14:22:58.073017+02:00,25.499,136.844942,0.37182139303482487
2026-05-21 14:22:58.364414+02:00,25.497,137.136339,0.369821393034826
2026-05-21 14:22:58.663278+02:00,25.498,137.435203,0.3708213930348272
2026-05-21 14:22:58.962909+02:00,25.497,137.734834,0.369821393034826
2026-05-21 14:22:59.252181+02:00,25.497,138.024106,0.369821393034826
2026-05-21 14:22:59.555147+02:00,25.496,138.327072,0.36882139303482475
2026-05-21 14:22:59.855927+02:00,25.496,138.627852,0.36882139303482475
2026-05-21 14:23:00.147183+02:00,25.495,138.919108,0.3678213930348271
2026-05-21 14:23:00.438444+02:00,25.497,139.210369,0.369821393034826
2026-05-21 14:23:00.737890+02:00,25.496,139.509815,0.36882139303482475
2026-05-21 14:23:01.036080+02:00,25.494,139.808005,0.36682139303482586
2026-05-21 14:23:01.329856+02:00,25.492,140.101781,0.36482139303482697
2026-05-21 14:23:01.620200+02:00,25.495,140.392125,0.3678213930348271
2026-05-21 14:23:01.912714+02:00,25.496,140.684639,0.36882139303482475
2026-05-21 14:23:02.207024+02:00,25.493,140.978949,0.36582139303482464
2026-05-21 14:23:02.505145+02:00,25.492,141.27707,0.36482139303482697
2026-05-21 14:23:02.804407+02:00,25.493,141.576332,0.36582139303482464
2026-05-21 14:23:03.104635+02:00,25.491,141.87656,0.36382139303482575
2026-05-21 14:23:03.402514+02:00,25.489,142.174439,0.36182139303482685
2026-05-21 14:23:03.697727+02:00,25.487,142.469652,0.3598213930348244
2026-05-21 14:23:03.989526+02:00,25.49,142.761451,0.3628213930348245
2026-05-21 14:23:04.283945+02:00,25.489,143.05587,0.36182139303482685
2026-05-21 14:23:04.583698+02:00,25.488,143.355623,0.36082139303482563
2026-05-21 14:23:04.878115+02:00,25.489,143.65004,0.36182139303482685
2026-05-21 14:23:05.168236+02:00,25.487,143.940161,0.3598213930348244
2026-05-21 14:23:05.459065+02:00,25.487,144.23099,0.3598213930348244
2026-05-21 14:23:05.758096+02:00,25.484,144.530021,0.35682139303482785
2026-05-21 14:23:06.052271+02:00,25.485,144.824196,0.3578213930348255
2026-05-21 14:23:06.342923+02:00,25.482,145.114848,0.3548213930348254
2026-05-21 14:23:06.634608+02:00,25.484,145.406533,0.35682139303482785
2026-05-21 14:23:06.926433+02:00,25.483,145.698358,0.3558213930348266
2026-05-21 14:23:07.221486+02:00,25.485,145.993411,0.3578213930348255
2026-05-21 14:23:07.512230+02:00,25.484,146.284155,0.35682139303482785
2026-05-21 14:23:07.804362+02:00,25.487,146.576287,0.3598213930348244
2026-05-21 14:23:08.093604+02:00,25.486,146.865529,0.35882139303482674
2026-05-21 14:23:08.389652+02:00,25.484,147.161577,0.35682139303482785
2026-05-21 14:23:08.677344+02:00,25.483,147.449269,0.3558213930348266
2026-05-21 14:23:08.967774+02:00,25.48,147.739699,0.3528213930348265
2026-05-21 14:23:09.265135+02:00,25.483,148.03706,0.3558213930348266
2026-05-21 14:23:09.555203+02:00,25.483,148.327128,0.3558213930348266
2026-05-21 14:23:09.846135+02:00,25.482,148.61806,0.3548213930348254
2026-05-21 14:23:10.136658+02:00,25.48,148.908583,0.3528213930348265
2026-05-21 14:23:10.437654+02:00,25.48,149.209579,0.3528213930348265
2026-05-21 14:23:10.731226+02:00,25.48,149.503151,0.3528213930348265
2026-05-21 14:23:11.032928+02:00,25.478,149.804853,0.3508213930348276
2026-05-21 14:23:11.329931+02:00,25.48,150.101856,0.3528213930348265
2026-05-21 14:23:11.620661+02:00,25.481,150.392586,0.35382139303482774
2026-05-21 14:23:11.914274+02:00,25.478,150.686199,0.3508213930348276
2026-05-21 14:23:12.214023+02:00,25.476,150.985948,0.3488213930348252
2026-05-21 14:23:12.503612+02:00,25.478,151.275537,0.3508213930348276
2026-05-21 14:23:12.795573+02:00,25.478,151.567498,0.3508213930348276
2026-05-21 14:23:13.089506+02:00,25.477,151.861431,0.3498213930348264
2026-05-21 14:23:13.389944+02:00,25.477,152.161869,0.3498213930348264
2026-05-21 14:23:13.686693+02:00,25.478,152.458618,0.3508213930348276
2026-05-21 14:23:13.981079+02:00,25.474,152.753004,0.3468213930348263
2026-05-21 14:23:14.272384+02:00,25.477,153.044309,0.3498213930348264
2026-05-21 14:23:14.564586+02:00,25.475,153.336511,0.3478213930348275
2026-05-21 14:23:14.854532+02:00,25.477,153.626457,0.3498213930348264
2026-05-21 14:23:15.153418+02:00,25.477,153.925343,0.3498213930348264
2026-05-21 14:23:15.445196+02:00,25.478,154.217121,0.3508213930348276
2026-05-21 14:23:15.738123+02:00,25.476,154.510048,0.3488213930348252
2026-05-21 14:23:16.029038+02:00,25.474,154.800963,0.3468213930348263
2026-05-21 14:23:16.325792+02:00,25.474,155.097717,0.3468213930348263
2026-05-21 14:23:16.619944+02:00,25.475,155.391869,0.3478213930348275
2026-05-21 14:23:16.922739+02:00,25.474,155.694664,0.3468213930348263
2026-05-21 14:23:17.222518+02:00,25.472,155.994443,0.3448213930348274
2026-05-21 14:23:17.518027+02:00,25.475,156.289952,0.3478213930348275
2026-05-21 14:23:17.809331+02:00,25.474,156.581256,0.3468213930348263
2026-05-21 14:23:18.101184+02:00,25.474,156.873109,0.3468213930348263
2026-05-21 14:23:18.398017+02:00,25.472,157.169942,0.3448213930348274
2026-05-21 14:23:18.688988+02:00,25.474,157.460913,0.3468213930348263
2026-05-21 14:23:18.983975+02:00,25.473,157.7559,0.34582139303482506
2026-05-21 14:23:19.282222+02:00,25.47,158.054147,0.34282139303482495
2026-05-21 14:23:19.577362+02:00,25.47,158.349287,0.34282139303482495
2026-05-21 14:23:19.874462+02:00,25.471,158.646387,0.3438213930348262
2026-05-21 14:23:20.166748+02:00,25.471,158.938673,0.3438213930348262
2026-05-21 14:23:20.460251+02:00,25.468,159.232176,0.34082139303482606
2026-05-21 14:23:20.755067+02:00,25.47,159.526992,0.34282139303482495
2026-05-21 14:23:21.047575+02:00,25.468,159.8195,0.34082139303482606
2026-05-21 14:23:21.337104+02:00,25.47,160.109029,0.34282139303482495
2026-05-21 14:23:21.634297+02:00,25.471,160.406222,0.3438213930348262
2026-05-21 14:23:21.933875+02:00,25.468,160.7058,0.34082139303482606
2026-05-21 14:23:22.234260+02:00,25.469,161.006185,0.3418213930348273
2026-05-21 14:23:22.527520+02:00,25.468,161.299445,0.34082139303482606
2026-05-21 14:23:22.820431+02:00,25.468,161.592356,0.34082139303482606
2026-05-21 14:23:23.111021+02:00,25.465,161.882946,0.33782139303482595
2026-05-21 14:23:23.401105+02:00,25.468,162.17303,0.34082139303482606
2026-05-21 14:23:23.691909+02:00,25.469,162.463834,0.3418213930348273
2026-05-21 14:23:23.982191+02:00,25.467,162.754116,0.33982139303482484
2026-05-21 14:23:24.281072+02:00,25.468,163.052997,0.34082139303482606
2026-05-21 14:23:24.574048+02:00,25.465,163.345973,0.33782139303482595
2026-05-21 14:23:24.864304+02:00,25.466,163.636229,0.33882139303482717
2026-05-21 14:23:25.155650+02:00,25.465,163.927575,0.33782139303482595
2026-05-21 14:23:25.448636+02:00,25.466,164.220561,0.33882139303482717
2026-05-21 14:23:25.739084+02:00,25.465,164.511009,0.33782139303482595
2026-05-21 14:23:26.029426+02:00,25.466,164.801351,0.33882139303482717
2026-05-21 14:23:26.319136+02:00,25.464,165.091061,0.3368213930348247
2026-05-21 14:23:26.612546+02:00,25.465,165.384471,0.33782139303482595
2026-05-21 14:23:26.916031+02:00,25.466,165.687956,0.33882139303482717
2026-05-21 14:23:27.215461+02:00,25.465,165.987386,0.33782139303482595
2026-05-21 14:23:27.513797+02:00,25.463,166.285722,0.33582139303482705
2026-05-21 14:23:27.804051+02:00,25.465,166.575976,0.33782139303482595
2026-05-21 14:23:28.093905+02:00,25.462,166.86583,0.33482139303482583
2026-05-21 14:23:28.384262+02:00,25.463,167.156187,0.33582139303482705
2026-05-21 14:23:28.673839+02:00,25.461,167.445764,0.3338213930348246
2026-05-21 14:23:28.966384+02:00,25.46,167.738309,0.33282139303482694
2026-05-21 14:23:29.264054+02:00,25.462,168.035979,0.33482139303482583
2026-05-21 14:23:29.556506+02:00,25.46,168.328431,0.33282139303482694
2026-05-21 14:23:29.847875+02:00,25.46,168.6198,0.33282139303482694
2026-05-21 14:23:30.145316+02:00,25.462,168.917241,0.33482139303482583
2026-05-21 14:23:30.438076+02:00,25.46,169.210001,0.33282139303482694
2026-05-21 14:23:30.732381+02:00,25.459,169.504306,0.3318213930348257
2026-05-21 14:23:31.031977+02:00,25.455,169.803902,0.3278213930348244
2026-05-21 14:23:31.321001+02:00,25.459,170.092926,0.3318213930348257
2026-05-21 14:23:31.620519+02:00,25.459,170.392444,0.3318213930348257
2026-05-21 14:23:31.910568+02:00,25.459,170.682493,0.3318213930348257
2026-05-21 14:23:32.202255+02:00,25.458,170.97418,0.3308213930348245
2026-05-21 14:23:32.499021+02:00,25.457,171.270946,0.3298213930348268
2026-05-21 14:23:32.803101+02:00,25.455,171.575026,0.3278213930348244
2026-05-21 14:23:33.097773+02:00,25.455,171.869698,0.3278213930348244
2026-05-21 14:23:33.400716+02:00,25.455,172.172641,0.3278213930348244
2026-05-21 14:23:33.700218+02:00,25.455,172.472143,0.3278213930348244
2026-05-21 14:23:34.000092+02:00,25.454,172.772017,0.3268213930348267
2026-05-21 14:23:34.295323+02:00,25.454,173.067248,0.3268213930348267
2026-05-21 14:23:34.596829+02:00,25.454,173.368754,0.3268213930348267
2026-05-21 14:23:34.897319+02:00,25.452,173.669244,0.3248213930348278
2026-05-21 14:23:35.188793+02:00,25.451,173.960718,0.3238213930348266
2026-05-21 14:23:35.479514+02:00,25.452,174.251439,0.3248213930348278
2026-05-21 14:23:35.771355+02:00,25.451,174.54328,0.3238213930348266
2026-05-21 14:23:36.061686+02:00,25.45,174.833611,0.3228213930348254
2026-05-21 14:23:36.356129+02:00,25.45,175.128054,0.3228213930348254
2026-05-21 14:23:36.644863+02:00,25.451,175.416788,0.3238213930348266
2026-05-21 14:23:36.937657+02:00,25.45,175.709582,0.3228213930348254
2026-05-21 14:23:37.226967+02:00,25.449,175.998892,0.3218213930348277
2026-05-21 14:23:37.521176+02:00,25.446,176.293101,0.3188213930348276
2026-05-21 14:23:37.813933+02:00,25.447,176.585858,0.31982139303482526
2026-05-21 14:23:38.106944+02:00,25.444,176.878869,0.31682139303482515
2026-05-21 14:23:38.402932+02:00,25.445,177.174857,0.31782139303482637
2026-05-21 14:23:38.693553+02:00,25.446,177.465478,0.3188213930348276
2026-05-21 14:23:38.985403+02:00,25.444,177.757328,0.31682139303482515
2026-05-21 14:23:39.286621+02:00,25.445,178.058546,0.31782139303482637
2026-05-21 14:23:39.575986+02:00,25.446,178.347911,0.3188213930348276
2026-05-21 14:23:39.871527+02:00,25.445,178.643452,0.31782139303482637
2026-05-21 14:23:40.165479+02:00,25.446,178.937404,0.3188213930348276
2026-05-21 14:23:40.455987+02:00,25.444,179.227912,0.31682139303482515
2026-05-21 14:23:40.747413+02:00,25.445,179.519338,0.31782139303482637
2026-05-21 14:23:41.043395+02:00,25.445,179.81532,0.31782139303482637
2026-05-21 14:23:41.334420+02:00,25.443,180.106345,0.3158213930348275
2026-05-21 14:23:41.629241+02:00,25.44,180.401166,0.31282139303482737
2026-05-21 14:23:41.922903+02:00,25.439,180.694828,0.31182139303482614
2026-05-21 14:23:42.213960+02:00,25.44,180.985885,0.31282139303482737
2026-05-21 14:23:42.506390+02:00,25.44,181.278315,0.31282139303482737
2026-05-21 14:23:42.797014+02:00,25.438,181.568939,0.3108213930348249
2026-05-21 14:23:43.094013+02:00,25.439,181.865938,0.31182139303482614
2026-05-21 14:23:43.385863+02:00,25.437,182.157788,0.30982139303482725
2026-05-21 14:23:43.677112+02:00,25.436,182.449037,0.30882139303482603
2026-05-21 14:23:43.973029+02:00,25.437,182.744954,0.30982139303482725
2026-05-21 14:23:44.270472+02:00,25.436,183.042397,0.30882139303482603
2026-05-21 14:23:44.568970+02:00,25.435,183.340895,0.3078213930348248
2026-05-21 14:23:44.866825+02:00,25.434,183.63875,0.30682139303482714
2026-05-21 14:23:45.155281+02:00,25.435,183.927206,0.3078213930348248
2026-05-21 14:23:45.446518+02:00,25.431,184.218443,0.303821393034827
2026-05-21 14:23:45.744066+02:00,25.432,184.515991,0.3048213930348247
2026-05-21 14:23:46.033098+02:00,25.431,184.805023,0.303821393034827
2026-05-21 14:23:46.324377+02:00,25.431,185.096302,0.303821393034827
2026-05-21 14:23:46.613569+02:00,25.43,185.385494,0.3028213930348258
2026-05-21 14:23:46.907296+02:00,25.427,185.679221,0.2998213930348257
2026-05-21 14:23:47.207671+02:00,25.426,185.979596,0.29882139303482447
2026-05-21 14:23:47.505233+02:00,25.426,186.277158,0.29882139303482447
2026-05-21 14:23:47.798643+02:00,25.426,186.570568,0.29882139303482447
2026-05-21 14:23:48.090982+02:00,25.426,186.862907,0.29882139303482447
2026-05-21 14:23:48.387782+02:00,25.423,187.159707,0.29582139303482435
2026-05-21 14:23:48.683091+02:00,25.424,187.455016,0.2968213930348256
2026-05-21 14:23:48.975965+02:00,25.424,187.74789,0.2968213930348256
2026-05-21 14:23:49.266301+02:00,25.425,188.038226,0.2978213930348268
2026-05-21 14:23:49.560074+02:00,25.423,188.331999,0.29582139303482435
2026-05-21 14:23:49.859676+02:00,25.423,188.631601,0.29582139303482435
2026-05-21 14:23:50.148973+02:00,25.422,188.920898,0.2948213930348267
2026-05-21 14:23:50.438121+02:00,25.421,189.210046,0.29382139303482546
2026-05-21 14:23:50.735571+02:00,25.421,189.507496,0.29382139303482546
2026-05-21 14:23:51.030148+02:00,25.42,189.802073,0.2928213930348278
2026-05-21 14:23:51.321376+02:00,25.42,190.093301,0.2928213930348278
2026-05-21 14:23:51.612095+02:00,25.419,190.38402,0.29182139303482657
2026-05-21 14:23:51.903218+02:00,25.418,190.675143,0.29082139303482535
2026-05-21 14:23:52.199154+02:00,25.419,190.971079,0.29182139303482657
2026-05-21 14:23:52.497986+02:00,25.417,191.269911,0.2898213930348277
2026-05-21 14:23:52.802674+02:00,25.415,191.574599,0.28782139303482523
2026-05-21 14:23:53.093342+02:00,25.418,191.865267,0.29082139303482535
2026-05-21 14:23:53.395581+02:00,25.415,192.167506,0.28782139303482523
2026-05-21 14:23:53.700015+02:00,25.415,192.47194,0.28782139303482523
2026-05-21 14:23:53.994748+02:00,25.415,192.766673,0.28782139303482523
2026-05-21 14:23:54.283559+02:00,25.413,193.055484,0.28582139303482634
2026-05-21 14:23:54.575757+02:00,25.414,193.347682,0.28682139303482757
2026-05-21 14:23:54.866252+02:00,25.412,193.638177,0.2848213930348251
2026-05-21 14:23:55.162661+02:00,25.413,193.934586,0.28582139303482634
2026-05-21 14:23:55.453579+02:00,25.413,194.225504,0.28582139303482634
2026-05-21 14:23:55.743771+02:00,25.413,194.515696,0.28582139303482634
2026-05-21 14:23:56.040999+02:00,25.414,194.812924,0.28682139303482757
2026-05-21 14:23:56.339981+02:00,25.413,195.111906,0.28582139303482634
2026-05-21 14:23:56.641718+02:00,25.41,195.413643,0.28282139303482623
2026-05-21 14:23:56.941907+02:00,25.412,195.713832,0.2848213930348251
2026-05-21 14:23:57.230832+02:00,25.411,196.002757,0.28382139303482745
2026-05-21 14:23:57.525145+02:00,25.411,196.29707,0.28382139303482745
2026-05-21 14:23:57.817088+02:00,25.41,196.589013,0.28282139303482623
2026-05-21 14:23:58.106326+02:00,25.409,196.878251,0.281821393034825
2026-05-21 14:23:58.398307+02:00,25.408,197.170232,0.28082139303482734
2026-05-21 14:23:58.688782+02:00,25.408,197.460707,0.28082139303482734
2026-05-21 14:23:58.990599+02:00,25.409,197.762524,0.281821393034825
2026-05-21 14:23:59.290657+02:00,25.407,198.062582,0.2798213930348261
2026-05-21 14:23:59.593211+02:00,25.407,198.365136,0.2798213930348261
2026-05-21 14:23:59.885875+02:00,25.407,198.6578,0.2798213930348261
2026-05-21 14:24:00.176752+02:00,25.407,198.948677,0.2798213930348261
2026-05-21 14:24:00.474008+02:00,25.406,199.245933,0.2788213930348249
2026-05-21 14:24:00.765017+02:00,25.405,199.536942,0.2778213930348272
2026-05-21 14:24:01.056525+02:00,25.405,199.82845,0.2778213930348272
2026-05-21 14:24:01.349341+02:00,25.406,200.121266,0.2788213930348249
2026-05-21 14:24:01.646409+02:00,25.403,200.418334,0.2758213930348248
2026-05-21 14:24:01.939085+02:00,25.403,200.71101,0.2758213930348248
2026-05-21 14:24:02.233581+02:00,25.404,201.005506,0.276821393034826
2026-05-21 14:24:02.523729+02:00,25.403,201.295654,0.2758213930348248
2026-05-21 14:24:02.814809+02:00,25.402,201.586734,0.2748213930348271
2026-05-21 14:24:03.114210+02:00,25.404,201.886135,0.276821393034826
2026-05-21 14:24:03.406307+02:00,25.403,202.178232,0.2758213930348248
2026-05-21 14:24:03.700795+02:00,25.403,202.47272,0.2758213930348248
2026-05-21 14:24:03.991255+02:00,25.402,202.76318,0.2748213930348271
2026-05-21 14:24:04.286247+02:00,25.402,203.058172,0.2748213930348271
2026-05-21 14:24:04.582371+02:00,25.404,203.354296,0.276821393034826
2026-05-21 14:24:04.876588+02:00,25.401,203.648513,0.2738213930348259
2026-05-21 14:24:05.168634+02:00,25.4,203.940559,0.27282139303482467
2026-05-21 14:24:05.460283+02:00,25.398,204.232208,0.2708213930348258
2026-05-21 14:24:05.758944+02:00,25.398,204.530869,0.2708213930348258
2026-05-21 14:24:06.050211+02:00,25.398,204.822136,0.2708213930348258
2026-05-21 14:24:06.338433+02:00,25.396,205.110358,0.2688213930348269
2026-05-21 14:24:06.635939+02:00,25.394,205.407864,0.26682139303482444
2026-05-21 14:24:06.939100+02:00,25.398,205.711025,0.2708213930348258
2026-05-21 14:24:07.231640+02:00,25.396,206.003565,0.2688213930348269
2026-05-21 14:24:07.531476+02:00,25.395,206.303401,0.26782139303482566
2026-05-21 14:24:07.821187+02:00,25.392,206.593112,0.26482139303482555
2026-05-21 14:24:08.114884+02:00,25.39,206.886809,0.26282139303482666
2026-05-21 14:24:08.407401+02:00,25.395,207.179326,0.26782139303482566
2026-05-21 14:24:08.701493+02:00,25.395,207.473418,0.26782139303482566
2026-05-21 14:24:08.993223+02:00,25.392,207.765148,0.26482139303482555
2026-05-21 14:24:09.289160+02:00,25.394,208.061085,0.26682139303482444
2026-05-21 14:24:09.578549+02:00,25.393,208.350474,0.26582139303482677
2026-05-21 14:24:09.874369+02:00,25.394,208.646294,0.26682139303482444
2026-05-21 14:24:10.166817+02:00,25.39,208.938742,0.26282139303482666
2026-05-21 14:24:10.464235+02:00,25.391,209.23616,0.2638213930348243
2026-05-21 14:24:10.758327+02:00,25.39,209.530252,0.26282139303482666
2026-05-21 14:24:11.050215+02:00,25.39,209.82214,0.26282139303482666
2026-05-21 14:24:11.342340+02:00,25.39,210.114265,0.26282139303482666
2026-05-21 14:24:11.641973+02:00,25.39,210.413898,0.26282139303482666
2026-05-21 14:24:11.942335+02:00,25.389,210.71426,0.26182139303482543
2026-05-21 14:24:12.235275+02:00,25.389,211.0072,0.26182139303482543
2026-05-21 14:24:12.538989+02:00,25.389,211.310914,0.26182139303482543
2026-05-21 14:24:12.836126+02:00,25.388,211.608051,0.26082139303482776
2026-05-21 14:24:13.134859+02:00,25.389,211.906784,0.26182139303482543
2026-05-21 14:24:13.425522+02:00,25.388,212.197447,0.26082139303482776
2026-05-21 14:24:13.715897+02:00,25.387,212.487822,0.25982139303482654
2026-05-21 14:24:14.012959+02:00,25.384,212.784884,0.25682139303482643
2026-05-21 14:24:14.303966+02:00,25.385,213.075891,0.25782139303482765
2026-05-21 14:24:14.594478+02:00,25.384,213.366403,0.25682139303482643
2026-05-21 14:24:14.886302+02:00,25.386,213.658227,0.2588213930348253
2026-05-21 14:24:15.179208+02:00,25.384,213.951133,0.25682139303482643
2026-05-21 14:24:15.474528+02:00,25.382,214.246453,0.25482139303482754
2026-05-21 14:24:15.764299+02:00,25.383,214.536224,0.2558213930348252
2026-05-21 14:24:16.055054+02:00,25.383,214.826979,0.2558213930348252
2026-05-21 14:24:16.349492+02:00,25.383,215.121417,0.2558213930348252
2026-05-21 14:24:16.648000+02:00,25.381,215.419925,0.2538213930348263
2026-05-21 14:24:16.946691+02:00,25.381,215.718616,0.2538213930348263
2026-05-21 14:24:17.237224+02:00,25.38,216.009149,0.2528213930348251
2026-05-21 14:24:17.532291+02:00,25.382,216.304216,0.25482139303482754
2026-05-21 14:24:17.821506+02:00,25.38,216.593431,0.2528213930348251
2026-05-21 14:24:18.122802+02:00,25.379,216.894727,0.2518213930348274
2026-05-21 14:24:18.414483+02:00,25.382,217.186408,0.25482139303482754
2026-05-21 14:24:18.704888+02:00,25.381,217.476813,0.2538213930348263
2026-05-21 14:24:19.004362+02:00,25.381,217.776287,0.2538213930348263
2026-05-21 14:24:19.295439+02:00,25.379,218.067364,0.2518213930348274
2026-05-21 14:24:19.586430+02:00,25.38,218.358355,0.2528213930348251
2026-05-21 14:24:19.882412+02:00,25.379,218.654337,0.2518213930348274
2026-05-21 14:24:20.175864+02:00,25.378,218.947789,0.2508213930348262
2026-05-21 14:24:20.470884+02:00,25.378,219.242809,0.2508213930348262
2026-05-21 14:24:20.772106+02:00,25.379,219.544031,0.2518213930348274
2026-05-21 14:24:21.072267+02:00,25.378,219.844192,0.2508213930348262
2026-05-21 14:24:21.371717+02:00,25.377,220.143642,0.24982139303482498
2026-05-21 14:24:21.669651+02:00,25.377,220.441576,0.24982139303482498
2026-05-21 14:24:21.962722+02:00,25.377,220.734647,0.24982139303482498
2026-05-21 14:24:22.254455+02:00,25.378,221.02638,0.2508213930348262
2026-05-21 14:24:22.550646+02:00,25.375,221.322571,0.2478213930348261
2026-05-21 14:24:22.843818+02:00,25.374,221.615743,0.24682139303482487
2026-05-21 14:24:23.140729+02:00,25.374,221.912654,0.24682139303482487
2026-05-21 14:24:23.432169+02:00,25.375,222.204094,0.2478213930348261
2026-05-21 14:24:23.724003+02:00,25.372,222.495928,0.24482139303482597
2026-05-21 14:24:24.017756+02:00,25.371,222.789681,0.24382139303482475
2026-05-21 14:24:24.317804+02:00,25.373,223.089729,0.2458213930348272
2026-05-21 14:24:24.608112+02:00,25.374,223.380037,0.24682139303482487
2026-05-21 14:24:24.900494+02:00,25.373,223.672419,0.2458213930348272
2026-05-21 14:24:25.190828+02:00,25.373,223.962753,0.2458213930348272
2026-05-21 14:24:25.487460+02:00,25.372,224.259385,0.24482139303482597
2026-05-21 14:24:25.786141+02:00,25.374,224.558066,0.24682139303482487
2026-05-21 14:24:26.076790+02:00,25.369,224.848715,0.24182139303482586
2026-05-21 14:24:26.366795+02:00,25.371,225.13872,0.24382139303482475
2026-05-21 14:24:26.667268+02:00,25.372,225.439193,0.24482139303482597
2026-05-21 14:24:26.961190+02:00,25.372,225.733115,0.24482139303482597
2026-05-21 14:24:27.253113+02:00,25.372,226.025038,0.24482139303482597
2026-05-21 14:24:27.549859+02:00,25.372,226.321784,0.24482139303482597
2026-05-21 14:24:27.842250+02:00,25.37,226.614175,0.24282139303482708
2026-05-21 14:24:28.133223+02:00,25.37,226.905148,0.24282139303482708
2026-05-21 14:24:28.431050+02:00,25.368,227.202975,0.24082139303482464
2026-05-21 14:24:28.720757+02:00,25.368,227.492682,0.24082139303482464
2026-05-21 14:24:29.013664+02:00,25.368,227.785589,0.24082139303482464
2026-05-21 14:24:29.308526+02:00,25.369,228.080451,0.24182139303482586
2026-05-21 14:24:29.604431+02:00,25.367,228.376356,0.23982139303482697
2026-05-21 14:24:29.895136+02:00,25.367,228.667061,0.23982139303482697
2026-05-21 14:24:30.186523+02:00,25.368,228.958448,0.24082139303482464
2026-05-21 14:24:30.483322+02:00,25.366,229.255247,0.23882139303482575
2026-05-21 14:24:30.781340+02:00,25.368,229.553265,0.24082139303482464
2026-05-21 14:24:31.072566+02:00,25.367,229.844491,0.23982139303482697
2026-05-21 14:24:31.360560+02:00,25.367,230.132485,0.23982139303482697
2026-05-21 14:24:31.661858+02:00,25.364,230.433783,0.23682139303482685
2026-05-21 14:24:31.952333+02:00,25.366,230.724258,0.23882139303482575
2026-05-21 14:24:32.242558+02:00,25.362,231.014483,0.2348213930348244
2026-05-21 14:24:32.539814+02:00,25.363,231.311739,0.23582139303482563
2026-05-21 14:24:32.838183+02:00,25.362,231.610108,0.2348213930348244
2026-05-21 14:24:33.131848+02:00,25.359,231.903773,0.23182139303482785
2026-05-21 14:24:33.421110+02:00,25.36,232.193035,0.23282139303482552
2026-05-21 14:24:33.710773+02:00,25.358,232.482698,0.23082139303482663
2026-05-21 14:24:34.007396+02:00,25.36,232.779321,0.23282139303482552
2026-05-21 14:24:34.301057+02:00,25.36,233.072982,0.23282139303482552
2026-05-21 14:24:34.600693+02:00,25.36,233.372618,0.23282139303482552
2026-05-21 14:24:34.890799+02:00,25.358,233.662724,0.23082139303482663
2026-05-21 14:24:35.183055+02:00,25.357,233.95498,0.2298213930348254
2026-05-21 14:24:35.471660+02:00,25.358,234.243585,0.23082139303482663
2026-05-21 14:24:35.763172+02:00,25.357,234.535097,0.2298213930348254
2026-05-21 14:24:36.053896+02:00,25.354,234.825821,0.2268213930348253
2026-05-21 14:24:36.344557+02:00,25.357,235.116482,0.2298213930348254
2026-05-21 14:24:36.648564+02:00,25.355,235.420489,0.2278213930348265
2026-05-21 14:24:36.947905+02:00,25.355,235.71983,0.2278213930348265
2026-05-21 14:24:37.240786+02:00,25.355,236.012711,0.2278213930348265
2026-05-21 14:24:37.535262+02:00,25.353,236.307187,0.22582139303482762
2026-05-21 14:24:37.824792+02:00,25.353,236.596717,0.22582139303482762
2026-05-21 14:24:38.118641+02:00,25.353,236.890566,0.22582139303482762
2026-05-21 14:24:38.410225+02:00,25.35,237.18215,0.2228213930348275
2026-05-21 14:24:38.710577+02:00,25.352,237.482502,0.2248213930348264
2026-05-21 14:24:39.004816+02:00,25.349,237.776741,0.2218213930348263
2026-05-21 14:24:39.298385+02:00,25.349,238.07031,0.2218213930348263
2026-05-21 14:24:39.596437+02:00,25.35,238.368362,0.2228213930348275
2026-05-21 14:24:39.886563+02:00,25.346,238.658488,0.21882139303482617
2026-05-21 14:24:40.176474+02:00,25.346,238.948399,0.21882139303482617
2026-05-21 14:24:40.475395+02:00,25.347,239.24732,0.2198213930348274
2026-05-21 14:24:40.765311+02:00,25.344,239.537236,0.21682139303482728
2026-05-21 14:24:41.055761+02:00,25.345,239.827686,0.21782139303482495
2026-05-21 14:24:41.353830+02:00,25.343,240.125755,0.21582139303482606
2026-05-21 14:24:41.644902+02:00,25.344,240.416827,0.21682139303482728
2026-05-21 14:24:41.943794+02:00,25.343,240.715719,0.21582139303482606
2026-05-21 14:24:42.233328+02:00,25.345,241.005253,0.21782139303482495
2026-05-21 14:24:42.532246+02:00,25.342,241.304171,0.21482139303482484
2026-05-21 14:24:42.828273+02:00,25.343,241.600198,0.21582139303482606
2026-05-21 14:24:43.118347+02:00,25.338,241.890272,0.21082139303482705
2026-05-21 14:24:43.410323+02:00,25.34,242.182248,0.21282139303482595
2026-05-21 14:24:43.706029+02:00,25.34,242.477954,0.21282139303482595
2026-05-21 14:24:44.004954+02:00,25.339,242.776879,0.21182139303482472
2026-05-21 14:24:44.295079+02:00,25.337,243.067004,0.20982139303482583
2026-05-21 14:24:44.588336+02:00,25.337,243.360261,0.20982139303482583
2026-05-21 14:24:44.879272+02:00,25.336,243.651197,0.2088213930348246
2026-05-21 14:24:45.172666+02:00,25.335,243.944591,0.20782139303482694
2026-05-21 14:24:45.463366+02:00,25.336,244.235291,0.2088213930348246
2026-05-21 14:24:45.758673+02:00,25.335,244.530598,0.20782139303482694
2026-05-21 14:24:46.048601+02:00,25.333,244.820526,0.2058213930348245
2026-05-21 14:24:46.341476+02:00,25.332,245.113401,0.20482139303482683
2026-05-21 14:24:46.645566+02:00,25.333,245.417491,0.2058213930348245
2026-05-21 14:24:46.936664+02:00,25.333,245.708589,0.2058213930348245
2026-05-21 14:24:47.228192+02:00,25.333,246.000117,0.2058213930348245
2026-05-21 14:24:47.525807+02:00,25.333,246.297732,0.2058213930348245
2026-05-21 14:24:47.820897+02:00,25.332,246.592822,0.20482139303482683
2026-05-21 14:24:48.110467+02:00,25.331,246.882392,0.2038213930348256
2026-05-21 14:24:48.402954+02:00,25.33,247.174879,0.20282139303482438
2026-05-21 14:24:48.700403+02:00,25.33,247.472328,0.20282139303482438
2026-05-21 14:24:48.992513+02:00,25.328,247.764438,0.2008213930348255
2026-05-21 14:24:49.283964+02:00,25.327,248.055889,0.19982139303482782
2026-05-21 14:24:49.572705+02:00,25.326,248.34463,0.1988213930348266
2026-05-21 14:24:49.866904+02:00,25.327,248.638829,0.19982139303482782
2026-05-21 14:24:50.160141+02:00,25.325,248.932066,0.19782139303482538
2026-05-21 14:24:50.448656+02:00,25.327,249.220581,0.19982139303482782
2026-05-21 14:24:50.747789+02:00,25.324,249.519714,0.1968213930348277
2026-05-21 14:24:51.037885+02:00,25.322,249.80981,0.19482139303482526
2026-05-21 14:24:51.332234+02:00,25.32,250.104159,0.19282139303482637
2026-05-21 14:24:51.624118+02:00,25.32,250.396043,0.19282139303482637
2026-05-21 14:24:51.924022+02:00,25.321,250.695947,0.1938213930348276
2026-05-21 14:24:52.216615+02:00,25.322,250.98854,0.19482139303482526
2026-05-21 14:24:52.507769+02:00,25.32,251.279694,0.19282139303482637
2026-05-21 14:24:52.799572+02:00,25.317,251.571497,0.18982139303482626
2026-05-21 14:24:53.092502+02:00,25.317,251.864427,0.18982139303482626
2026-05-21 14:24:53.383740+02:00,25.316,252.155665,0.18882139303482504
2026-05-21 14:24:53.684532+02:00,25.313,252.456457,0.18582139303482492
2026-05-21 14:24:53.986572+02:00,25.312,252.758497,0.18482139303482725
2026-05-21 14:24:54.276408+02:00,25.313,253.048333,0.18582139303482492
2026-05-21 14:24:54.573708+02:00,25.311,253.345633,0.18382139303482603
2026-05-21 14:24:54.863215+02:00,25.312,253.63514,0.18482139303482725
2026-05-21 14:24:55.158524+02:00,25.309,253.930449,0.18182139303482714
2026-05-21 14:24:55.451058+02:00,25.309,254.222983,0.18182139303482714
2026-05-21 14:24:55.750892+02:00,25.314,254.522817,0.18682139303482614
2026-05-21 14:24:56.048351+02:00,25.312,254.820276,0.18482139303482725
2026-05-21 14:24:56.337417+02:00,25.308,255.109342,0.18082139303482592
2026-05-21 14:24:56.629788+02:00,25.306,255.401713,0.17882139303482703
2026-05-21 14:24:56.926808+02:00,25.309,255.698733,0.18182139303482714
2026-05-21 14:24:57.223432+02:00,25.306,255.995357,0.17882139303482703
2026-05-21 14:24:57.513964+02:00,25.306,256.285889,0.17882139303482703
2026-05-21 14:24:57.803885+02:00,25.307,256.57581,0.1798213930348247
2026-05-21 14:24:58.095751+02:00,25.304,256.867676,0.17682139303482458
2026-05-21 14:24:58.387515+02:00,25.304,257.15944,0.17682139303482458
2026-05-21 14:24:58.678066+02:00,25.304,257.449991,0.17682139303482458
2026-05-21 14:24:58.968441+02:00,25.304,257.740366,0.17682139303482458
2026-05-21 14:24:59.257995+02:00,25.3,258.02992,0.1728213930348268
2026-05-21 14:24:59.548268+02:00,25.303,258.320193,0.1758213930348269
2026-05-21 14:24:59.840957+02:00,25.3,258.612882,0.1728213930348268
2026-05-21 14:25:00.130626+02:00,25.301,258.902551,0.17382139303482447
2026-05-21 14:25:00.432862+02:00,25.3,259.204787,0.1728213930348268
2026-05-21 14:25:00.727148+02:00,25.298,259.499073,0.17082139303482435
2026-05-21 14:25:01.021955+02:00,25.296,259.79388,0.16882139303482546
2026-05-21 14:25:01.311416+02:00,25.294,260.083341,0.16682139303482657
2026-05-21 14:25:01.609227+02:00,25.294,260.381152,0.16682139303482657
2026-05-21 14:25:01.900046+02:00,25.295,260.671971,0.1678213930348278
2026-05-21 14:25:02.198549+02:00,25.292,260.970474,0.16482139303482768
2026-05-21 14:25:02.498257+02:00,25.29,261.270182,0.16282139303482523
2026-05-21 14:25:02.786685+02:00,25.293,261.55861,0.16582139303482535
2026-05-21 14:25:03.077659+02:00,25.291,261.849584,0.16382139303482646
2026-05-21 14:25:03.378983+02:00,25.293,262.150908,0.16582139303482535
2026-05-21 14:25:03.673918+02:00,25.289,262.445843,0.16182139303482757
2026-05-21 14:25:03.964144+02:00,25.287,262.736069,0.15982139303482512
2026-05-21 14:25:04.253757+02:00,25.287,263.025682,0.15982139303482512
2026-05-21 14:25:04.549777+02:00,25.289,263.321702,0.16182139303482757
2026-05-21 14:25:04.846673+02:00,25.288,263.618598,0.16082139303482634
2026-05-21 14:25:05.146289+02:00,25.286,263.918214,0.15882139303482745
2026-05-21 14:25:05.435412+02:00,25.287,264.207337,0.15982139303482512
2026-05-21 14:25:05.729073+02:00,25.283,264.500998,0.15582139303482734
2026-05-21 14:25:06.021390+02:00,25.281,264.793315,0.1538213930348249
2026-05-21 14:25:06.315666+02:00,25.281,265.087591,0.1538213930348249
2026-05-21 14:25:06.616610+02:00,25.282,265.388535,0.15482139303482612
2026-05-21 14:25:06.909934+02:00,25.282,265.681859,0.15482139303482612
2026-05-21 14:25:07.199883+02:00,25.279,265.971808,0.151821393034826
2026-05-21 14:25:07.492746+02:00,25.279,266.264671,0.151821393034826
2026-05-21 14:25:07.789737+02:00,25.28,266.561662,0.15282139303482722
2026-05-21 14:25:08.088422+02:00,25.277,266.860347,0.1498213930348271
2026-05-21 14:25:08.386832+02:00,25.274,267.158757,0.146821393034827
2026-05-21 14:25:08.678082+02:00,25.275,267.450007,0.14782139303482467
2026-05-21 14:25:08.969221+02:00,25.274,267.741146,0.146821393034827
2026-05-21 14:25:09.267926+02:00,25.276,268.039851,0.1488213930348259
2026-05-21 14:25:09.560849+02:00,25.274,268.332774,0.146821393034827
2026-05-21 14:25:09.855243+02:00,25.274,268.627168,0.146821393034827
2026-05-21 14:25:10.147321+02:00,25.273,268.919246,0.14582139303482577
2026-05-21 14:25:10.437973+02:00,25.27,269.209898,0.14282139303482566
2026-05-21 14:25:10.727243+02:00,25.27,269.499168,0.14282139303482566
2026-05-21 14:25:11.024847+02:00,25.27,269.796772,0.14282139303482566
2026-05-21 14:25:11.319015+02:00,25.268,270.09094,0.14082139303482677
2026-05-21 14:25:11.608869+02:00,25.269,270.380794,0.14182139303482444
2026-05-21 14:25:11.901316+02:00,25.268,270.673241,0.14082139303482677
2026-05-21 14:25:12.197647+02:00,25.266,270.969572,0.13882139303482433
2026-05-21 14:25:12.487130+02:00,25.266,271.259055,0.13882139303482433
2026-05-21 14:25:12.779437+02:00,25.266,271.551362,0.13882139303482433
2026-05-21 14:25:13.075157+02:00,25.263,271.847082,0.13582139303482776
2026-05-21 14:25:13.367668+02:00,25.26,272.139593,0.13282139303482765
2026-05-21 14:25:13.657891+02:00,25.263,272.429816,0.13582139303482776
2026-05-21 14:25:13.947688+02:00,25.263,272.719613,0.13582139303482776
2026-05-21 14:25:14.238562+02:00,25.26,273.010487,0.13282139303482765
2026-05-21 14:25:14.533350+02:00,25.26,273.305275,0.13282139303482765
2026-05-21 14:25:14.827290+02:00,25.26,273.599215,0.13282139303482765
2026-05-21 14:25:15.118468+02:00,25.26,273.890393,0.13282139303482765
2026-05-21 14:25:15.409689+02:00,25.26,274.181614,0.13282139303482765
2026-05-21 14:25:15.703538+02:00,25.261,274.475463,0.13382139303482532
2026-05-21 14:25:16.000871+02:00,25.257,274.772796,0.12982139303482754
2026-05-21 14:25:16.290023+02:00,25.256,275.061948,0.12882139303482631
2026-05-21 14:25:16.582804+02:00,25.257,275.354729,0.12982139303482754
2026-05-21 14:25:16.877111+02:00,25.257,275.649036,0.12982139303482754
2026-05-21 14:25:17.169389+02:00,25.257,275.941314,0.12982139303482754
2026-05-21 14:25:17.460986+02:00,25.256,276.232911,0.12882139303482631
2026-05-21 14:25:17.759882+02:00,25.254,276.531807,0.12682139303482742
2026-05-21 14:25:18.051874+02:00,25.252,276.823799,0.12482139303482498
2026-05-21 14:25:18.351077+02:00,25.255,277.123002,0.1278213930348251
2026-05-21 14:25:18.641204+02:00,25.253,277.413129,0.1258213930348262
2026-05-21 14:25:18.943551+02:00,25.252,277.715476,0.12482139303482498
2026-05-21 14:25:19.234349+02:00,25.252,278.006274,0.12482139303482498
2026-05-21 14:25:19.535290+02:00,25.249,278.307215,0.12182139303482487
2026-05-21 14:25:19.837188+02:00,25.25,278.609113,0.12282139303482609
2026-05-21 14:25:20.133408+02:00,25.247,278.905333,0.11982139303482597
2026-05-21 14:25:20.425969+02:00,25.246,279.197894,0.11882139303482475
2026-05-21 14:25:20.716413+02:00,25.247,279.488338,0.11982139303482597
2026-05-21 14:25:21.013861+02:00,25.246,279.785786,0.11882139303482475
2026-05-21 14:25:21.304405+02:00,25.244,280.07633,0.11682139303482586
2026-05-21 14:25:21.597584+02:00,25.243,280.369509,0.11582139303482464
2026-05-21 14:25:21.895544+02:00,25.242,280.667469,0.11482139303482697
2026-05-21 14:25:22.186974+02:00,25.24,280.958899,0.11282139303482452
2026-05-21 14:25:22.478599+02:00,25.241,281.250524,0.11382139303482575
2026-05-21 14:25:22.771700+02:00,25.239,281.543625,0.11182139303482685
2026-05-21 14:25:23.066239+02:00,25.238,281.838164,0.11082139303482563
2026-05-21 14:25:23.355413+02:00,25.237,282.127338,0.10982139303482441
2026-05-21 14:25:23.655363+02:00,25.237,282.427288,0.10982139303482441
2026-05-21 14:25:23.952847+02:00,25.235,282.724772,0.10782139303482552
2026-05-21 14:25:24.245764+02:00,25.235,283.017689,0.10782139303482552
2026-05-21 14:25:24.537941+02:00,25.236,283.309866,0.10882139303482674
2026-05-21 14:25:24.830574+02:00,25.236,283.602499,0.10882139303482674
2026-05-21 14:25:25.122831+02:00,25.235,283.894756,0.10782139303482552
2026-05-21 14:25:25.415255+02:00,25.231,284.18718,0.10382139303482774
2026-05-21 14:25:25.709592+02:00,25.233,284.481517,0.10582139303482663
2026-05-21 14:25:26.005310+02:00,25.229,284.777235,0.10182139303482529
2026-05-21 14:25:26.296141+02:00,25.228,285.068066,0.10082139303482762
2026-05-21 14:25:26.589012+02:00,25.23,285.360937,0.10282139303482651
2026-05-21 14:25:26.883616+02:00,25.227,285.655541,0.0998213930348264
2026-05-21 14:25:27.186277+02:00,25.227,285.958202,0.0998213930348264
2026-05-21 14:25:27.475128+02:00,25.228,286.247053,0.10082139303482762
2026-05-21 14:25:27.766880+02:00,25.229,286.538805,0.10182139303482529
2026-05-21 14:25:28.057709+02:00,25.226,286.829634,0.09882139303482518
2026-05-21 14:25:28.351044+02:00,25.226,287.122969,0.09882139303482518
2026-05-21 14:25:28.641026+02:00,25.223,287.412951,0.09582139303482506
2026-05-21 14:25:28.945369+02:00,25.225,287.717294,0.09782139303482751
2026-05-21 14:25:29.245694+02:00,25.224,288.017619,0.09682139303482629
2026-05-21 14:25:29.534733+02:00,25.223,288.306658,0.09582139303482506
2026-05-21 14:25:29.835555+02:00,25.221,288.60748,0.09382139303482617
2026-05-21 14:25:30.125860+02:00,25.22,288.897785,0.09282139303482495
2026-05-21 14:25:30.424767+02:00,25.22,289.196692,0.09282139303482495
2026-05-21 14:25:30.714932+02:00,25.22,289.486857,0.09282139303482495
2026-05-21 14:25:31.006526+02:00,25.221,289.778451,0.09382139303482617
2026-05-21 14:25:31.306922+02:00,25.218,290.078847,0.09082139303482606
2026-05-21 14:25:31.601034+02:00,25.218,290.372959,0.09082139303482606
2026-05-21 14:25:31.895782+02:00,25.22,290.667707,0.09282139303482495
2026-05-21 14:25:32.187091+02:00,25.216,290.959016,0.08882139303482717
2026-05-21 14:25:32.479613+02:00,25.218,291.251538,0.09082139303482606
2026-05-21 14:25:32.775393+02:00,25.219,291.547318,0.09182139303482728
2026-05-21 14:25:33.067695+02:00,25.217,291.83962,0.08982139303482484
2026-05-21 14:25:33.357345+02:00,25.213,292.12927,0.08582139303482705
2026-05-21 14:25:33.650335+02:00,25.213,292.42226,0.08582139303482705
2026-05-21 14:25:33.943174+02:00,25.214,292.715099,0.08682139303482472
2026-05-21 14:25:34.234024+02:00,25.213,293.005949,0.08582139303482705
2026-05-21 14:25:34.526526+02:00,25.214,293.298451,0.08682139303482472
2026-05-21 14:25:34.820478+02:00,25.213,293.592403,0.08582139303482705
2026-05-21 14:25:35.112065+02:00,25.213,293.88399,0.08582139303482705
2026-05-21 14:25:35.406327+02:00,25.212,294.178252,0.08482139303482583
2026-05-21 14:25:35.697713+02:00,25.211,294.469638,0.08382139303482461
2026-05-21 14:25:36.002772+02:00,25.21,294.774697,0.08282139303482694
2026-05-21 14:25:36.295192+02:00,25.21,295.067117,0.08282139303482694
2026-05-21 14:25:36.586681+02:00,25.208,295.358606,0.0808213930348245
2026-05-21 14:25:36.877362+02:00,25.209,295.649287,0.08182139303482572
2026-05-21 14:25:37.174847+02:00,25.208,295.946772,0.0808213930348245
2026-05-21 14:25:37.473327+02:00,25.206,296.245252,0.0788213930348256
2026-05-21 14:25:37.767956+02:00,25.207,296.539881,0.07982139303482683
2026-05-21 14:25:38.056909+02:00,25.208,296.828834,0.0808213930348245
2026-05-21 14:25:38.349462+02:00,25.206,297.121387,0.0788213930348256
2026-05-21 14:25:38.648124+02:00,25.204,297.420049,0.07682139303482671
2026-05-21 14:25:38.947549+02:00,25.205,297.719474,0.07782139303482438
2026-05-21 14:25:39.237796+02:00,25.203,298.009721,0.07582139303482549
2026-05-21 14:25:39.530054+02:00,25.204,298.301979,0.07682139303482671
2026-05-21 14:25:39.819467+02:00,25.202,298.591392,0.07482139303482782
2026-05-21 14:25:40.109200+02:00,25.202,298.881125,0.07482139303482782
2026-05-21 14:25:40.402054+02:00,25.201,299.173979,0.0738213930348266
2026-05-21 14:25:40.694572+02:00,25.2,299.466497,0.07282139303482538
2026-05-21 14:25:40.996066+02:00,25.199,299.767991,0.07182139303482771
2026-05-21 14:25:41.287579+02:00,25.199,300.059504,0.07182139303482771
2026-05-21 14:25:41.584129+02:00,25.197,300.356054,0.06982139303482526
2026-05-21 14:25:41.874971+02:00,25.198,300.646896,0.07082139303482649
2026-05-21 14:25:42.163553+02:00,25.199,300.935478,0.07182139303482771
2026-05-21 14:25:42.461903+02:00,25.199,301.233828,0.07182139303482771
2026-05-21 14:25:42.755425+02:00,25.197,301.52735,0.06982139303482526
2026-05-21 14:25:43.050749+02:00,25.198,301.822674,0.07082139303482649
2026-05-21 14:25:43.344283+02:00,25.194,302.116208,0.06682139303482515
2026-05-21 14:25:43.636345+02:00,25.196,302.40827,0.0688213930348276
2026-05-21 14:25:43.927978+02:00,25.195,302.699903,0.06782139303482637
2026-05-21 14:25:44.217874+02:00,25.194,302.989799,0.06682139303482515
2026-05-21 14:25:44.508506+02:00,25.195,303.280431,0.06782139303482637
2026-05-21 14:25:44.800263+02:00,25.194,303.572188,0.06682139303482515
2026-05-21 14:25:45.092897+02:00,25.193,303.864822,0.06582139303482748
2026-05-21 14:25:45.381949+02:00,25.189,304.153874,0.061821393034826144
2026-05-21 14:25:45.673065+02:00,25.19,304.44499,0.06282139303482737
2026-05-21 14:25:45.964887+02:00,25.19,304.736812,0.06282139303482737
2026-05-21 14:25:46.260076+02:00,25.187,305.032001,0.05982139303482725
2026-05-21 14:25:46.557301+02:00,25.188,305.329226,0.06082139303482492
2026-05-21 14:25:46.849985+02:00,25.187,305.62191,0.05982139303482725
2026-05-21 14:25:47.143274+02:00,25.187,305.915199,0.05982139303482725
2026-05-21 14:25:47.435999+02:00,25.187,306.207924,0.05982139303482725
2026-05-21 14:25:47.726497+02:00,25.186,306.498422,0.05882139303482603
2026-05-21 14:25:48.018584+02:00,25.184,306.790509,0.05682139303482714
2026-05-21 14:25:48.309067+02:00,25.184,307.080992,0.05682139303482714
2026-05-21 14:25:48.605239+02:00,25.184,307.377164,0.05682139303482714
2026-05-21 14:25:48.896150+02:00,25.185,307.668075,0.05782139303482481
2026-05-21 14:25:49.188780+02:00,25.185,307.960705,0.05782139303482481
2026-05-21 14:25:49.478785+02:00,25.185,308.25071,0.05782139303482481
2026-05-21 14:25:49.776979+02:00,25.185,308.548904,0.05782139303482481
2026-05-21 14:25:50.067096+02:00,25.185,308.839021,0.05782139303482481
2026-05-21 14:25:50.361513+02:00,25.184,309.133438,0.05682139303482714
2026-05-21 14:25:50.656167+02:00,25.182,309.428092,0.054821393034824695
2026-05-21 14:25:50.944793+02:00,25.181,309.716718,0.053821393034827025
2026-05-21 14:25:51.235376+02:00,25.181,310.007301,0.053821393034827025
2026-05-21 14:25:51.526392+02:00,25.18,310.298317,0.0528213930348258
2026-05-21 14:25:51.825099+02:00,25.179,310.597024,0.05182139303482458
2026-05-21 14:25:52.122510+02:00,25.178,310.894435,0.05082139303482691
2026-05-21 14:25:52.416843+02:00,25.176,311.188768,0.04882139303482447
2026-05-21 14:25:52.710998+02:00,25.175,311.482923,0.0478213930348268
2026-05-21 14:25:53.005445+02:00,25.176,311.77737,0.04882139303482447
2026-05-21 14:25:53.297215+02:00,25.177,312.06914,0.04982139303482569
2026-05-21 14:25:53.590022+02:00,25.176,312.361947,0.04882139303482447
2026-05-21 14:25:53.880487+02:00,25.175,312.652412,0.0478213930348268
2026-05-21 14:25:54.173542+02:00,25.174,312.945467,0.046821393034825576
2026-05-21 14:25:54.472931+02:00,25.174,313.244856,0.046821393034825576
2026-05-21 14:25:54.767183+02:00,25.172,313.539108,0.044821393034826684
2026-05-21 14:25:55.056889+02:00,25.172,313.828814,0.044821393034826684
2026-05-21 14:25:55.346059+02:00,25.17,314.117984,0.04282139303482779
2026-05-21 14:25:55.642088+02:00,25.168,314.414013,0.04082139303482535
2026-05-21 14:25:55.941402+02:00,25.172,314.713327,0.044821393034826684
2026-05-21 14:25:56.238645+02:00,25.168,315.01057,0.04082139303482535
2026-05-21 14:25:56.529830+02:00,25.169,315.301755,0.04182139303482657
2026-05-21 14:25:56.823507+02:00,25.166,315.595432,0.03882139303482646
2026-05-21 14:25:57.126544+02:00,25.166,315.898469,0.03882139303482646
2026-05-21 14:25:57.421221+02:00,25.164,316.193146,0.036821393034827565
2026-05-21 14:25:57.716951+02:00,25.164,316.488876,0.036821393034827565
2026-05-21 14:25:58.008415+02:00,25.164,316.78034,0.036821393034827565
2026-05-21 14:25:58.297894+02:00,25.162,317.069819,0.03482139303482512
2026-05-21 14:25:58.597659+02:00,25.161,317.369584,0.03382139303482745
2026-05-21 14:25:58.895504+02:00,25.16,317.667429,0.03282139303482623
2026-05-21 14:25:59.185070+02:00,25.162,317.956995,0.03482139303482512
2026-05-21 14:25:59.477880+02:00,25.161,318.249805,0.03382139303482745
2026-05-21 14:25:59.775790+02:00,25.16,318.547715,0.03282139303482623
2026-05-21 14:26:00.072622+02:00,25.16,318.844547,0.03282139303482623
2026-05-21 14:26:00.365240+02:00,25.159,319.137165,0.03182139303482501
2026-05-21 14:26:00.657597+02:00,25.158,319.429522,0.030821393034827338
2026-05-21 14:26:00.950244+02:00,25.157,319.722169,0.029821393034826116
2026-05-21 14:26:01.244600+02:00,25.156,320.016525,0.028821393034824894
2026-05-21 14:26:01.542505+02:00,25.157,320.31443,0.029821393034826116
2026-05-21 14:26:01.833897+02:00,25.155,320.605822,0.027821393034827224
2026-05-21 14:26:02.124734+02:00,25.154,320.896659,0.026821393034826002
2026-05-21 14:26:02.419299+02:00,25.152,321.191224,0.02482139303482711
2026-05-21 14:26:02.709377+02:00,25.152,321.481302,0.02482139303482711
2026-05-21 14:26:02.999627+02:00,25.152,321.771552,0.02482139303482711
2026-05-21 14:26:03.289683+02:00,25.149,322.061608,0.021821393034826997
2026-05-21 14:26:03.582675+02:00,25.15,322.3546,0.022821393034824666
2026-05-21 14:26:03.873593+02:00,25.149,322.645518,0.021821393034826997
2026-05-21 14:26:04.167742+02:00,25.15,322.939667,0.022821393034824666
2026-05-21 14:26:04.461600+02:00,25.149,323.233525,0.021821393034826997
2026-05-21 14:26:04.751741+02:00,25.147,323.523666,0.019821393034824553
2026-05-21 14:26:05.041302+02:00,25.149,323.813227,0.021821393034826997
2026-05-21 14:26:05.332489+02:00,25.147,324.104414,0.019821393034824553
2026-05-21 14:26:05.623023+02:00,25.148,324.394948,0.020821393034825775
2026-05-21 14:26:05.918162+02:00,25.149,324.690087,0.021821393034826997
2026-05-21 14:26:06.211406+02:00,25.147,324.983331,0.019821393034824553
2026-05-21 14:26:06.503444+02:00,25.145,325.275369,0.01782139303482566
2026-05-21 14:26:06.794511+02:00,25.146,325.566436,0.018821393034826883
2026-05-21 14:26:07.086786+02:00,25.141,325.858711,0.013821393034824325
2026-05-21 14:26:07.384003+02:00,25.143,326.155928,0.01582139303482677
2026-05-21 14:26:07.681068+02:00,25.141,326.452993,0.013821393034824325
2026-05-21 14:26:07.967859+02:00,25.135,326.739784,0.00782139303482765
2026-05-21 14:26:08.261593+02:00,25.134,327.033518,0.0068213930348264284
2026-05-21 14:26:08.560998+02:00,25.137,327.332923,0.009821393034826542
2026-05-21 14:26:08.860055+02:00,25.138,327.63198,0.010821393034827764
2026-05-21 14:26:09.156019+02:00,25.136,327.927944,0.00882139303482532
2026-05-21 14:26:09.456653+02:00,25.135,328.228578,0.00782139303482765
2026-05-21 14:26:09.746658+02:00,25.134,328.518583,0.0068213930348264284
2026-05-21 14:26:10.037414+02:00,25.132,328.809339,0.004821393034827537
2026-05-21 14:26:10.330113+02:00,25.134,329.102038,0.0068213930348264284
2026-05-21 14:26:10.629802+02:00,25.131,329.401727,0.0038213930348263148
2026-05-21 14:26:10.918882+02:00,25.133,329.690807,0.005821393034825206
2026-05-21 14:26:11.211537+02:00,25.132,329.983462,0.004821393034827537
2026-05-21 14:26:11.511769+02:00,25.129,330.283694,0.0018213930348274232
2026-05-21 14:26:11.807969+02:00,25.13,330.579894,0.0028213930348250926
2026-05-21 14:26:12.105664+02:00,25.128,330.877589,0.0008213930348262011
2026-05-21 14:26:12.396321+02:00,25.13,331.168246,0.0028213930348250926
2026-05-21 14:26:12.687032+02:00,25.127,331.458957,-0.00017860696517502106
2026-05-21 14:26:12.977293+02:00,25.126,331.749218,-0.0011786069651726905
2026-05-21 14:26:13.267728+02:00,25.123,332.039653,-0.004178606965172804
2026-05-21 14:26:13.559403+02:00,25.125,332.331328,-0.0021786069651739126
2026-05-21 14:26:13.860337+02:00,25.122,332.632262,-0.005178606965174026
2026-05-21 14:26:14.153504+02:00,25.126,332.925429,-0.0011786069651726905
2026-05-21 14:26:14.447414+02:00,25.122,333.219339,-0.005178606965174026
2026-05-21 14:26:14.740772+02:00,25.122,333.512697,-0.005178606965174026
2026-05-21 14:26:15.030207+02:00,25.122,333.802132,-0.005178606965174026
2026-05-21 14:26:15.321768+02:00,25.121,334.093693,-0.006178606965175248
2026-05-21 14:26:15.618005+02:00,25.118,334.38993,-0.009178606965175362
2026-05-21 14:26:15.916437+02:00,25.118,334.688362,-0.009178606965175362
2026-05-21 14:26:16.205711+02:00,25.118,334.977636,-0.009178606965175362
2026-05-21 14:26:16.516630+02:00,25.116,335.288555,-0.011178606965174254
2026-05-21 14:26:16.819729+02:00,25.115,335.591654,-0.012178606965175476
2026-05-21 14:26:17.115307+02:00,25.115,335.887232,-0.012178606965175476
2026-05-21 14:26:17.405869+02:00,25.116,336.177794,-0.011178606965174254
2026-05-21 14:26:17.695787+02:00,25.112,336.467712,-0.01517860696517559
2026-05-21 14:26:17.987369+02:00,25.112,336.759294,-0.01517860696517559
2026-05-21 14:26:18.279014+02:00,25.112,337.050939,-0.01517860696517559
2026-05-21 14:26:18.568608+02:00,25.11,337.340533,-0.01717860696517448
2026-05-21 14:26:18.861289+02:00,25.111,337.633214,-0.01617860696517326
2026-05-21 14:26:19.151664+02:00,25.112,337.923589,-0.01517860696517559
2026-05-21 14:26:19.451650+02:00,25.109,338.223575,-0.01817860696517215
2026-05-21 14:26:19.748371+02:00,25.108,338.520296,-0.019178606965173373
2026-05-21 14:26:20.042931+02:00,25.108,338.814856,-0.019178606965173373
2026-05-21 14:26:20.334656+02:00,25.106,339.106581,-0.021178606965172264
2026-05-21 14:26:20.627602+02:00,25.105,339.399527,-0.022178606965173486
2026-05-21 14:26:20.918047+02:00,25.103,339.689972,-0.024178606965172378
2026-05-21 14:26:21.211133+02:00,25.103,339.983058,-0.024178606965172378
2026-05-21 14:26:21.515650+02:00,25.101,340.287575,-0.026178606965174822
2026-05-21 14:26:21.816502+02:00,25.102,340.588427,-0.0251786069651736
2026-05-21 14:26:22.116614+02:00,25.099,340.888539,-0.028178606965173714
2026-05-21 14:26:22.417114+02:00,25.1,341.189039,-0.02717860696517249
2026-05-21 14:26:22.709560+02:00,25.098,341.481485,-0.029178606965174936
2026-05-21 14:26:23.008533+02:00,25.098,341.780458,-0.029178606965174936
2026-05-21 14:26:23.299218+02:00,25.097,342.071143,-0.030178606965172605
2026-05-21 14:26:23.592919+02:00,25.097,342.364844,-0.030178606965172605
2026-05-21 14:26:23.885689+02:00,25.097,342.657614,-0.030178606965172605
2026-05-21 14:26:24.175240+02:00,25.093,342.947165,-0.03417860696517394
2026-05-21 14:26:24.467326+02:00,25.093,343.239251,-0.03417860696517394
2026-05-21 14:26:24.763200+02:00,25.092,343.535125,-0.03517860696517516
2026-05-21 14:26:25.062168+02:00,25.093,343.834093,-0.03417860696517394
2026-05-21 14:26:25.350878+02:00,25.09,344.122803,-0.037178606965174055
2026-05-21 14:26:25.644999+02:00,25.088,344.416924,-0.039178606965172946
2026-05-21 14:26:25.935080+02:00,25.088,344.707005,-0.039178606965172946
2026-05-21 14:26:26.232551+02:00,25.089,345.004476,-0.03817860696517528
2026-05-21 14:26:26.525114+02:00,25.086,345.297039,-0.04117860696517539
2026-05-21 14:26:26.821895+02:00,25.087,345.59382,-0.04017860696517417
2026-05-21 14:26:27.111778+02:00,25.085,345.883703,-0.04217860696517306
2026-05-21 14:26:27.408418+02:00,25.086,346.180343,-0.04117860696517539
2026-05-21 14:26:27.708512+02:00,25.084,346.480437,-0.04317860696517428
2026-05-21 14:26:28.009447+02:00,25.084,346.781372,-0.04317860696517428
2026-05-21 14:26:28.301114+02:00,25.083,347.073039,-0.044178606965175504
2026-05-21 14:26:28.590661+02:00,25.082,347.362586,-0.045178606965173174
2026-05-21 14:26:28.885190+02:00,25.081,347.657115,-0.046178606965174396
2026-05-21 14:26:29.181992+02:00,25.08,347.953917,-0.04717860696517562
2026-05-21 14:26:29.478645+02:00,25.08,348.25057,-0.04717860696517562
2026-05-21 14:26:29.767814+02:00,25.079,348.539739,-0.04817860696517329
2026-05-21 14:26:30.059636+02:00,25.078,348.831561,-0.04917860696517451
2026-05-21 14:26:30.357503+02:00,25.077,349.129428,-0.05017860696517218
2026-05-21 14:26:30.651347+02:00,25.077,349.423272,-0.05017860696517218
2026-05-21 14:26:30.941667+02:00,25.075,349.713592,-0.05217860696517462
2026-05-21 14:26:31.233045+02:00,25.074,350.00497,-0.05317860696517229
2026-05-21 14:26:31.533002+02:00,25.075,350.304927,-0.05217860696517462
2026-05-21 14:26:31.824097+02:00,25.072,350.596022,-0.05517860696517474
2026-05-21 14:26:32.112659+02:00,25.071,350.884584,-0.056178606965172406
2026-05-21 14:26:32.405354+02:00,25.073,351.177279,-0.054178606965173515
2026-05-21 14:26:32.701146+02:00,25.07,351.473071,-0.05717860696517363
2026-05-21 14:26:33.000156+02:00,25.07,351.772081,-0.05717860696517363
2026-05-21 14:26:33.297677+02:00,25.071,352.069602,-0.056178606965172406
2026-05-21 14:26:33.588516+02:00,25.069,352.360441,-0.05817860696517485
2026-05-21 14:26:33.882466+02:00,25.068,352.654391,-0.05917860696517252
2026-05-21 14:26:34.182084+02:00,25.068,352.954009,-0.05917860696517252
2026-05-21 14:26:34.475443+02:00,25.068,353.247368,-0.05917860696517252
2026-05-21 14:26:34.767694+02:00,25.068,353.539619,-0.05917860696517252
2026-05-21 14:26:35.060765+02:00,25.066,353.83269,-0.061178606965174964
2026-05-21 14:26:35.353213+02:00,25.066,354.125138,-0.061178606965174964
2026-05-21 14:26:35.648056+02:00,25.065,354.419981,-0.062178606965172634
2026-05-21 14:26:35.952243+02:00,25.064,354.724168,-0.06317860696517386
2026-05-21 14:26:36.248262+02:00,25.066,355.020187,-0.061178606965174964
2026-05-21 14:26:36.538046+02:00,25.063,355.309971,-0.06417860696517508
2026-05-21 14:26:36.834343+02:00,25.06,355.606268,-0.06717860696517519
2026-05-21 14:26:37.126640+02:00,25.063,355.898565,-0.06417860696517508
2026-05-21 14:26:37.424614+02:00,25.06,356.196539,-0.06717860696517519
2026-05-21 14:26:37.725248+02:00,25.06,356.497173,-0.06717860696517519
2026-05-21 14:26:38.019435+02:00,25.058,356.79136,-0.06917860696517408
2026-05-21 14:26:38.310601+02:00,25.058,357.082526,-0.06917860696517408
2026-05-21 14:26:38.612023+02:00,25.059,357.383948,-0.06817860696517286
2026-05-21 14:26:38.910498+02:00,25.059,357.682423,-0.06817860696517286
2026-05-21 14:26:39.208708+02:00,25.055,357.980633,-0.0721786069651742
2026-05-21 14:26:39.507301+02:00,25.055,358.279226,-0.0721786069651742
2026-05-21 14:26:39.798033+02:00,25.053,358.569958,-0.07417860696517309
2026-05-21 14:26:40.087702+02:00,25.054,358.859627,-0.07317860696517542
2026-05-21 14:26:40.384981+02:00,25.052,359.156906,-0.07517860696517431
2026-05-21 14:26:40.685041+02:00,25.054,359.456966,-0.07317860696517542
2026-05-21 14:26:40.973423+02:00,25.052,359.745348,-0.07517860696517431
2026-05-21 14:26:41.265855+02:00,25.052,360.03778,-0.07517860696517431
2026-05-21 14:26:41.556563+02:00,25.054,360.328488,-0.07317860696517542
2026-05-21 14:26:41.846305+02:00,25.051,360.61823,-0.07617860696517553
2026-05-21 14:26:42.134768+02:00,25.051,360.906693,-0.07617860696517553
2026-05-21 14:26:42.431799+02:00,25.049,361.203724,-0.07817860696517442
2026-05-21 14:26:42.733352+02:00,25.049,361.505277,-0.07817860696517442
2026-05-21 14:26:43.025670+02:00,25.05,361.797595,-0.0771786069651732
2026-05-21 14:26:43.320637+02:00,25.046,362.092562,-0.08117860696517454
2026-05-21 14:26:43.610894+02:00,25.048,362.382819,-0.07917860696517565
2026-05-21 14:26:43.902185+02:00,25.047,362.67411,-0.08017860696517332
2026-05-21 14:26:44.194419+02:00,25.048,362.966344,-0.07917860696517565
2026-05-21 14:26:44.484861+02:00,25.048,363.256786,-0.07917860696517565
2026-05-21 14:26:44.781983+02:00,25.046,363.553908,-0.08117860696517454
2026-05-21 14:26:45.075554+02:00,25.049,363.847479,-0.07817860696517442
2026-05-21 14:26:45.365018+02:00,25.047,364.136943,-0.08017860696517332
2026-05-21 14:26:45.655482+02:00,25.046,364.427407,-0.08117860696517454
2026-05-21 14:26:45.951650+02:00,25.044,364.723575,-0.08317860696517343
2026-05-21 14:26:46.242177+02:00,25.044,365.014102,-0.08317860696517343
2026-05-21 14:26:46.535315+02:00,25.045,365.30724,-0.08217860696517221
2026-05-21 14:26:46.824898+02:00,25.043,365.596823,-0.08417860696517465
2026-05-21 14:26:47.116237+02:00,25.041,365.888162,-0.08617860696517354
2026-05-21 14:26:47.419516+02:00,25.043,366.191441,-0.08417860696517465
2026-05-21 14:26:47.711874+02:00,25.041,366.483799,-0.08617860696517354
2026-05-21 14:26:48.002148+02:00,25.039,366.774073,-0.08817860696517243
2026-05-21 14:26:48.295592+02:00,25.039,367.067517,-0.08817860696517243
2026-05-21 14:26:48.588048+02:00,25.038,367.359973,-0.08917860696517366
2026-05-21 14:26:48.884375+02:00,25.04,367.6563,-0.08717860696517477
2026-05-21 14:26:49.181325+02:00,25.038,367.95325,-0.08917860696517366
2026-05-21 14:26:49.473207+02:00,25.038,368.245132,-0.08917860696517366
2026-05-21 14:26:49.766279+02:00,25.036,368.538204,-0.09117860696517255
2026-05-21 14:26:50.062902+02:00,25.035,368.834827,-0.09217860696517377
2026-05-21 14:26:50.358874+02:00,25.035,369.130799,-0.09217860696517377
2026-05-21 14:26:50.654991+02:00,25.035,369.426916,-0.09217860696517377
2026-05-21 14:26:50.951694+02:00,25.037,369.723619,-0.09017860696517488
2026-05-21 14:26:51.252130+02:00,25.035,370.024055,-0.09217860696517377
2026-05-21 14:26:51.552312+02:00,25.034,370.324237,-0.09317860696517499
2026-05-21 14:26:51.847407+02:00,25.034,370.619332,-0.09317860696517499
2026-05-21 14:26:52.139110+02:00,25.034,370.911035,-0.09317860696517499
2026-05-21 14:26:52.430575+02:00,25.033,371.2025,-0.09417860696517266
2026-05-21 14:26:52.723906+02:00,25.03,371.495831,-0.09717860696517278
2026-05-21 14:26:53.023525+02:00,25.03,371.79545,-0.09717860696517278
2026-05-21 14:26:53.314836+02:00,25.03,372.086761,-0.09717860696517278
2026-05-21 14:26:53.612525+02:00,25.028,372.38445,-0.09917860696517522
2026-05-21 14:26:53.906095+02:00,25.029,372.67802,-0.098178606965174
2026-05-21 14:26:54.206475+02:00,25.029,372.9784,-0.098178606965174
2026-05-21 14:26:54.503728+02:00,25.026,373.275653,-0.10117860696517411
2026-05-21 14:26:54.803471+02:00,25.028,373.575396,-0.09917860696517522
2026-05-21 14:26:55.093859+02:00,25.028,373.865784,-0.09917860696517522
2026-05-21 14:26:55.384764+02:00,25.027,374.156689,-0.10017860696517289
2026-05-21 14:26:55.682724+02:00,25.026,374.454649,-0.10117860696517411
2026-05-21 14:26:55.979858+02:00,25.025,374.751783,-0.10217860696517533
2026-05-21 14:26:56.279881+02:00,25.026,375.051806,-0.10117860696517411
2026-05-21 14:26:56.578304+02:00,25.022,375.350229,-0.10517860696517545
2026-05-21 14:26:56.870423+02:00,25.021,375.642348,-0.10617860696517312
2026-05-21 14:26:57.161741+02:00,25.019,375.933666,-0.10817860696517556
2026-05-21 14:26:57.456933+02:00,25.02,376.228858,-0.10717860696517434
2026-05-21 14:26:57.752809+02:00,25.019,376.524734,-0.10817860696517556
2026-05-21 14:26:58.044065+02:00,25.017,376.81599,-0.11017860696517445
2026-05-21 14:26:58.334795+02:00,25.018,377.10672,-0.10917860696517323
2026-05-21 14:26:58.627128+02:00,25.017,377.399053,-0.11017860696517445
2026-05-21 14:26:58.923248+02:00,25.016,377.695173,-0.11117860696517567
2026-05-21 14:26:59.213332+02:00,25.017,377.985257,-0.11017860696517445
2026-05-21 14:26:59.503763+02:00,25.014,378.275688,-0.11317860696517457
2026-05-21 14:26:59.798952+02:00,25.015,378.570877,-0.11217860696517334
2026-05-21 14:27:00.101316+02:00,25.015,378.873241,-0.11217860696517334
2026-05-21 14:27:00.391584+02:00,25.012,379.163509,-0.11517860696517346
2026-05-21 14:27:00.684889+02:00,25.012,379.456814,-0.11517860696517346
2026-05-21 14:27:00.975813+02:00,25.014,379.747738,-0.11317860696517457
2026-05-21 14:27:01.270928+02:00,25.012,380.042853,-0.11517860696517346
2026-05-21 14:27:01.559666+02:00,25.012,380.331591,-0.11517860696517346
2026-05-21 14:27:01.850743+02:00,25.009,380.622668,-0.11817860696517357
2026-05-21 14:27:02.148209+02:00,25.008,380.920134,-0.1191786069651748
2026-05-21 14:27:02.442053+02:00,25.01,381.213978,-0.11717860696517235
2026-05-21 14:27:02.734284+02:00,25.007,381.506209,-0.12017860696517246
2026-05-21 14:27:03.025051+02:00,25.007,381.796976,-0.12017860696517246
2026-05-21 14:27:03.322667+02:00,25.006,382.094592,-0.12117860696517369
2026-05-21 14:27:03.614094+02:00,25.006,382.386019,-0.12117860696517369
2026-05-21 14:27:03.904205+02:00,25.005,382.67613,-0.12217860696517491
2026-05-21 14:27:04.201213+02:00,25.004,382.973138,-0.12317860696517258
2026-05-21 14:27:04.491273+02:00,25.005,383.263198,-0.12217860696517491
2026-05-21 14:27:04.786535+02:00,25.002,383.55846,-0.12517860696517502
2026-05-21 14:27:05.082494+02:00,25.003,383.854419,-0.1241786069651738
2026-05-21 14:27:05.375703+02:00,25.003,384.147628,-0.1241786069651738
2026-05-21 14:27:05.667330+02:00,25.002,384.439255,-0.12517860696517502
2026-05-21 14:27:05.957223+02:00,25.0,384.729148,-0.1271786069651739
2026-05-21 14:27:06.254024+02:00,24.999,385.025949,-0.12817860696517513
2026-05-21 14:27:06.555572+02:00,24.998,385.327497,-0.1291786069651728
2026-05-21 14:27:06.852648+02:00,24.998,385.624573,-0.1291786069651728
2026-05-21 14:27:07.145823+02:00,24.999,385.917748,-0.12817860696517513
2026-05-21 14:27:07.437579+02:00,24.997,386.209504,-0.13017860696517403
2026-05-21 14:27:07.728684+02:00,24.995,386.500609,-0.13217860696517292
2026-05-21 14:27:08.022606+02:00,24.995,386.794531,-0.13217860696517292
2026-05-21 14:27:08.314164+02:00,24.994,387.086089,-0.13317860696517414
2026-05-21 14:27:08.606681+02:00,24.993,387.378606,-0.13417860696517536
2026-05-21 14:27:08.899608+02:00,24.991,387.671533,-0.13617860696517425
2026-05-21 14:27:09.198702+02:00,24.991,387.970627,-0.13617860696517425
2026-05-21 14:27:09.495257+02:00,24.989,388.267182,-0.13817860696517315
2026-05-21 14:27:09.785851+02:00,24.99,388.557776,-0.13717860696517548
2026-05-21 14:27:10.076460+02:00,24.989,388.848385,-0.13817860696517315
2026-05-21 14:27:10.367272+02:00,24.989,389.139197,-0.13817860696517315
2026-05-21 14:27:10.656824+02:00,24.986,389.428749,-0.14117860696517326
2026-05-21 14:27:10.950106+02:00,24.986,389.722031,-0.14117860696517326
2026-05-21 14:27:11.250079+02:00,24.986,390.022004,-0.14117860696517326
2026-05-21 14:27:11.549755+02:00,24.984,390.32168,-0.14317860696517215
2026-05-21 14:27:11.846564+02:00,24.985,390.618489,-0.14217860696517448
2026-05-21 14:27:12.145704+02:00,24.985,390.917629,-0.14217860696517448
2026-05-21 14:27:12.447558+02:00,24.983,391.219483,-0.14417860696517337
2026-05-21 14:27:12.739695+02:00,24.981,391.51162,-0.14617860696517226
2026-05-21 14:27:13.038193+02:00,24.983,391.810118,-0.14417860696517337
2026-05-21 14:27:13.327544+02:00,24.979,392.099469,-0.1481786069651747
2026-05-21 14:27:13.627937+02:00,24.981,392.399862,-0.14617860696517226
2026-05-21 14:27:13.919791+02:00,24.982,392.691716,-0.1451786069651746
2026-05-21 14:27:14.213784+02:00,24.98,392.985709,-0.1471786069651735
2026-05-21 14:27:14.502923+02:00,24.979,393.274848,-0.1481786069651747
2026-05-21 14:27:14.793205+02:00,24.978,393.56513,-0.14917860696517238
2026-05-21 14:27:15.092330+02:00,24.977,393.864255,-0.1501786069651736
2026-05-21 14:27:15.391686+02:00,24.976,394.163611,-0.15117860696517482
2026-05-21 14:27:15.684138+02:00,24.974,394.456063,-0.1531786069651737
2026-05-21 14:27:15.987876+02:00,24.973,394.759801,-0.15417860696517494
2026-05-21 14:27:16.285984+02:00,24.974,395.057909,-0.1531786069651737
2026-05-21 14:27:16.576072+02:00,24.972,395.347997,-0.1551786069651726
2026-05-21 14:27:16.867318+02:00,24.971,395.639243,-0.15617860696517383
2026-05-21 14:27:17.163987+02:00,24.969,395.935912,-0.15817860696517272
2026-05-21 14:27:17.455497+02:00,24.97,396.227422,-0.15717860696517505
2026-05-21 14:27:17.745010+02:00,24.968,396.516935,-0.15917860696517394
2026-05-21 14:27:18.039015+02:00,24.968,396.81094,-0.15917860696517394
2026-05-21 14:27:18.336053+02:00,24.967,397.107978,-0.16017860696517516
2026-05-21 14:27:18.632423+02:00,24.967,397.404348,-0.16017860696517516
2026-05-21 14:27:18.924727+02:00,24.964,397.696652,-0.16317860696517528
2026-05-21 14:27:19.216070+02:00,24.964,397.987995,-0.16317860696517528
2026-05-21 14:27:19.509123+02:00,24.964,398.281048,-0.16317860696517528
2026-05-21 14:27:19.808427+02:00,24.963,398.580352,-0.16417860696517295
2026-05-21 14:27:20.098070+02:00,24.961,398.869995,-0.1661786069651754
2026-05-21 14:27:20.392546+02:00,24.962,399.164471,-0.16517860696517417
2026-05-21 14:27:20.688344+02:00,24.958,399.460269,-0.1691786069651755
2026-05-21 14:27:20.990629+02:00,24.96,399.762554,-0.16717860696517306
2026-05-21 14:27:21.293002+02:00,24.958,400.064927,-0.1691786069651755
2026-05-21 14:27:21.592155+02:00,24.958,400.36408,-0.1691786069651755
2026-05-21 14:27:21.885626+02:00,24.955,400.657551,-0.17217860696517562
2026-05-21 14:27:22.175461+02:00,24.955,400.947386,-0.17217860696517562
2026-05-21 14:27:22.468205+02:00,24.955,401.24013,-0.17217860696517562
2026-05-21 14:27:22.757892+02:00,24.955,401.529817,-0.17217860696517562
2026-05-21 14:27:23.055728+02:00,24.952,401.827653,-0.17517860696517218
2026-05-21 14:27:23.347170+02:00,24.953,402.119095,-0.1741786069651745
2026-05-21 14:27:23.639879+02:00,24.954,402.411804,-0.1731786069651733
2026-05-21 14:27:23.932709+02:00,24.95,402.704634,-0.17717860696517462
2026-05-21 14:27:24.232545+02:00,24.95,403.00447,-0.17717860696517462
2026-05-21 14:27:24.526088+02:00,24.949,403.298013,-0.1781786069651723
2026-05-21 14:27:24.818772+02:00,24.95,403.590697,-0.17717860696517462
2026-05-21 14:27:25.109884+02:00,24.947,403.881809,-0.18017860696517474
2026-05-21 14:27:25.401494+02:00,24.947,404.173419,-0.18017860696517474
2026-05-21 14:27:25.691443+02:00,24.947,404.463368,-0.18017860696517474
2026-05-21 14:27:25.983192+02:00,24.945,404.755117,-0.18217860696517363
2026-05-21 14:27:26.277863+02:00,24.944,405.049788,-0.18317860696517485
2026-05-21 14:27:26.568894+02:00,24.942,405.340819,-0.18517860696517374
2026-05-21 14:27:26.881702+02:00,24.942,405.653627,-0.18517860696517374
2026-05-21 14:27:27.171294+02:00,24.943,405.943219,-0.18417860696517252
2026-05-21 14:27:27.466082+02:00,24.943,406.238007,-0.18417860696517252
2026-05-21 14:27:27.757086+02:00,24.943,406.529011,-0.18417860696517252
2026-05-21 14:27:28.050277+02:00,24.939,406.822202,-0.18817860696517386
2026-05-21 14:27:28.342647+02:00,24.94,407.114572,-0.18717860696517263
2026-05-21 14:27:28.639518+02:00,24.939,407.411443,-0.18817860696517386
2026-05-21 14:27:28.933484+02:00,24.936,407.705409,-0.19117860696517397
2026-05-21 14:27:29.226067+02:00,24.935,407.997992,-0.1921786069651752
2026-05-21 14:27:29.521787+02:00,24.934,408.293712,-0.19317860696517286
2026-05-21 14:27:29.821783+02:00,24.932,408.593708,-0.1951786069651753
2026-05-21 14:27:30.111763+02:00,24.932,408.883688,-0.1951786069651753
2026-05-21 14:27:30.406919+02:00,24.934,409.178844,-0.19317860696517286
2026-05-21 14:27:30.704181+02:00,24.932,409.476106,-0.1951786069651753
2026-05-21 14:27:30.995365+02:00,24.934,409.76729,-0.19317860696517286
2026-05-21 14:27:31.286751+02:00,24.932,410.058676,-0.1951786069651753
2026-05-21 14:27:31.581438+02:00,24.93,410.353363,-0.1971786069651742
2026-05-21 14:27:31.872325+02:00,24.93,410.64425,-0.1971786069651742
2026-05-21 14:27:32.162486+02:00,24.926,410.934411,-0.20117860696517553
2026-05-21 14:27:32.453900+02:00,24.927,411.225825,-0.2001786069651743
2026-05-21 14:27:32.746112+02:00,24.927,411.518037,-0.2001786069651743
2026-05-21 14:27:33.036063+02:00,24.927,411.807988,-0.2001786069651743
2026-05-21 14:27:33.333502+02:00,24.923,412.105427,-0.20417860696517565
2026-05-21 14:27:33.623941+02:00,24.919,412.395866,-0.20817860696517343
2026-05-21 14:27:33.924540+02:00,24.922,412.696465,-0.20517860696517332
2026-05-21 14:27:34.215606+02:00,24.923,412.987531,-0.20417860696517565
2026-05-21 14:27:34.507543+02:00,24.919,413.279468,-0.20817860696517343
2026-05-21 14:27:34.800351+02:00,24.92,413.572276,-0.2071786069651722
2026-05-21 14:27:35.094857+02:00,24.918,413.866782,-0.20917860696517465
2026-05-21 14:27:35.386828+02:00,24.919,414.158753,-0.20817860696517343
2026-05-21 14:27:35.678493+02:00,24.917,414.450418,-0.21017860696517232
2026-05-21 14:27:35.969538+02:00,24.917,414.741463,-0.21017860696517232
2026-05-21 14:27:36.260466+02:00,24.917,415.032391,-0.21017860696517232
2026-05-21 14:27:36.553145+02:00,24.915,415.32507,-0.21217860696517477
2026-05-21 14:27:36.847137+02:00,24.914,415.619062,-0.21317860696517243
2026-05-21 14:27:37.140214+02:00,24.914,415.912139,-0.21317860696517243
2026-05-21 14:27:37.433187+02:00,24.913,416.205112,-0.21417860696517366
2026-05-21 14:27:37.723497+02:00,24.913,416.495422,-0.21417860696517366
2026-05-21 14:27:38.014020+02:00,24.91,416.785945,-0.21717860696517377
2026-05-21 14:27:38.304864+02:00,24.911,417.076789,-0.21617860696517255
2026-05-21 14:27:38.603097+02:00,24.909,417.375022,-0.218178606965175
2026-05-21 14:27:38.905382+02:00,24.908,417.677307,-0.21917860696517266
2026-05-21 14:27:39.196697+02:00,24.907,417.968622,-0.22017860696517388
2026-05-21 14:27:39.487346+02:00,24.909,418.259271,-0.218178606965175
2026-05-21 14:27:39.782610+02:00,24.909,418.554535,-0.218178606965175
2026-05-21 14:27:40.072228+02:00,24.907,418.844153,-0.22017860696517388
2026-05-21 14:27:40.370612+02:00,24.905,419.142537,-0.22217860696517278
2026-05-21 14:27:40.669576+02:00,24.904,419.441501,-0.223178606965174
2026-05-21 14:27:40.968082+02:00,24.904,419.740007,-0.223178606965174
2026-05-21 14:27:41.257110+02:00,24.904,420.029035,-0.223178606965174
2026-05-21 14:27:41.548214+02:00,24.903,420.320139,-0.22417860696517522
2026-05-21 14:27:41.842102+02:00,24.901,420.614027,-0.2261786069651741
2026-05-21 14:27:42.143870+02:00,24.9,420.915795,-0.22717860696517533
2026-05-21 14:27:42.434350+02:00,24.899,421.206275,-0.228178606965173
2026-05-21 14:27:42.728335+02:00,24.899,421.50026,-0.228178606965173
2026-05-21 14:27:43.025916+02:00,24.897,421.797841,-0.23017860696517545
2026-05-21 14:27:43.321012+02:00,24.899,422.092937,-0.228178606965173
2026-05-21 14:27:43.617729+02:00,24.895,422.389654,-0.23217860696517434
2026-05-21 14:27:43.907594+02:00,24.896,422.679519,-0.23117860696517312
2026-05-21 14:27:44.198291+02:00,24.896,422.970216,-0.23117860696517312
2026-05-21 14:27:44.493986+02:00,24.894,423.265911,-0.23317860696517556
2026-05-21 14:27:44.783944+02:00,24.894,423.555869,-0.23317860696517556
2026-05-21 14:27:45.077365+02:00,24.891,423.84929,-0.23617860696517567
2026-05-21 14:27:45.371404+02:00,24.888,424.143329,-0.23917860696517224
2026-05-21 14:27:45.664169+02:00,24.886,424.436094,-0.24117860696517468
2026-05-21 14:27:45.965157+02:00,24.886,424.737082,-0.24117860696517468
2026-05-21 14:27:46.257774+02:00,24.885,425.029699,-0.24217860696517235
2026-05-21 14:27:46.547031+02:00,24.886,425.318956,-0.24117860696517468
2026-05-21 14:27:46.838652+02:00,24.886,425.610577,-0.24117860696517468
2026-05-21 14:27:47.138745+02:00,24.885,425.91067,-0.24217860696517235
2026-05-21 14:27:47.439930+02:00,24.884,426.211855,-0.24317860696517357
2026-05-21 14:27:47.740564+02:00,24.884,426.512489,-0.24317860696517357
2026-05-21 14:27:48.041412+02:00,24.882,426.813337,-0.24517860696517246
2026-05-21 14:27:48.331513+02:00,24.882,427.103438,-0.24517860696517246
2026-05-21 14:27:48.624166+02:00,24.879,427.396091,-0.24817860696517258
2026-05-21 14:27:48.917859+02:00,24.88,427.689784,-0.2471786069651749
2026-05-21 14:27:49.210425+02:00,24.878,427.98235,-0.2491786069651738
2026-05-21 14:27:49.502096+02:00,24.876,428.274021,-0.2511786069651727
2026-05-21 14:27:49.791859+02:00,24.877,428.563784,-0.250178606965175
2026-05-21 14:27:50.089105+02:00,24.878,428.86103,-0.2491786069651738
2026-05-21 14:27:50.390563+02:00,24.876,429.162488,-0.2511786069651727
2026-05-21 14:27:50.687784+02:00,24.874,429.459709,-0.25317860696517513
2026-05-21 14:27:50.990041+02:00,24.874,429.761966,-0.25317860696517513
2026-05-21 14:27:51.287378+02:00,24.872,430.059303,-0.255178606965174
2026-05-21 14:27:51.577481+02:00,24.872,430.349406,-0.255178606965174
2026-05-21 14:27:51.868338+02:00,24.872,430.640263,-0.255178606965174
2026-05-21 14:27:52.166662+02:00,24.87,430.938587,-0.2571786069651729
2026-05-21 14:27:52.459253+02:00,24.869,431.231178,-0.25817860696517414
2026-05-21 14:27:52.751318+02:00,24.869,431.523243,-0.25817860696517414
2026-05-21 14:27:53.047701+02:00,24.866,431.819626,-0.26117860696517425
2026-05-21 14:27:53.338034+02:00,24.869,432.109959,-0.25817860696517414
2026-05-21 14:27:53.629697+02:00,24.866,432.401622,-0.26117860696517425
2026-05-21 14:27:53.929386+02:00,24.864,432.701311,-0.26317860696517315
2026-05-21 14:27:54.220706+02:00,24.864,432.992631,-0.26317860696517315
2026-05-21 14:27:54.509651+02:00,24.864,433.281576,-0.26317860696517315
2026-05-21 14:27:54.806811+02:00,24.863,433.578736,-0.26417860696517437
2026-05-21 14:27:55.107307+02:00,24.861,433.879232,-0.26617860696517326
2026-05-21 14:27:55.404100+02:00,24.861,434.176025,-0.26617860696517326
2026-05-21 14:27:55.694292+02:00,24.859,434.466217,-0.26817860696517215
2026-05-21 14:27:55.987804+02:00,24.858,434.759729,-0.2691786069651734
2026-05-21 14:27:56.285679+02:00,24.857,435.057604,-0.2701786069651746
2026-05-21 14:27:56.585080+02:00,24.858,435.357005,-0.2691786069651734
2026-05-21 14:27:56.872943+02:00,24.854,435.644868,-0.2731786069651747
2026-05-21 14:27:57.171722+02:00,24.853,435.943647,-0.2741786069651724
2026-05-21 14:27:57.459969+02:00,24.851,436.231894,-0.2761786069651748
2026-05-21 14:27:57.751988+02:00,24.855,436.523913,-0.2721786069651735
2026-05-21 14:27:58.044081+02:00,24.851,436.816006,-0.2761786069651748
2026-05-21 14:27:58.335088+02:00,24.849,437.107013,-0.2781786069651737
2026-05-21 14:27:58.624296+02:00,24.849,437.396221,-0.2781786069651737
2026-05-21 14:27:58.917167+02:00,24.85,437.689092,-0.2771786069651725
2026-05-21 14:27:59.208898+02:00,24.846,437.980823,-0.2811786069651738
2026-05-21 14:27:59.500591+02:00,24.848,438.272516,-0.27917860696517494
2026-05-21 14:27:59.794503+02:00,24.844,438.566428,-0.2831786069651727
2026-05-21 14:28:00.085170+02:00,24.843,438.857095,-0.28417860696517394
2026-05-21 14:28:00.377348+02:00,24.844,439.149273,-0.2831786069651727
2026-05-21 14:28:00.670620+02:00,24.844,439.442545,-0.2831786069651727
2026-05-21 14:28:00.960782+02:00,24.841,439.732707,-0.28617860696517283
2026-05-21 14:28:01.260637+02:00,24.842,440.032562,-0.28517860696517516
2026-05-21 14:28:01.551961+02:00,24.841,440.323886,-0.28617860696517283
2026-05-21 14:28:01.843695+02:00,24.839,440.61562,-0.2881786069651753
2026-05-21 14:28:02.135137+02:00,24.839,440.907062,-0.2881786069651753
2026-05-21 14:28:02.428518+02:00,24.836,441.200443,-0.2911786069651754
2026-05-21 14:28:02.720041+02:00,24.837,441.491966,-0.29017860696517417
2026-05-21 14:28:03.009888+02:00,24.834,441.781813,-0.2931786069651743
2026-05-21 14:28:03.302805+02:00,24.834,442.07473,-0.2931786069651743
2026-05-21 14:28:03.594688+02:00,24.831,442.366613,-0.2961786069651744
2026-05-21 14:28:03.887032+02:00,24.831,442.658957,-0.2961786069651744
2026-05-21 14:28:04.183564+02:00,24.829,442.955489,-0.2981786069651733
2026-05-21 14:28:04.476236+02:00,24.826,443.248161,-0.3011786069651734
2026-05-21 14:28:04.771942+02:00,24.826,443.543867,-0.3011786069651734
2026-05-21 14:28:05.062612+02:00,24.825,443.834537,-0.3021786069651746
2026-05-21 14:28:05.356678+02:00,24.826,444.128603,-0.3011786069651734
2026-05-21 14:28:05.647095+02:00,24.823,444.41902,-0.3041786069651735
2026-05-21 14:28:05.936725+02:00,24.823,444.70865,-0.3041786069651735
2026-05-21 14:28:06.228558+02:00,24.822,445.000483,-0.30517860696517474
2026-05-21 14:28:06.522324+02:00,24.821,445.294249,-0.3061786069651724
2026-05-21 14:28:06.816240+02:00,24.818,445.588165,-0.3091786069651725
2026-05-21 14:28:07.111754+02:00,24.818,445.883679,-0.3091786069651725
2026-05-21 14:28:07.403707+02:00,24.818,446.175632,-0.3091786069651725
2026-05-21 14:28:07.695244+02:00,24.817,446.467169,-0.31017860696517374
2026-05-21 14:28:07.985915+02:00,24.816,446.75784,-0.31117860696517496
2026-05-21 14:28:08.275731+02:00,24.814,447.047656,-0.31317860696517386
2026-05-21 14:28:08.565454+02:00,24.812,447.337379,-0.31517860696517275
2026-05-21 14:28:08.858638+02:00,24.802,447.630563,-0.3251786069651743
2026-05-21 14:28:09.152463+02:00,24.806,447.924388,-0.321178606965173
2026-05-21 14:28:09.443895+02:00,24.81,448.21582,-0.3171786069651752
2026-05-21 14:28:09.734159+02:00,24.809,448.506084,-0.31817860696517286
2026-05-21 14:28:10.025672+02:00,24.807,448.797597,-0.3201786069651753
2026-05-21 14:28:10.328850+02:00,24.805,449.100775,-0.3221786069651742
2026-05-21 14:28:10.625697+02:00,24.805,449.397622,-0.3221786069651742
2026-05-21 14:28:10.918394+02:00,24.807,449.690319,-0.3201786069651753
2026-05-21 14:28:11.220471+02:00,24.804,449.992396,-0.3231786069651754
2026-05-21 14:28:11.516687+02:00,24.801,450.288612,-0.32617860696517553
2026-05-21 14:28:11.814528+02:00,24.801,450.586453,-0.32617860696517553
2026-05-21 14:28:12.106211+02:00,24.8,450.878136,-0.3271786069651732
2026-05-21 14:28:12.411929+02:00,24.798,451.183854,-0.32917860696517565
2026-05-21 14:28:12.701961+02:00,24.795,451.473886,-0.3321786069651722
2026-05-21 14:28:13.000350+02:00,24.796,451.772275,-0.33117860696517454
2026-05-21 14:28:13.303477+02:00,24.795,452.075402,-0.3321786069651722
2026-05-21 14:28:13.592474+02:00,24.792,452.364399,-0.3351786069651723
2026-05-21 14:28:13.884515+02:00,24.792,452.65644,-0.3351786069651723
2026-05-21 14:28:14.187362+02:00,24.789,452.959287,-0.33817860696517243
2026-05-21 14:28:14.486569+02:00,24.788,453.258494,-0.33917860696517366
2026-05-21 14:28:14.780159+02:00,24.786,453.552084,-0.34117860696517255
2026-05-21 14:28:15.071802+02:00,24.786,453.843727,-0.34117860696517255
2026-05-21 14:28:15.361505+02:00,24.785,454.13343,-0.34217860696517377
2026-05-21 14:28:15.652899+02:00,24.783,454.424824,-0.34417860696517266
2026-05-21 14:28:15.949882+02:00,24.782,454.721807,-0.3451786069651739
2026-05-21 14:28:16.244260+02:00,24.783,455.016185,-0.34417860696517266
2026-05-21 14:28:16.534552+02:00,24.782,455.306477,-0.3451786069651739
2026-05-21 14:28:16.831436+02:00,24.78,455.603361,-0.3471786069651728
2026-05-21 14:28:17.130567+02:00,24.781,455.902492,-0.3461786069651751
2026-05-21 14:28:17.427587+02:00,24.779,456.199512,-0.348178606965174
2026-05-21 14:28:17.719687+02:00,24.779,456.491612,-0.348178606965174
2026-05-21 14:28:18.009952+02:00,24.78,456.781877,-0.3471786069651728
2026-05-21 14:28:18.302835+02:00,24.779,457.07476,-0.348178606965174
2026-05-21 14:28:18.594590+02:00,24.776,457.366515,-0.3511786069651741
2026-05-21 14:28:18.886706+02:00,24.777,457.658631,-0.3501786069651729
2026-05-21 14:28:19.186490+02:00,24.776,457.958415,-0.3511786069651741
2026-05-21 14:28:19.483234+02:00,24.775,458.255159,-0.35217860696517533
2026-05-21 14:28:19.782257+02:00,24.773,458.554182,-0.3541786069651742
2026-05-21 14:28:20.073708+02:00,24.772,458.845633,-0.35517860696517545
2026-05-21 14:28:20.364427+02:00,24.771,459.136352,-0.3561786069651731
2026-05-21 14:28:20.662854+02:00,24.768,459.434779,-0.35917860696517323
2026-05-21 14:28:20.957194+02:00,24.77,459.729119,-0.35717860696517434
2026-05-21 14:28:21.251525+02:00,24.766,460.02345,-0.3611786069651757
2026-05-21 14:28:21.541703+02:00,24.766,460.313628,-0.3611786069651757
2026-05-21 14:28:21.833143+02:00,24.764,460.605068,-0.36317860696517457
2026-05-21 14:28:22.123663+02:00,24.766,460.895588,-0.3611786069651757
2026-05-21 14:28:22.416406+02:00,24.763,461.188331,-0.36417860696517224
2026-05-21 14:28:22.715374+02:00,24.761,461.487299,-0.3661786069651747
2026-05-21 14:28:23.015121+02:00,24.761,461.787046,-0.3661786069651747
2026-05-21 14:28:23.308409+02:00,24.76,462.080334,-0.36717860696517235
2026-05-21 14:28:23.608028+02:00,24.757,462.379953,-0.37017860696517246
2026-05-21 14:28:23.897465+02:00,24.757,462.66939,-0.37017860696517246
2026-05-21 14:28:24.192487+02:00,24.759,462.964412,-0.36817860696517357
2026-05-21 14:28:24.483067+02:00,24.755,463.254992,-0.3721786069651749
2026-05-21 14:28:24.775992+02:00,24.756,463.547917,-0.3711786069651737
2026-05-21 14:28:25.066093+02:00,24.753,463.838018,-0.3741786069651738
2026-05-21 14:28:25.358496+02:00,24.754,464.130421,-0.3731786069651726
2026-05-21 14:28:25.649704+02:00,24.753,464.421629,-0.3741786069651738
2026-05-21 14:28:25.951570+02:00,24.752,464.723495,-0.375178606965175
2026-05-21 14:28:26.250629+02:00,24.751,465.022554,-0.3761786069651727
2026-05-21 14:28:26.544738+02:00,24.747,465.316663,-0.380178606965174
2026-05-21 14:28:26.835057+02:00,24.745,465.606982,-0.3821786069651729
2026-05-21 14:28:27.124286+02:00,24.748,465.896211,-0.3791786069651728
2026-05-21 14:28:27.416343+02:00,24.748,466.188268,-0.3791786069651728
2026-05-21 14:28:27.707331+02:00,24.748,466.479256,-0.3791786069651728
2026-05-21 14:28:27.997479+02:00,24.746,466.769404,-0.38117860696517525
2026-05-21 14:28:28.286958+02:00,24.744,467.058883,-0.38317860696517414
2026-05-21 14:28:28.583588+02:00,24.743,467.355513,-0.38417860696517536
2026-05-21 14:28:28.872576+02:00,24.742,467.644501,-0.38517860696517303
2026-05-21 14:28:29.166365+02:00,24.742,467.93829,-0.38517860696517303
2026-05-21 14:28:29.462359+02:00,24.74,468.234284,-0.3871786069651755
2026-05-21 14:28:29.753046+02:00,24.739,468.524971,-0.38817860696517315
2026-05-21 14:28:30.043184+02:00,24.739,468.815109,-0.38817860696517315
2026-05-21 14:28:30.335261+02:00,24.738,469.107186,-0.38917860696517437
2026-05-21 14:28:30.627158+02:00,24.735,469.399083,-0.3921786069651745
2026-05-21 14:28:30.921458+02:00,24.738,469.693383,-0.38917860696517437
2026-05-21 14:28:31.214927+02:00,24.734,469.986852,-0.39317860696517215
2026-05-21 14:28:31.505170+02:00,24.731,470.277095,-0.39617860696517226
2026-05-21 14:28:31.797407+02:00,24.734,470.569332,-0.39317860696517215
2026-05-21 14:28:32.093952+02:00,24.729,470.865877,-0.3981786069651747
2026-05-21 14:28:32.384104+02:00,24.729,471.156029,-0.3981786069651747
2026-05-21 14:28:32.675738+02:00,24.73,471.447663,-0.3971786069651735
2026-05-21 14:28:32.966233+02:00,24.729,471.738158,-0.3981786069651747
2026-05-21 14:28:33.255305+02:00,24.73,472.02723,-0.3971786069651735
2026-05-21 14:28:33.545710+02:00,24.727,472.317635,-0.4001786069651736
2026-05-21 14:28:33.835433+02:00,24.726,472.607358,-0.4011786069651748
2026-05-21 14:28:34.129392+02:00,24.728,472.901317,-0.3991786069651724
2026-05-21 14:28:34.419055+02:00,24.725,473.19098,-0.4021786069651725
2026-05-21 14:28:34.710074+02:00,24.725,473.481999,-0.4021786069651725
2026-05-21 14:28:35.005568+02:00,24.724,473.777493,-0.4031786069651737
2026-05-21 14:28:35.306197+02:00,24.72,474.078122,-0.40717860696517505
2026-05-21 14:28:35.597243+02:00,24.719,474.369168,-0.4081786069651727
2026-05-21 14:28:35.887382+02:00,24.718,474.659307,-0.40917860696517394
2026-05-21 14:28:36.181904+02:00,24.72,474.953829,-0.40717860696517505
2026-05-21 14:28:36.475420+02:00,24.717,475.247345,-0.41017860696517516
2026-05-21 14:28:36.766217+02:00,24.716,475.538142,-0.41117860696517283
2026-05-21 14:28:37.057343+02:00,24.716,475.829268,-0.41117860696517283
2026-05-21 14:28:37.349669+02:00,24.714,476.121594,-0.4131786069651753
2026-05-21 14:28:37.640547+02:00,24.713,476.412472,-0.41417860696517295
2026-05-21 14:28:37.930065+02:00,24.71,476.70199,-0.41717860696517306
2026-05-21 14:28:38.222056+02:00,24.71,476.993981,-0.41717860696517306
2026-05-21 14:28:38.512143+02:00,24.711,477.284068,-0.4161786069651754
2026-05-21 14:28:38.804027+02:00,24.708,477.575952,-0.4191786069651755
2026-05-21 14:28:39.093425+02:00,24.706,477.86535,-0.4211786069651744
2026-05-21 14:28:39.391284+02:00,24.705,478.163209,-0.4221786069651756
2026-05-21 14:28:39.683991+02:00,24.706,478.455916,-0.4211786069651744
2026-05-21 14:28:39.974443+02:00,24.705,478.746368,-0.4221786069651756
2026-05-21 14:28:40.265470+02:00,24.703,479.037395,-0.4241786069651745
2026-05-21 14:28:40.556087+02:00,24.701,479.328012,-0.4261786069651734
2026-05-21 14:28:40.852455+02:00,24.7,479.62438,-0.4271786069651746
2026-05-21 14:28:41.143869+02:00,24.701,479.915794,-0.4261786069651734
2026-05-21 14:28:41.441498+02:00,24.7,480.213423,-0.4271786069651746
2026-05-21 14:28:41.738964+02:00,24.698,480.510889,-0.4291786069651735
2026-05-21 14:28:42.027196+02:00,24.697,480.799121,-0.43017860696517474
2026-05-21 14:28:42.320134+02:00,24.698,481.092059,-0.4291786069651735
2026-05-21 14:28:42.613213+02:00,24.693,481.385138,-0.4341786069651725
2026-05-21 14:28:42.903604+02:00,24.692,481.675529,-0.43517860696517374
2026-05-21 14:28:43.196016+02:00,24.693,481.967941,-0.4341786069651725
2026-05-21 14:28:43.488449+02:00,24.691,482.260374,-0.43617860696517496
2026-05-21 14:28:43.798272+02:00,24.692,482.570197,-0.43517860696517374
2026-05-21 14:28:44.089649+02:00,24.691,482.861574,-0.43617860696517496
2026-05-21 14:28:44.378475+02:00,24.689,483.1504,-0.43817860696517386
2026-05-21 14:28:44.669999+02:00,24.688,483.441924,-0.4391786069651751
2026-05-21 14:28:44.961067+02:00,24.686,483.732992,-0.44117860696517397
2026-05-21 14:28:45.251708+02:00,24.685,484.023633,-0.4421786069651752
2026-05-21 14:28:45.552102+02:00,24.683,484.324027,-0.4441786069651741
2026-05-21 14:28:45.846265+02:00,24.683,484.61819,-0.4441786069651741
2026-05-21 14:28:46.147044+02:00,24.682,484.918969,-0.4451786069651753
2026-05-21 14:28:46.447132+02:00,24.682,485.219057,-0.4451786069651753
2026-05-21 14:28:46.741042+02:00,24.679,485.512967,-0.4481786069651754
2026-05-21 14:28:47.043823+02:00,24.676,485.815748,-0.45117860696517553
2026-05-21 14:28:47.336350+02:00,24.672,486.108275,-0.4551786069651733
2026-05-21 14:28:47.625928+02:00,24.672,486.397853,-0.4551786069651733
2026-05-21 14:28:47.919654+02:00,24.673,486.691579,-0.45417860696517565
2026-05-21 14:28:48.212347+02:00,24.672,486.984272,-0.4551786069651733
2026-05-21 14:28:48.502793+02:00,24.669,487.274718,-0.45817860696517343
2026-05-21 14:28:48.796991+02:00,24.668,487.568916,-0.45917860696517465
2026-05-21 14:28:49.097883+02:00,24.669,487.869808,-0.45817860696517343
2026-05-21 14:28:49.391057+02:00,24.666,488.162982,-0.46117860696517354
2026-05-21 14:28:49.690405+02:00,24.666,488.46233,-0.46117860696517354
2026-05-21 14:28:49.990136+02:00,24.664,488.762061,-0.46317860696517243
2026-05-21 14:28:50.279985+02:00,24.664,489.05191,-0.46317860696517243
2026-05-21 14:28:50.571402+02:00,24.664,489.343327,-0.46317860696517243
2026-05-21 14:28:50.867781+02:00,24.662,489.639706,-0.4651786069651749
2026-05-21 14:28:51.157759+02:00,24.66,489.929684,-0.46717860696517377
2026-05-21 14:28:51.448783+02:00,24.661,490.220708,-0.46617860696517255
2026-05-21 14:28:51.740095+02:00,24.659,490.51202,-0.468178606965175
2026-05-21 14:28:52.035465+02:00,24.658,490.80739,-0.46917860696517266
2026-05-21 14:28:52.335647+02:00,24.656,491.107572,-0.4711786069651751
2026-05-21 14:28:52.631253+02:00,24.656,491.403178,-0.4711786069651751
2026-05-21 14:28:52.920937+02:00,24.656,491.692862,-0.4711786069651751
2026-05-21 14:28:53.220291+02:00,24.655,491.992216,-0.4721786069651728
2026-05-21 14:28:53.512033+02:00,24.655,492.283958,-0.4721786069651728
2026-05-21 14:28:53.803577+02:00,24.652,492.575502,-0.4751786069651729
2026-05-21 14:28:54.094948+02:00,24.652,492.866873,-0.4751786069651729
2026-05-21 14:28:54.388127+02:00,24.652,493.160052,-0.4751786069651729
2026-05-21 14:28:54.687373+02:00,24.652,493.459298,-0.4751786069651729
2026-05-21 14:28:54.983057+02:00,24.65,493.754982,-0.47717860696517533
2026-05-21 14:28:55.274159+02:00,24.648,494.046084,-0.4791786069651742
2026-05-21 14:28:55.564758+02:00,24.647,494.336683,-0.48017860696517545
2026-05-21 14:28:55.858748+02:00,24.644,494.630673,-0.48317860696517556
2026-05-21 14:28:56.158123+02:00,24.647,494.930048,-0.48017860696517545
2026-05-21 14:28:56.448003+02:00,24.648,495.219928,-0.4791786069651742
2026-05-21 14:28:56.740218+02:00,24.644,495.512143,-0.48317860696517556
2026-05-21 14:28:57.033701+02:00,24.644,495.805626,-0.48317860696517556
2026-05-21 14:28:57.332655+02:00,24.644,496.10458,-0.48317860696517556
2026-05-21 14:28:57.626147+02:00,24.643,496.398072,-0.48417860696517323
2026-05-21 14:28:57.914324+02:00,24.64,496.686249,-0.48717860696517334
2026-05-21 14:28:58.205570+02:00,24.639,496.977495,-0.48817860696517457
2026-05-21 14:28:58.495607+02:00,24.637,497.267532,-0.49017860696517346
2026-05-21 14:28:58.787295+02:00,24.637,497.55922,-0.49017860696517346
2026-05-21 14:28:59.081619+02:00,24.637,497.853544,-0.49017860696517346
2026-05-21 14:28:59.373319+02:00,24.634,498.145244,-0.49317860696517357
2026-05-21 14:28:59.674418+02:00,24.635,498.446343,-0.49217860696517235
2026-05-21 14:28:59.967430+02:00,24.631,498.739355,-0.4961786069651737
2026-05-21 14:29:00.256812+02:00,24.632,499.028737,-0.49517860696517246
2026-05-21 14:29:00.546145+02:00,24.631,499.31807,-0.4961786069651737
2026-05-21 14:29:00.840498+02:00,24.628,499.612423,-0.4991786069651738
2026-05-21 14:29:01.134124+02:00,24.629,499.906049,-0.4981786069651726
2026-05-21 14:29:01.426023+02:00,24.626,500.197948,-0.5011786069651727
2026-05-21 14:29:01.718404+02:00,24.627,500.490329,-0.500178606965175
2026-05-21 14:29:02.016631+02:00,24.629,500.788556,-0.4981786069651726
2026-05-21 14:29:02.310106+02:00,24.627,501.082031,-0.500178606965175
2026-05-21 14:29:02.599775+02:00,24.626,501.3717,-0.5011786069651727
2026-05-21 14:29:02.893068+02:00,24.626,501.664993,-0.5011786069651727
2026-05-21 14:29:03.186179+02:00,24.622,501.958104,-0.505178606965174
2026-05-21 14:29:03.478540+02:00,24.624,502.250465,-0.5031786069651751
2026-05-21 14:29:03.767722+02:00,24.623,502.539647,-0.5041786069651728
2026-05-21 14:29:04.063819+02:00,24.619,502.835744,-0.5081786069651741
2026-05-21 14:29:04.355427+02:00,24.623,503.127352,-0.5041786069651728
2026-05-21 14:29:04.651846+02:00,24.619,503.423771,-0.5081786069651741
2026-05-21 14:29:04.950202+02:00,24.618,503.722127,-0.5091786069651754
2026-05-21 14:29:05.242624+02:00,24.617,504.014549,-0.510178606965173
2026-05-21 14:29:05.534123+02:00,24.617,504.306048,-0.510178606965173
2026-05-21 14:29:05.824106+02:00,24.617,504.596031,-0.510178606965173
2026-05-21 14:29:06.114593+02:00,24.616,504.886518,-0.5111786069651743
2026-05-21 14:29:06.405307+02:00,24.616,505.177232,-0.5111786069651743
2026-05-21 14:29:06.694541+02:00,24.616,505.466466,-0.5111786069651743
2026-05-21 14:29:06.990493+02:00,24.616,505.762418,-0.5111786069651743
2026-05-21 14:29:07.282788+02:00,24.613,506.054713,-0.5141786069651744
2026-05-21 14:29:07.573125+02:00,24.615,506.34505,-0.5121786069651755
2026-05-21 14:29:07.866458+02:00,24.611,506.638383,-0.5161786069651733
2026-05-21 14:29:08.156515+02:00,24.614,506.92844,-0.5131786069651731
2026-05-21 14:29:08.444485+02:00,24.613,507.21641,-0.5141786069651744
2026-05-21 14:29:08.742922+02:00,24.611,507.514847,-0.5161786069651733
2026-05-21 14:29:09.041149+02:00,24.609,507.813074,-0.5181786069651722
2026-05-21 14:29:09.341213+02:00,24.608,508.113138,-0.5191786069651734
2026-05-21 14:29:09.643177+02:00,24.607,508.415102,-0.5201786069651746
2026-05-21 14:29:09.938500+02:00,24.608,508.710425,-0.5191786069651734
2026-05-21 14:29:10.228081+02:00,24.606,509.000006,-0.5211786069651723
2026-05-21 14:29:10.519368+02:00,24.608,509.291293,-0.5191786069651734
2026-05-21 14:29:10.819898+02:00,24.605,509.591823,-0.5221786069651735
2026-05-21 14:29:11.114076+02:00,24.605,509.886001,-0.5221786069651735
2026-05-21 14:29:11.406841+02:00,24.607,510.178766,-0.5201786069651746
2026-05-21 14:29:11.699460+02:00,24.603,510.471385,-0.5241786069651724
2026-05-21 14:29:11.991734+02:00,24.603,510.763659,-0.5241786069651724
2026-05-21 14:29:12.285040+02:00,24.604,511.056965,-0.5231786069651747
2026-05-21 14:29:12.573912+02:00,24.602,511.345837,-0.5251786069651736
2026-05-21 14:29:12.865546+02:00,24.602,511.637471,-0.5251786069651736
2026-05-21 14:29:13.161180+02:00,24.599,511.933105,-0.5281786069651737
2026-05-21 14:29:13.465410+02:00,24.6,512.237335,-0.5271786069651725
2026-05-21 14:29:13.762068+02:00,24.599,512.533993,-0.5281786069651737
2026-05-21 14:29:14.062817+02:00,24.596,512.834742,-0.5311786069651738
2026-05-21 14:29:14.353519+02:00,24.598,513.125444,-0.5291786069651749
2026-05-21 14:29:14.643847+02:00,24.596,513.415772,-0.5311786069651738
2026-05-21 14:29:14.933970+02:00,24.596,513.705895,-0.5311786069651738
2026-05-21 14:29:15.235216+02:00,24.598,514.007141,-0.5291786069651749
2026-05-21 14:29:15.537366+02:00,24.595,514.309291,-0.532178606965175
2026-05-21 14:29:15.832090+02:00,24.596,514.604015,-0.5311786069651738
2026-05-21 14:29:16.125834+02:00,24.596,514.897759,-0.5311786069651738
2026-05-21 14:29:16.416535+02:00,24.592,515.18846,-0.5351786069651752
2026-05-21 14:29:16.705711+02:00,24.591,515.477636,-0.5361786069651728
2026-05-21 14:29:17.000673+02:00,24.588,515.772598,-0.539178606965173
2026-05-21 14:29:17.296093+02:00,24.59,516.068018,-0.537178606965174
2026-05-21 14:29:17.593135+02:00,24.589,516.36506,-0.5381786069651753
2026-05-21 14:29:17.886628+02:00,24.589,516.658553,-0.5381786069651753
2026-05-21 14:29:18.179913+02:00,24.587,516.951838,-0.5401786069651742
2026-05-21 14:29:18.477917+02:00,24.587,517.249842,-0.5401786069651742
2026-05-21 14:29:18.777420+02:00,24.589,517.549345,-0.5381786069651753
2026-05-21 14:29:19.075034+02:00,24.583,517.846959,-0.5441786069651755
2026-05-21 14:29:19.367252+02:00,24.585,518.139177,-0.5421786069651731
2026-05-21 14:29:19.665334+02:00,24.584,518.437259,-0.5431786069651743
2026-05-21 14:29:19.956176+02:00,24.581,518.728101,-0.5461786069651744
2026-05-21 14:29:20.254468+02:00,24.58,519.026393,-0.5471786069651756
2026-05-21 14:29:20.547485+02:00,24.579,519.31941,-0.5481786069651733
2026-05-21 14:29:20.842134+02:00,24.578,519.614059,-0.5491786069651745
2026-05-21 14:29:21.130234+02:00,24.578,519.902159,-0.5491786069651745
2026-05-21 14:29:21.425469+02:00,24.576,520.197394,-0.5511786069651734
2026-05-21 14:29:21.717011+02:00,24.577,520.488936,-0.5501786069651722
2026-05-21 14:29:22.009456+02:00,24.575,520.781381,-0.5521786069651746
2026-05-21 14:29:22.299137+02:00,24.575,521.071062,-0.5521786069651746
2026-05-21 14:29:22.595236+02:00,24.574,521.367161,-0.5531786069651723
2026-05-21 14:29:22.893901+02:00,24.571,521.665826,-0.5561786069651724
2026-05-21 14:29:23.184324+02:00,24.571,521.956249,-0.5561786069651724
2026-05-21 14:29:23.474436+02:00,24.573,522.246361,-0.5541786069651735
2026-05-21 14:29:23.764725+02:00,24.571,522.53665,-0.5561786069651724
2026-05-21 14:29:24.057716+02:00,24.569,522.829641,-0.5581786069651749
2026-05-21 14:29:24.349723+02:00,24.57,523.121648,-0.5571786069651736
2026-05-21 14:29:24.640833+02:00,24.569,523.412758,-0.5581786069651749
2026-05-21 14:29:24.941951+02:00,24.568,523.713876,-0.5591786069651725
2026-05-21 14:29:25.234857+02:00,24.569,524.006782,-0.5581786069651749
2026-05-21 14:29:25.526925+02:00,24.566,524.29885,-0.561178606965175
2026-05-21 14:29:25.817953+02:00,24.565,524.589878,-0.5621786069651726
2026-05-21 14:29:26.108399+02:00,24.566,524.880324,-0.561178606965175
2026-05-21 14:29:26.398551+02:00,24.564,525.170476,-0.5631786069651739
2026-05-21 14:29:26.689214+02:00,24.563,525.461139,-0.5641786069651751
2026-05-21 14:29:26.978814+02:00,24.563,525.750739,-0.5641786069651751
2026-05-21 14:29:27.273739+02:00,24.56,526.045664,-0.5671786069651752
2026-05-21 14:29:27.566340+02:00,24.56,526.338265,-0.5671786069651752
2026-05-21 14:29:27.856594+02:00,24.56,526.628519,-0.5671786069651752
2026-05-21 14:29:28.146093+02:00,24.557,526.918018,-0.5701786069651753
2026-05-21 14:29:28.444133+02:00,24.558,527.216058,-0.5691786069651741
2026-05-21 14:29:28.743744+02:00,24.557,527.515669,-0.5701786069651753
2026-05-21 14:29:29.034632+02:00,24.555,527.806557,-0.5721786069651742
2026-05-21 14:29:29.331352+02:00,24.551,528.103277,-0.5761786069651755
2026-05-21 14:29:29.624240+02:00,24.553,528.396165,-0.5741786069651731
2026-05-21 14:29:29.924605+02:00,24.554,528.69653,-0.5731786069651754
2026-05-21 14:29:30.216334+02:00,24.55,528.988259,-0.5771786069651732
2026-05-21 14:29:30.505044+02:00,24.55,529.276969,-0.5771786069651732
2026-05-21 14:29:30.798358+02:00,24.549,529.570283,-0.5781786069651744
2026-05-21 14:29:31.095239+02:00,24.547,529.867164,-0.5801786069651733
2026-05-21 14:29:31.388644+02:00,24.543,530.160569,-0.5841786069651747
2026-05-21 14:29:31.680115+02:00,24.541,530.45204,-0.5861786069651735
2026-05-21 14:29:31.969787+02:00,24.542,530.741712,-0.5851786069651723
2026-05-21 14:29:32.269976+02:00,24.541,531.041901,-0.5861786069651735
2026-05-21 14:29:32.566326+02:00,24.541,531.338251,-0.5861786069651735
2026-05-21 14:29:32.858594+02:00,24.54,531.630519,-0.5871786069651748
2026-05-21 14:29:33.155837+02:00,24.539,531.927762,-0.5881786069651724
2026-05-21 14:29:33.452069+02:00,24.537,532.223994,-0.5901786069651749
2026-05-21 14:29:33.742245+02:00,24.537,532.51417,-0.5901786069651749
2026-05-21 14:29:34.035982+02:00,24.535,532.807907,-0.5921786069651738
2026-05-21 14:29:34.331529+02:00,24.533,533.103454,-0.5941786069651727
2026-05-21 14:29:34.621153+02:00,24.535,533.393078,-0.5921786069651738
2026-05-21 14:29:34.912398+02:00,24.533,533.684323,-0.5941786069651727
2026-05-21 14:29:35.206419+02:00,24.534,533.978344,-0.593178606965175
2026-05-21 14:29:35.506013+02:00,24.534,534.277938,-0.593178606965175
2026-05-21 14:29:35.806291+02:00,24.533,534.578216,-0.5941786069651727
2026-05-21 14:29:36.103729+02:00,24.531,534.875654,-0.5961786069651751
2026-05-21 14:29:36.402716+02:00,24.53,535.174641,-0.5971786069651728
2026-05-21 14:29:36.705166+02:00,24.53,535.477091,-0.5971786069651728
2026-05-21 14:29:37.004484+02:00,24.527,535.776409,-0.6001786069651729
2026-05-21 14:29:37.306585+02:00,24.53,536.07851,-0.5971786069651728
2026-05-21 14:29:37.596004+02:00,24.531,536.367929,-0.5961786069651751
2026-05-21 14:29:37.891487+02:00,24.529,536.663412,-0.598178606965174
2026-05-21 14:29:38.184194+02:00,24.525,536.956119,-0.6021786069651753
2026-05-21 14:29:38.484062+02:00,24.526,537.255987,-0.6011786069651741
2026-05-21 14:29:38.776241+02:00,24.526,537.548166,-0.6011786069651741
2026-05-21 14:29:39.073355+02:00,24.528,537.84528,-0.5991786069651752
2026-05-21 14:29:39.371205+02:00,24.526,538.14313,-0.6011786069651741
2026-05-21 14:29:39.662651+02:00,24.526,538.434576,-0.6011786069651741
2026-05-21 14:29:39.956478+02:00,24.525,538.728403,-0.6021786069651753
2026-05-21 14:29:40.251566+02:00,24.524,539.023491,-0.603178606965173
2026-05-21 14:29:40.543908+02:00,24.523,539.315833,-0.6041786069651742
2026-05-21 14:29:40.834731+02:00,24.523,539.606656,-0.6041786069651742
2026-05-21 14:29:41.128188+02:00,24.523,539.900113,-0.6041786069651742
2026-05-21 14:29:41.421563+02:00,24.522,540.193488,-0.6051786069651754
2026-05-21 14:29:41.719093+02:00,24.522,540.491018,-0.6051786069651754
2026-05-21 14:29:42.017743+02:00,24.519,540.789668,-0.6081786069651756
2026-05-21 14:29:42.309398+02:00,24.518,541.081323,-0.6091786069651732
2026-05-21 14:29:42.601435+02:00,24.516,541.37336,-0.6111786069651757
2026-05-21 14:29:42.896831+02:00,24.518,541.668756,-0.6091786069651732
2026-05-21 14:29:43.196386+02:00,24.517,541.968311,-0.6101786069651745
2026-05-21 14:29:43.485941+02:00,24.516,542.257866,-0.6111786069651757
2026-05-21 14:29:43.776712+02:00,24.516,542.548637,-0.6111786069651757
2026-05-21 14:29:44.069133+02:00,24.515,542.841058,-0.6121786069651733
2026-05-21 14:29:44.367033+02:00,24.516,543.138958,-0.6111786069651757
2026-05-21 14:29:44.656379+02:00,24.513,543.428304,-0.6141786069651722
2026-05-21 14:29:44.950223+02:00,24.512,543.722148,-0.6151786069651735
2026-05-21 14:29:45.249657+02:00,24.507,544.021582,-0.6201786069651725
2026-05-21 14:29:45.542382+02:00,24.505,544.314307,-0.6221786069651749
2026-05-21 14:29:45.835936+02:00,24.511,544.607861,-0.6161786069651747
2026-05-21 14:29:46.127232+02:00,24.508,544.899157,-0.6191786069651748
2026-05-21 14:29:46.417429+02:00,24.509,545.189354,-0.6181786069651736
2026-05-21 14:29:46.708330+02:00,24.511,545.480255,-0.6161786069651747
2026-05-21 14:29:47.007225+02:00,24.511,545.77915,-0.6161786069651747
2026-05-21 14:29:47.298794+02:00,24.507,546.070719,-0.6201786069651725
2026-05-21 14:29:47.589494+02:00,24.506,546.361419,-0.6211786069651737
2026-05-21 14:29:47.882400+02:00,24.505,546.654325,-0.6221786069651749
2026-05-21 14:29:48.174473+02:00,24.506,546.946398,-0.6211786069651737
2026-05-21 14:29:48.476214+02:00,24.504,547.248139,-0.6231786069651726
2026-05-21 14:29:48.776408+02:00,24.502,547.548333,-0.625178606965175
2026-05-21 14:29:49.066811+02:00,24.502,547.838736,-0.625178606965175
2026-05-21 14:29:49.359140+02:00,24.501,548.131065,-0.6261786069651727
2026-05-21 14:29:49.650610+02:00,24.501,548.422535,-0.6261786069651727
2026-05-21 14:29:49.946611+02:00,24.499,548.718536,-0.6281786069651751
2026-05-21 14:29:50.236913+02:00,24.501,549.008838,-0.6261786069651727
2026-05-21 14:29:50.534005+02:00,24.498,549.30593,-0.6291786069651728
2026-05-21 14:29:50.823438+02:00,24.499,549.595363,-0.6281786069651751
2026-05-21 14:29:51.113578+02:00,24.498,549.885503,-0.6291786069651728
2026-05-21 14:29:51.406535+02:00,24.497,550.17846,-0.630178606965174
2026-05-21 14:29:51.695915+02:00,24.498,550.46784,-0.6291786069651728
2026-05-21 14:29:51.985647+02:00,24.496,550.757572,-0.6311786069651752
2026-05-21 14:29:52.281226+02:00,24.497,551.053151,-0.630178606965174
2026-05-21 14:29:52.571276+02:00,24.494,551.343201,-0.6331786069651741
2026-05-21 14:29:52.862703+02:00,24.496,551.634628,-0.6311786069651752
2026-05-21 14:29:53.155978+02:00,24.493,551.927903,-0.6341786069651754
2026-05-21 14:29:53.456423+02:00,24.494,552.228348,-0.6331786069651741
2026-05-21 14:29:53.757589+02:00,24.491,552.529514,-0.6361786069651743
2026-05-21 14:29:54.054018+02:00,24.496,552.825943,-0.6311786069651752
2026-05-21 14:29:54.346766+02:00,24.491,553.118691,-0.6361786069651743
2026-05-21 14:29:54.640205+02:00,24.492,553.41213,-0.635178606965173
2026-05-21 14:29:54.931795+02:00,24.493,553.70372,-0.6341786069651754
2026-05-21 14:29:55.225853+02:00,24.491,553.997778,-0.6361786069651743
2026-05-21 14:29:55.527658+02:00,24.489,554.299583,-0.6381786069651731
2026-05-21 14:29:55.824677+02:00,24.488,554.596602,-0.6391786069651744
2026-05-21 14:29:56.115862+02:00,24.49,554.887787,-0.6371786069651755
2026-05-21 14:29:56.404617+02:00,24.49,555.176542,-0.6371786069651755
2026-05-21 14:29:56.701294+02:00,24.488,555.473219,-0.6391786069651744
2026-05-21 14:29:57.001787+02:00,24.489,555.773712,-0.6381786069651731
2026-05-21 14:29:57.295621+02:00,24.486,556.067546,-0.6411786069651733
2026-05-21 14:29:57.586727+02:00,24.486,556.358652,-0.6411786069651733
2026-05-21 14:29:57.878939+02:00,24.485,556.650864,-0.6421786069651745
2026-05-21 14:29:58.172845+02:00,24.487,556.94477,-0.6401786069651756
2026-05-21 14:29:58.463435+02:00,24.487,557.23536,-0.6401786069651756
2026-05-21 14:29:58.754726+02:00,24.485,557.526651,-0.6421786069651745
2026-05-21 14:29:59.046924+02:00,24.484,557.818849,-0.6431786069651722
2026-05-21 14:29:59.337553+02:00,24.484,558.109478,-0.6431786069651722
2026-05-21 14:29:59.628642+02:00,24.483,558.400567,-0.6441786069651734
2026-05-21 14:29:59.920770+02:00,24.483,558.692695,-0.6441786069651734
2026-05-21 14:30:00.213165+02:00,24.485,558.98509,-0.6421786069651745
2026-05-21 14:30:00.503345+02:00,24.483,559.27527,-0.6441786069651734
2026-05-21 14:30:00.794608+02:00,24.485,559.566533,-0.6421786069651745
2026-05-21 14:30:01.083676+02:00,24.484,559.855601,-0.6431786069651722
2026-05-21 14:30:01.374861+02:00,24.479,560.146786,-0.6481786069651747
2026-05-21 14:30:01.666439+02:00,24.48,560.438364,-0.6471786069651735
2026-05-21 14:30:01.960082+02:00,24.482,560.732007,-0.6451786069651746
2026-05-21 14:30:02.259485+02:00,24.481,561.03141,-0.6461786069651723
2026-05-21 14:30:02.560950+02:00,24.479,561.332875,-0.6481786069651747
2026-05-21 14:30:02.854856+02:00,24.479,561.626781,-0.6481786069651747
2026-05-21 14:30:03.146319+02:00,24.479,561.918244,-0.6481786069651747
2026-05-21 14:30:03.439205+02:00,24.481,562.21113,-0.6461786069651723
2026-05-21 14:30:03.735048+02:00,24.479,562.506973,-0.6481786069651747
2026-05-21 14:30:04.030913+02:00,24.479,562.802838,-0.6481786069651747
2026-05-21 14:30:04.327470+02:00,24.48,563.099395,-0.6471786069651735
2026-05-21 14:30:04.621074+02:00,24.478,563.392999,-0.6491786069651724
2026-05-21 14:30:04.910040+02:00,24.478,563.681965,-0.6491786069651724
2026-05-21 14:30:05.204451+02:00,24.477,563.976376,-0.6501786069651736
2026-05-21 14:30:05.499468+02:00,24.477,564.271393,-0.6501786069651736
2026-05-21 14:30:05.795747+02:00,24.477,564.567672,-0.6501786069651736
2026-05-21 14:30:06.093904+02:00,24.478,564.865829,-0.6491786069651724
2026-05-21 14:30:06.389580+02:00,24.476,565.161505,-0.6511786069651748
2026-05-21 14:30:06.681519+02:00,24.476,565.453444,-0.6511786069651748
2026-05-21 14:30:06.976527+02:00,24.476,565.748452,-0.6511786069651748
2026-05-21 14:30:07.264861+02:00,24.474,566.036786,-0.6531786069651737
2026-05-21 14:30:07.565512+02:00,24.474,566.337437,-0.6531786069651737
2026-05-21 14:30:07.864191+02:00,24.475,566.636116,-0.6521786069651725
2026-05-21 14:30:08.156372+02:00,24.475,566.928297,-0.6521786069651725
2026-05-21 14:30:08.448976+02:00,24.473,567.220901,-0.6541786069651749
2026-05-21 14:30:08.744331+02:00,24.475,567.516256,-0.6521786069651725
2026-05-21 14:30:09.035968+02:00,24.468,567.807893,-0.6591786069651739
2026-05-21 14:30:09.328179+02:00,24.469,568.100104,-0.6581786069651727
2026-05-21 14:30:09.627852+02:00,24.476,568.399777,-0.6511786069651748
2026-05-21 14:30:09.920958+02:00,24.472,568.692883,-0.6551786069651726
2026-05-21 14:30:10.211934+02:00,24.473,568.983859,-0.6541786069651749
2026-05-21 14:30:10.510957+02:00,24.47,569.282882,-0.657178606965175
2026-05-21 14:30:10.804009+02:00,24.472,569.575934,-0.6551786069651726
2026-05-21 14:30:11.096726+02:00,24.472,569.868651,-0.6551786069651726
2026-05-21 14:30:11.398127+02:00,24.472,570.170052,-0.6551786069651726
2026-05-21 14:30:11.688085+02:00,24.471,570.46001,-0.6561786069651738
2026-05-21 14:30:11.982680+02:00,24.47,570.754605,-0.657178606965175
2026-05-21 14:30:12.280490+02:00,24.471,571.052415,-0.6561786069651738
2026-05-21 14:30:12.579738+02:00,24.471,571.351663,-0.6561786069651738
2026-05-21 14:30:12.878370+02:00,24.468,571.650295,-0.6591786069651739
2026-05-21 14:30:13.177448+02:00,24.47,571.949373,-0.657178606965175
2026-05-21 14:30:13.470416+02:00,24.47,572.242341,-0.657178606965175
2026-05-21 14:30:13.764074+02:00,24.469,572.535999,-0.6581786069651727
2026-05-21 14:30:14.056501+02:00,24.466,572.828426,-0.6611786069651728
2026-05-21 14:30:14.350689+02:00,24.469,573.122614,-0.6581786069651727
2026-05-21 14:30:14.645506+02:00,24.47,573.417431,-0.657178606965175
2026-05-21 14:30:14.935526+02:00,24.472,573.707451,-0.6551786069651726
2026-05-21 14:30:15.229874+02:00,24.469,574.001799,-0.6581786069651727
2026-05-21 14:30:15.524382+02:00,24.469,574.296307,-0.6581786069651727
2026-05-21 14:30:15.824564+02:00,24.469,574.596489,-0.6581786069651727
2026-05-21 14:30:16.114383+02:00,24.47,574.886308,-0.657178606965175
2026-05-21 14:30:16.402606+02:00,24.471,575.174531,-0.6561786069651738
2026-05-21 14:30:16.700233+02:00,24.468,575.472158,-0.6591786069651739
2026-05-21 14:30:16.995909+02:00,24.468,575.767834,-0.6591786069651739
2026-05-21 14:30:17.292487+02:00,24.468,576.064412,-0.6591786069651739
2026-05-21 14:30:17.595666+02:00,24.47,576.367591,-0.657178606965175
2026-05-21 14:30:17.885442+02:00,24.468,576.657367,-0.6591786069651739
2026-05-21 14:30:18.176769+02:00,24.468,576.948694,-0.6591786069651739
2026-05-21 14:30:18.469844+02:00,24.469,577.241769,-0.6581786069651727
2026-05-21 14:30:18.767636+02:00,24.467,577.539561,-0.6601786069651752
2026-05-21 14:30:19.057680+02:00,24.47,577.829605,-0.657178606965175
2026-05-21 14:30:19.351224+02:00,24.468,578.123149,-0.6591786069651739
2026-05-21 14:30:19.640516+02:00,24.467,578.412441,-0.6601786069651752
2026-05-21 14:30:19.933035+02:00,24.465,578.70496,-0.662178606965174
2026-05-21 14:30:20.224208+02:00,24.464,578.996133,-0.6631786069651753
2026-05-21 14:30:20.521123+02:00,24.467,579.293048,-0.6601786069651752
2026-05-21 14:30:20.819677+02:00,24.466,579.591602,-0.6611786069651728
2026-05-21 14:30:21.113714+02:00,24.466,579.885639,-0.6611786069651728
2026-05-21 14:30:21.412069+02:00,24.466,580.183994,-0.6611786069651728
2026-05-21 14:30:21.704520+02:00,24.468,580.476445,-0.6591786069651739
2026-05-21 14:30:22.001403+02:00,24.467,580.773328,-0.6601786069651752
2026-05-21 14:30:22.294716+02:00,24.467,581.066641,-0.6601786069651752
2026-05-21 14:30:22.592389+02:00,24.467,581.364314,-0.6601786069651752
2026-05-21 14:30:22.885444+02:00,24.467,581.657369,-0.6601786069651752
2026-05-21 14:30:23.189172+02:00,24.466,581.961097,-0.6611786069651728
2026-05-21 14:30:23.485884+02:00,24.468,582.257809,-0.6591786069651739
2026-05-21 14:30:23.791471+02:00,24.465,582.563396,-0.662178606965174
2026-05-21 14:30:24.084862+02:00,24.466,582.856787,-0.6611786069651728
2026-05-21 14:30:24.386343+02:00,24.466,583.158268,-0.6611786069651728
2026-05-21 14:30:24.674829+02:00,24.467,583.446754,-0.6601786069651752
2026-05-21 14:30:24.968984+02:00,24.466,583.740909,-0.6611786069651728
2026-05-21 14:30:25.264698+02:00,24.468,584.036623,-0.6591786069651739
2026-05-21 14:30:25.558529+02:00,24.466,584.330454,-0.6611786069651728
2026-05-21 14:30:25.853777+02:00,24.467,584.625702,-0.6601786069651752
2026-05-21 14:30:26.146595+02:00,24.468,584.91852,-0.6591786069651739
2026-05-21 14:30:26.437401+02:00,24.468,585.209326,-0.6591786069651739
2026-05-21 14:30:26.728405+02:00,24.467,585.50033,-0.6601786069651752
2026-05-21 14:30:27.020114+02:00,24.464,585.792039,-0.6631786069651753
2026-05-21 14:30:27.310181+02:00,24.467,586.082106,-0.6601786069651752
2026-05-21 14:30:27.609386+02:00,24.465,586.381311,-0.662178606965174
2026-05-21 14:30:27.900862+02:00,24.466,586.672787,-0.6611786069651728
2026-05-21 14:30:28.192662+02:00,24.467,586.964587,-0.6601786069651752
2026-05-21 14:30:28.491139+02:00,24.466,587.263064,-0.6611786069651728
2026-05-21 14:30:28.783101+02:00,24.469,587.555026,-0.6581786069651727
2026-05-21 14:30:29.085666+02:00,24.464,587.857591,-0.6631786069651753
2026-05-21 14:30:29.385130+02:00,24.465,588.157055,-0.662178606965174
2026-05-21 14:30:29.687266+02:00,24.462,588.459191,-0.6651786069651742
2026-05-21 14:30:29.984295+02:00,24.463,588.75622,-0.664178606965173
2026-05-21 14:30:30.286768+02:00,24.461,589.058693,-0.6661786069651754
2026-05-21 14:30:30.587096+02:00,24.464,589.359021,-0.6631786069651753
2026-05-21 14:30:30.880741+02:00,24.465,589.652666,-0.662178606965174
2026-05-21 14:30:31.171749+02:00,24.464,589.943674,-0.6631786069651753
2026-05-21 14:30:31.467265+02:00,24.463,590.23919,-0.664178606965173
2026-05-21 14:30:31.759542+02:00,24.462,590.531467,-0.6651786069651742
