time,value,time [s],norm_data
2026-05-21 14:20:41.229297+02:00,25.039,0.0,0.059515422885574765
2026-05-21 14:20:41.520280+02:00,25.029,0.290983,0.0495154228855732
2026-05-21 14:20:41.819436+02:00,25.032,0.590139,0.052515422885573315
2026-05-21 14:20:42.117728+02:00,25.032,0.888431,0.052515422885573315
2026-05-21 14:20:42.415674+02:00,25.034,1.186377,0.05451542288557221
2026-05-21 14:20:42.707615+02:00,25.036,1.478318,0.05651542288557465
2026-05-21 14:20:42.998133+02:00,25.035,1.768836,0.05551542288557343
2026-05-21 14:20:43.289349+02:00,25.034,2.060052,0.05451542288557221
2026-05-21 14:20:43.579212+02:00,25.036,2.349915,0.05651542288557465
2026-05-21 14:20:43.870360+02:00,25.037,2.641063,0.05751542288557232
2026-05-21 14:20:44.169867+02:00,25.036,2.94057,0.05651542288557465
2026-05-21 14:20:44.459373+02:00,25.037,3.230076,0.05751542288557232
2026-05-21 14:20:44.753852+02:00,25.039,3.524555,0.059515422885574765
2026-05-21 14:20:45.044285+02:00,25.035,3.814988,0.05551542288557343
2026-05-21 14:20:45.346219+02:00,25.037,4.116922,0.05751542288557232
2026-05-21 14:20:45.636466+02:00,25.039,4.407169,0.059515422885574765
2026-05-21 14:20:45.932201+02:00,25.034,4.702904,0.05451542288557221
2026-05-21 14:20:46.222764+02:00,25.033,4.993467,0.05351542288557454
2026-05-21 14:20:46.518241+02:00,25.037,5.288944,0.05751542288557232
2026-05-21 14:20:46.817182+02:00,25.036,5.587885,0.05651542288557465
2026-05-21 14:20:47.107683+02:00,25.039,5.878386,0.059515422885574765
2026-05-21 14:20:47.397654+02:00,25.037,6.168357,0.05751542288557232
2026-05-21 14:20:47.696344+02:00,25.039,6.467047,0.059515422885574765
2026-05-21 14:20:47.995709+02:00,25.041,6.766412,0.061515422885573656
2026-05-21 14:20:48.289585+02:00,25.039,7.060288,0.059515422885574765
2026-05-21 14:20:48.583714+02:00,25.041,7.354417,0.061515422885573656
2026-05-21 14:20:48.874215+02:00,25.039,7.644918,0.059515422885574765
2026-05-21 14:20:49.172796+02:00,25.037,7.943499,0.05751542288557232
2026-05-21 14:20:49.465376+02:00,25.034,8.236079,0.05451542288557221
2026-05-21 14:20:49.756410+02:00,25.039,8.527113,0.059515422885574765
2026-05-21 14:20:50.051257+02:00,25.037,8.82196,0.05751542288557232
2026-05-21 14:20:50.344227+02:00,25.039,9.11493,0.059515422885574765
2026-05-21 14:20:50.635915+02:00,25.037,9.406618,0.05751542288557232
2026-05-21 14:20:50.936527+02:00,25.039,9.70723,0.059515422885574765
2026-05-21 14:20:51.233107+02:00,25.037,10.00381,0.05751542288557232
2026-05-21 14:20:51.529342+02:00,25.037,10.300045,0.05751542288557232
2026-05-21 14:20:51.820901+02:00,25.038,10.591604,0.05851542288557354
2026-05-21 14:20:52.118436+02:00,25.039,10.889139,0.059515422885574765
2026-05-21 14:20:52.410420+02:00,25.037,11.181123,0.05751542288557232
2026-05-21 14:20:52.699610+02:00,25.041,11.470313,0.061515422885573656
2026-05-21 14:20:52.988135+02:00,25.037,11.758838,0.05751542288557232
2026-05-21 14:20:53.277236+02:00,25.037,12.047939,0.05751542288557232
2026-05-21 14:20:53.573366+02:00,25.038,12.344069,0.05851542288557354
2026-05-21 14:20:53.866455+02:00,25.036,12.637158,0.05651542288557465
2026-05-21 14:20:54.158080+02:00,25.038,12.928783,0.05851542288557354
2026-05-21 14:20:54.451815+02:00,25.038,13.222518,0.05851542288557354
2026-05-21 14:20:54.740395+02:00,25.037,13.511098,0.05751542288557232
2026-05-21 14:20:55.032524+02:00,25.037,13.803227,0.05751542288557232
2026-05-21 14:20:55.326642+02:00,25.036,14.097345,0.05651542288557465
2026-05-21 14:20:55.618457+02:00,25.035,14.38916,0.05551542288557343
2026-05-21 14:20:55.906601+02:00,25.038,14.677304,0.05851542288557354
2026-05-21 14:20:56.206735+02:00,25.036,14.977438,0.05651542288557465
2026-05-21 14:20:56.503370+02:00,25.039,15.274073,0.059515422885574765
2026-05-21 14:20:56.792051+02:00,25.037,15.562754,0.05751542288557232
2026-05-21 14:20:57.084166+02:00,25.038,15.854869,0.05851542288557354
2026-05-21 14:20:57.383842+02:00,25.035,16.154545,0.05551542288557343
2026-05-21 14:20:57.673582+02:00,25.035,16.444285,0.05551542288557343
2026-05-21 14:20:57.964579+02:00,25.037,16.735282,0.05751542288557232
2026-05-21 14:20:58.254580+02:00,25.035,17.025283,0.05551542288557343
2026-05-21 14:20:58.553007+02:00,25.036,17.32371,0.05651542288557465
2026-05-21 14:20:58.842420+02:00,25.037,17.613123,0.05751542288557232
2026-05-21 14:20:59.133483+02:00,25.034,17.904186,0.05451542288557221
2026-05-21 14:20:59.424008+02:00,25.035,18.194711,0.05551542288557343
2026-05-21 14:20:59.718612+02:00,25.036,18.489315,0.05651542288557465
2026-05-21 14:21:00.010783+02:00,25.034,18.781486,0.05451542288557221
2026-05-21 14:21:00.306307+02:00,25.034,19.07701,0.05451542288557221
2026-05-21 14:21:00.598606+02:00,25.039,19.369309,0.059515422885574765
2026-05-21 14:21:00.888196+02:00,25.032,19.658899,0.052515422885573315
2026-05-21 14:21:01.178553+02:00,25.035,19.949256,0.05551542288557343
2026-05-21 14:21:01.474011+02:00,25.035,20.244714,0.05551542288557343
2026-05-21 14:21:01.766859+02:00,25.039,20.537562,0.059515422885574765
2026-05-21 14:21:02.056334+02:00,25.037,20.827037,0.05751542288557232
2026-05-21 14:21:02.354347+02:00,25.036,21.12505,0.05651542288557465
2026-05-21 14:21:02.644674+02:00,25.042,21.415377,0.06251542288557488
2026-05-21 14:21:02.938082+02:00,25.039,21.708785,0.059515422885574765
2026-05-21 14:21:03.227285+02:00,25.039,21.997988,0.059515422885574765
2026-05-21 14:21:03.519717+02:00,25.038,22.29042,0.05851542288557354
2026-05-21 14:21:03.808337+02:00,25.037,22.57904,0.05751542288557232
2026-05-21 14:21:04.110585+02:00,25.039,22.881288,0.059515422885574765
2026-05-21 14:21:04.401358+02:00,25.039,23.172061,0.059515422885574765
2026-05-21 14:21:04.690503+02:00,25.042,23.461206,0.06251542288557488
2026-05-21 14:21:04.982148+02:00,25.036,23.752851,0.05651542288557465
2026-05-21 14:21:05.275360+02:00,25.037,24.046063,0.05751542288557232
2026-05-21 14:21:05.564490+02:00,25.037,24.335193,0.05751542288557232
2026-05-21 14:21:05.860917+02:00,25.036,24.63162,0.05651542288557465
2026-05-21 14:21:06.161371+02:00,25.037,24.932074,0.05751542288557232
2026-05-21 14:21:06.453035+02:00,25.038,25.223738,0.05851542288557354
2026-05-21 14:21:06.750821+02:00,25.036,25.521524,0.05651542288557465
2026-05-21 14:21:07.042814+02:00,25.037,25.813517,0.05751542288557232
2026-05-21 14:21:07.334037+02:00,25.039,26.10474,0.059515422885574765
2026-05-21 14:21:07.631849+02:00,25.039,26.402552,0.059515422885574765
2026-05-21 14:21:07.923301+02:00,25.037,26.694004,0.05751542288557232
2026-05-21 14:21:08.213082+02:00,25.039,26.983785,0.059515422885574765
2026-05-21 14:21:08.510030+02:00,25.039,27.280733,0.059515422885574765
2026-05-21 14:21:08.804045+02:00,25.039,27.574748,0.059515422885574765
2026-05-21 14:21:09.103706+02:00,25.039,27.874409,0.059515422885574765
2026-05-21 14:21:09.397048+02:00,25.039,28.167751,0.059515422885574765
2026-05-21 14:21:09.707140+02:00,25.038,28.477843,0.05851542288557354
2026-05-21 14:21:10.007851+02:00,25.034,28.778554,0.05451542288557221
2026-05-21 14:21:10.296129+02:00,25.037,29.066832,0.05751542288557232
2026-05-21 14:21:10.585472+02:00,25.037,29.356175,0.05751542288557232
2026-05-21 14:21:10.878016+02:00,25.04,29.648719,0.060515422885572434
2026-05-21 14:21:11.176881+02:00,25.039,29.947584,0.059515422885574765
2026-05-21 14:21:11.465497+02:00,25.039,30.2362,0.059515422885574765
2026-05-21 14:21:11.757714+02:00,25.039,30.528417,0.059515422885574765
2026-05-21 14:21:12.059020+02:00,25.037,30.829723,0.05751542288557232
2026-05-21 14:21:12.355371+02:00,25.041,31.126074,0.061515422885573656
2026-05-21 14:21:12.646765+02:00,25.042,31.417468,0.06251542288557488
2026-05-21 14:21:12.938050+02:00,25.039,31.708753,0.059515422885574765
2026-05-21 14:21:13.229379+02:00,25.039,32.000082,0.059515422885574765
2026-05-21 14:21:13.531640+02:00,25.039,32.302343,0.059515422885574765
2026-05-21 14:21:13.826234+02:00,25.037,32.596937,0.05751542288557232
2026-05-21 14:21:14.124904+02:00,25.039,32.895607,0.059515422885574765
2026-05-21 14:21:14.414123+02:00,25.04,33.184826,0.060515422885572434
2026-05-21 14:21:14.705802+02:00,25.04,33.476505,0.060515422885572434
2026-05-21 14:21:15.003451+02:00,25.037,33.774154,0.05751542288557232
2026-05-21 14:21:15.299789+02:00,25.042,34.070492,0.06251542288557488
2026-05-21 14:21:15.594440+02:00,25.035,34.365143,0.05551542288557343
2026-05-21 14:21:15.885316+02:00,25.039,34.656019,0.059515422885574765
2026-05-21 14:21:16.182134+02:00,25.035,34.952837,0.05551542288557343
2026-05-21 14:21:16.476054+02:00,25.029,35.246757,0.0495154228855732
2026-05-21 14:21:16.766119+02:00,25.034,35.536822,0.05451542288557221
2026-05-21 14:21:17.061719+02:00,25.033,35.832422,0.05351542288557454
2026-05-21 14:21:17.354939+02:00,25.034,36.125642,0.05451542288557221
2026-05-21 14:21:17.651809+02:00,25.032,36.422512,0.052515422885573315
2026-05-21 14:21:17.942934+02:00,25.036,36.713637,0.05651542288557465
2026-05-21 14:21:18.236244+02:00,25.039,37.006947,0.059515422885574765
2026-05-21 14:21:18.530768+02:00,25.037,37.301471,0.05751542288557232
2026-05-21 14:21:18.821052+02:00,25.035,37.591755,0.05551542288557343
2026-05-21 14:21:19.112056+02:00,25.034,37.882759,0.05451542288557221
2026-05-21 14:21:19.407198+02:00,25.034,38.177901,0.05451542288557221
2026-05-21 14:21:19.706194+02:00,25.039,38.476897,0.059515422885574765
2026-05-21 14:21:20.007976+02:00,25.037,38.778679,0.05751542288557232
2026-05-21 14:21:20.297574+02:00,25.039,39.068277,0.059515422885574765
2026-05-21 14:21:20.588251+02:00,25.036,39.358954,0.05651542288557465
2026-05-21 14:21:20.884729+02:00,25.034,39.655432,0.05451542288557221
2026-05-21 14:21:21.174521+02:00,25.039,39.945224,0.059515422885574765
2026-05-21 14:21:21.464026+02:00,25.037,40.234729,0.05751542288557232
2026-05-21 14:21:21.756014+02:00,25.035,40.526717,0.05551542288557343
2026-05-21 14:21:22.047154+02:00,25.038,40.817857,0.05851542288557354
2026-05-21 14:21:22.337074+02:00,25.034,41.107777,0.05451542288557221
2026-05-21 14:21:22.630688+02:00,25.034,41.401391,0.05451542288557221
2026-05-21 14:21:22.920784+02:00,25.035,41.691487,0.05551542288557343
2026-05-21 14:21:23.220401+02:00,25.034,41.991104,0.05451542288557221
2026-05-21 14:21:23.509548+02:00,25.039,42.280251,0.059515422885574765
2026-05-21 14:21:23.802442+02:00,25.038,42.573145,0.05851542288557354
2026-05-21 14:21:24.098141+02:00,25.037,42.868844,0.05751542288557232
2026-05-21 14:21:24.393059+02:00,25.04,43.163762,0.060515422885572434
2026-05-21 14:21:24.695017+02:00,25.034,43.46572,0.05451542288557221
2026-05-21 14:21:24.988736+02:00,25.038,43.759439,0.05851542288557354
2026-05-21 14:21:25.288237+02:00,25.034,44.05894,0.05451542288557221
2026-05-21 14:21:25.577399+02:00,25.035,44.348102,0.05551542288557343
2026-05-21 14:21:25.879050+02:00,25.036,44.649753,0.05651542288557465
2026-05-21 14:21:26.170320+02:00,25.036,44.941023,0.05651542288557465
2026-05-21 14:21:26.463611+02:00,25.035,45.234314,0.05551542288557343
2026-05-21 14:21:26.763160+02:00,25.037,45.533863,0.05751542288557232
2026-05-21 14:21:27.056770+02:00,25.034,45.827473,0.05451542288557221
2026-05-21 14:21:27.350380+02:00,25.035,46.121083,0.05551542288557343
2026-05-21 14:21:27.641244+02:00,25.034,46.411947,0.05451542288557221
2026-05-21 14:21:27.929060+02:00,25.037,46.699763,0.05751542288557232
2026-05-21 14:21:28.220468+02:00,25.034,46.991171,0.05451542288557221
2026-05-21 14:21:28.512494+02:00,25.036,47.283197,0.05651542288557465
2026-05-21 14:21:28.807130+02:00,25.035,47.577833,0.05551542288557343
2026-05-21 14:21:29.099308+02:00,25.034,47.870011,0.05451542288557221
2026-05-21 14:21:29.391752+02:00,25.036,48.162455,0.05651542288557465
2026-05-21 14:21:29.683660+02:00,25.034,48.454363,0.05451542288557221
2026-05-21 14:21:29.977518+02:00,25.038,48.748221,0.05851542288557354
2026-05-21 14:21:30.267094+02:00,25.035,49.037797,0.05551542288557343
2026-05-21 14:21:30.559522+02:00,25.036,49.330225,0.05651542288557465
2026-05-21 14:21:30.851282+02:00,25.035,49.621985,0.05551542288557343
2026-05-21 14:21:31.145018+02:00,25.039,49.915721,0.059515422885574765
2026-05-21 14:21:31.436177+02:00,25.035,50.20688,0.05551542288557343
2026-05-21 14:21:31.728050+02:00,25.035,50.498753,0.05551542288557343
2026-05-21 14:21:32.026452+02:00,25.032,50.797155,0.052515422885573315
2026-05-21 14:21:32.315897+02:00,25.032,51.0866,0.052515422885573315
2026-05-21 14:21:32.609423+02:00,25.035,51.380126,0.05551542288557343
2026-05-21 14:21:32.908859+02:00,25.032,51.679562,0.052515422885573315
2026-05-21 14:21:33.205492+02:00,25.032,51.976195,0.052515422885573315
2026-05-21 14:21:33.505803+02:00,25.035,52.276506,0.05551542288557343
2026-05-21 14:21:33.798655+02:00,25.033,52.569358,0.05351542288557454
2026-05-21 14:21:34.092017+02:00,25.032,52.86272,0.052515422885573315
2026-05-21 14:21:34.383049+02:00,25.034,53.153752,0.05451542288557221
2026-05-21 14:21:34.677931+02:00,25.033,53.448634,0.05351542288557454
2026-05-21 14:21:34.968981+02:00,25.036,53.739684,0.05651542288557465
2026-05-21 14:21:35.268247+02:00,25.032,54.03895,0.052515422885573315
2026-05-21 14:21:35.559878+02:00,25.031,54.330581,0.05151542288557209
2026-05-21 14:21:35.854184+02:00,25.033,54.624887,0.05351542288557454
2026-05-21 14:21:36.151985+02:00,25.031,54.922688,0.05151542288557209
2026-05-21 14:21:36.440099+02:00,25.033,55.210802,0.05351542288557454
2026-05-21 14:21:36.739054+02:00,25.032,55.509757,0.052515422885573315
2026-05-21 14:21:37.031609+02:00,25.032,55.802312,0.052515422885573315
2026-05-21 14:21:37.323470+02:00,25.031,56.094173,0.05151542288557209
2026-05-21 14:21:37.622393+02:00,25.032,56.393096,0.052515422885573315
2026-05-21 14:21:37.917469+02:00,25.032,56.688172,0.052515422885573315
2026-05-21 14:21:38.217597+02:00,25.034,56.9883,0.05451542288557221
2026-05-21 14:21:38.515119+02:00,25.029,57.285822,0.0495154228855732
2026-05-21 14:21:38.805612+02:00,25.03,57.576315,0.050515422885574424
2026-05-21 14:21:39.096561+02:00,25.027,57.867264,0.04751542288557431
2026-05-21 14:21:39.386178+02:00,25.025,58.156881,0.045515422885571866
2026-05-21 14:21:39.688042+02:00,25.022,58.458745,0.04251542288557175
2026-05-21 14:21:39.977922+02:00,25.028,58.748625,0.04851542288557198
2026-05-21 14:21:40.271238+02:00,25.029,59.041941,0.0495154228855732
2026-05-21 14:21:40.567471+02:00,25.032,59.338174,0.052515422885573315
2026-05-21 14:21:40.857891+02:00,25.029,59.628594,0.0495154228855732
2026-05-21 14:21:41.148968+02:00,25.028,59.919671,0.04851542288557198
2026-05-21 14:21:41.440475+02:00,25.029,60.211178,0.0495154228855732
2026-05-21 14:21:41.737571+02:00,25.032,60.508274,0.052515422885573315
2026-05-21 14:21:42.025746+02:00,25.032,60.796449,0.052515422885573315
2026-05-21 14:21:42.338127+02:00,25.032,61.10883,0.052515422885573315
2026-05-21 14:21:42.639507+02:00,25.03,61.41021,0.050515422885574424
2026-05-21 14:21:42.931594+02:00,25.032,61.702297,0.052515422885573315
2026-05-21 14:21:43.221521+02:00,25.027,61.992224,0.04751542288557431
2026-05-21 14:21:43.515329+02:00,25.027,62.286032,0.04751542288557431
2026-05-21 14:21:43.806946+02:00,25.027,62.577649,0.04751542288557431
2026-05-21 14:21:44.097830+02:00,25.024,62.868533,0.044515422885574196
2026-05-21 14:21:44.389799+02:00,25.028,63.160502,0.04851542288557198
2026-05-21 14:21:44.687914+02:00,25.025,63.458617,0.045515422885571866
2026-05-21 14:21:44.981445+02:00,25.026,63.752148,0.04651542288557309
2026-05-21 14:21:45.283039+02:00,25.029,64.053742,0.0495154228855732
2026-05-21 14:21:45.575436+02:00,25.029,64.346139,0.0495154228855732
2026-05-21 14:21:45.869423+02:00,25.027,64.640126,0.04751542288557431
2026-05-21 14:21:46.159905+02:00,25.029,64.930608,0.0495154228855732
2026-05-21 14:21:46.453414+02:00,25.028,65.224117,0.04851542288557198
2026-05-21 14:21:46.743326+02:00,25.027,65.514029,0.04751542288557431
2026-05-21 14:21:47.034238+02:00,25.025,65.804941,0.045515422885571866
2026-05-21 14:21:47.333870+02:00,25.025,66.104573,0.045515422885571866
2026-05-21 14:21:47.623973+02:00,25.024,66.394676,0.044515422885574196
2026-05-21 14:21:47.920085+02:00,25.024,66.690788,0.044515422885574196
2026-05-21 14:21:48.209341+02:00,25.024,66.980044,0.044515422885574196
2026-05-21 14:21:48.506627+02:00,25.022,67.27733,0.04251542288557175
2026-05-21 14:21:48.795601+02:00,25.024,67.566304,0.044515422885574196
2026-05-21 14:21:49.082397+02:00,25.024,67.8531,0.044515422885574196
2026-05-21 14:21:49.381790+02:00,25.022,68.152493,0.04251542288557175
2026-05-21 14:21:49.672825+02:00,25.024,68.443528,0.044515422885574196
2026-05-21 14:21:49.967663+02:00,25.022,68.738366,0.04251542288557175
2026-05-21 14:21:50.269557+02:00,25.025,69.04026,0.045515422885571866
2026-05-21 14:21:50.563103+02:00,25.026,69.333806,0.04651542288557309
2026-05-21 14:21:50.866575+02:00,25.023,69.637278,0.043515422885572974
2026-05-21 14:21:51.157736+02:00,25.022,69.928439,0.04251542288557175
2026-05-21 14:21:51.446471+02:00,25.024,70.217174,0.044515422885574196
2026-05-21 14:21:51.738880+02:00,25.02,70.509583,0.04051542288557286
2026-05-21 14:21:52.037161+02:00,25.02,70.807864,0.04051542288557286
2026-05-21 14:21:52.327393+02:00,25.021,71.098096,0.04151542288557408
2026-05-21 14:21:52.619229+02:00,25.023,71.389932,0.043515422885572974
2026-05-21 14:21:52.909316+02:00,25.023,71.680019,0.043515422885572974
2026-05-21 14:21:53.211815+02:00,25.024,71.982518,0.044515422885574196
2026-05-21 14:21:53.511582+02:00,25.021,72.282285,0.04151542288557408
2026-05-21 14:21:53.804123+02:00,25.023,72.574826,0.043515422885572974
2026-05-21 14:21:54.096315+02:00,25.021,72.867018,0.04151542288557408
2026-05-21 14:21:54.386071+02:00,25.018,73.156774,0.03851542288557397
2026-05-21 14:21:54.680583+02:00,25.017,73.451286,0.03751542288557275
2026-05-21 14:21:54.974308+02:00,25.022,73.745011,0.04251542288557175
2026-05-21 14:21:55.265165+02:00,25.024,74.035868,0.044515422885574196
2026-05-21 14:21:55.555991+02:00,25.023,74.326694,0.043515422885572974
2026-05-21 14:21:55.848392+02:00,25.022,74.619095,0.04251542288557175
2026-05-21 14:21:56.154247+02:00,25.02,74.92495,0.04051542288557286
2026-05-21 14:21:56.444722+02:00,25.019,75.215425,0.03951542288557164
2026-05-21 14:21:56.736901+02:00,25.017,75.507604,0.03751542288557275
2026-05-21 14:21:57.031070+02:00,25.022,75.801773,0.04251542288557175
2026-05-21 14:21:57.321743+02:00,25.02,76.092446,0.04051542288557286
2026-05-21 14:21:57.615056+02:00,25.022,76.385759,0.04251542288557175
2026-05-21 14:21:57.905800+02:00,25.022,76.676503,0.04251542288557175
2026-05-21 14:21:58.199176+02:00,25.017,76.969879,0.03751542288557275
2026-05-21 14:21:58.491819+02:00,25.019,77.262522,0.03951542288557164
2026-05-21 14:21:58.783265+02:00,25.018,77.553968,0.03851542288557397
2026-05-21 14:21:59.081467+02:00,25.016,77.85217,0.036515422885571525
2026-05-21 14:21:59.373065+02:00,25.019,78.143768,0.03951542288557164
2026-05-21 14:21:59.661964+02:00,25.016,78.432667,0.036515422885571525
2026-05-21 14:21:59.953032+02:00,25.019,78.723735,0.03951542288557164
2026-05-21 14:22:00.241599+02:00,25.019,79.012302,0.03951542288557164
2026-05-21 14:22:00.533462+02:00,25.016,79.304165,0.036515422885571525
2026-05-21 14:22:00.826400+02:00,25.018,79.597103,0.03851542288557397
2026-05-21 14:22:01.126751+02:00,25.015,79.897454,0.035515422885573855
2026-05-21 14:22:01.426226+02:00,25.018,80.196929,0.03851542288557397
2026-05-21 14:22:01.720353+02:00,25.023,80.491056,0.043515422885572974
2026-05-21 14:22:02.016391+02:00,25.022,80.787094,0.04251542288557175
2026-05-21 14:22:02.306770+02:00,25.019,81.077473,0.03951542288557164
2026-05-21 14:22:02.596541+02:00,25.022,81.367244,0.04251542288557175
2026-05-21 14:22:02.888728+02:00,25.019,81.659431,0.03951542288557164
2026-05-21 14:22:03.187031+02:00,25.019,81.957734,0.03951542288557164
2026-05-21 14:22:03.487427+02:00,25.018,82.25813,0.03851542288557397
2026-05-21 14:22:03.777329+02:00,25.016,82.548032,0.036515422885571525
2026-05-21 14:22:04.077794+02:00,25.018,82.848497,0.03851542288557397
2026-05-21 14:22:04.368516+02:00,25.019,83.139219,0.03951542288557164
2026-05-21 14:22:04.661774+02:00,25.019,83.432477,0.03951542288557164
2026-05-21 14:22:04.965506+02:00,25.017,83.736209,0.03751542288557275
2026-05-21 14:22:05.259800+02:00,25.019,84.030503,0.03951542288557164
2026-05-21 14:22:05.564751+02:00,25.021,84.335454,0.04151542288557408
2026-05-21 14:22:05.855107+02:00,25.019,84.62581,0.03951542288557164
2026-05-21 14:22:06.144646+02:00,25.019,84.915349,0.03951542288557164
2026-05-21 14:22:06.437372+02:00,25.022,85.208075,0.04251542288557175
2026-05-21 14:22:06.726936+02:00,25.018,85.497639,0.03851542288557397
2026-05-21 14:22:07.022000+02:00,25.015,85.792703,0.035515422885573855
2026-05-21 14:22:07.313670+02:00,25.016,86.084373,0.036515422885571525
2026-05-21 14:22:07.608392+02:00,25.019,86.379095,0.03951542288557164
2026-05-21 14:22:07.899707+02:00,25.019,86.67041,0.03951542288557164
2026-05-21 14:22:08.189508+02:00,25.017,86.960211,0.03751542288557275
2026-05-21 14:22:08.482101+02:00,25.017,87.252804,0.03751542288557275
2026-05-21 14:22:08.781775+02:00,25.021,87.552478,0.04151542288557408
2026-05-21 14:22:09.071462+02:00,25.015,87.842165,0.035515422885573855
2026-05-21 14:22:09.361166+02:00,25.017,88.131869,0.03751542288557275
2026-05-21 14:22:09.652406+02:00,25.014,88.423109,0.03451542288557263
2026-05-21 14:22:09.950767+02:00,25.016,88.72147,0.036515422885571525
2026-05-21 14:22:10.253692+02:00,25.017,89.024395,0.03751542288557275
2026-05-21 14:22:10.548643+02:00,25.017,89.319346,0.03751542288557275
2026-05-21 14:22:10.837674+02:00,25.02,89.608377,0.04051542288557286
2026-05-21 14:22:11.130891+02:00,25.02,89.901594,0.04051542288557286
2026-05-21 14:22:11.418936+02:00,25.018,90.189639,0.03851542288557397
2026-05-21 14:22:11.709878+02:00,25.02,90.480581,0.04051542288557286
2026-05-21 14:22:12.000375+02:00,25.022,90.771078,0.04251542288557175
2026-05-21 14:22:12.295641+02:00,25.022,91.066344,0.04251542288557175
2026-05-21 14:22:12.592185+02:00,25.019,91.362888,0.03951542288557164
2026-05-21 14:22:12.881629+02:00,25.019,91.652332,0.03951542288557164
2026-05-21 14:22:13.193032+02:00,25.022,91.963735,0.04251542288557175
2026-05-21 14:22:13.484550+02:00,25.022,92.255253,0.04251542288557175
2026-05-21 14:22:13.781412+02:00,25.02,92.552115,0.04051542288557286
2026-05-21 14:22:14.076544+02:00,25.022,92.847247,0.04251542288557175
2026-05-21 14:22:14.372904+02:00,25.02,93.143607,0.04051542288557286
2026-05-21 14:22:14.672844+02:00,25.022,93.443547,0.04251542288557175
2026-05-21 14:22:14.965084+02:00,25.02,93.735787,0.04051542288557286
2026-05-21 14:22:15.255780+02:00,25.019,94.026483,0.03951542288557164
2026-05-21 14:22:15.549836+02:00,25.019,94.320539,0.03951542288557164
2026-05-21 14:22:15.845326+02:00,25.019,94.616029,0.03951542288557164
2026-05-21 14:22:16.134910+02:00,25.019,94.905613,0.03951542288557164
2026-05-21 14:22:16.428340+02:00,25.021,95.199043,0.04151542288557408
2026-05-21 14:22:16.723271+02:00,25.017,95.493974,0.03751542288557275
2026-05-21 14:22:17.020658+02:00,25.018,95.791361,0.03851542288557397
2026-05-21 14:22:17.314582+02:00,25.019,96.085285,0.03951542288557164
2026-05-21 14:22:17.601599+02:00,25.019,96.372302,0.03951542288557164
2026-05-21 14:22:17.902089+02:00,25.019,96.672792,0.03951542288557164
2026-05-21 14:22:18.192931+02:00,25.02,96.963634,0.04051542288557286
2026-05-21 14:22:18.496752+02:00,25.019,97.267455,0.03951542288557164
2026-05-21 14:22:18.786257+02:00,25.02,97.55696,0.04051542288557286
2026-05-21 14:22:19.081821+02:00,25.021,97.852524,0.04151542288557408
2026-05-21 14:22:19.373168+02:00,25.021,98.143871,0.04151542288557408
2026-05-21 14:22:19.665358+02:00,25.019,98.436061,0.03951542288557164
2026-05-21 14:22:19.954428+02:00,25.019,98.725131,0.03951542288557164
2026-05-21 14:22:20.249132+02:00,25.024,99.019835,0.044515422885574196
2026-05-21 14:22:20.539348+02:00,25.022,99.310051,0.04251542288557175
2026-05-21 14:22:20.838823+02:00,25.019,99.609526,0.03951542288557164
2026-05-21 14:22:21.127363+02:00,25.02,99.898066,0.04051542288557286
2026-05-21 14:22:21.422528+02:00,25.022,100.193231,0.04251542288557175
2026-05-21 14:22:21.715151+02:00,25.019,100.485854,0.03951542288557164
2026-05-21 14:22:22.006014+02:00,25.023,100.776717,0.043515422885572974
2026-05-21 14:22:22.298149+02:00,25.017,101.068852,0.03751542288557275
2026-05-21 14:22:22.590690+02:00,25.018,101.361393,0.03851542288557397
2026-05-21 14:22:22.881490+02:00,25.02,101.652193,0.04051542288557286
2026-05-21 14:22:23.173781+02:00,25.019,101.944484,0.03951542288557164
2026-05-21 14:22:23.472077+02:00,25.019,102.24278,0.03951542288557164
2026-05-21 14:22:23.760736+02:00,25.022,102.531439,0.04251542288557175
2026-05-21 14:22:24.052748+02:00,25.017,102.823451,0.03751542288557275
2026-05-21 14:22:24.344616+02:00,25.014,103.115319,0.03451542288557263
2026-05-21 14:22:24.646598+02:00,25.017,103.417301,0.03751542288557275
2026-05-21 14:22:24.947370+02:00,25.012,103.718073,0.03251542288557374
2026-05-21 14:22:25.238667+02:00,25.015,104.00937,0.035515422885573855
2026-05-21 14:22:25.533881+02:00,25.019,104.304584,0.03951542288557164
2026-05-21 14:22:25.826913+02:00,25.018,104.597616,0.03851542288557397
2026-05-21 14:22:26.121370+02:00,25.021,104.892073,0.04151542288557408
2026-05-21 14:22:26.420120+02:00,25.018,105.190823,0.03851542288557397
2026-05-21 14:22:26.708949+02:00,25.019,105.479652,0.03951542288557164
2026-05-21 14:22:27.007283+02:00,25.02,105.777986,0.04051542288557286
2026-05-21 14:22:27.298320+02:00,25.019,106.069023,0.03951542288557164
2026-05-21 14:22:27.588389+02:00,25.018,106.359092,0.03851542288557397
2026-05-21 14:22:27.879544+02:00,25.02,106.650247,0.04051542288557286
2026-05-21 14:22:28.170537+02:00,25.019,106.94124,0.03951542288557164
2026-05-21 14:22:28.460244+02:00,25.018,107.230947,0.03851542288557397
2026-05-21 14:22:28.751546+02:00,25.019,107.522249,0.03951542288557164
2026-05-21 14:22:29.041462+02:00,25.019,107.812165,0.03951542288557164
2026-05-21 14:22:29.346397+02:00,25.021,108.1171,0.04151542288557408
2026-05-21 14:22:29.641336+02:00,25.02,108.412039,0.04051542288557286
2026-05-21 14:22:29.936341+02:00,25.017,108.707044,0.03751542288557275
2026-05-21 14:22:30.229090+02:00,25.015,108.999793,0.035515422885573855
2026-05-21 14:22:30.522479+02:00,25.019,109.293182,0.03951542288557164
2026-05-21 14:22:30.812414+02:00,25.017,109.583117,0.03751542288557275
2026-05-21 14:22:31.105420+02:00,25.019,109.876123,0.03951542288557164
2026-05-21 14:22:31.395465+02:00,25.013,110.166168,0.033515422885574964
2026-05-21 14:22:31.686782+02:00,25.015,110.457485,0.035515422885573855
2026-05-21 14:22:31.980407+02:00,25.02,110.75111,0.04051542288557286
2026-05-21 14:22:32.275489+02:00,25.017,111.046192,0.03751542288557275
2026-05-21 14:22:32.573099+02:00,25.02,111.343802,0.04051542288557286
2026-05-21 14:22:32.863877+02:00,25.017,111.63458,0.03751542288557275
2026-05-21 14:22:33.154947+02:00,25.014,111.92565,0.03451542288557263
2026-05-21 14:22:33.446555+02:00,25.019,112.217258,0.03951542288557164
2026-05-21 14:22:33.737340+02:00,25.017,112.508043,0.03751542288557275
2026-05-21 14:22:34.028371+02:00,25.015,112.799074,0.035515422885573855
2026-05-21 14:22:34.321903+02:00,25.016,113.092606,0.036515422885571525
2026-05-21 14:22:34.611983+02:00,25.014,113.382686,0.03451542288557263
2026-05-21 14:22:34.904975+02:00,25.017,113.675678,0.03751542288557275
2026-05-21 14:22:35.199406+02:00,25.017,113.970109,0.03751542288557275
2026-05-21 14:22:35.501911+02:00,25.011,114.272614,0.03151542288557252
2026-05-21 14:22:35.791897+02:00,25.017,114.5626,0.03751542288557275
2026-05-21 14:22:36.083746+02:00,25.014,114.854449,0.03451542288557263
2026-05-21 14:22:36.374518+02:00,25.018,115.145221,0.03851542288557397
2026-05-21 14:22:36.666889+02:00,25.017,115.437592,0.03751542288557275
2026-05-21 14:22:36.955944+02:00,25.017,115.726647,0.03751542288557275
2026-05-21 14:22:37.246955+02:00,25.014,116.017658,0.03451542288557263
2026-05-21 14:22:37.548478+02:00,25.013,116.319181,0.033515422885574964
2026-05-21 14:22:37.850663+02:00,25.015,116.621366,0.035515422885573855
2026-05-21 14:22:38.148092+02:00,25.014,116.918795,0.03451542288557263
2026-05-21 14:22:38.437083+02:00,25.016,117.207786,0.036515422885571525
2026-05-21 14:22:38.728245+02:00,25.014,117.498948,0.03451542288557263
2026-05-21 14:22:39.024368+02:00,25.015,117.795071,0.035515422885573855
2026-05-21 14:22:39.313799+02:00,25.013,118.084502,0.033515422885574964
2026-05-21 14:22:39.603383+02:00,25.014,118.374086,0.03451542288557263
2026-05-21 14:22:39.894568+02:00,25.017,118.665271,0.03751542288557275
2026-05-21 14:22:40.191788+02:00,25.014,118.962491,0.03451542288557263
2026-05-21 14:22:40.490820+02:00,25.011,119.261523,0.03151542288557252
2026-05-21 14:22:40.780221+02:00,25.013,119.550924,0.033515422885574964
2026-05-21 14:22:41.073692+02:00,25.012,119.844395,0.03251542288557374
2026-05-21 14:22:41.363681+02:00,25.013,120.134384,0.033515422885574964
2026-05-21 14:22:41.657451+02:00,25.016,120.428154,0.036515422885571525
2026-05-21 14:22:41.948288+02:00,25.015,120.718991,0.035515422885573855
2026-05-21 14:22:42.238873+02:00,25.014,121.009576,0.03451542288557263
2026-05-21 14:22:42.537886+02:00,25.017,121.308589,0.03751542288557275
2026-05-21 14:22:42.831065+02:00,25.014,121.601768,0.03451542288557263
2026-05-21 14:22:43.122619+02:00,25.015,121.893322,0.035515422885573855
2026-05-21 14:22:43.414272+02:00,25.017,122.184975,0.03751542288557275
2026-05-21 14:22:43.709154+02:00,25.014,122.479857,0.03451542288557263
2026-05-21 14:22:44.000634+02:00,25.015,122.771337,0.035515422885573855
2026-05-21 14:22:44.290775+02:00,25.014,123.061478,0.03451542288557263
2026-05-21 14:22:44.582343+02:00,25.014,123.353046,0.03451542288557263
2026-05-21 14:22:44.884052+02:00,25.014,123.654755,0.03451542288557263
2026-05-21 14:22:45.173399+02:00,25.014,123.944102,0.03451542288557263
2026-05-21 14:22:45.468369+02:00,25.012,124.239072,0.03251542288557374
2026-05-21 14:22:45.757644+02:00,25.013,124.528347,0.033515422885574964
2026-05-21 14:22:46.046486+02:00,25.01,124.817189,0.03051542288557485
2026-05-21 14:22:46.346054+02:00,25.015,125.116757,0.035515422885573855
2026-05-21 14:22:46.639981+02:00,25.014,125.410684,0.03451542288557263
2026-05-21 14:22:46.930117+02:00,25.014,125.70082,0.03451542288557263
2026-05-21 14:22:47.224121+02:00,25.018,125.994824,0.03851542288557397
2026-05-21 14:22:47.514679+02:00,25.014,126.285382,0.03451542288557263
2026-05-21 14:22:47.806764+02:00,25.014,126.577467,0.03451542288557263
2026-05-21 14:22:48.099035+02:00,25.012,126.869738,0.03251542288557374
2026-05-21 14:22:48.392393+02:00,25.014,127.163096,0.03451542288557263
2026-05-21 14:22:48.682681+02:00,25.014,127.453384,0.03451542288557263
2026-05-21 14:22:48.974143+02:00,25.012,127.744846,0.03251542288557374
2026-05-21 14:22:49.267014+02:00,25.014,128.037717,0.03451542288557263
2026-05-21 14:22:49.564674+02:00,25.014,128.335377,0.03451542288557263
2026-05-21 14:22:49.858047+02:00,25.014,128.62875,0.03451542288557263
2026-05-21 14:22:50.149332+02:00,25.012,128.920035,0.03251542288557374
2026-05-21 14:22:50.449161+02:00,25.01,129.219864,0.03051542288557485
2026-05-21 14:22:50.740018+02:00,25.012,129.510721,0.03251542288557374
2026-05-21 14:22:51.030500+02:00,25.009,129.801203,0.029515422885573628
2026-05-21 14:22:51.324626+02:00,25.012,130.095329,0.03251542288557374
2026-05-21 14:22:51.619282+02:00,25.014,130.389985,0.03451542288557263
2026-05-21 14:22:51.925590+02:00,25.014,130.696293,0.03451542288557263
2026-05-21 14:22:52.217861+02:00,25.017,130.988564,0.03751542288557275
2026-05-21 14:22:52.510059+02:00,25.014,131.280762,0.03451542288557263
2026-05-21 14:22:52.802824+02:00,25.014,131.573527,0.03451542288557263
2026-05-21 14:22:53.096170+02:00,25.012,131.866873,0.03251542288557374
2026-05-21 14:22:53.389174+02:00,25.013,132.159877,0.033515422885574964
2026-05-21 14:22:53.680357+02:00,25.014,132.45106,0.03451542288557263
2026-05-21 14:22:53.970699+02:00,25.015,132.741402,0.035515422885573855
2026-05-21 14:22:54.261515+02:00,25.012,133.032218,0.03251542288557374
2026-05-21 14:22:54.552320+02:00,25.013,133.323023,0.033515422885574964
2026-05-21 14:22:54.844281+02:00,25.014,133.614984,0.03451542288557263
2026-05-21 14:22:55.138695+02:00,25.012,133.909398,0.03251542288557374
2026-05-21 14:22:55.431215+02:00,25.012,134.201918,0.03251542288557374
2026-05-21 14:22:55.719747+02:00,25.013,134.49045,0.033515422885574964
2026-05-21 14:22:56.019699+02:00,25.011,134.790402,0.03151542288557252
2026-05-21 14:22:56.309578+02:00,25.012,135.080281,0.03251542288557374
2026-05-21 14:22:56.598284+02:00,25.01,135.368987,0.03051542288557485
2026-05-21 14:22:56.891688+02:00,25.012,135.662391,0.03251542288557374
2026-05-21 14:22:57.190620+02:00,25.011,135.961323,0.03151542288557252
2026-05-21 14:22:57.489851+02:00,25.014,136.260554,0.03451542288557263
2026-05-21 14:22:57.781897+02:00,25.006,136.5526,0.026515422885573514
2026-05-21 14:22:58.071211+02:00,25.007,136.841914,0.027515422885574736
2026-05-21 14:22:58.363880+02:00,25.009,137.134583,0.029515422885573628
2026-05-21 14:22:58.664142+02:00,25.012,137.434845,0.03251542288557374
2026-05-21 14:22:58.963284+02:00,25.011,137.733987,0.03151542288557252
2026-05-21 14:22:59.261133+02:00,25.012,138.031836,0.03251542288557374
2026-05-21 14:22:59.553951+02:00,25.012,138.324654,0.03251542288557374
2026-05-21 14:22:59.855234+02:00,25.009,138.625937,0.029515422885573628
2026-05-21 14:23:00.145918+02:00,25.009,138.916621,0.029515422885573628
2026-05-21 14:23:00.440008+02:00,25.009,139.210711,0.029515422885573628
2026-05-21 14:23:00.737374+02:00,25.007,139.508077,0.027515422885574736
2026-05-21 14:23:01.035361+02:00,25.01,139.806064,0.03051542288557485
2026-05-21 14:23:01.331040+02:00,25.007,140.101743,0.027515422885574736
2026-05-21 14:23:01.621245+02:00,25.012,140.391948,0.03251542288557374
2026-05-21 14:23:01.911013+02:00,25.011,140.681716,0.03151542288557252
2026-05-21 14:23:02.207249+02:00,25.011,140.977952,0.03151542288557252
2026-05-21 14:23:02.504276+02:00,25.011,141.274979,0.03151542288557252
2026-05-21 14:23:02.804129+02:00,25.007,141.574832,0.027515422885574736
2026-05-21 14:23:03.101130+02:00,25.008,141.871833,0.028515422885572406
2026-05-21 14:23:03.393355+02:00,25.007,142.164058,0.027515422885574736
2026-05-21 14:23:03.697204+02:00,25.008,142.467907,0.028515422885572406
2026-05-21 14:23:03.988805+02:00,25.01,142.759508,0.03051542288557485
2026-05-21 14:23:04.284473+02:00,25.007,143.055176,0.027515422885574736
2026-05-21 14:23:04.582092+02:00,25.009,143.352795,0.029515422885573628
2026-05-21 14:23:04.876518+02:00,25.009,143.647221,0.029515422885573628
2026-05-21 14:23:05.168774+02:00,25.011,143.939477,0.03151542288557252
2026-05-21 14:23:05.458541+02:00,25.012,144.229244,0.03251542288557374
2026-05-21 14:23:05.757583+02:00,25.009,144.528286,0.029515422885573628
2026-05-21 14:23:06.051219+02:00,25.009,144.821922,0.029515422885573628
2026-05-21 14:23:06.341248+02:00,25.009,145.111951,0.029515422885573628
2026-05-21 14:23:06.633892+02:00,25.009,145.404595,0.029515422885573628
2026-05-21 14:23:06.925892+02:00,25.01,145.696595,0.03051542288557485
2026-05-21 14:23:07.222003+02:00,25.009,145.992706,0.029515422885573628
2026-05-21 14:23:07.513853+02:00,25.009,146.284556,0.029515422885573628
2026-05-21 14:23:07.805428+02:00,25.01,146.576131,0.03051542288557485
2026-05-21 14:23:08.096811+02:00,25.009,146.867514,0.029515422885573628
2026-05-21 14:23:08.389136+02:00,25.01,147.159839,0.03051542288557485
2026-05-21 14:23:08.677839+02:00,25.008,147.448542,0.028515422885572406
2026-05-21 14:23:08.968982+02:00,25.01,147.739685,0.03051542288557485
2026-05-21 14:23:09.266310+02:00,25.008,148.037013,0.028515422885572406
2026-05-21 14:23:09.556424+02:00,25.006,148.327127,0.026515422885573514
2026-05-21 14:23:09.847813+02:00,25.007,148.618516,0.027515422885574736
2026-05-21 14:23:10.137851+02:00,25.008,148.908554,0.028515422885572406
2026-05-21 14:23:10.438194+02:00,25.005,149.208897,0.025515422885572292
2026-05-21 14:23:10.734292+02:00,25.007,149.504995,0.027515422885574736
2026-05-21 14:23:11.022929+02:00,25.002,149.793632,0.02251542288557218
2026-05-21 14:23:11.330563+02:00,25.005,150.101266,0.025515422885572292
2026-05-21 14:23:11.620132+02:00,25.006,150.390835,0.026515422885573514
2026-05-21 14:23:11.914972+02:00,25.006,150.685675,0.026515422885573514
2026-05-21 14:23:12.214542+02:00,25.006,150.985245,0.026515422885573514
2026-05-21 14:23:12.504139+02:00,25.006,151.274842,0.026515422885573514
2026-05-21 14:23:12.793997+02:00,25.006,151.5647,0.026515422885573514
2026-05-21 14:23:13.086253+02:00,25.006,151.856956,0.026515422885573514
2026-05-21 14:23:13.389045+02:00,25.006,152.159748,0.026515422885573514
2026-05-21 14:23:13.688422+02:00,25.005,152.459125,0.025515422885572292
2026-05-21 14:23:13.980551+02:00,25.006,152.751254,0.026515422885573514
2026-05-21 14:23:14.272892+02:00,25.007,153.043595,0.027515422885574736
2026-05-21 14:23:14.565328+02:00,25.003,153.336031,0.0235154228855734
2026-05-21 14:23:14.855208+02:00,25.007,153.625911,0.027515422885574736
2026-05-21 14:23:15.154578+02:00,25.005,153.925281,0.025515422885572292
2026-05-21 14:23:15.444133+02:00,25.004,154.214836,0.024515422885574623
2026-05-21 14:23:15.737064+02:00,25.005,154.507767,0.025515422885572292
2026-05-21 14:23:16.030457+02:00,25.005,154.80116,0.025515422885572292
2026-05-21 14:23:16.325304+02:00,25.001,155.096007,0.02151542288557451
2026-05-21 14:23:16.623088+02:00,25.003,155.393791,0.0235154228855734
2026-05-21 14:23:16.922146+02:00,25.003,155.692849,0.0235154228855734
2026-05-21 14:23:17.223557+02:00,25.002,155.99426,0.02251542288557218
2026-05-21 14:23:17.518455+02:00,25.003,156.289158,0.0235154228855734
2026-05-21 14:23:17.807749+02:00,25.004,156.578452,0.024515422885574623
2026-05-21 14:23:18.100418+02:00,25.004,156.871121,0.024515422885574623
2026-05-21 14:23:18.399591+02:00,25.002,157.170294,0.02251542288557218
2026-05-21 14:23:18.690035+02:00,25.002,157.460738,0.02251542288557218
2026-05-21 14:23:18.983455+02:00,24.999,157.754158,0.019515422885572065
2026-05-21 14:23:19.280903+02:00,24.999,158.051606,0.019515422885572065
2026-05-21 14:23:19.574426+02:00,25.0,158.345129,0.020515422885573287
2026-05-21 14:23:19.878115+02:00,25.002,158.648818,0.02251542288557218
2026-05-21 14:23:20.166230+02:00,24.999,158.936933,0.019515422885572065
2026-05-21 14:23:20.461645+02:00,25.002,159.232348,0.02251542288557218
2026-05-21 14:23:20.753465+02:00,25.004,159.524168,0.024515422885574623
2026-05-21 14:23:21.045815+02:00,24.999,159.816518,0.019515422885572065
2026-05-21 14:23:21.337638+02:00,25.0,160.108341,0.020515422885573287
2026-05-21 14:23:21.636014+02:00,25.002,160.406717,0.02251542288557218
2026-05-21 14:23:21.931028+02:00,25.002,160.701731,0.02251542288557218
2026-05-21 14:23:22.234785+02:00,25.002,161.005488,0.02251542288557218
2026-05-21 14:23:22.529231+02:00,25.0,161.299934,0.020515422885573287
2026-05-21 14:23:22.819897+02:00,25.003,161.5906,0.0235154228855734
2026-05-21 14:23:23.111687+02:00,25.002,161.88239,0.02251542288557218
2026-05-21 14:23:23.402685+02:00,25.003,162.173388,0.0235154228855734
2026-05-21 14:23:23.691250+02:00,25.002,162.461953,0.02251542288557218
2026-05-21 14:23:23.983454+02:00,25.002,162.754157,0.02251542288557218
2026-05-21 14:23:24.272942+02:00,25.004,163.043645,0.024515422885574623
2026-05-21 14:23:24.573525+02:00,25.004,163.344228,0.024515422885574623
2026-05-21 14:23:24.863040+02:00,25.001,163.633743,0.02151542288557451
2026-05-21 14:23:25.153924+02:00,25.005,163.924627,0.025515422885572292
2026-05-21 14:23:25.448113+02:00,25.006,164.218816,0.026515422885573514
2026-05-21 14:23:25.738402+02:00,24.999,164.509105,0.019515422885572065
2026-05-21 14:23:26.029946+02:00,25.0,164.800649,0.020515422885573287
2026-05-21 14:23:26.318470+02:00,25.004,165.089173,0.024515422885574623
2026-05-21 14:23:26.613075+02:00,25.001,165.383778,0.02151542288557451
2026-05-21 14:23:26.916135+02:00,25.001,165.686838,0.02151542288557451
2026-05-21 14:23:27.215300+02:00,25.0,165.986003,0.020515422885573287
2026-05-21 14:23:27.514321+02:00,25.004,166.285024,0.024515422885574623
2026-05-21 14:23:27.803373+02:00,25.002,166.574076,0.02251542288557218
2026-05-21 14:23:28.095497+02:00,25.003,166.8662,0.0235154228855734
2026-05-21 14:23:28.383200+02:00,25.001,167.153903,0.02151542288557451
2026-05-21 14:23:28.674360+02:00,25.002,167.445063,0.02251542288557218
2026-05-21 14:23:28.966908+02:00,24.996,167.737611,0.01651542288557195
2026-05-21 14:23:29.263853+02:00,25.002,168.034556,0.02251542288557218
2026-05-21 14:23:29.555789+02:00,24.999,168.326492,0.019515422885572065
2026-05-21 14:23:29.846326+02:00,24.999,168.617029,0.019515422885572065
2026-05-21 14:23:30.146369+02:00,24.999,168.917072,0.019515422885572065
2026-05-21 14:23:30.436204+02:00,24.998,169.206907,0.018515422885574395
2026-05-21 14:23:30.732913+02:00,24.999,169.503616,0.019515422885572065
2026-05-21 14:23:31.022582+02:00,25.005,169.793285,0.025515422885572292
2026-05-21 14:23:31.321526+02:00,25.0,170.092229,0.020515422885573287
2026-05-21 14:23:31.619840+02:00,25.0,170.390543,0.020515422885573287
2026-05-21 14:23:31.909358+02:00,25.002,170.680061,0.02251542288557218
2026-05-21 14:23:32.201732+02:00,25.001,170.972435,0.02151542288557451
2026-05-21 14:23:32.499543+02:00,25.001,171.270246,0.02151542288557451
2026-05-21 14:23:32.803779+02:00,24.999,171.574482,0.019515422885572065
2026-05-21 14:23:33.096601+02:00,25.002,171.867304,0.02251542288557218
2026-05-21 14:23:33.400610+02:00,24.999,172.171313,0.019515422885572065
2026-05-21 14:23:33.690347+02:00,25.0,172.46105,0.020515422885573287
2026-05-21 14:23:33.990394+02:00,24.998,172.761097,0.018515422885574395
2026-05-21 14:23:34.296574+02:00,25.0,173.067277,0.020515422885573287
2026-05-21 14:23:34.597762+02:00,24.998,173.368465,0.018515422885574395
2026-05-21 14:23:34.896071+02:00,24.998,173.666774,0.018515422885574395
2026-05-21 14:23:35.188272+02:00,24.999,173.958975,0.019515422885572065
2026-05-21 14:23:35.480556+02:00,24.999,174.251259,0.019515422885572065
2026-05-21 14:23:35.772143+02:00,24.999,174.542846,0.019515422885572065
2026-05-21 14:23:36.062349+02:00,25.0,174.833052,0.020515422885573287
2026-05-21 14:23:36.354549+02:00,24.997,175.125252,0.017515422885573173
2026-05-21 14:23:36.645551+02:00,24.996,175.416254,0.01651542288557195
2026-05-21 14:23:36.938177+02:00,24.998,175.70888,0.018515422885574395
2026-05-21 14:23:37.230210+02:00,24.997,176.000913,0.017515422885573173
2026-05-21 14:23:37.520027+02:00,24.999,176.29073,0.019515422885572065
2026-05-21 14:23:37.812711+02:00,24.996,176.583414,0.01651542288557195
2026-05-21 14:23:38.105091+02:00,24.998,176.875794,0.018515422885574395
2026-05-21 14:23:38.395836+02:00,24.997,177.166539,0.017515422885573173
2026-05-21 14:23:38.693023+02:00,24.997,177.463726,0.017515422885573173
2026-05-21 14:23:38.986925+02:00,24.994,177.757628,0.01451542288557306
2026-05-21 14:23:39.279474+02:00,24.997,178.050177,0.017515422885573173
2026-05-21 14:23:39.579280+02:00,24.992,178.349983,0.012515422885574168
2026-05-21 14:23:39.870361+02:00,24.997,178.641064,0.017515422885573173
2026-05-21 14:23:40.164256+02:00,24.996,178.934959,0.01651542288557195
2026-05-21 14:23:40.454644+02:00,24.997,179.225347,0.017515422885573173
2026-05-21 14:23:40.749174+02:00,24.998,179.519877,0.018515422885574395
2026-05-21 14:23:41.041668+02:00,24.996,179.812371,0.01651542288557195
2026-05-21 14:23:41.333326+02:00,24.999,180.104029,0.019515422885572065
2026-05-21 14:23:41.628086+02:00,24.999,180.398789,0.019515422885572065
2026-05-21 14:23:41.924600+02:00,24.997,180.695303,0.017515422885573173
2026-05-21 14:23:42.213324+02:00,24.998,180.984027,0.018515422885574395
2026-05-21 14:23:42.507470+02:00,24.994,181.278173,0.01451542288557306
2026-05-21 14:23:42.796369+02:00,24.994,181.567072,0.01451542288557306
2026-05-21 14:23:43.094547+02:00,24.997,181.86525,0.017515422885573173
2026-05-21 14:23:43.384689+02:00,24.997,182.155392,0.017515422885573173
2026-05-21 14:23:43.679349+02:00,24.999,182.450052,0.019515422885572065
2026-05-21 14:23:43.972883+02:00,24.997,182.743586,0.017515422885573173
2026-05-21 14:23:44.271121+02:00,24.999,183.041824,0.019515422885572065
2026-05-21 14:23:44.569492+02:00,24.996,183.340195,0.01651542288557195
2026-05-21 14:23:44.864964+02:00,24.998,183.635667,0.018515422885574395
2026-05-21 14:23:45.156386+02:00,24.997,183.927089,0.017515422885573173
2026-05-21 14:23:45.447041+02:00,24.996,184.217744,0.01651542288557195
2026-05-21 14:23:45.742866+02:00,24.997,184.513569,0.017515422885573173
2026-05-21 14:23:46.033810+02:00,24.997,184.804513,0.017515422885573173
2026-05-21 14:23:46.324905+02:00,24.994,185.095608,0.01451542288557306
2026-05-21 14:23:46.614088+02:00,24.994,185.384791,0.01451542288557306
2026-05-21 14:23:46.906579+02:00,24.994,185.677282,0.01451542288557306
2026-05-21 14:23:47.208190+02:00,24.997,185.978893,0.017515422885573173
2026-05-21 14:23:47.496441+02:00,24.999,186.267144,0.019515422885572065
2026-05-21 14:23:47.798049+02:00,24.995,186.568752,0.015515422885574282
2026-05-21 14:23:48.089809+02:00,24.993,186.860512,0.013515422885571837
2026-05-21 14:23:48.379520+02:00,24.992,187.150223,0.012515422885574168
2026-05-21 14:23:48.682571+02:00,24.994,187.453274,0.01451542288557306
2026-05-21 14:23:48.975441+02:00,24.992,187.746144,0.012515422885574168
2026-05-21 14:23:49.265602+02:00,24.992,188.036305,0.012515422885574168
2026-05-21 14:23:49.560765+02:00,24.992,188.331468,0.012515422885574168
2026-05-21 14:23:49.858958+02:00,24.994,188.629661,0.01451542288557306
2026-05-21 14:23:50.147939+02:00,24.994,188.918642,0.01451542288557306
2026-05-21 14:23:50.439127+02:00,24.992,189.20983,0.012515422885574168
2026-05-21 14:23:50.735048+02:00,24.997,189.505751,0.017515422885573173
2026-05-21 14:23:51.029093+02:00,24.992,189.799796,0.012515422885574168
2026-05-21 14:23:51.322524+02:00,24.993,190.093227,0.013515422885571837
2026-05-21 14:23:51.610904+02:00,24.992,190.381607,0.012515422885574168
2026-05-21 14:23:51.903998+02:00,24.989,190.674701,0.009515422885574054
2026-05-21 14:23:52.199033+02:00,24.994,190.969736,0.01451542288557306
2026-05-21 14:23:52.499127+02:00,24.989,191.26983,0.009515422885574054
2026-05-21 14:23:52.801182+02:00,24.992,191.571885,0.012515422885574168
2026-05-21 14:23:53.094088+02:00,24.994,191.864791,0.01451542288557306
2026-05-21 14:23:53.398982+02:00,24.99,192.169685,0.010515422885571724
2026-05-21 14:23:53.700316+02:00,24.989,192.471019,0.009515422885574054
2026-05-21 14:23:53.993574+02:00,24.988,192.764277,0.008515422885572832
2026-05-21 14:23:54.285591+02:00,24.99,193.056294,0.010515422885571724
2026-05-21 14:23:54.576273+02:00,24.988,193.346976,0.008515422885572832
2026-05-21 14:23:54.865209+02:00,24.988,193.635912,0.008515422885572832
2026-05-21 14:23:55.163309+02:00,24.989,193.934012,0.009515422885574054
2026-05-21 14:23:55.452524+02:00,24.984,194.223227,0.004515422885575049
2026-05-21 14:23:55.744294+02:00,24.99,194.514997,0.010515422885571724
2026-05-21 14:23:56.037879+02:00,24.985,194.808582,0.005515422885572718
2026-05-21 14:23:56.339675+02:00,24.988,195.110378,0.008515422885572832
2026-05-21 14:23:56.641329+02:00,24.989,195.412032,0.009515422885574054
2026-05-21 14:23:56.941800+02:00,24.988,195.712503,0.008515422885572832
2026-05-21 14:23:57.231549+02:00,24.987,196.002252,0.00751542288557161
2026-05-21 14:23:57.524592+02:00,24.987,196.295295,0.00751542288557161
2026-05-21 14:23:57.818172+02:00,24.985,196.588875,0.005515422885572718
2026-05-21 14:23:58.108006+02:00,24.987,196.878709,0.00751542288557161
2026-05-21 14:23:58.397648+02:00,24.984,197.168351,0.004515422885575049
2026-05-21 14:23:58.689994+02:00,24.985,197.460697,0.005515422885572718
2026-05-21 14:23:58.981367+02:00,24.983,197.75207,0.0035154228855738268
2026-05-21 14:23:59.290784+02:00,24.987,198.061487,0.00751542288557161
2026-05-21 14:23:59.593464+02:00,24.986,198.364167,0.0065154228855739404
2026-05-21 14:23:59.887567+02:00,24.987,198.65827,0.00751542288557161
2026-05-21 14:24:00.176227+02:00,24.984,198.94693,0.004515422885575049
2026-05-21 14:24:00.474540+02:00,24.985,199.245243,0.005515422885572718
2026-05-21 14:24:00.764393+02:00,24.981,199.535096,0.0015154228855749352
2026-05-21 14:24:01.058225+02:00,24.982,199.828928,0.0025154228855726046
2026-05-21 14:24:01.351183+02:00,24.979,200.121886,-0.00048457711442750906
2026-05-21 14:24:01.644762+02:00,24.98,200.415465,0.0005154228855737131
2026-05-21 14:24:01.940765+02:00,24.982,200.711468,0.0025154228855726046
2026-05-21 14:24:02.233061+02:00,24.982,201.003764,0.0025154228855726046
2026-05-21 14:24:02.524507+02:00,24.982,201.29521,0.0025154228855726046
2026-05-21 14:24:02.815872+02:00,24.979,201.586575,-0.00048457711442750906
2026-05-21 14:24:03.113476+02:00,24.983,201.884179,0.0035154228855738268
2026-05-21 14:24:03.405605+02:00,24.984,202.176308,0.004515422885575049
2026-05-21 14:24:03.699083+02:00,24.984,202.469786,0.004515422885575049
2026-05-21 14:24:03.992315+02:00,24.986,202.763018,0.0065154228855739404
2026-05-21 14:24:04.282156+02:00,24.982,203.052859,0.0025154228855726046
2026-05-21 14:24:04.579443+02:00,24.98,203.350146,0.0005154228855737131
2026-05-21 14:24:04.875931+02:00,24.978,203.646634,-0.0014845771144251785
2026-05-21 14:24:05.169946+02:00,24.977,203.940649,-0.0024845771144264006
2026-05-21 14:24:05.459750+02:00,24.982,204.230453,0.0025154228855726046
2026-05-21 14:24:05.757768+02:00,24.981,204.528471,0.0015154228855749352
2026-05-21 14:24:06.049692+02:00,24.982,204.820395,0.0025154228855726046
2026-05-21 14:24:06.339467+02:00,24.981,205.11017,0.0015154228855749352
2026-05-21 14:24:06.639024+02:00,24.982,205.409727,0.0025154228855726046
2026-05-21 14:24:06.938666+02:00,24.98,205.709369,0.0005154228855737131
2026-05-21 14:24:07.230493+02:00,24.979,206.001196,-0.00048457711442750906
2026-05-21 14:24:07.530317+02:00,24.981,206.30102,0.0015154228855749352
2026-05-21 14:24:07.822434+02:00,24.98,206.593137,0.0005154228855737131
2026-05-21 14:24:08.114360+02:00,24.98,206.885063,0.0005154228855737131
2026-05-21 14:24:08.407919+02:00,24.981,207.178622,0.0015154228855749352
2026-05-21 14:24:08.702027+02:00,24.977,207.47273,-0.0024845771144264006
2026-05-21 14:24:08.993860+02:00,24.979,207.764563,-0.00048457711442750906
2026-05-21 14:24:09.287952+02:00,24.98,208.058655,0.0005154228855737131
2026-05-21 14:24:09.578102+02:00,24.979,208.348805,-0.00048457711442750906
2026-05-21 14:24:09.872774+02:00,24.979,208.643477,-0.00048457711442750906
2026-05-21 14:24:10.164942+02:00,24.978,208.935645,-0.0014845771144251785
2026-05-21 14:24:10.463705+02:00,24.978,209.234408,-0.0014845771144251785
2026-05-21 14:24:10.757116+02:00,24.981,209.527819,0.0015154228855749352
2026-05-21 14:24:11.048884+02:00,24.979,209.819587,-0.00048457711442750906
2026-05-21 14:24:11.342859+02:00,24.979,210.113562,-0.00048457711442750906
2026-05-21 14:24:11.641456+02:00,24.98,210.412159,0.0005154228855737131
2026-05-21 14:24:11.938872+02:00,24.979,210.709575,-0.00048457711442750906
2026-05-21 14:24:12.238371+02:00,24.981,211.009074,0.0015154228855749352
2026-05-21 14:24:12.538711+02:00,24.979,211.309414,-0.00048457711442750906
2026-05-21 14:24:12.836647+02:00,24.98,211.60735,0.0005154228855737131
2026-05-21 14:24:13.136020+02:00,24.977,211.906723,-0.0024845771144264006
2026-05-21 14:24:13.426255+02:00,24.977,212.196958,-0.0024845771144264006
2026-05-21 14:24:13.716419+02:00,24.979,212.487122,-0.00048457711442750906
2026-05-21 14:24:14.014670+02:00,24.979,212.785373,-0.00048457711442750906
2026-05-21 14:24:14.304489+02:00,24.979,213.075192,-0.00048457711442750906
2026-05-21 14:24:14.593857+02:00,24.979,213.36456,-0.00048457711442750906
2026-05-21 14:24:14.886823+02:00,24.978,213.657526,-0.0014845771144251785
2026-05-21 14:24:15.178166+02:00,24.976,213.948869,-0.0034845771144276227
2026-05-21 14:24:15.474001+02:00,24.978,214.244704,-0.0014845771144251785
2026-05-21 14:24:15.763743+02:00,24.977,214.534446,-0.0024845771144264006
2026-05-21 14:24:16.054525+02:00,24.976,214.825228,-0.0034845771144276227
2026-05-21 14:24:16.348811+02:00,24.979,215.119514,-0.00048457711442750906
2026-05-21 14:24:16.649140+02:00,24.979,215.419843,-0.00048457711442750906
2026-05-21 14:24:16.947207+02:00,24.977,215.71791,-0.0024845771144264006
2026-05-21 14:24:17.236687+02:00,24.976,216.00739,-0.0034845771144276227
2026-05-21 14:24:17.531815+02:00,24.977,216.302518,-0.0024845771144264006
2026-05-21 14:24:17.832453+02:00,24.977,216.603156,-0.0024845771144264006
2026-05-21 14:24:18.122281+02:00,24.977,216.892984,-0.0024845771144264006
2026-05-21 14:24:18.415719+02:00,24.976,217.186422,-0.0034845771144276227
2026-05-21 14:24:18.705527+02:00,24.975,217.47623,-0.004484577114425292
2026-05-21 14:24:19.003314+02:00,24.979,217.774017,-0.00048457711442750906
2026-05-21 14:24:19.295962+02:00,24.979,218.066665,-0.00048457711442750906
2026-05-21 14:24:19.586964+02:00,24.979,218.357667,-0.00048457711442750906
2026-05-21 14:24:19.881875+02:00,24.974,218.652578,-0.005484577114426514
2026-05-21 14:24:20.175189+02:00,24.982,218.945892,0.0025154228855726046
2026-05-21 14:24:20.471157+02:00,24.979,219.24186,-0.00048457711442750906
2026-05-21 14:24:20.771996+02:00,24.981,219.542699,0.0015154228855749352
2026-05-21 14:24:21.071893+02:00,24.975,219.842596,-0.004484577114425292
2026-05-21 14:24:21.371992+02:00,24.974,220.142695,-0.005484577114426514
2026-05-21 14:24:21.672804+02:00,24.981,220.443507,0.0015154228855749352
2026-05-21 14:24:21.963251+02:00,24.978,220.733954,-0.0014845771144251785
2026-05-21 14:24:22.255183+02:00,24.977,221.025886,-0.0024845771144264006
2026-05-21 14:24:22.551805+02:00,24.976,221.322508,-0.0034845771144276227
2026-05-21 14:24:22.842673+02:00,24.977,221.613376,-0.0024845771144264006
2026-05-21 14:24:23.141914+02:00,24.977,221.912617,-0.0024845771144264006
2026-05-21 14:24:23.432699+02:00,24.977,222.203402,-0.0024845771144264006
2026-05-21 14:24:23.723765+02:00,24.977,222.494468,-0.0024845771144264006
2026-05-21 14:24:24.017909+02:00,24.977,222.788612,-0.0024845771144264006
2026-05-21 14:24:24.318488+02:00,24.979,223.089191,-0.00048457711442750906
2026-05-21 14:24:24.608633+02:00,24.98,223.379336,0.0005154228855737131
2026-05-21 14:24:24.901685+02:00,24.979,223.672388,-0.00048457711442750906
2026-05-21 14:24:25.192556+02:00,24.979,223.963259,-0.00048457711442750906
2026-05-21 14:24:25.487980+02:00,24.977,224.258683,-0.0024845771144264006
2026-05-21 14:24:25.787318+02:00,24.977,224.558021,-0.0024845771144264006
2026-05-21 14:24:26.075727+02:00,24.976,224.84643,-0.0034845771144276227
2026-05-21 14:24:26.367319+02:00,24.978,225.138022,-0.0014845771144251785
2026-05-21 14:24:26.667788+02:00,24.977,225.438491,-0.0024845771144264006
2026-05-21 14:24:26.961989+02:00,24.975,225.732692,-0.004484577114425292
2026-05-21 14:24:27.251945+02:00,24.978,226.022648,-0.0014845771144251785
2026-05-21 14:24:27.547939+02:00,24.977,226.318642,-0.0024845771144264006
2026-05-21 14:24:27.841191+02:00,24.979,226.611894,-0.00048457711442750906
2026-05-21 14:24:28.134923+02:00,24.979,226.905626,-0.00048457711442750906
2026-05-21 14:24:28.432778+02:00,24.981,227.203481,0.0015154228855749352
2026-05-21 14:24:28.722472+02:00,24.979,227.493175,-0.00048457711442750906
2026-05-21 14:24:29.011635+02:00,24.979,227.782338,-0.00048457711442750906
2026-05-21 14:24:29.309704+02:00,24.979,228.080407,-0.00048457711442750906
2026-05-21 14:24:29.603794+02:00,24.982,228.374497,0.0025154228855726046
2026-05-21 14:24:29.894243+02:00,24.98,228.664946,0.0005154228855737131
2026-05-21 14:24:30.185474+02:00,24.981,228.956177,0.0015154228855749352
2026-05-21 14:24:30.484480+02:00,24.982,229.255183,0.0025154228855726046
2026-05-21 14:24:30.782392+02:00,24.981,229.553095,0.0015154228855749352
2026-05-21 14:24:31.070844+02:00,24.979,229.841547,-0.00048457711442750906
2026-05-21 14:24:31.361072+02:00,24.983,230.131775,0.0035154228855738268
2026-05-21 14:24:31.661967+02:00,24.98,230.43267,0.0005154228855737131
2026-05-21 14:24:31.951673+02:00,24.977,230.722376,-0.0024845771144264006
2026-05-21 14:24:32.241498+02:00,24.977,231.012201,-0.0024845771144264006
2026-05-21 14:24:32.541396+02:00,24.979,231.312099,-0.00048457711442750906
2026-05-21 14:24:32.829854+02:00,24.978,231.600557,-0.0014845771144251785
2026-05-21 14:24:33.130114+02:00,24.979,231.900817,-0.00048457711442750906
2026-05-21 14:24:33.421650+02:00,24.979,232.192353,-0.00048457711442750906
2026-05-21 14:24:33.710257+02:00,24.979,232.48096,-0.00048457711442750906
2026-05-21 14:24:34.007909+02:00,24.976,232.778612,-0.0034845771144276227
2026-05-21 14:24:34.300537+02:00,24.977,233.07124,-0.0024845771144264006
2026-05-21 14:24:34.601903+02:00,24.979,233.372606,-0.00048457711442750906
2026-05-21 14:24:34.890102+02:00,24.977,233.660805,-0.0024845771144264006
2026-05-21 14:24:35.182334+02:00,24.981,233.953037,0.0015154228855749352
2026-05-21 14:24:35.472712+02:00,24.983,234.243415,0.0035154228855738268
2026-05-21 14:24:35.762661+02:00,24.981,234.533364,0.0015154228855749352
2026-05-21 14:24:36.055687+02:00,24.979,234.82639,-0.00048457711442750906
2026-05-21 14:24:36.345727+02:00,24.979,235.11643,-0.00048457711442750906
2026-05-21 14:24:36.648043+02:00,24.979,235.418746,-0.00048457711442750906
2026-05-21 14:24:36.947396+02:00,24.983,235.718099,0.0035154228855738268
2026-05-21 14:24:37.241319+02:00,24.982,236.012022,0.0025154228855726046
2026-05-21 14:24:37.534207+02:00,24.983,236.30491,0.0035154228855738268
2026-05-21 14:24:37.825472+02:00,24.982,236.596175,0.0025154228855726046
2026-05-21 14:24:38.118123+02:00,24.984,236.888826,0.004515422885575049
2026-05-21 14:24:38.411193+02:00,24.983,237.181896,0.0035154228855738268
2026-05-21 14:24:38.712158+02:00,24.985,237.482861,0.005515422885572718
2026-05-21 14:24:39.005342+02:00,24.982,237.776045,0.0025154228855726046
2026-05-21 14:24:39.296486+02:00,24.979,238.067189,-0.00048457711442750906
2026-05-21 14:24:39.597091+02:00,24.984,238.367794,0.004515422885575049
2026-05-21 14:24:39.885886+02:00,24.985,238.656589,0.005515422885572718
2026-05-21 14:24:40.177649+02:00,24.983,238.948352,0.0035154228855738268
2026-05-21 14:24:40.466835+02:00,24.98,239.237538,0.0005154228855737131
2026-05-21 14:24:40.765811+02:00,24.981,239.536514,0.0015154228855749352
2026-05-21 14:24:41.054574+02:00,24.981,239.825277,0.0015154228855749352
2026-05-21 14:24:41.353321+02:00,24.98,240.124024,0.0005154228855737131
2026-05-21 14:24:41.646110+02:00,24.98,240.416813,0.0005154228855737131
2026-05-21 14:24:41.942595+02:00,24.98,240.713298,0.0005154228855737131
2026-05-21 14:24:42.237405+02:00,24.977,241.008108,-0.0024845771144264006
2026-05-21 14:24:42.532774+02:00,24.98,241.303477,0.0005154228855737131
2026-05-21 14:24:42.827758+02:00,24.981,241.598461,0.0015154228855749352
2026-05-21 14:24:43.117825+02:00,24.979,241.888528,-0.00048457711442750906
2026-05-21 14:24:43.410855+02:00,24.979,242.181558,-0.00048457711442750906
2026-05-21 14:24:43.706503+02:00,24.982,242.477206,0.0025154228855726046
2026-05-21 14:24:44.005495+02:00,24.978,242.776198,-0.0014845771144251785
2026-05-21 14:24:44.294569+02:00,24.974,243.065272,-0.005484577114426514
2026-05-21 14:24:44.589124+02:00,24.975,243.359827,-0.004484577114425292
2026-05-21 14:24:44.879803+02:00,24.978,243.650506,-0.0014845771144251785
2026-05-21 14:24:45.172134+02:00,24.977,243.942837,-0.0024845771144264006
2026-05-21 14:24:45.462186+02:00,24.979,244.232889,-0.00048457711442750906
2026-05-21 14:24:45.757843+02:00,24.983,244.528546,0.0035154228855738268
2026-05-21 14:24:46.049912+02:00,24.982,244.820615,0.0025154228855726046
2026-05-21 14:24:46.342007+02:00,24.979,245.11271,-0.00048457711442750906
2026-05-21 14:24:46.646092+02:00,24.982,245.416795,0.0025154228855726046
2026-05-21 14:24:46.937837+02:00,24.98,245.70854,0.0005154228855737131
2026-05-21 14:24:47.226294+02:00,24.983,245.996997,0.0035154228855738268
2026-05-21 14:24:47.524601+02:00,24.982,246.295304,0.0025154228855726046
2026-05-21 14:24:47.821571+02:00,24.98,246.592274,0.0005154228855737131
2026-05-21 14:24:48.111527+02:00,24.981,246.88223,0.0015154228855749352
2026-05-21 14:24:48.401771+02:00,24.982,247.172474,0.0025154228855726046
2026-05-21 14:24:48.700238+02:00,24.979,247.470941,-0.00048457711442750906
2026-05-21 14:24:48.992980+02:00,24.977,247.763683,-0.0024845771144264006
2026-05-21 14:24:49.283315+02:00,24.977,248.054018,-0.0024845771144264006
2026-05-21 14:24:49.574500+02:00,24.98,248.345203,0.0005154228855737131
2026-05-21 14:24:49.867427+02:00,24.982,248.63813,0.0025154228855726046
2026-05-21 14:24:50.159606+02:00,24.984,248.930309,0.004515422885575049
2026-05-21 14:24:50.450378+02:00,24.984,249.221081,0.004515422885575049
2026-05-21 14:24:50.747259+02:00,24.981,249.517962,0.0015154228855749352
2026-05-21 14:24:51.041525+02:00,24.978,249.812228,-0.0014845771144251785
2026-05-21 14:24:51.331708+02:00,24.979,250.102411,-0.00048457711442750906
2026-05-21 14:24:51.625167+02:00,24.979,250.39587,-0.00048457711442750906
2026-05-21 14:24:51.924541+02:00,24.982,250.695244,0.0025154228855726046
2026-05-21 14:24:52.216090+02:00,24.985,250.986793,0.005515422885572718
2026-05-21 14:24:52.508800+02:00,24.98,251.279503,0.0005154228855737131
2026-05-21 14:24:52.800111+02:00,24.982,251.570814,0.0025154228855726046
2026-05-21 14:24:53.090291+02:00,24.982,251.860994,0.0025154228855726046
2026-05-21 14:24:53.383212+02:00,24.984,252.153915,0.004515422885575049
2026-05-21 14:24:53.685383+02:00,24.986,252.456086,0.0065154228855739404
2026-05-21 14:24:53.983548+02:00,24.984,252.754251,0.004515422885575049
2026-05-21 14:24:54.276936+02:00,24.984,253.047639,0.004515422885575049
2026-05-21 14:24:54.572336+02:00,24.985,253.343039,0.005515422885572718
2026-05-21 14:24:54.863895+02:00,24.988,253.634598,0.008515422885572832
2026-05-21 14:24:55.160276+02:00,24.982,253.930979,0.0025154228855726046
2026-05-21 14:24:55.452790+02:00,24.981,254.223493,0.0015154228855749352
2026-05-21 14:24:55.749131+02:00,24.984,254.519834,0.004515422885575049
2026-05-21 14:24:56.040194+02:00,24.984,254.810897,0.004515422885575049
2026-05-21 14:24:56.339105+02:00,24.984,255.109808,0.004515422885575049
2026-05-21 14:24:56.629893+02:00,24.983,255.400596,0.0035154228855738268
2026-05-21 14:24:56.930033+02:00,24.981,255.700736,0.0015154228855749352
2026-05-21 14:24:57.223952+02:00,24.983,255.994655,0.0035154228855738268
2026-05-21 14:24:57.514800+02:00,24.984,256.285503,0.004515422885575049
2026-05-21 14:24:57.804414+02:00,24.983,256.575117,0.0035154228855738268
2026-05-21 14:24:58.096409+02:00,24.984,256.867112,0.004515422885575049
2026-05-21 14:24:58.386914+02:00,24.98,257.157617,0.0005154228855737131
2026-05-21 14:24:58.678647+02:00,24.984,257.44935,0.004515422885575049
2026-05-21 14:24:58.968967+02:00,24.98,257.73967,0.0005154228855737131
2026-05-21 14:24:59.258510+02:00,24.982,258.029213,0.0025154228855726046
2026-05-21 14:24:59.547742+02:00,24.987,258.318445,0.00751542288557161
2026-05-21 14:24:59.840435+02:00,24.98,258.611138,0.0005154228855737131
2026-05-21 14:25:00.130109+02:00,24.982,258.900812,0.0025154228855726046
2026-05-21 14:25:00.433552+02:00,24.982,259.204255,0.0025154228855726046
2026-05-21 14:25:00.726435+02:00,24.984,259.497138,0.004515422885575049
2026-05-21 14:25:01.021430+02:00,24.979,259.792133,-0.00048457711442750906
2026-05-21 14:25:01.311932+02:00,24.979,260.082635,-0.00048457711442750906
2026-05-21 14:25:01.600145+02:00,24.98,260.370848,0.0005154228855737131
2026-05-21 14:25:01.899522+02:00,24.977,260.670225,-0.0024845771144264006
2026-05-21 14:25:02.190409+02:00,24.978,260.961112,-0.0014845771144251785
2026-05-21 14:25:02.497627+02:00,24.978,261.26833,-0.0014845771144251785
2026-05-21 14:25:02.787231+02:00,24.975,261.557934,-0.004484577114425292
2026-05-21 14:25:03.077125+02:00,24.975,261.847828,-0.004484577114425292
2026-05-21 14:25:03.377609+02:00,24.973,262.148312,-0.006484577114427736
2026-05-21 14:25:03.674452+02:00,24.972,262.445155,-0.007484577114425406
2026-05-21 14:25:03.965320+02:00,24.975,262.736023,-0.004484577114425292
2026-05-21 14:25:04.254287+02:00,24.974,263.02499,-0.005484577114426514
2026-05-21 14:25:04.549243+02:00,24.977,263.319946,-0.0024845771144264006
2026-05-21 14:25:04.845986+02:00,24.975,263.616689,-0.004484577114425292
2026-05-21 14:25:05.145766+02:00,24.976,263.916469,-0.0034845771144276227
2026-05-21 14:25:05.436461+02:00,24.979,264.207164,-0.00048457711442750906
2026-05-21 14:25:05.730918+02:00,24.977,264.501621,-0.0024845771144264006
2026-05-21 14:25:06.020211+02:00,24.978,264.790914,-0.0014845771144251785
2026-05-21 14:25:06.314980+02:00,24.978,265.085683,-0.0014845771144251785
2026-05-21 14:25:06.608348+02:00,24.978,265.379051,-0.0014845771144251785
2026-05-21 14:25:06.908785+02:00,24.977,265.679488,-0.0024845771144264006
2026-05-21 14:25:07.197824+02:00,24.973,265.968527,-0.006484577114427736
2026-05-21 14:25:07.494000+02:00,24.977,266.264703,-0.0024845771144264006
2026-05-21 14:25:07.790258+02:00,24.977,266.560961,-0.0024845771144264006
2026-05-21 14:25:08.088952+02:00,24.975,266.859655,-0.004484577114425292
2026-05-21 14:25:08.386308+02:00,24.98,267.157011,0.0005154228855737131
2026-05-21 14:25:08.677554+02:00,24.979,267.448257,-0.00048457711442750906
2026-05-21 14:25:08.968566+02:00,24.98,267.739269,0.0005154228855737131
2026-05-21 14:25:09.267185+02:00,24.981,268.037888,0.0015154228855749352
2026-05-21 14:25:09.562021+02:00,24.979,268.332724,-0.00048457711442750906
2026-05-21 14:25:09.856299+02:00,24.979,268.627002,-0.00048457711442750906
2026-05-21 14:25:10.146793+02:00,24.975,268.917496,-0.004484577114425292
2026-05-21 14:25:10.436892+02:00,24.977,269.207595,-0.0024845771144264006
2026-05-21 14:25:10.727902+02:00,24.979,269.498605,-0.00048457711442750906
2026-05-21 14:25:11.024330+02:00,24.979,269.795033,-0.00048457711442750906
2026-05-21 14:25:11.317971+02:00,24.979,270.088674,-0.00048457711442750906
2026-05-21 14:25:11.608341+02:00,24.977,270.379044,-0.0024845771144264006
2026-05-21 14:25:11.900472+02:00,24.977,270.671175,-0.0024845771144264006
2026-05-21 14:25:12.198160+02:00,24.977,270.968863,-0.0024845771144264006
2026-05-21 14:25:12.488177+02:00,24.977,271.25888,-0.0024845771144264006
2026-05-21 14:25:12.777762+02:00,24.976,271.548465,-0.0034845771144276227
2026-05-21 14:25:13.075819+02:00,24.977,271.846522,-0.0024845771144264006
2026-05-21 14:25:13.369344+02:00,24.974,272.140047,-0.005484577114426514
2026-05-21 14:25:13.659053+02:00,24.974,272.429756,-0.005484577114426514
2026-05-21 14:25:13.948898+02:00,24.976,272.719601,-0.0034845771144276227
2026-05-21 14:25:14.239737+02:00,24.979,273.01044,-0.00048457711442750906
2026-05-21 14:25:14.533080+02:00,24.979,273.303783,-0.00048457711442750906
2026-05-21 14:25:14.826775+02:00,24.976,273.597478,-0.0034845771144276227
2026-05-21 14:25:15.117955+02:00,24.977,273.888658,-0.0024845771144264006
2026-05-21 14:25:15.410214+02:00,24.975,274.180917,-0.004484577114425292
2026-05-21 14:25:15.702840+02:00,24.975,274.473543,-0.004484577114425292
2026-05-21 14:25:16.000349+02:00,24.976,274.771052,-0.0034845771144276227
2026-05-21 14:25:16.290535+02:00,24.976,275.061238,-0.0034845771144276227
2026-05-21 14:25:16.582280+02:00,24.979,275.352983,-0.00048457711442750906
2026-05-21 14:25:16.876581+02:00,24.977,275.647284,-0.0024845771144264006
2026-05-21 14:25:17.169910+02:00,24.975,275.940613,-0.004484577114425292
2026-05-21 14:25:17.461776+02:00,24.974,276.232479,-0.005484577114426514
2026-05-21 14:25:17.760416+02:00,24.976,276.531119,-0.0034845771144276227
2026-05-21 14:25:18.052396+02:00,24.977,276.823099,-0.0024845771144264006
2026-05-21 14:25:18.342347+02:00,24.974,277.11305,-0.005484577114426514
2026-05-21 14:25:18.642780+02:00,24.974,277.413483,-0.005484577114426514
2026-05-21 14:25:18.943025+02:00,24.974,277.713728,-0.005484577114426514
2026-05-21 14:25:19.233702+02:00,24.978,278.004405,-0.0014845771144251785
2026-05-21 14:25:19.535758+02:00,24.979,278.306461,-0.00048457711442750906
2026-05-21 14:25:19.840161+02:00,24.975,278.610864,-0.004484577114425292
2026-05-21 14:25:20.131677+02:00,24.977,278.90238,-0.0024845771144264006
2026-05-21 14:25:20.425510+02:00,24.974,279.196213,-0.005484577114426514
2026-05-21 14:25:20.715241+02:00,24.975,279.485944,-0.004484577114425292
2026-05-21 14:25:21.015025+02:00,24.975,279.785728,-0.004484577114425292
2026-05-21 14:25:21.305557+02:00,24.972,280.07626,-0.007484577114425406
2026-05-21 14:25:21.596525+02:00,24.972,280.367228,-0.007484577114425406
2026-05-21 14:25:21.895002+02:00,24.971,280.665705,-0.008484577114426628
2026-05-21 14:25:22.187484+02:00,24.975,280.958187,-0.004484577114425292
2026-05-21 14:25:22.477978+02:00,24.974,281.248681,-0.005484577114426514
2026-05-21 14:25:22.771159+02:00,24.975,281.541862,-0.004484577114425292
2026-05-21 14:25:23.065718+02:00,24.975,281.836421,-0.004484577114425292
2026-05-21 14:25:23.355940+02:00,24.974,282.126643,-0.005484577114426514
2026-05-21 14:25:23.654836+02:00,24.972,282.425539,-0.007484577114425406
2026-05-21 14:25:23.953372+02:00,24.975,282.724075,-0.004484577114425292
2026-05-21 14:25:24.244648+02:00,24.97,283.015351,-0.00948457711442785
2026-05-21 14:25:24.538464+02:00,24.972,283.309167,-0.007484577114425406
2026-05-21 14:25:24.832257+02:00,24.969,283.60296,-0.01048457711442552
2026-05-21 14:25:25.123362+02:00,24.97,283.894065,-0.00948457711442785
2026-05-21 14:25:25.416872+02:00,24.974,284.187575,-0.005484577114426514
2026-05-21 14:25:25.710712+02:00,24.976,284.481415,-0.0034845771144276227
2026-05-21 14:25:26.006501+02:00,24.977,284.777204,-0.0024845771144264006
2026-05-21 14:25:26.297199+02:00,24.974,285.067902,-0.005484577114426514
2026-05-21 14:25:26.588493+02:00,24.977,285.359196,-0.0024845771144264006
2026-05-21 14:25:26.882561+02:00,24.973,285.653264,-0.006484577114427736
2026-05-21 14:25:27.185792+02:00,24.974,285.956495,-0.005484577114426514
2026-05-21 14:25:27.475639+02:00,24.974,286.246342,-0.005484577114426514
2026-05-21 14:25:27.767414+02:00,24.974,286.538117,-0.005484577114426514
2026-05-21 14:25:28.056957+02:00,24.975,286.82766,-0.004484577114425292
2026-05-21 14:25:28.349293+02:00,24.972,287.119996,-0.007484577114425406
2026-05-21 14:25:28.644268+02:00,24.971,287.414971,-0.008484577114426628
2026-05-21 14:25:28.941741+02:00,24.969,287.712444,-0.01048457711442552
2026-05-21 14:25:29.244439+02:00,24.971,288.015142,-0.008484577114426628
2026-05-21 14:25:29.533457+02:00,24.971,288.30416,-0.008484577114426628
2026-05-21 14:25:29.833641+02:00,24.974,288.604344,-0.005484577114426514
2026-05-21 14:25:30.125339+02:00,24.973,288.896042,-0.006484577114427736
2026-05-21 14:25:30.425310+02:00,24.972,289.196013,-0.007484577114425406
2026-05-21 14:25:30.715582+02:00,24.972,289.486285,-0.007484577114425406
2026-05-21 14:25:31.007674+02:00,24.971,289.778377,-0.008484577114426628
2026-05-21 14:25:31.307442+02:00,24.971,290.078145,-0.008484577114426628
2026-05-21 14:25:31.599798+02:00,24.974,290.370501,-0.005484577114426514
2026-05-21 14:25:31.896821+02:00,24.972,290.667524,-0.007484577114425406
2026-05-21 14:25:32.186580+02:00,24.971,290.957283,-0.008484577114426628
2026-05-21 14:25:32.477788+02:00,24.973,291.248491,-0.006484577114427736
2026-05-21 14:25:32.774871+02:00,24.97,291.545574,-0.00948457711442785
2026-05-21 14:25:33.067155+02:00,24.972,291.837858,-0.007484577114425406
2026-05-21 14:25:33.355643+02:00,24.975,292.126346,-0.004484577114425292
2026-05-21 14:25:33.649139+02:00,24.977,292.419842,-0.0024845771144264006
2026-05-21 14:25:33.942649+02:00,24.974,292.713352,-0.005484577114426514
2026-05-21 14:25:34.233509+02:00,24.971,293.004212,-0.008484577114426628
2026-05-21 14:25:34.525877+02:00,24.974,293.29658,-0.005484577114426514
2026-05-21 14:25:34.819823+02:00,24.977,293.590526,-0.0024845771144264006
2026-05-21 14:25:35.113241+02:00,24.97,293.883944,-0.00948457711442785
2026-05-21 14:25:35.404557+02:00,24.969,294.17526,-0.01048457711442552
2026-05-21 14:25:35.698236+02:00,24.972,294.468939,-0.007484577114425406
2026-05-21 14:25:36.000451+02:00,24.973,294.771154,-0.006484577114427736
2026-05-21 14:25:36.296879+02:00,24.972,295.067582,-0.007484577114425406
2026-05-21 14:25:36.586035+02:00,24.972,295.356738,-0.007484577114425406
2026-05-21 14:25:36.876703+02:00,24.972,295.647406,-0.007484577114425406
2026-05-21 14:25:37.175389+02:00,24.972,295.946092,-0.007484577114425406
2026-05-21 14:25:37.465058+02:00,24.972,296.235761,-0.007484577114425406
2026-05-21 14:25:37.766763+02:00,24.97,296.537466,-0.00948457711442785
2026-05-21 14:25:38.057438+02:00,24.972,296.828141,-0.007484577114425406
2026-05-21 14:25:38.350092+02:00,24.972,297.120795,-0.007484577114425406
2026-05-21 14:25:38.648789+02:00,24.969,297.419492,-0.01048457711442552
2026-05-21 14:25:38.947450+02:00,24.971,297.718153,-0.008484577114426628
2026-05-21 14:25:39.237160+02:00,24.971,298.007863,-0.008484577114426628
2026-05-21 14:25:39.528278+02:00,24.969,298.298981,-0.01048457711442552
2026-05-21 14:25:39.817767+02:00,24.972,298.58847,-0.007484577114425406
2026-05-21 14:25:40.109839+02:00,24.973,298.880542,-0.006484577114427736
2026-05-21 14:25:40.401414+02:00,24.97,299.172117,-0.00948457711442785
2026-05-21 14:25:40.703362+02:00,24.972,299.474065,-0.007484577114425406
2026-05-21 14:25:40.997120+02:00,24.973,299.767823,-0.006484577114427736
2026-05-21 14:25:41.286932+02:00,24.974,300.057635,-0.005484577114426514
2026-05-21 14:25:41.583112+02:00,24.972,300.353815,-0.007484577114425406
2026-05-21 14:25:41.873793+02:00,24.971,300.644496,-0.008484577114426628
2026-05-21 14:25:42.165296+02:00,24.972,300.935999,-0.007484577114425406
2026-05-21 14:25:42.463354+02:00,24.97,301.234057,-0.00948457711442785
2026-05-21 14:25:42.756010+02:00,24.971,301.526713,-0.008484577114426628
2026-05-21 14:25:43.051393+02:00,24.969,301.822096,-0.01048457711442552
2026-05-21 14:25:43.342534+02:00,24.971,302.113237,-0.008484577114426628
2026-05-21 14:25:43.637107+02:00,24.972,302.40781,-0.007484577114425406
2026-05-21 14:25:43.929702+02:00,24.974,302.700405,-0.005484577114426514
2026-05-21 14:25:44.219017+02:00,24.972,302.98972,-0.007484577114425406
2026-05-21 14:25:44.507983+02:00,24.974,303.278686,-0.005484577114426514
2026-05-21 14:25:44.800798+02:00,24.975,303.571501,-0.004484577114425292
2026-05-21 14:25:45.091738+02:00,24.973,303.862441,-0.006484577114427736
2026-05-21 14:25:45.382470+02:00,24.975,304.153173,-0.004484577114425292
2026-05-21 14:25:45.674717+02:00,24.974,304.44542,-0.005484577114426514
2026-05-21 14:25:45.964357+02:00,24.975,304.73506,-0.004484577114425292
2026-05-21 14:25:46.259026+02:00,24.973,305.029729,-0.006484577114427736
2026-05-21 14:25:46.556743+02:00,24.974,305.327446,-0.005484577114426514
2026-05-21 14:25:46.850619+02:00,24.972,305.621322,-0.007484577114425406
2026-05-21 14:25:47.144441+02:00,24.977,305.915144,-0.0024845771144264006
2026-05-21 14:25:47.435650+02:00,24.972,306.206353,-0.007484577114425406
2026-05-21 14:25:47.725796+02:00,24.97,306.496499,-0.00948457711442785
2026-05-21 14:25:48.017243+02:00,24.971,306.787946,-0.008484577114426628
2026-05-21 14:25:48.307908+02:00,24.974,307.078611,-0.005484577114426514
2026-05-21 14:25:48.606387+02:00,24.972,307.37709,-0.007484577114425406
2026-05-21 14:25:48.897879+02:00,24.974,307.668582,-0.005484577114426514
2026-05-21 14:25:49.187615+02:00,24.974,307.958318,-0.005484577114426514
2026-05-21 14:25:49.477198+02:00,24.974,308.247901,-0.005484577114426514
2026-05-21 14:25:49.776325+02:00,24.969,308.547028,-0.01048457711442552
2026-05-21 14:25:50.066435+02:00,24.971,308.837138,-0.008484577114426628
2026-05-21 14:25:50.359360+02:00,24.973,309.130063,-0.006484577114427736
2026-05-21 14:25:50.654844+02:00,24.974,309.425547,-0.005484577114426514
2026-05-21 14:25:50.945314+02:00,24.972,309.716017,-0.007484577114425406
2026-05-21 14:25:51.235912+02:00,24.978,310.006615,-0.0014845771144251785
2026-05-21 14:25:51.525868+02:00,24.971,310.296571,-0.008484577114426628
2026-05-21 14:25:51.824775+02:00,24.972,310.595478,-0.007484577114425406
2026-05-21 14:25:52.123168+02:00,24.972,310.893871,-0.007484577114425406
2026-05-21 14:25:52.417554+02:00,24.97,311.188257,-0.00948457711442785
2026-05-21 14:25:52.710481+02:00,24.974,311.481184,-0.005484577114426514
2026-05-21 14:25:53.003043+02:00,24.975,311.773746,-0.004484577114425292
2026-05-21 14:25:53.297916+02:00,24.973,312.068619,-0.006484577114427736
2026-05-21 14:25:53.591602+02:00,24.973,312.362305,-0.006484577114427736
2026-05-21 14:25:53.881158+02:00,24.975,312.651861,-0.004484577114425292
2026-05-21 14:25:54.173018+02:00,24.972,312.943721,-0.007484577114425406
2026-05-21 14:25:54.472265+02:00,24.972,313.242968,-0.007484577114425406
2026-05-21 14:25:54.765615+02:00,24.973,313.536318,-0.006484577114427736
2026-05-21 14:25:55.056368+02:00,24.974,313.827071,-0.005484577114426514
2026-05-21 14:25:55.346807+02:00,24.972,314.11751,-0.007484577114425406
2026-05-21 14:25:55.642612+02:00,24.974,314.413315,-0.005484577114426514
2026-05-21 14:25:55.940866+02:00,24.974,314.711569,-0.005484577114426514
2026-05-21 14:25:56.240334+02:00,24.973,315.011037,-0.006484577114427736
2026-05-21 14:25:56.530893+02:00,24.972,315.301596,-0.007484577114425406
2026-05-21 14:25:56.824025+02:00,24.972,315.594728,-0.007484577114425406
2026-05-21 14:25:57.127191+02:00,24.975,315.897894,-0.004484577114425292
2026-05-21 14:25:57.419525+02:00,24.974,316.190228,-0.005484577114426514
2026-05-21 14:25:57.715901+02:00,24.972,316.486604,-0.007484577114425406
2026-05-21 14:25:58.008936+02:00,24.974,316.779639,-0.005484577114426514
2026-05-21 14:25:58.298429+02:00,24.972,317.069132,-0.007484577114425406
2026-05-21 14:25:58.597138+02:00,24.977,317.367841,-0.0024845771144264006
2026-05-21 14:25:58.887039+02:00,24.975,317.657742,-0.004484577114425292
2026-05-21 14:25:59.186240+02:00,24.977,317.956943,-0.0024845771144264006
2026-05-21 14:25:59.477497+02:00,24.972,318.2482,-0.007484577114425406
2026-05-21 14:25:59.777577+02:00,24.975,318.54828,-0.004484577114425292
2026-05-21 14:26:00.075599+02:00,24.974,318.846302,-0.005484577114426514
2026-05-21 14:26:00.366927+02:00,24.972,319.13763,-0.007484577114425406
2026-05-21 14:26:00.657077+02:00,24.977,319.42778,-0.0024845771144264006
2026-05-21 14:26:00.948491+02:00,24.976,319.719194,-0.0034845771144276227
2026-05-21 14:26:01.245295+02:00,24.974,320.015998,-0.005484577114426514
2026-05-21 14:26:01.543008+02:00,24.972,320.313711,-0.007484577114425406
2026-05-21 14:26:01.834417+02:00,24.976,320.60512,-0.0034845771144276227
2026-05-21 14:26:02.126503+02:00,24.977,320.897206,-0.0024845771144264006
2026-05-21 14:26:02.417732+02:00,24.974,321.188435,-0.005484577114426514
2026-05-21 14:26:02.708846+02:00,24.977,321.479549,-0.0024845771144264006
2026-05-21 14:26:02.999097+02:00,24.976,321.7698,-0.0034845771144276227
2026-05-21 14:26:03.289168+02:00,24.977,322.059871,-0.0024845771144264006
2026-05-21 14:26:03.582011+02:00,24.973,322.352714,-0.006484577114427736
2026-05-21 14:26:03.874127+02:00,24.977,322.64483,-0.0024845771144264006
2026-05-21 14:26:04.171134+02:00,24.977,322.941837,-0.0024845771144264006
2026-05-21 14:26:04.460550+02:00,24.974,323.231253,-0.005484577114426514
2026-05-21 14:26:04.752270+02:00,24.97,323.522973,-0.00948457711442785
2026-05-21 14:26:05.042334+02:00,24.969,323.813037,-0.01048457711442552
2026-05-21 14:26:05.331277+02:00,24.973,324.10198,-0.006484577114427736
2026-05-21 14:26:05.624977+02:00,24.97,324.39568,-0.00948457711442785
2026-05-21 14:26:05.917635+02:00,24.969,324.688338,-0.01048457711442552
2026-05-21 14:26:06.210544+02:00,24.972,324.981247,-0.007484577114425406
2026-05-21 14:26:06.505004+02:00,24.975,325.275707,-0.004484577114425292
2026-05-21 14:26:06.796246+02:00,24.971,325.566949,-0.008484577114426628
2026-05-21 14:26:07.086129+02:00,24.972,325.856832,-0.007484577114425406
2026-05-21 14:26:07.385177+02:00,24.973,326.15588,-0.006484577114427736
2026-05-21 14:26:07.679324+02:00,24.968,326.450027,-0.011484577114426742
2026-05-21 14:26:07.969441+02:00,24.967,326.740144,-0.012484577114427964
2026-05-21 14:26:08.259781+02:00,24.971,327.030484,-0.008484577114426628
2026-05-21 14:26:08.560844+02:00,24.974,327.331547,-0.005484577114426514
2026-05-21 14:26:08.851887+02:00,24.971,327.62259,-0.008484577114426628
2026-05-21 14:26:09.155760+02:00,24.974,327.926463,-0.005484577114426514
2026-05-21 14:26:09.444557+02:00,24.972,328.21526,-0.007484577114425406
2026-05-21 14:26:09.745606+02:00,24.974,328.516309,-0.005484577114426514
2026-05-21 14:26:10.038601+02:00,24.973,328.809304,-0.006484577114427736
2026-05-21 14:26:10.331297+02:00,24.969,329.102,-0.01048457711442552
2026-05-21 14:26:10.628101+02:00,24.974,329.398804,-0.005484577114426514
2026-05-21 14:26:10.920049+02:00,24.978,329.690752,-0.0014845771144251785
2026-05-21 14:26:11.209468+02:00,24.974,329.980171,-0.005484577114426514
2026-05-21 14:26:11.502676+02:00,24.974,330.273379,-0.005484577114426514
2026-05-21 14:26:11.807219+02:00,24.972,330.577922,-0.007484577114425406
2026-05-21 14:26:12.096306+02:00,24.972,330.867009,-0.007484577114425406
2026-05-21 14:26:12.396975+02:00,24.972,331.167678,-0.007484577114425406
2026-05-21 14:26:12.687562+02:00,24.972,331.458265,-0.007484577114425406
2026-05-21 14:26:12.977800+02:00,24.974,331.748503,-0.005484577114426514
2026-05-21 14:26:13.267057+02:00,24.974,332.03776,-0.005484577114426514
2026-05-21 14:26:13.558213+02:00,24.974,332.328916,-0.005484577114426514
2026-05-21 14:26:13.855810+02:00,24.972,332.626513,-0.007484577114425406
2026-05-21 14:26:14.152315+02:00,24.973,332.923018,-0.006484577114427736
2026-05-21 14:26:14.447931+02:00,24.972,333.218634,-0.007484577114425406
2026-05-21 14:26:14.741309+02:00,24.971,333.512012,-0.008484577114426628
2026-05-21 14:26:15.030871+02:00,24.975,333.801574,-0.004484577114425292
2026-05-21 14:26:15.320584+02:00,24.972,334.091287,-0.007484577114425406
2026-05-21 14:26:15.617770+02:00,24.972,334.388473,-0.007484577114425406
2026-05-21 14:26:15.916965+02:00,24.972,334.687668,-0.007484577114425406
2026-05-21 14:26:16.214654+02:00,24.972,334.985357,-0.007484577114425406
2026-05-21 14:26:16.516092+02:00,24.971,335.286795,-0.008484577114426628
2026-05-21 14:26:16.820778+02:00,24.974,335.591481,-0.005484577114426514
2026-05-21 14:26:17.116356+02:00,24.974,335.887059,-0.005484577114426514
2026-05-21 14:26:17.406411+02:00,24.972,336.177114,-0.007484577114425406
2026-05-21 14:26:17.696452+02:00,24.974,336.467155,-0.005484577114426514
2026-05-21 14:26:17.986641+02:00,24.974,336.757344,-0.005484577114426514
2026-05-21 14:26:18.278329+02:00,24.972,337.049032,-0.007484577114425406
2026-05-21 14:26:18.569791+02:00,24.972,337.340494,-0.007484577114425406
2026-05-21 14:26:18.862841+02:00,24.973,337.633544,-0.006484577114427736
2026-05-21 14:26:19.152193+02:00,24.974,337.922896,-0.005484577114426514
2026-05-21 14:26:19.442282+02:00,24.973,338.212985,-0.006484577114427736
2026-05-21 14:26:19.748896+02:00,24.972,338.519599,-0.007484577114425406
2026-05-21 14:26:20.043587+02:00,24.97,338.81429,-0.00948457711442785
2026-05-21 14:26:20.333449+02:00,24.97,339.104152,-0.00948457711442785
2026-05-21 14:26:20.627067+02:00,24.97,339.39777,-0.00948457711442785
2026-05-21 14:26:20.919220+02:00,24.972,339.689923,-0.007484577114425406
2026-05-21 14:26:21.209959+02:00,24.97,339.980662,-0.00948457711442785
2026-05-21 14:26:21.505409+02:00,24.969,340.276112,-0.01048457711442552
2026-05-21 14:26:21.816619+02:00,24.973,340.587322,-0.006484577114427736
2026-05-21 14:26:22.113061+02:00,24.969,340.883764,-0.01048457711442552
2026-05-21 14:26:22.416549+02:00,24.971,341.187252,-0.008484577114426628
2026-05-21 14:26:22.709039+02:00,24.969,341.479742,-0.01048457711442552
2026-05-21 14:26:23.008013+02:00,24.968,341.778716,-0.011484577114426742
2026-05-21 14:26:23.300036+02:00,24.968,342.070739,-0.011484577114426742
2026-05-21 14:26:23.591481+02:00,24.967,342.362184,-0.012484577114427964
2026-05-21 14:26:23.884981+02:00,24.968,342.655684,-0.011484577114426742
2026-05-21 14:26:24.176304+02:00,24.969,342.947007,-0.01048457711442552
2026-05-21 14:26:24.466150+02:00,24.97,343.236853,-0.00948457711442785
2026-05-21 14:26:24.761981+02:00,24.972,343.532684,-0.007484577114425406
2026-05-21 14:26:25.062695+02:00,24.971,343.833398,-0.008484577114426628
2026-05-21 14:26:25.351579+02:00,24.969,344.122282,-0.01048457711442552
2026-05-21 14:26:25.643062+02:00,24.971,344.413765,-0.008484577114426628
2026-05-21 14:26:25.934562+02:00,24.972,344.705265,-0.007484577114425406
2026-05-21 14:26:26.233076+02:00,24.971,345.003779,-0.008484577114426628
2026-05-21 14:26:26.523928+02:00,24.968,345.294631,-0.011484577114426742
2026-05-21 14:26:26.821193+02:00,24.969,345.591896,-0.01048457711442552
2026-05-21 14:26:27.112865+02:00,24.97,345.883568,-0.00948457711442785
2026-05-21 14:26:27.409594+02:00,24.968,346.180297,-0.011484577114426742
2026-05-21 14:26:27.709098+02:00,24.968,346.479801,-0.011484577114426742
2026-05-21 14:26:28.009303+02:00,24.964,346.780006,-0.015484577114428077
2026-05-21 14:26:28.299401+02:00,24.967,347.070104,-0.012484577114427964
2026-05-21 14:26:28.591256+02:00,24.967,347.361959,-0.012484577114427964
2026-05-21 14:26:28.886260+02:00,24.969,347.656963,-0.01048457711442552
2026-05-21 14:26:29.183208+02:00,24.967,347.953911,-0.012484577114427964
2026-05-21 14:26:29.479275+02:00,24.965,348.249978,-0.014484577114426855
2026-05-21 14:26:29.769560+02:00,24.966,348.540263,-0.013484577114425633
2026-05-21 14:26:30.058440+02:00,24.968,348.829143,-0.011484577114426742
2026-05-21 14:26:30.356486+02:00,24.966,349.127189,-0.013484577114425633
2026-05-21 14:26:30.651194+02:00,24.971,349.421897,-0.008484577114426628
2026-05-21 14:26:30.941148+02:00,24.965,349.711851,-0.014484577114426855
2026-05-21 14:26:31.233547+02:00,24.967,350.00425,-0.012484577114427964
2026-05-21 14:26:31.533795+02:00,24.966,350.304498,-0.013484577114425633
2026-05-21 14:26:31.822355+02:00,24.969,350.593058,-0.01048457711442552
2026-05-21 14:26:32.114266+02:00,24.968,350.884969,-0.011484577114426742
2026-05-21 14:26:32.404827+02:00,24.967,351.17553,-0.012484577114427964
2026-05-21 14:26:32.700967+02:00,24.967,351.47167,-0.012484577114427964
2026-05-21 14:26:32.999629+02:00,24.965,351.770332,-0.014484577114426855
2026-05-21 14:26:33.297950+02:00,24.964,352.068653,-0.015484577114428077
2026-05-21 14:26:33.587999+02:00,24.964,352.358702,-0.015484577114428077
2026-05-21 14:26:33.883491+02:00,24.962,352.654194,-0.01748457711442697
2026-05-21 14:26:34.181560+02:00,24.964,352.952263,-0.015484577114428077
2026-05-21 14:26:34.476686+02:00,24.967,353.247389,-0.012484577114427964
2026-05-21 14:26:34.767168+02:00,24.967,353.537871,-0.012484577114427964
2026-05-21 14:26:35.059703+02:00,24.968,353.830406,-0.011484577114426742
2026-05-21 14:26:35.351489+02:00,24.967,354.122192,-0.012484577114427964
2026-05-21 14:26:35.649404+02:00,24.964,354.420107,-0.015484577114428077
2026-05-21 14:26:35.943380+02:00,24.967,354.714083,-0.012484577114427964
2026-05-21 14:26:36.247740+02:00,24.967,355.018443,-0.012484577114427964
2026-05-21 14:26:36.538569+02:00,24.968,355.309272,-0.011484577114426742
2026-05-21 14:26:36.833311+02:00,24.966,355.604014,-0.013484577114425633
2026-05-21 14:26:37.126096+02:00,24.965,355.896799,-0.014484577114426855
2026-05-21 14:26:37.424105+02:00,24.965,356.194808,-0.014484577114426855
2026-05-21 14:26:37.726347+02:00,24.964,356.49705,-0.015484577114428077
2026-05-21 14:26:38.018696+02:00,24.966,356.789399,-0.013484577114425633
2026-05-21 14:26:38.318973+02:00,24.964,357.089676,-0.015484577114428077
2026-05-21 14:26:38.611328+02:00,24.964,357.382031,-0.015484577114428077
2026-05-21 14:26:38.902153+02:00,24.965,357.672856,-0.014484577114426855
2026-05-21 14:26:39.209891+02:00,24.966,357.980594,-0.013484577114425633
2026-05-21 14:26:39.506158+02:00,24.963,358.276861,-0.016484577114425747
2026-05-21 14:26:39.797395+02:00,24.963,358.568098,-0.016484577114425747
2026-05-21 14:26:40.088371+02:00,24.962,358.859074,-0.01748457711442697
2026-05-21 14:26:40.383356+02:00,24.967,359.154059,-0.012484577114427964
2026-05-21 14:26:40.681034+02:00,24.962,359.451737,-0.01748457711442697
2026-05-21 14:26:40.974126+02:00,24.96,359.744829,-0.01948457711442586
2026-05-21 14:26:41.264631+02:00,24.964,360.035334,-0.015484577114428077
2026-05-21 14:26:41.556042+02:00,24.965,360.326745,-0.014484577114426855
2026-05-21 14:26:41.845777+02:00,24.967,360.61648,-0.012484577114427964
2026-05-21 14:26:42.136716+02:00,24.962,360.907419,-0.01748457711442697
2026-05-21 14:26:42.432180+02:00,24.962,361.202883,-0.01748457711442697
2026-05-21 14:26:42.733132+02:00,24.964,361.503835,-0.015484577114428077
2026-05-21 14:26:43.027358+02:00,24.964,361.798061,-0.015484577114428077
2026-05-21 14:26:43.320112+02:00,24.964,362.090815,-0.015484577114428077
2026-05-21 14:26:43.612124+02:00,24.963,362.382827,-0.016484577114425747
2026-05-21 14:26:43.902702+02:00,24.964,362.673405,-0.015484577114428077
2026-05-21 14:26:44.192665+02:00,24.964,362.963368,-0.015484577114428077
2026-05-21 14:26:44.483555+02:00,24.965,363.254258,-0.014484577114426855
2026-05-21 14:26:44.781320+02:00,24.967,363.552023,-0.012484577114427964
2026-05-21 14:26:45.074382+02:00,24.965,363.845085,-0.014484577114426855
2026-05-21 14:26:45.365543+02:00,24.963,364.136246,-0.016484577114425747
2026-05-21 14:26:45.653959+02:00,24.964,364.424662,-0.015484577114428077
2026-05-21 14:26:45.953470+02:00,24.964,364.724173,-0.015484577114428077
2026-05-21 14:26:46.243356+02:00,24.966,365.014059,-0.013484577114425633
2026-05-21 14:26:46.534167+02:00,24.967,365.30487,-0.012484577114427964
2026-05-21 14:26:46.823846+02:00,24.964,365.594549,-0.015484577114428077
2026-05-21 14:26:47.115544+02:00,24.965,365.886247,-0.014484577114426855
2026-05-21 14:26:47.420030+02:00,24.967,366.190733,-0.012484577114427964
2026-05-21 14:26:47.711179+02:00,24.964,366.481882,-0.015484577114428077
2026-05-21 14:26:48.003826+02:00,24.959,366.774529,-0.020484577114427083
2026-05-21 14:26:48.294959+02:00,24.963,367.065662,-0.016484577114425747
2026-05-21 14:26:48.588635+02:00,24.964,367.359338,-0.015484577114428077
2026-05-21 14:26:48.883742+02:00,24.967,367.654445,-0.012484577114427964
2026-05-21 14:26:49.182482+02:00,24.964,367.953185,-0.015484577114428077
2026-05-21 14:26:49.473727+02:00,24.966,368.24443,-0.013484577114425633
2026-05-21 14:26:49.765622+02:00,24.961,368.536325,-0.01848457711442819
2026-05-21 14:26:50.061054+02:00,24.965,368.831757,-0.014484577114426855
2026-05-21 14:26:50.350418+02:00,24.966,369.121121,-0.013484577114425633
2026-05-21 14:26:50.654459+02:00,24.964,369.425162,-0.015484577114428077
2026-05-21 14:26:50.954984+02:00,24.965,369.725687,-0.014484577114426855
2026-05-21 14:26:51.252644+02:00,24.964,370.023347,-0.015484577114428077
2026-05-21 14:26:51.556821+02:00,24.966,370.327524,-0.013484577114425633
2026-05-21 14:26:51.847924+02:00,24.964,370.618627,-0.015484577114428077
2026-05-21 14:26:52.140266+02:00,24.964,370.910969,-0.015484577114428077
2026-05-21 14:26:52.431783+02:00,24.964,371.202486,-0.015484577114428077
2026-05-21 14:26:52.725686+02:00,24.964,371.496389,-0.015484577114428077
2026-05-21 14:26:53.022863+02:00,24.967,371.793566,-0.012484577114427964
2026-05-21 14:26:53.315899+02:00,24.964,372.086602,-0.015484577114428077
2026-05-21 14:26:53.613579+02:00,24.964,372.384282,-0.015484577114428077
2026-05-21 14:26:53.904086+02:00,24.964,372.674789,-0.015484577114428077
2026-05-21 14:26:54.206769+02:00,24.964,372.977472,-0.015484577114428077
2026-05-21 14:26:54.502952+02:00,24.967,373.273655,-0.012484577114427964
2026-05-21 14:26:54.803030+02:00,24.966,373.573733,-0.013484577114425633
2026-05-21 14:26:55.094379+02:00,24.966,373.865082,-0.013484577114425633
2026-05-21 14:26:55.388589+02:00,24.963,374.159292,-0.016484577114425747
2026-05-21 14:26:55.682076+02:00,24.964,374.452779,-0.015484577114428077
2026-05-21 14:26:55.971619+02:00,24.966,374.742322,-0.013484577114425633
2026-05-21 14:26:56.279347+02:00,24.966,375.05005,-0.013484577114425633
2026-05-21 14:26:56.577654+02:00,24.966,375.348357,-0.013484577114425633
2026-05-21 14:26:56.868717+02:00,24.966,375.63942,-0.013484577114425633
2026-05-21 14:26:57.160168+02:00,24.966,375.930871,-0.013484577114425633
2026-05-21 14:26:57.456413+02:00,24.964,376.227116,-0.015484577114428077
2026-05-21 14:26:57.753442+02:00,24.967,376.524145,-0.012484577114427964
2026-05-21 14:26:58.043017+02:00,24.966,376.81372,-0.013484577114425633
2026-05-21 14:26:58.334266+02:00,24.966,377.104969,-0.013484577114425633
2026-05-21 14:26:58.626605+02:00,24.963,377.397308,-0.016484577114425747
2026-05-21 14:26:58.924303+02:00,24.968,377.695006,-0.011484577114426742
2026-05-21 14:26:59.212675+02:00,24.965,377.983378,-0.014484577114426855
2026-05-21 14:26:59.504922+02:00,24.966,378.275625,-0.013484577114425633
2026-05-21 14:26:59.798246+02:00,24.964,378.568949,-0.015484577114428077
2026-05-21 14:27:00.100057+02:00,24.966,378.87076,-0.013484577114425633
2026-05-21 14:27:00.391082+02:00,24.964,379.161785,-0.015484577114428077
2026-05-21 14:27:00.686623+02:00,24.967,379.457326,-0.012484577114427964
2026-05-21 14:27:00.976865+02:00,24.967,379.747568,-0.012484577114427964
2026-05-21 14:27:01.269873+02:00,24.965,380.040576,-0.014484577114426855
2026-05-21 14:27:01.561369+02:00,24.966,380.332072,-0.013484577114425633
2026-05-21 14:27:01.850251+02:00,24.965,380.620954,-0.014484577114426855
2026-05-21 14:27:02.148734+02:00,24.962,380.919437,-0.01748457711442697
2026-05-21 14:27:02.442575+02:00,24.964,381.213278,-0.015484577114428077
2026-05-21 14:27:02.732291+02:00,24.966,381.502994,-0.013484577114425633
2026-05-21 14:27:03.024514+02:00,24.964,381.795217,-0.015484577114428077
2026-05-21 14:27:03.323839+02:00,24.967,382.094542,-0.012484577114427964
2026-05-21 14:27:03.612908+02:00,24.967,382.383611,-0.012484577114427964
2026-05-21 14:27:03.904673+02:00,24.967,382.675376,-0.012484577114427964
2026-05-21 14:27:04.202786+02:00,24.966,382.973489,-0.013484577114425633
2026-05-21 14:27:04.492309+02:00,24.964,383.263012,-0.015484577114428077
2026-05-21 14:27:04.784615+02:00,24.967,383.555318,-0.012484577114427964
2026-05-21 14:27:05.083041+02:00,24.966,383.853744,-0.013484577114425633
2026-05-21 14:27:05.374960+02:00,24.967,384.145663,-0.012484577114427964
2026-05-21 14:27:05.667859+02:00,24.967,384.438562,-0.012484577114427964
2026-05-21 14:27:05.958399+02:00,24.965,384.729102,-0.014484577114426855
2026-05-21 14:27:06.253046+02:00,24.968,385.023749,-0.011484577114426742
2026-05-21 14:27:06.555405+02:00,24.964,385.326108,-0.015484577114428077
2026-05-21 14:27:06.856203+02:00,24.963,385.626906,-0.016484577114425747
2026-05-21 14:27:07.147019+02:00,24.966,385.917722,-0.013484577114425633
2026-05-21 14:27:07.438353+02:00,24.962,386.209056,-0.01748457711442697
2026-05-21 14:27:07.729726+02:00,24.962,386.500429,-0.01748457711442697
2026-05-21 14:27:08.020934+02:00,24.964,386.791637,-0.015484577114428077
2026-05-21 14:27:08.312469+02:00,24.967,387.083172,-0.012484577114427964
2026-05-21 14:27:08.607855+02:00,24.968,387.378558,-0.011484577114426742
2026-05-21 14:27:08.899501+02:00,24.968,387.670204,-0.011484577114426742
2026-05-21 14:27:09.199464+02:00,24.967,387.970167,-0.012484577114427964
2026-05-21 14:27:09.494737+02:00,24.967,388.26544,-0.012484577114427964
2026-05-21 14:27:09.784586+02:00,24.967,388.555289,-0.012484577114427964
2026-05-21 14:27:10.077169+02:00,24.967,388.847872,-0.012484577114427964
2026-05-21 14:27:10.366748+02:00,24.966,389.137451,-0.013484577114425633
2026-05-21 14:27:10.658525+02:00,24.963,389.429228,-0.016484577114425747
2026-05-21 14:27:10.947717+02:00,24.964,389.71842,-0.015484577114428077
2026-05-21 14:27:11.251029+02:00,24.964,390.021732,-0.015484577114428077
2026-05-21 14:27:11.545493+02:00,24.967,390.316196,-0.012484577114427964
2026-05-21 14:27:11.847612+02:00,24.969,390.618315,-0.01048457711442552
2026-05-21 14:27:12.145865+02:00,24.964,390.916568,-0.015484577114428077
2026-05-21 14:27:12.444441+02:00,24.967,391.215144,-0.012484577114427964
2026-05-21 14:27:12.737999+02:00,24.968,391.508702,-0.011484577114426742
2026-05-21 14:27:13.028529+02:00,24.966,391.799232,-0.013484577114425633
2026-05-21 14:27:13.327986+02:00,24.967,392.098689,-0.012484577114427964
2026-05-21 14:27:13.625410+02:00,24.969,392.396113,-0.01048457711442552
2026-05-21 14:27:13.920856+02:00,24.968,392.691559,-0.011484577114426742
2026-05-21 14:27:14.213247+02:00,24.967,392.98395,-0.012484577114427964
2026-05-21 14:27:14.502409+02:00,24.967,393.273112,-0.012484577114427964
2026-05-21 14:27:14.793872+02:00,24.966,393.564575,-0.013484577114425633
2026-05-21 14:27:15.092987+02:00,24.964,393.86369,-0.015484577114428077
2026-05-21 14:27:15.391155+02:00,24.967,394.161858,-0.012484577114427964
2026-05-21 14:27:15.687837+02:00,24.965,394.45854,-0.014484577114426855
2026-05-21 14:27:15.987350+02:00,24.962,394.758053,-0.01748457711442697
2026-05-21 14:27:16.285383+02:00,24.967,395.056086,-0.012484577114427964
2026-05-21 14:27:16.575355+02:00,24.966,395.346058,-0.013484577114425633
2026-05-21 14:27:16.866793+02:00,24.965,395.637496,-0.014484577114426855
2026-05-21 14:27:17.164514+02:00,24.965,395.935217,-0.014484577114426855
2026-05-21 14:27:17.454853+02:00,24.967,396.225556,-0.012484577114427964
2026-05-21 14:27:17.746688+02:00,24.964,396.517391,-0.015484577114428077
2026-05-21 14:27:18.042574+02:00,24.965,396.813277,-0.014484577114426855
2026-05-21 14:27:18.335528+02:00,24.964,397.106231,-0.015484577114428077
2026-05-21 14:27:18.632946+02:00,24.966,397.403649,-0.013484577114425633
2026-05-21 14:27:18.923685+02:00,24.964,397.694388,-0.015484577114428077
2026-05-21 14:27:19.215012+02:00,24.966,397.985715,-0.013484577114425633
2026-05-21 14:27:19.508589+02:00,24.965,398.279292,-0.014484577114426855
2026-05-21 14:27:19.807379+02:00,24.965,398.578082,-0.014484577114426855
2026-05-21 14:27:20.098599+02:00,24.967,398.869302,-0.012484577114427964
2026-05-21 14:27:20.392017+02:00,24.968,399.16272,-0.011484577114426742
2026-05-21 14:27:20.691346+02:00,24.967,399.462049,-0.012484577114427964
2026-05-21 14:27:20.991661+02:00,24.967,399.762364,-0.012484577114427964
2026-05-21 14:27:21.291428+02:00,24.964,400.062131,-0.015484577114428077
2026-05-21 14:27:21.592673+02:00,24.967,400.363376,-0.012484577114427964
2026-05-21 14:27:21.884448+02:00,24.969,400.655151,-0.01048457711442552
2026-05-21 14:27:22.174956+02:00,24.967,400.945659,-0.012484577114427964
2026-05-21 14:27:22.467705+02:00,24.968,401.238408,-0.011484577114426742
2026-05-21 14:27:22.757206+02:00,24.967,401.527909,-0.012484577114427964
2026-05-21 14:27:23.055046+02:00,24.969,401.825749,-0.01048457711442552
2026-05-21 14:27:23.348330+02:00,24.964,402.119033,-0.015484577114428077
2026-05-21 14:27:23.640933+02:00,24.966,402.411636,-0.013484577114425633
2026-05-21 14:27:23.933231+02:00,24.967,402.703934,-0.012484577114427964
2026-05-21 14:27:24.233222+02:00,24.971,403.003925,-0.008484577114426628
2026-05-21 14:27:24.525570+02:00,24.967,403.296273,-0.012484577114427964
2026-05-21 14:27:24.815979+02:00,24.966,403.586682,-0.013484577114425633
2026-05-21 14:27:25.108751+02:00,24.965,403.879454,-0.014484577114426855
2026-05-21 14:27:25.400303+02:00,24.967,404.171006,-0.012484577114427964
2026-05-21 14:27:25.692137+02:00,24.967,404.46284,-0.012484577114427964
2026-05-21 14:27:25.983716+02:00,24.967,404.754419,-0.012484577114427964
2026-05-21 14:27:26.279574+02:00,24.964,405.050277,-0.015484577114428077
2026-05-21 14:27:26.580305+02:00,24.966,405.351008,-0.013484577114425633
2026-05-21 14:27:26.881878+02:00,24.967,405.652581,-0.012484577114427964
2026-05-21 14:27:27.172500+02:00,24.967,405.943203,-0.012484577114427964
2026-05-21 14:27:27.464880+02:00,24.967,406.235583,-0.012484577114427964
2026-05-21 14:27:27.758159+02:00,24.969,406.528862,-0.01048457711442552
2026-05-21 14:27:28.049746+02:00,24.967,406.820449,-0.012484577114427964
2026-05-21 14:27:28.341072+02:00,24.969,407.111775,-0.01048457711442552
2026-05-21 14:27:28.639110+02:00,24.966,407.409813,-0.013484577114425633
2026-05-21 14:27:28.932165+02:00,24.964,407.702868,-0.015484577114428077
2026-05-21 14:27:29.224836+02:00,24.964,407.995539,-0.015484577114428077
2026-05-21 14:27:29.521301+02:00,24.964,408.292004,-0.015484577114428077
2026-05-21 14:27:29.820546+02:00,24.964,408.591249,-0.015484577114428077
2026-05-21 14:27:30.113139+02:00,24.968,408.883842,-0.011484577114426742
2026-05-21 14:27:30.406395+02:00,24.966,409.177098,-0.013484577114425633
2026-05-21 14:27:30.695183+02:00,24.969,409.465886,-0.01048457711442552
2026-05-21 14:27:30.996415+02:00,24.969,409.767118,-0.01048457711442552
2026-05-21 14:27:31.287279+02:00,24.968,410.057982,-0.011484577114426742
2026-05-21 14:27:31.582135+02:00,24.967,410.352838,-0.012484577114427964
2026-05-21 14:27:31.871810+02:00,24.965,410.642513,-0.014484577114426855
2026-05-21 14:27:32.161469+02:00,24.966,410.932172,-0.013484577114425633
2026-05-21 14:27:32.453241+02:00,24.97,411.223944,-0.00948457711442785
2026-05-21 14:27:32.745579+02:00,24.968,411.516282,-0.011484577114426742
2026-05-21 14:27:33.044895+02:00,24.967,411.815598,-0.012484577114427964
2026-05-21 14:27:33.335234+02:00,24.97,412.105937,-0.00948457711442785
2026-05-21 14:27:33.624992+02:00,24.969,412.395695,-0.01048457711442552
2026-05-21 14:27:33.924275+02:00,24.969,412.694978,-0.01048457711442552
2026-05-21 14:27:34.216128+02:00,24.967,412.986831,-0.012484577114427964
2026-05-21 14:27:34.506495+02:00,24.969,413.277198,-0.01048457711442552
2026-05-21 14:27:34.799283+02:00,24.968,413.569986,-0.011484577114426742
2026-05-21 14:27:35.093789+02:00,24.966,413.864492,-0.013484577114425633
2026-05-21 14:27:35.386303+02:00,24.964,414.157006,-0.015484577114428077
2026-05-21 14:27:35.676759+02:00,24.966,414.447462,-0.013484577114425633
2026-05-21 14:27:35.970059+02:00,24.967,414.740762,-0.012484577114427964
2026-05-21 14:27:36.259948+02:00,24.968,415.030651,-0.011484577114426742
2026-05-21 14:27:36.551932+02:00,24.964,415.322635,-0.015484577114428077
2026-05-21 14:27:36.846485+02:00,24.964,415.617188,-0.015484577114428077
2026-05-21 14:27:37.140754+02:00,24.965,415.911457,-0.014484577114426855
2026-05-21 14:27:37.432119+02:00,24.967,416.202822,-0.012484577114427964
2026-05-21 14:27:37.722980+02:00,24.964,416.493683,-0.015484577114428077
2026-05-21 14:27:38.013496+02:00,24.966,416.784199,-0.013484577114425633
2026-05-21 14:27:38.303569+02:00,24.964,417.074272,-0.015484577114428077
2026-05-21 14:27:38.602577+02:00,24.969,417.37328,-0.01048457711442552
2026-05-21 14:27:38.906061+02:00,24.968,417.676764,-0.011484577114426742
2026-05-21 14:27:39.196180+02:00,24.966,417.966883,-0.013484577114425633
2026-05-21 14:27:39.487848+02:00,24.964,418.258551,-0.015484577114428077
2026-05-21 14:27:39.781941+02:00,24.965,418.552644,-0.014484577114426855
2026-05-21 14:27:40.072748+02:00,24.966,418.843451,-0.013484577114425633
2026-05-21 14:27:40.361359+02:00,24.968,419.132062,-0.011484577114426742
2026-05-21 14:27:40.668919+02:00,24.964,419.439622,-0.015484577114428077
2026-05-21 14:27:40.966899+02:00,24.967,419.737602,-0.012484577114427964
2026-05-21 14:27:41.257641+02:00,24.967,420.028344,-0.012484577114427964
2026-05-21 14:27:41.548731+02:00,24.966,420.319434,-0.013484577114425633
2026-05-21 14:27:41.843273+02:00,24.964,420.613976,-0.015484577114428077
2026-05-21 14:27:42.144334+02:00,24.967,420.915037,-0.012484577114427964
2026-05-21 14:27:42.434866+02:00,24.967,421.205569,-0.012484577114427964
2026-05-21 14:27:42.727273+02:00,24.967,421.497976,-0.012484577114427964
2026-05-21 14:27:43.024838+02:00,24.964,421.795541,-0.015484577114428077
2026-05-21 14:27:43.320485+02:00,24.967,422.091188,-0.012484577114427964
2026-05-21 14:27:43.610335+02:00,24.969,422.381038,-0.01048457711442552
2026-05-21 14:27:43.907077+02:00,24.967,422.67778,-0.012484577114427964
2026-05-21 14:27:44.197773+02:00,24.967,422.968476,-0.012484577114427964
2026-05-21 14:27:44.490671+02:00,24.965,423.261374,-0.014484577114426855
2026-05-21 14:27:44.784461+02:00,24.965,423.555164,-0.014484577114426855
2026-05-21 14:27:45.075685+02:00,24.969,423.846388,-0.01048457711442552
2026-05-21 14:27:45.370220+02:00,24.965,424.140923,-0.014484577114426855
2026-05-21 14:27:45.662478+02:00,24.963,424.433181,-0.016484577114425747
2026-05-21 14:27:45.966383+02:00,24.965,424.737086,-0.014484577114426855
2026-05-21 14:27:46.256600+02:00,24.964,425.027303,-0.015484577114428077
2026-05-21 14:27:46.546377+02:00,24.963,425.31708,-0.016484577114425747
2026-05-21 14:27:46.838127+02:00,24.962,425.60883,-0.01748457711442697
2026-05-21 14:27:47.139778+02:00,24.962,425.910481,-0.01748457711442697
2026-05-21 14:27:47.439379+02:00,24.967,426.210082,-0.012484577114427964
2026-05-21 14:27:47.739781+02:00,24.965,426.510484,-0.014484577114426855
2026-05-21 14:27:48.041682+02:00,24.967,426.812385,-0.012484577114427964
2026-05-21 14:27:48.332209+02:00,24.961,427.102912,-0.01848457711442819
2026-05-21 14:27:48.625446+02:00,24.963,427.396149,-0.016484577114425747
2026-05-21 14:27:48.917168+02:00,24.964,427.687871,-0.015484577114428077
2026-05-21 14:27:49.212164+02:00,24.964,427.982867,-0.015484577114428077
2026-05-21 14:27:49.503255+02:00,24.965,428.273958,-0.014484577114426855
2026-05-21 14:27:49.793970+02:00,24.966,428.564673,-0.013484577114425633
2026-05-21 14:27:50.089883+02:00,24.963,428.860586,-0.016484577114425747
2026-05-21 14:27:50.386812+02:00,24.964,429.157515,-0.015484577114428077
2026-05-21 14:27:50.690764+02:00,24.964,429.461467,-0.015484577114428077
2026-05-21 14:27:50.989769+02:00,24.966,429.760472,-0.013484577114425633
2026-05-21 14:27:51.280400+02:00,24.965,430.051103,-0.014484577114426855
2026-05-21 14:27:51.578039+02:00,24.964,430.348742,-0.015484577114428077
2026-05-21 14:27:51.867813+02:00,24.963,430.638516,-0.016484577114425747
2026-05-21 14:27:52.167187+02:00,24.962,430.93789,-0.01748457711442697
2026-05-21 14:27:52.460481+02:00,24.964,431.231184,-0.015484577114428077
2026-05-21 14:27:52.751103+02:00,24.964,431.521806,-0.015484577114428077
2026-05-21 14:27:53.044034+02:00,24.961,431.814737,-0.01848457711442819
2026-05-21 14:27:53.339769+02:00,24.964,432.110472,-0.015484577114428077
2026-05-21 14:27:53.630912+02:00,24.962,432.401615,-0.01748457711442697
2026-05-21 14:27:53.929909+02:00,24.963,432.700612,-0.016484577114425747
2026-05-21 14:27:54.219658+02:00,24.964,432.990361,-0.015484577114428077
2026-05-21 14:27:54.510720+02:00,24.964,433.281423,-0.015484577114428077
2026-05-21 14:27:54.806166+02:00,24.964,433.576869,-0.015484577114428077
2026-05-21 14:27:55.106126+02:00,24.965,433.876829,-0.014484577114426855
2026-05-21 14:27:55.400526+02:00,24.964,434.171229,-0.015484577114428077
2026-05-21 14:27:55.693779+02:00,24.963,434.464482,-0.016484577114425747
2026-05-21 14:27:55.985737+02:00,24.962,434.75644,-0.01748457711442697
2026-05-21 14:27:56.277818+02:00,24.963,435.048521,-0.016484577114425747
2026-05-21 14:27:56.583290+02:00,24.964,435.353993,-0.015484577114428077
2026-05-21 14:27:56.874621+02:00,24.965,435.645324,-0.014484577114426855
2026-05-21 14:27:57.163855+02:00,24.963,435.934558,-0.016484577114425747
2026-05-21 14:27:57.460491+02:00,24.962,436.231194,-0.01748457711442697
2026-05-21 14:27:57.749755+02:00,24.965,436.520458,-0.014484577114426855
2026-05-21 14:27:58.043561+02:00,24.964,436.814264,-0.015484577114428077
2026-05-21 14:27:58.334565+02:00,24.965,437.105268,-0.014484577114426855
2026-05-21 14:27:58.625565+02:00,24.964,437.396268,-0.015484577114428077
2026-05-21 14:27:58.918214+02:00,24.966,437.688917,-0.013484577114425633
2026-05-21 14:27:59.210476+02:00,24.964,437.981179,-0.015484577114428077
2026-05-21 14:27:59.499542+02:00,24.964,438.270245,-0.015484577114428077
2026-05-21 14:27:59.795038+02:00,24.964,438.565741,-0.015484577114428077
2026-05-21 14:28:00.086220+02:00,24.962,438.856923,-0.01748457711442697
2026-05-21 14:28:00.376548+02:00,24.964,439.147251,-0.015484577114428077
2026-05-21 14:28:00.671165+02:00,24.962,439.441868,-0.01748457711442697
2026-05-21 14:28:00.961963+02:00,24.962,439.732666,-0.01748457711442697
2026-05-21 14:28:01.261297+02:00,24.964,440.032,-0.015484577114428077
2026-05-21 14:28:01.552473+02:00,24.962,440.323176,-0.01748457711442697
2026-05-21 14:28:01.842522+02:00,24.964,440.613225,-0.015484577114428077
2026-05-21 14:28:02.134994+02:00,24.964,440.905697,-0.015484577114428077
2026-05-21 14:28:02.427330+02:00,24.962,441.198033,-0.01748457711442697
2026-05-21 14:28:02.719513+02:00,24.963,441.490216,-0.016484577114425747
2026-05-21 14:28:03.009358+02:00,24.959,441.780061,-0.020484577114427083
2026-05-21 14:28:03.303330+02:00,24.961,442.074033,-0.01848457711442819
2026-05-21 14:28:03.596262+02:00,24.961,442.366965,-0.01848457711442819
2026-05-21 14:28:03.888087+02:00,24.962,442.65879,-0.01748457711442697
2026-05-21 14:28:04.183031+02:00,24.963,442.953734,-0.016484577114425747
2026-05-21 14:28:04.475931+02:00,24.96,443.246634,-0.01948457711442586
2026-05-21 14:28:04.772076+02:00,24.961,443.542779,-0.01848457711442819
2026-05-21 14:28:05.062093+02:00,24.962,443.832796,-0.01748457711442697
2026-05-21 14:28:05.357453+02:00,24.965,444.128156,-0.014484577114426855
2026-05-21 14:28:05.646576+02:00,24.966,444.417279,-0.013484577114425633
2026-05-21 14:28:05.937383+02:00,24.964,444.708086,-0.015484577114428077
2026-05-21 14:28:06.230958+02:00,24.963,445.001661,-0.016484577114425747
2026-05-21 14:28:06.521798+02:00,24.964,445.292501,-0.015484577114428077
2026-05-21 14:28:06.816373+02:00,24.966,445.587076,-0.013484577114425633
2026-05-21 14:28:07.111651+02:00,24.963,445.882354,-0.016484577114425747
2026-05-21 14:28:07.403195+02:00,24.963,446.173898,-0.016484577114425747
2026-05-21 14:28:07.694725+02:00,24.964,446.465428,-0.015484577114428077
2026-05-21 14:28:07.984861+02:00,24.966,446.755564,-0.013484577114425633
2026-05-21 14:28:08.275207+02:00,24.963,447.04591,-0.016484577114425747
2026-05-21 14:28:08.564928+02:00,24.963,447.335631,-0.016484577114425747
2026-05-21 14:28:08.856483+02:00,24.959,447.627186,-0.020484577114427083
2026-05-21 14:28:09.151817+02:00,24.961,447.92252,-0.01848457711442819
2026-05-21 14:28:09.444949+02:00,24.959,448.215652,-0.020484577114427083
2026-05-21 14:28:09.735201+02:00,24.963,448.505904,-0.016484577114425747
2026-05-21 14:28:10.023951+02:00,24.961,448.794654,-0.01848457711442819
2026-05-21 14:28:10.329390+02:00,24.962,449.100093,-0.01748457711442697
2026-05-21 14:28:10.623776+02:00,24.959,449.394479,-0.020484577114427083
2026-05-21 14:28:10.917864+02:00,24.962,449.688567,-0.01748457711442697
2026-05-21 14:28:11.219240+02:00,24.962,449.989943,-0.01748457711442697
2026-05-21 14:28:11.517872+02:00,24.959,450.288575,-0.020484577114427083
2026-05-21 14:28:11.814008+02:00,24.961,450.584711,-0.01848457711442819
2026-05-21 14:28:12.115119+02:00,24.96,450.885822,-0.01948457711442586
2026-05-21 14:28:12.412584+02:00,24.957,451.183287,-0.022484577114425974
2026-05-21 14:28:12.711404+02:00,24.96,451.482107,-0.01948457711442586
2026-05-21 14:28:13.009821+02:00,24.962,451.780524,-0.01748457711442697
2026-05-21 14:28:13.302413+02:00,24.96,452.073116,-0.01948457711442586
2026-05-21 14:28:13.594285+02:00,24.96,452.364988,-0.01948457711442586
2026-05-21 14:28:13.886362+02:00,24.958,452.657065,-0.021484577114428305
2026-05-21 14:28:14.189285+02:00,24.96,452.959988,-0.01948457711442586
2026-05-21 14:28:14.486041+02:00,24.96,453.256744,-0.01948457711442586
2026-05-21 14:28:14.779022+02:00,24.957,453.549725,-0.022484577114425974
2026-05-21 14:28:15.070653+02:00,24.954,453.841356,-0.025484577114426088
2026-05-21 14:28:15.362022+02:00,24.96,454.132725,-0.01948457711442586
2026-05-21 14:28:15.652371+02:00,24.959,454.423074,-0.020484577114427083
2026-05-21 14:28:15.950399+02:00,24.956,454.721102,-0.023484577114427196
2026-05-21 14:28:16.243125+02:00,24.957,455.013828,-0.022484577114425974
2026-05-21 14:28:16.535057+02:00,24.958,455.30576,-0.021484577114428305
2026-05-21 14:28:16.822976+02:00,24.957,455.593679,-0.022484577114425974
2026-05-21 14:28:17.128875+02:00,24.96,455.899578,-0.01948457711442586
2026-05-21 14:28:17.427752+02:00,24.959,456.198455,-0.020484577114427083
2026-05-21 14:28:17.721276+02:00,24.957,456.491979,-0.022484577114425974
2026-05-21 14:28:18.011482+02:00,24.958,456.782185,-0.021484577114428305
2026-05-21 14:28:18.302305+02:00,24.961,457.073008,-0.01848457711442819
2026-05-21 14:28:18.595644+02:00,24.957,457.366347,-0.022484577114425974
2026-05-21 14:28:18.887886+02:00,24.957,457.658589,-0.022484577114425974
2026-05-21 14:28:19.184773+02:00,24.956,457.955476,-0.023484577114427196
2026-05-21 14:28:19.474877+02:00,24.955,458.24558,-0.02448457711442842
2026-05-21 14:28:19.783427+02:00,24.958,458.55413,-0.021484577114428305
2026-05-21 14:28:20.074229+02:00,24.957,458.844932,-0.022484577114425974
2026-05-21 14:28:20.363768+02:00,24.959,459.134471,-0.020484577114427083
2026-05-21 14:28:20.663254+02:00,24.961,459.433957,-0.01848457711442819
2026-05-21 14:28:20.958258+02:00,24.957,459.728961,-0.022484577114425974
2026-05-21 14:28:21.250322+02:00,24.959,460.021025,-0.020484577114427083
2026-05-21 14:28:21.542797+02:00,24.96,460.3135,-0.01948457711442586
2026-05-21 14:28:21.833655+02:00,24.957,460.604358,-0.022484577114425974
2026-05-21 14:28:22.123125+02:00,24.959,460.893828,-0.020484577114427083
2026-05-21 14:28:22.417032+02:00,24.953,461.187735,-0.02648457711442731
2026-05-21 14:28:22.715508+02:00,24.957,461.486211,-0.022484577114425974
2026-05-21 14:28:23.014061+02:00,24.954,461.784764,-0.025484577114426088
2026-05-21 14:28:23.305128+02:00,24.955,462.075831,-0.02448457711442842
2026-05-21 14:28:23.607074+02:00,24.955,462.377777,-0.02448457711442842
2026-05-21 14:28:23.899156+02:00,24.954,462.669859,-0.025484577114426088
2026-05-21 14:28:24.191258+02:00,24.958,462.961961,-0.021484577114428305
2026-05-21 14:28:24.484763+02:00,24.957,463.255466,-0.022484577114425974
2026-05-21 14:28:24.777154+02:00,24.957,463.547857,-0.022484577114425974
2026-05-21 14:28:25.065419+02:00,24.957,463.836122,-0.022484577114425974
2026-05-21 14:28:25.359542+02:00,24.957,464.130245,-0.022484577114425974
2026-05-21 14:28:25.650869+02:00,24.955,464.421572,-0.02448457711442842
2026-05-21 14:28:25.951232+02:00,24.959,464.721935,-0.020484577114427083
2026-05-21 14:28:26.250222+02:00,24.958,465.020925,-0.021484577114428305
2026-05-21 14:28:26.545086+02:00,24.957,465.315789,-0.022484577114425974
2026-05-21 14:28:26.833854+02:00,24.957,465.604557,-0.022484577114425974
2026-05-21 14:28:27.126023+02:00,24.957,465.896726,-0.022484577114425974
2026-05-21 14:28:27.415816+02:00,24.958,466.186519,-0.021484577114428305
2026-05-21 14:28:27.706811+02:00,24.955,466.477514,-0.02448457711442842
2026-05-21 14:28:27.998108+02:00,24.957,466.768811,-0.022484577114425974
2026-05-21 14:28:28.288878+02:00,24.957,467.059581,-0.022484577114425974
2026-05-21 14:28:28.583793+02:00,24.959,467.354496,-0.020484577114427083
2026-05-21 14:28:28.873302+02:00,24.956,467.644005,-0.023484577114427196
2026-05-21 14:28:29.165364+02:00,24.957,467.936067,-0.022484577114425974
2026-05-21 14:28:29.460418+02:00,24.958,468.231121,-0.021484577114428305
2026-05-21 14:28:29.751820+02:00,24.957,468.522523,-0.022484577114425974
2026-05-21 14:28:30.042503+02:00,24.958,468.813206,-0.021484577114428305
2026-05-21 14:28:30.336308+02:00,24.956,469.107011,-0.023484577114427196
2026-05-21 14:28:30.627684+02:00,24.955,469.398387,-0.02448457711442842
2026-05-21 14:28:30.920812+02:00,24.955,469.691515,-0.02448457711442842
2026-05-21 14:28:31.214406+02:00,24.955,469.985109,-0.02448457711442842
2026-05-21 14:28:31.504649+02:00,24.956,470.275352,-0.023484577114427196
2026-05-21 14:28:31.794306+02:00,24.959,470.565009,-0.020484577114427083
2026-05-21 14:28:32.092784+02:00,24.954,470.863487,-0.025484577114426088
2026-05-21 14:28:32.385849+02:00,24.952,471.156552,-0.02748457711442498
2026-05-21 14:28:32.674583+02:00,24.959,471.445286,-0.020484577114427083
2026-05-21 14:28:32.966755+02:00,24.954,471.737458,-0.025484577114426088
2026-05-21 14:28:33.256462+02:00,24.951,472.027165,-0.0284845771144262
2026-05-21 14:28:33.545185+02:00,24.957,472.315888,-0.022484577114425974
2026-05-21 14:28:33.835956+02:00,24.953,472.606659,-0.02648457711442731
2026-05-21 14:28:34.129920+02:00,24.957,472.900623,-0.022484577114425974
2026-05-21 14:28:34.419581+02:00,24.956,473.190284,-0.023484577114427196
2026-05-21 14:28:34.708398+02:00,24.956,473.479101,-0.023484577114427196
2026-05-21 14:28:35.004688+02:00,24.957,473.775391,-0.022484577114425974
2026-05-21 14:28:35.307126+02:00,24.955,474.077829,-0.02448457711442842
2026-05-21 14:28:35.597765+02:00,24.949,474.368468,-0.030484577114425093
2026-05-21 14:28:35.888673+02:00,24.953,474.659376,-0.02648457711442731
2026-05-21 14:28:36.184915+02:00,24.955,474.955618,-0.02448457711442842
2026-05-21 14:28:36.476082+02:00,24.956,475.246785,-0.023484577114427196
2026-05-21 14:28:36.766747+02:00,24.957,475.53745,-0.022484577114425974
2026-05-21 14:28:37.055967+02:00,24.955,475.82667,-0.02448457711442842
2026-05-21 14:28:37.350180+02:00,24.95,476.120883,-0.029484577114427424
2026-05-21 14:28:37.641066+02:00,24.952,476.411769,-0.02748457711442498
2026-05-21 14:28:37.931269+02:00,24.955,476.701972,-0.02448457711442842
2026-05-21 14:28:38.222766+02:00,24.952,476.993469,-0.02748457711442498
2026-05-21 14:28:38.512865+02:00,24.952,477.283568,-0.02748457711442498
2026-05-21 14:28:38.802575+02:00,24.954,477.573278,-0.025484577114426088
2026-05-21 14:28:39.094485+02:00,24.951,477.865188,-0.0284845771144262
2026-05-21 14:28:39.383601+02:00,24.952,478.154304,-0.02748457711442498
2026-05-21 14:28:39.683461+02:00,24.95,478.454164,-0.029484577114427424
2026-05-21 14:28:39.973400+02:00,24.953,478.744103,-0.02648457711442731
2026-05-21 14:28:40.266012+02:00,24.95,479.036715,-0.029484577114427424
2026-05-21 14:28:40.556612+02:00,24.948,479.327315,-0.031484577114426315
2026-05-21 14:28:40.853035+02:00,24.95,479.623738,-0.029484577114427424
2026-05-21 14:28:41.145572+02:00,24.951,479.916275,-0.0284845771144262
2026-05-21 14:28:41.443437+02:00,24.95,480.21414,-0.029484577114427424
2026-05-21 14:28:41.739106+02:00,24.949,480.509809,-0.030484577114425093
2026-05-21 14:28:42.028242+02:00,24.954,480.798945,-0.025484577114426088
2026-05-21 14:28:42.320683+02:00,24.952,481.091386,-0.02748457711442498
2026-05-21 14:28:42.612558+02:00,24.952,481.383261,-0.02748457711442498
2026-05-21 14:28:42.904675+02:00,24.954,481.675378,-0.025484577114426088
2026-05-21 14:28:43.195484+02:00,24.949,481.966187,-0.030484577114425093
2026-05-21 14:28:43.497762+02:00,24.95,482.268465,-0.029484577114427424
2026-05-21 14:28:43.798429+02:00,24.95,482.569132,-0.029484577114427424
2026-05-21 14:28:44.088591+02:00,24.955,482.859294,-0.02448457711442842
2026-05-21 14:28:44.379008+02:00,24.952,483.149711,-0.02748457711442498
2026-05-21 14:28:44.671677+02:00,24.95,483.44238,-0.029484577114427424
2026-05-21 14:28:44.961587+02:00,24.95,483.73229,-0.029484577114427424
2026-05-21 14:28:45.252694+02:00,24.95,484.023397,-0.029484577114427424
2026-05-21 14:28:45.551599+02:00,24.947,484.322302,-0.03248457711442754
2026-05-21 14:28:45.845742+02:00,24.951,484.616445,-0.0284845771144262
2026-05-21 14:28:46.150460+02:00,24.948,484.921163,-0.031484577114426315
2026-05-21 14:28:46.444134+02:00,24.952,485.214837,-0.02748457711442498
2026-05-21 14:28:46.741562+02:00,24.951,485.512265,-0.0284845771144262
2026-05-21 14:28:47.043565+02:00,24.949,485.814268,-0.030484577114425093
2026-05-21 14:28:47.335713+02:00,24.954,486.106416,-0.025484577114426088
2026-05-21 14:28:47.627131+02:00,24.95,486.397834,-0.029484577114427424
2026-05-21 14:28:47.920313+02:00,24.947,486.691016,-0.03248457711442754
2026-05-21 14:28:48.211720+02:00,24.949,486.982423,-0.030484577114425093
2026-05-21 14:28:48.501050+02:00,24.946,487.271753,-0.03348457711442521
2026-05-21 14:28:48.797133+02:00,24.947,487.567836,-0.03248457711442754
2026-05-21 14:28:49.097352+02:00,24.947,487.868055,-0.03248457711442754
2026-05-21 14:28:49.386977+02:00,24.945,488.15768,-0.03448457711442643
2026-05-21 14:28:49.690602+02:00,24.948,488.461305,-0.031484577114426315
2026-05-21 14:28:49.990364+02:00,24.952,488.761067,-0.02748457711442498
2026-05-21 14:28:50.279468+02:00,24.947,489.050171,-0.03248457711442754
2026-05-21 14:28:50.570906+02:00,24.947,489.341609,-0.03248457711442754
2026-05-21 14:28:50.869162+02:00,24.947,489.639865,-0.03248457711442754
2026-05-21 14:28:51.158291+02:00,24.947,489.928994,-0.03248457711442754
2026-05-21 14:28:51.448268+02:00,24.944,490.218971,-0.03548457711442765
2026-05-21 14:28:51.739573+02:00,24.945,490.510276,-0.03448457711442643
2026-05-21 14:28:52.034935+02:00,24.947,490.805638,-0.03248457711442754
2026-05-21 14:28:52.333756+02:00,24.946,491.104459,-0.03348457711442521
2026-05-21 14:28:52.631688+02:00,24.944,491.402391,-0.03548457711442765
2026-05-21 14:28:52.922166+02:00,24.946,491.692869,-0.03348457711442521
2026-05-21 14:28:53.219601+02:00,24.939,491.990304,-0.040484577114426656
2026-05-21 14:28:53.511496+02:00,24.943,492.282199,-0.03648457711442532
2026-05-21 14:28:53.805308+02:00,24.939,492.576011,-0.040484577114426656
2026-05-21 14:28:54.094425+02:00,24.942,492.865128,-0.03748457711442654
2026-05-21 14:28:54.387358+02:00,24.942,493.158061,-0.03748457711442654
2026-05-21 14:28:54.687738+02:00,24.941,493.458441,-0.038484577114427765
2026-05-21 14:28:54.982528+02:00,24.942,493.753231,-0.03748457711442654
2026-05-21 14:28:55.272821+02:00,24.945,494.043524,-0.03448457711442643
2026-05-21 14:28:55.564235+02:00,24.943,494.334938,-0.03648457711442532
2026-05-21 14:28:55.860607+02:00,24.944,494.63131,-0.03548457711442765
2026-05-21 14:28:56.158649+02:00,24.948,494.929352,-0.031484577114426315
2026-05-21 14:28:56.446279+02:00,24.943,495.216982,-0.03648457711442532
2026-05-21 14:28:56.738376+02:00,24.944,495.509079,-0.03548457711442765
2026-05-21 14:28:57.033183+02:00,24.944,495.803886,-0.03548457711442765
2026-05-21 14:28:57.332538+02:00,24.935,496.103241,-0.04448457711442799
2026-05-21 14:28:57.624275+02:00,24.946,496.394978,-0.03348457711442521
2026-05-21 14:28:57.914836+02:00,24.947,496.685539,-0.03248457711442754
2026-05-21 14:28:58.206249+02:00,24.944,496.976952,-0.03548457711442765
2026-05-21 14:28:58.496125+02:00,24.945,497.266828,-0.03448457711442643
2026-05-21 14:28:58.784815+02:00,24.942,497.555518,-0.03748457711442654
2026-05-21 14:28:59.080986+02:00,24.942,497.851689,-0.03748457711442654
2026-05-21 14:28:59.373820+02:00,24.943,498.144523,-0.03648457711442532
2026-05-21 14:28:59.674265+02:00,24.941,498.444968,-0.038484577114427765
2026-05-21 14:28:59.966909+02:00,24.943,498.737612,-0.03648457711442532
2026-05-21 14:29:00.256169+02:00,24.943,499.026872,-0.03648457711442532
2026-05-21 14:29:00.548600+02:00,24.94,499.319303,-0.039484577114425434
2026-05-21 14:29:00.839792+02:00,24.939,499.610495,-0.040484577114426656
2026-05-21 14:29:01.133468+02:00,24.939,499.904171,-0.040484577114426656
2026-05-21 14:29:01.426658+02:00,24.939,500.197361,-0.040484577114426656
2026-05-21 14:29:01.717217+02:00,24.941,500.48792,-0.038484577114427765
2026-05-21 14:29:02.016497+02:00,24.94,500.7872,-0.039484577114425434
2026-05-21 14:29:02.309063+02:00,24.937,501.079766,-0.04248457711442555
2026-05-21 14:29:02.598662+02:00,24.942,501.369365,-0.03748457711442654
2026-05-21 14:29:02.893596+02:00,24.939,501.664299,-0.040484577114426656
2026-05-21 14:29:03.185537+02:00,24.934,501.95624,-0.04548457711442566
2026-05-21 14:29:03.476760+02:00,24.936,502.247463,-0.04348457711442677
2026-05-21 14:29:03.766531+02:00,24.938,502.537234,-0.04148457711442788
2026-05-21 14:29:04.064326+02:00,24.938,502.835029,-0.04148457711442788
2026-05-21 14:29:04.353841+02:00,24.942,503.124544,-0.03748457711442654
2026-05-21 14:29:04.653022+02:00,24.937,503.423725,-0.04248457711442555
2026-05-21 14:29:04.941680+02:00,24.939,503.712383,-0.040484577114426656
2026-05-21 14:29:05.244310+02:00,24.942,504.015013,-0.03748457711442654
2026-05-21 14:29:05.535344+02:00,24.939,504.306047,-0.040484577114426656
2026-05-21 14:29:05.824634+02:00,24.941,504.595337,-0.038484577114427765
2026-05-21 14:29:06.115120+02:00,24.941,504.885823,-0.038484577114427765
2026-05-21 14:29:06.404102+02:00,24.936,505.174805,-0.04348457711442677
2026-05-21 14:29:06.698371+02:00,24.94,505.469074,-0.039484577114425434
2026-05-21 14:29:06.989841+02:00,24.944,505.760544,-0.03548457711442765
2026-05-21 14:29:07.280948+02:00,24.944,506.051651,-0.03548457711442765
2026-05-21 14:29:07.573647+02:00,24.939,506.34435,-0.040484577114426656
2026-05-21 14:29:07.865921+02:00,24.94,506.636624,-0.039484577114425434
2026-05-21 14:29:08.155984+02:00,24.943,506.926687,-0.03648457711442532
2026-05-21 14:29:08.446609+02:00,24.939,507.217312,-0.040484577114426656
2026-05-21 14:29:08.743569+02:00,24.939,507.514272,-0.040484577114426656
2026-05-21 14:29:09.040902+02:00,24.939,507.811605,-0.040484577114426656
2026-05-21 14:29:09.337869+02:00,24.939,508.108572,-0.040484577114426656
2026-05-21 14:29:09.641465+02:00,24.939,508.412168,-0.040484577114426656
2026-05-21 14:29:09.937457+02:00,24.939,508.70816,-0.040484577114426656
2026-05-21 14:29:10.227564+02:00,24.939,508.998267,-0.040484577114426656
2026-05-21 14:29:10.519895+02:00,24.941,509.290598,-0.038484577114427765
2026-05-21 14:29:10.820585+02:00,24.936,509.591288,-0.04348457711442677
2026-05-21 14:29:11.114604+02:00,24.938,509.885307,-0.04148457711442788
2026-05-21 14:29:11.407999+02:00,24.942,510.178702,-0.03748457711442654
2026-05-21 14:29:11.700112+02:00,24.939,510.470815,-0.040484577114426656
2026-05-21 14:29:11.991224+02:00,24.939,510.761927,-0.040484577114426656
2026-05-21 14:29:12.284936+02:00,24.938,511.055639,-0.04148457711442788
2026-05-21 14:29:12.575572+02:00,24.939,511.346275,-0.040484577114426656
2026-05-21 14:29:12.866033+02:00,24.937,511.636736,-0.04248457711442555
2026-05-21 14:29:13.161716+02:00,24.939,511.932419,-0.040484577114426656
2026-05-21 14:29:13.461322+02:00,24.942,512.232025,-0.03748457711442654
2026-05-21 14:29:13.762750+02:00,24.938,512.533453,-0.04148457711442788
2026-05-21 14:29:14.061050+02:00,24.94,512.831753,-0.039484577114425434
2026-05-21 14:29:14.354038+02:00,24.939,513.124741,-0.040484577114426656
2026-05-21 14:29:14.645585+02:00,24.94,513.416288,-0.039484577114425434
2026-05-21 14:29:14.935142+02:00,24.941,513.705845,-0.038484577114427765
2026-05-21 14:29:15.234531+02:00,24.942,514.005234,-0.03748457711442654
2026-05-21 14:29:15.536813+02:00,24.939,514.307516,-0.040484577114426656
2026-05-21 14:29:15.832605+02:00,24.939,514.603308,-0.040484577114426656
2026-05-21 14:29:16.124680+02:00,24.939,514.895383,-0.040484577114426656
2026-05-21 14:29:16.417120+02:00,24.936,515.187823,-0.04348457711442677
2026-05-21 14:29:16.706354+02:00,24.939,515.477057,-0.040484577114426656
2026-05-21 14:29:16.998784+02:00,24.941,515.769487,-0.038484577114427765
2026-05-21 14:29:17.295944+02:00,24.939,516.066647,-0.040484577114426656
2026-05-21 14:29:17.597382+02:00,24.936,516.368085,-0.04348457711442677
2026-05-21 14:29:17.888395+02:00,24.939,516.659098,-0.040484577114426656
2026-05-21 14:29:18.178262+02:00,24.936,516.948965,-0.04348457711442677
2026-05-21 14:29:18.477244+02:00,24.939,517.247947,-0.040484577114426656
2026-05-21 14:29:18.778083+02:00,24.944,517.548786,-0.03548457711442765
2026-05-21 14:29:19.073456+02:00,24.943,517.844159,-0.03648457711442532
2026-05-21 14:29:19.366720+02:00,24.942,518.137423,-0.03748457711442654
2026-05-21 14:29:19.664591+02:00,24.941,518.435294,-0.038484577114427765
2026-05-21 14:29:19.956707+02:00,24.939,518.72741,-0.040484577114426656
2026-05-21 14:29:20.246840+02:00,24.94,519.017543,-0.039484577114425434
2026-05-21 14:29:20.548072+02:00,24.938,519.318775,-0.04148457711442788
2026-05-21 14:29:20.839175+02:00,24.944,519.609878,-0.03548457711442765
2026-05-21 14:29:21.131286+02:00,24.937,519.901989,-0.04248457711442555
2026-05-21 14:29:21.425934+02:00,24.938,520.196637,-0.04148457711442788
2026-05-21 14:29:21.718069+02:00,24.941,520.488772,-0.038484577114427765
2026-05-21 14:29:22.008406+02:00,24.944,520.779109,-0.03548457711442765
2026-05-21 14:29:22.298007+02:00,24.94,521.06871,-0.039484577114425434
2026-05-21 14:29:22.594932+02:00,24.939,521.365635,-0.040484577114426656
2026-05-21 14:29:22.894428+02:00,24.938,521.665131,-0.04148457711442788
2026-05-21 14:29:23.183805+02:00,24.939,521.954508,-0.040484577114426656
2026-05-21 14:29:23.473910+02:00,24.939,522.244613,-0.040484577114426656
2026-05-21 14:29:23.764200+02:00,24.942,522.534903,-0.03748457711442654
2026-05-21 14:29:24.056672+02:00,24.942,522.827375,-0.03748457711442654
2026-05-21 14:29:24.350398+02:00,24.939,523.121101,-0.040484577114426656
2026-05-21 14:29:24.642278+02:00,24.941,523.412981,-0.038484577114427765
2026-05-21 14:29:24.941656+02:00,24.939,523.712359,-0.040484577114426656
2026-05-21 14:29:25.234127+02:00,24.939,524.00483,-0.040484577114426656
2026-05-21 14:29:25.527436+02:00,24.942,524.298139,-0.03748457711442654
2026-05-21 14:29:25.817204+02:00,24.943,524.587907,-0.03648457711442532
2026-05-21 14:29:26.109562+02:00,24.942,524.880265,-0.03748457711442654
2026-05-21 14:29:26.399700+02:00,24.944,525.170403,-0.03548457711442765
2026-05-21 14:29:26.690400+02:00,24.945,525.461103,-0.03448457711442643
2026-05-21 14:29:26.979339+02:00,24.944,525.750042,-0.03548457711442765
2026-05-21 14:29:27.272492+02:00,24.942,526.043195,-0.03748457711442654
2026-05-21 14:29:27.566867+02:00,24.938,526.33757,-0.04148457711442788
2026-05-21 14:29:27.855512+02:00,24.941,526.626215,-0.038484577114427765
2026-05-21 14:29:28.146620+02:00,24.938,526.917323,-0.04148457711442788
2026-05-21 14:29:28.445309+02:00,24.939,527.216012,-0.040484577114426656
2026-05-21 14:29:28.742564+02:00,24.941,527.513267,-0.038484577114427765
2026-05-21 14:29:29.033459+02:00,24.937,527.804162,-0.04248457711442555
2026-05-21 14:29:29.332016+02:00,24.941,528.102719,-0.038484577114427765
2026-05-21 14:29:29.623959+02:00,24.938,528.394662,-0.04148457711442788
2026-05-21 14:29:29.914093+02:00,24.942,528.684796,-0.03748457711442654
2026-05-21 14:29:30.215276+02:00,24.937,528.985979,-0.04248457711442555
2026-05-21 14:29:30.506098+02:00,24.939,529.276801,-0.040484577114426656
2026-05-21 14:29:30.796594+02:00,24.937,529.567297,-0.04248457711442555
2026-05-21 14:29:31.094712+02:00,24.939,529.865415,-0.040484577114426656
2026-05-21 14:29:31.388002+02:00,24.942,530.158705,-0.03748457711442654
2026-05-21 14:29:31.679498+02:00,24.94,530.450201,-0.039484577114425434
2026-05-21 14:29:31.970309+02:00,24.937,530.741012,-0.04248457711442555
2026-05-21 14:29:32.269715+02:00,24.942,531.040418,-0.03748457711442654
2026-05-21 14:29:32.566993+02:00,24.936,531.337696,-0.04348457711442677
2026-05-21 14:29:32.858068+02:00,24.939,531.628771,-0.040484577114426656
2026-05-21 14:29:33.158730+02:00,24.939,531.929433,-0.040484577114426656
2026-05-21 14:29:33.452581+02:00,24.936,532.223284,-0.04348457711442677
2026-05-21 14:29:33.744025+02:00,24.936,532.514728,-0.04348457711442677
2026-05-21 14:29:34.035459+02:00,24.938,532.806162,-0.04148457711442788
2026-05-21 14:29:34.330479+02:00,24.935,533.101182,-0.04448457711442799
2026-05-21 14:29:34.622203+02:00,24.935,533.392906,-0.04448457711442799
2026-05-21 14:29:34.913736+02:00,24.937,533.684439,-0.04248457711442555
2026-05-21 14:29:35.206944+02:00,24.937,533.977647,-0.04248457711442555
2026-05-21 14:29:35.505518+02:00,24.931,534.276221,-0.048484577114425775
2026-05-21 14:29:35.805648+02:00,24.94,534.576351,-0.039484577114425434
2026-05-21 14:29:36.100079+02:00,24.935,534.870782,-0.04448457711442799
2026-05-21 14:29:36.403412+02:00,24.939,535.174115,-0.040484577114426656
2026-05-21 14:29:36.705449+02:00,24.938,535.476152,-0.04148457711442788
2026-05-21 14:29:37.005275+02:00,24.937,535.775978,-0.04248457711442555
2026-05-21 14:29:37.306157+02:00,24.934,536.07686,-0.04548457711442566
2026-05-21 14:29:37.597179+02:00,24.936,536.367882,-0.04348457711442677
2026-05-21 14:29:37.892992+02:00,24.937,536.663695,-0.04248457711442555
2026-05-21 14:29:38.185443+02:00,24.933,536.956146,-0.046484577114426884
2026-05-21 14:29:38.482280+02:00,24.932,537.252983,-0.047484577114428106
2026-05-21 14:29:38.776774+02:00,24.936,537.547477,-0.04348457711442677
2026-05-21 14:29:39.072695+02:00,24.935,537.843398,-0.04448457711442799
2026-05-21 14:29:39.370675+02:00,24.934,538.141378,-0.04548457711442566
2026-05-21 14:29:39.663178+02:00,24.936,538.433881,-0.04348457711442677
2026-05-21 14:29:39.955294+02:00,24.932,538.725997,-0.047484577114428106
2026-05-21 14:29:40.251682+02:00,24.936,539.022385,-0.04348457711442677
2026-05-21 14:29:40.544419+02:00,24.932,539.315122,-0.047484577114428106
2026-05-21 14:29:40.835682+02:00,24.934,539.606385,-0.04548457711442566
2026-05-21 14:29:41.128727+02:00,24.934,539.89943,-0.04548457711442566
2026-05-21 14:29:41.421038+02:00,24.934,540.191741,-0.04548457711442566
2026-05-21 14:29:41.720153+02:00,24.936,540.490856,-0.04348457711442677
2026-05-21 14:29:42.009342+02:00,24.934,540.780045,-0.04548457711442566
2026-05-21 14:29:42.309917+02:00,24.933,541.08062,-0.046484577114426884
2026-05-21 14:29:42.600788+02:00,24.934,541.371491,-0.04548457711442566
2026-05-21 14:29:42.897137+02:00,24.932,541.66784,-0.047484577114428106
2026-05-21 14:29:43.197022+02:00,24.933,541.967725,-0.046484577114426884
2026-05-21 14:29:43.487593+02:00,24.932,542.258296,-0.047484577114428106
2026-05-21 14:29:43.777521+02:00,24.928,542.548224,-0.05148457711442589
2026-05-21 14:29:44.067940+02:00,24.932,542.838643,-0.047484577114428106
2026-05-21 14:29:44.358031+02:00,24.929,543.128734,-0.05048457711442822
2026-05-21 14:29:44.657001+02:00,24.931,543.427704,-0.048484577114425775
2026-05-21 14:29:44.949702+02:00,24.931,543.720405,-0.048484577114425775
2026-05-21 14:29:45.250851+02:00,24.929,544.021554,-0.05048457711442822
2026-05-21 14:29:45.542789+02:00,24.927,544.313492,-0.05248457711442711
2026-05-21 14:29:45.836788+02:00,24.926,544.607491,-0.05348457711442833
2026-05-21 14:29:46.126075+02:00,24.93,544.896778,-0.049484577114427
2026-05-21 14:29:46.419145+02:00,24.931,545.189848,-0.048484577114425775
2026-05-21 14:29:46.707813+02:00,24.93,545.478516,-0.049484577114427
2026-05-21 14:29:47.006576+02:00,24.929,545.777279,-0.05048457711442822
2026-05-21 14:29:47.299938+02:00,24.929,546.070641,-0.05048457711442822
2026-05-21 14:29:47.590651+02:00,24.929,546.361354,-0.05048457711442822
2026-05-21 14:29:47.882657+02:00,24.93,546.65336,-0.049484577114427
2026-05-21 14:29:48.177734+02:00,24.932,546.948437,-0.047484577114428106
2026-05-21 14:29:48.476888+02:00,24.93,547.247591,-0.049484577114427
2026-05-21 14:29:48.776637+02:00,24.926,547.54734,-0.05348457711442833
2026-05-21 14:29:49.067962+02:00,24.931,547.838665,-0.048484577114425775
2026-05-21 14:29:49.358358+02:00,24.932,548.129061,-0.047484577114428106
2026-05-21 14:29:49.652292+02:00,24.927,548.422995,-0.05248457711442711
2026-05-21 14:29:49.944911+02:00,24.931,548.715614,-0.048484577114425775
2026-05-21 14:29:50.236390+02:00,24.926,549.007093,-0.05348457711442833
2026-05-21 14:29:50.532276+02:00,24.929,549.302979,-0.05048457711442822
2026-05-21 14:29:50.823963+02:00,24.928,549.594666,-0.05148457711442589
2026-05-21 14:29:51.114365+02:00,24.932,549.885068,-0.047484577114428106
2026-05-21 14:29:51.405480+02:00,24.929,550.176183,-0.05048457711442822
2026-05-21 14:29:51.696578+02:00,24.929,550.467281,-0.05048457711442822
2026-05-21 14:29:51.986704+02:00,24.929,550.757407,-0.05048457711442822
2026-05-21 14:29:52.280581+02:00,24.93,551.051284,-0.049484577114427
2026-05-21 14:29:52.570757+02:00,24.929,551.34146,-0.05048457711442822
2026-05-21 14:29:52.861979+02:00,24.929,551.632682,-0.05048457711442822
2026-05-21 14:29:53.155683+02:00,24.927,551.926386,-0.05248457711442711
2026-05-21 14:29:53.455801+02:00,24.927,552.226504,-0.05248457711442711
2026-05-21 14:29:53.756145+02:00,24.927,552.526848,-0.05248457711442711
2026-05-21 14:29:54.058055+02:00,24.926,552.828758,-0.05348457711442833
2026-05-21 14:29:54.347281+02:00,24.926,553.117984,-0.05348457711442833
2026-05-21 14:29:54.639346+02:00,24.926,553.410049,-0.05348457711442833
2026-05-21 14:29:54.933375+02:00,24.924,553.704078,-0.055484577114427225
2026-05-21 14:29:55.226592+02:00,24.924,553.997295,-0.055484577114427225
2026-05-21 14:29:55.526455+02:00,24.929,554.297158,-0.05048457711442822
2026-05-21 14:29:55.825204+02:00,24.926,554.595907,-0.05348457711442833
2026-05-21 14:29:56.115340+02:00,24.929,554.886043,-0.05048457711442822
2026-05-21 14:29:56.405131+02:00,24.931,555.175834,-0.048484577114425775
2026-05-21 14:29:56.701792+02:00,24.93,555.472495,-0.049484577114427
2026-05-21 14:29:57.001904+02:00,24.927,555.772607,-0.05248457711442711
2026-05-21 14:29:57.295090+02:00,24.93,556.065793,-0.049484577114427
2026-05-21 14:29:57.587396+02:00,24.926,556.358099,-0.05348457711442833
2026-05-21 14:29:57.879479+02:00,24.928,556.650182,-0.05148457711442589
2026-05-21 14:29:58.172315+02:00,24.924,556.943018,-0.055484577114427225
2026-05-21 14:29:58.462238+02:00,24.927,557.232941,-0.05248457711442711
2026-05-21 14:29:58.755781+02:00,24.925,557.526484,-0.054484577114426
2026-05-21 14:29:59.047441+02:00,24.925,557.818144,-0.054484577114426
2026-05-21 14:29:59.336399+02:00,24.926,558.107102,-0.05348457711442833
2026-05-21 14:29:59.628113+02:00,24.924,558.398816,-0.055484577114427225
2026-05-21 14:29:59.921936+02:00,24.925,558.692639,-0.054484577114426
2026-05-21 14:30:00.213569+02:00,24.924,558.984272,-0.055484577114427225
2026-05-21 14:30:00.502566+02:00,24.924,559.273269,-0.055484577114427225
2026-05-21 14:30:00.793934+02:00,24.923,559.564637,-0.05648457711442845
2026-05-21 14:30:01.082623+02:00,24.923,559.853326,-0.05648457711442845
2026-05-21 14:30:01.375403+02:00,24.925,560.146106,-0.054484577114426
2026-05-21 14:30:01.665582+02:00,24.926,560.436285,-0.05348457711442833
2026-05-21 14:30:01.957334+02:00,24.926,560.728037,-0.05348457711442833
2026-05-21 14:30:02.259724+02:00,24.926,561.030427,-0.05348457711442833
2026-05-21 14:30:02.561079+02:00,24.927,561.331782,-0.05248457711442711
2026-05-21 14:30:02.853640+02:00,24.923,561.624343,-0.05648457711442845
2026-05-21 14:30:03.147352+02:00,24.926,561.918055,-0.05348457711442833
2026-05-21 14:30:03.438678+02:00,24.926,562.209381,-0.05348457711442833
2026-05-21 14:30:03.735572+02:00,24.924,562.506275,-0.055484577114427225
2026-05-21 14:30:04.030389+02:00,24.925,562.801092,-0.054484577114426
2026-05-21 14:30:04.326292+02:00,24.925,563.096995,-0.054484577114426
2026-05-21 14:30:04.619911+02:00,24.928,563.390614,-0.05148457711442589
2026-05-21 14:30:04.911091+02:00,24.929,563.681794,-0.05048457711442822
2026-05-21 14:30:05.202682+02:00,24.927,563.973385,-0.05248457711442711
2026-05-21 14:30:05.500004+02:00,24.923,564.270707,-0.05648457711442845
2026-05-21 14:30:05.795587+02:00,24.927,564.56629,-0.05248457711442711
2026-05-21 14:30:06.097545+02:00,24.925,564.868248,-0.054484577114426
2026-05-21 14:30:06.389059+02:00,24.926,565.159762,-0.05348457711442833
2026-05-21 14:30:06.680857+02:00,24.926,565.45156,-0.05348457711442833
2026-05-21 14:30:06.975364+02:00,24.927,565.746067,-0.05248457711442711
2026-05-21 14:30:07.264211+02:00,24.923,566.034914,-0.05648457711442845
2026-05-21 14:30:07.555072+02:00,24.923,566.325775,-0.05648457711442845
2026-05-21 14:30:07.864883+02:00,24.926,566.635586,-0.05348457711442833
2026-05-21 14:30:08.156253+02:00,24.921,566.926956,-0.05848457711442734
2026-05-21 14:30:08.447819+02:00,24.922,567.218522,-0.057484577114426116
2026-05-21 14:30:08.743168+02:00,24.924,567.513871,-0.055484577114427225
2026-05-21 14:30:09.035443+02:00,24.924,567.806146,-0.055484577114427225
2026-05-21 14:30:09.329517+02:00,24.923,568.10022,-0.05648457711442845
2026-05-21 14:30:09.627174+02:00,24.926,568.397877,-0.05348457711442833
2026-05-21 14:30:09.919462+02:00,24.924,568.690165,-0.055484577114427225
2026-05-21 14:30:10.212455+02:00,24.924,568.983158,-0.055484577114427225
2026-05-21 14:30:10.511493+02:00,24.924,569.282196,-0.055484577114427225
2026-05-21 14:30:10.804344+02:00,24.921,569.575047,-0.05848457711442734
2026-05-21 14:30:11.097849+02:00,24.923,569.868552,-0.05648457711442845
2026-05-21 14:30:11.398252+02:00,24.924,570.168955,-0.055484577114427225
2026-05-21 14:30:11.686872+02:00,24.924,570.457575,-0.055484577114427225
2026-05-21 14:30:11.982153+02:00,24.924,570.752856,-0.055484577114427225
2026-05-21 14:30:12.281177+02:00,24.926,571.05188,-0.05348457711442833
2026-05-21 14:30:12.581472+02:00,24.924,571.352175,-0.055484577114427225
2026-05-21 14:30:12.879960+02:00,24.924,571.650663,-0.055484577114427225
2026-05-21 14:30:13.168268+02:00,24.924,571.938971,-0.055484577114427225
2026-05-21 14:30:13.471064+02:00,24.922,572.241767,-0.057484577114426116
2026-05-21 14:30:13.762863+02:00,24.926,572.533566,-0.05348457711442833
2026-05-21 14:30:14.057944+02:00,24.923,572.828647,-0.05648457711442845
2026-05-21 14:30:14.351201+02:00,24.925,573.121904,-0.054484577114426
2026-05-21 14:30:14.644343+02:00,24.924,573.415046,-0.055484577114427225
2026-05-21 14:30:14.934802+02:00,24.924,573.705505,-0.055484577114427225
2026-05-21 14:30:15.230930+02:00,24.925,574.001633,-0.054484577114426
2026-05-21 14:30:15.525600+02:00,24.924,574.296303,-0.055484577114427225
2026-05-21 14:30:15.822862+02:00,24.927,574.593565,-0.05248457711442711
2026-05-21 14:30:16.113871+02:00,24.926,574.884574,-0.05348457711442833
2026-05-21 14:30:16.403659+02:00,24.924,575.174362,-0.055484577114427225
2026-05-21 14:30:16.699712+02:00,24.926,575.470415,-0.05348457711442833
2026-05-21 14:30:16.996086+02:00,24.923,575.766789,-0.05648457711442845
2026-05-21 14:30:17.290750+02:00,24.925,576.061453,-0.054484577114426
2026-05-21 14:30:17.596168+02:00,24.926,576.366871,-0.05348457711442833
2026-05-21 14:30:17.885945+02:00,24.924,576.656648,-0.055484577114427225
2026-05-21 14:30:18.175703+02:00,24.923,576.946406,-0.05648457711442845
2026-05-21 14:30:18.469234+02:00,24.926,577.239937,-0.05348457711442833
2026-05-21 14:30:18.768836+02:00,24.925,577.539539,-0.054484577114426
2026-05-21 14:30:19.059381+02:00,24.924,577.830084,-0.055484577114427225
2026-05-21 14:30:19.350556+02:00,24.923,578.121259,-0.05648457711442845
2026-05-21 14:30:19.640007+02:00,24.924,578.41071,-0.055484577114427225
2026-05-21 14:30:19.931855+02:00,24.923,578.702558,-0.05648457711442845
2026-05-21 14:30:20.223157+02:00,24.921,578.99386,-0.05848457711442734
2026-05-21 14:30:20.522693+02:00,24.924,579.293396,-0.055484577114427225
2026-05-21 14:30:20.818985+02:00,24.926,579.589688,-0.05348457711442833
2026-05-21 14:30:21.114345+02:00,24.921,579.885048,-0.05848457711442734
2026-05-21 14:30:21.411548+02:00,24.923,580.182251,-0.05648457711442845
2026-05-21 14:30:21.705298+02:00,24.921,580.476001,-0.05848457711442734
2026-05-21 14:30:22.002469+02:00,24.926,580.773172,-0.05348457711442833
2026-05-21 14:30:22.292881+02:00,24.924,581.063584,-0.055484577114427225
2026-05-21 14:30:22.583566+02:00,24.921,581.354269,-0.05848457711442734
2026-05-21 14:30:22.884920+02:00,24.924,581.655623,-0.055484577114427225
2026-05-21 14:30:23.188545+02:00,24.924,581.959248,-0.055484577114427225
2026-05-21 14:30:23.488704+02:00,24.924,582.259407,-0.055484577114427225
2026-05-21 14:30:23.791621+02:00,24.92,582.562324,-0.05948457711442501
2026-05-21 14:30:24.085668+02:00,24.922,582.856371,-0.057484577114426116
2026-05-21 14:30:24.385730+02:00,24.926,583.156433,-0.05348457711442833
2026-05-21 14:30:24.676030+02:00,24.929,583.446733,-0.05048457711442822
2026-05-21 14:30:24.966949+02:00,24.924,583.737652,-0.055484577114427225
2026-05-21 14:30:25.263169+02:00,24.922,584.033872,-0.057484577114426116
2026-05-21 14:30:25.559043+02:00,24.921,584.329746,-0.05848457711442734
2026-05-21 14:30:25.853138+02:00,24.924,584.623841,-0.055484577114427225
2026-05-21 14:30:26.145937+02:00,24.926,584.91664,-0.05348457711442833
2026-05-21 14:30:26.436876+02:00,24.925,585.207579,-0.054484577114426
2026-05-21 14:30:26.728923+02:00,24.928,585.499626,-0.05148457711442589
2026-05-21 14:30:27.019594+02:00,24.926,585.790297,-0.05348457711442833
2026-05-21 14:30:27.310702+02:00,24.926,586.081405,-0.05348457711442833
2026-05-21 14:30:27.609928+02:00,24.924,586.380631,-0.055484577114427225
2026-05-21 14:30:27.900340+02:00,24.921,586.671043,-0.05848457711442734
2026-05-21 14:30:28.192126+02:00,24.924,586.962829,-0.055484577114427225
2026-05-21 14:30:28.484414+02:00,24.929,587.255117,-0.05048457711442822
2026-05-21 14:30:28.783474+02:00,24.926,587.554177,-0.05348457711442833
2026-05-21 14:30:29.085504+02:00,24.929,587.856207,-0.05048457711442822
2026-05-21 14:30:29.385662+02:00,24.926,588.156365,-0.05348457711442833
2026-05-21 14:30:29.683293+02:00,24.924,588.453996,-0.055484577114427225
2026-05-21 14:30:29.985346+02:00,24.927,588.756049,-0.05248457711442711
2026-05-21 14:30:30.286471+02:00,24.925,589.057174,-0.054484577114426
2026-05-21 14:30:30.586218+02:00,24.926,589.356921,-0.05348457711442833
2026-05-21 14:30:30.881810+02:00,24.925,589.652513,-0.054484577114426
2026-05-21 14:30:31.171265+02:00,24.927,589.941968,-0.05248457711442711
2026-05-21 14:30:31.466721+02:00,24.925,590.237424,-0.054484577114426
2026-05-21 14:30:31.757821+02:00,24.923,590.528524,-0.05648457711442845
